{"time": [8640.0, 8641.0, 8642.0, 8643.0, 8644.0, 8645.0, 8646.0, 8647.0, 8648.0, 8649.0, 8650.0, 8651.0, 8652.0, 8653.0, 8654.0, 8655.0, 8656.0, 8657.0, 8658.0, 8659.0, 8660.0, 8661.0, 8662.0, 8663.0, 8664.0, 8665.0, 8666.0, 8667.0, 8668.0, 8669.0, 8670.0, 8671.0, 8672.0, 8673.0, 8674.0, 8675.0, 8676.0, 8677.0, 8678.0, 8679.0, 8680.0, 8681.0, 8682.0, 8683.0, 8684.0, 8685.0, 8686.0, 8687.0, 8688.0, 8689.0, 8690.0, 8691.0, 8692.0, 8693.0, 8694.0, 8695.0, 8696.0, 8697.0, 8698.0, 8699.0, 8700.0, 8701.0, 8702.0, 8703.0, 8704.0, 8705.0, 8706.0, 8707.0, 8708.0, 8709.0, 8710.0, 8711.0, 8712.0, 8713.0, 8714.0, 8715.0, 8716.0, 8717.0, 8718.0, 8719.0, 8720.0, 8721.0, 8722.0, 8723.0, 8724.0, 8725.0, 8726.0, 8727.0, 8728.0, 8729.0, 8730.0, 8731.0, 8732.0, 8733.0, 8734.0, 8735.0, 8736.0, 8737.0, 8738.0, 8739.0, 8740.0, 8741.0, 8742.0, 8743.0, 8744.0, 8745.0, 8746.0, 8747.0, 8748.0, 8749.0, 8750.0, 8751.0, 8752.0, 8753.0, 8754.0, 8755.0, 8756.0, 8757.0, 8758.0, 8759.0, 8760.0, 8761.0, 8762.0, 8763.0, 8764.0, 8765.0, 8766.0, 8767.0, 8768.0, 8769.0, 8770.0, 8771.0, 8772.0, 8773.0, 8774.0, 8775.0, 8776.0, 8777.0, 8778.0, 8779.0, 8780.0, 8781.0, 8782.0, 8783.0, 8784.0, 8785.0, 8786.0, 8787.0, 8788.0, 8789.0, 8790.0, 8791.0, 8792.0, 8793.0, 8794.0, 8795.0, 8796.0, 8797.0, 8798.0, 8799.0, 8800.0, 8801.0, 8802.0, 8803.0, 8804.0, 8805.0, 8806.0, 8807.0, 8808.0, 8809.0, 8810.0, 8811.0, 8812.0, 8813.0, 8814.0, 8815.0, 8816.0, 8817.0, 8818.0, 8819.0, 8820.0, 8821.0, 8822.0, 8823.0, 8824.0, 8825.0, 8826.0, 8827.0, 8828.0, 8829.0, 8830.0, 8831.0, 8832.0, 8833.0, 8834.0, 8835.0, 8836.0, 8837.0, 8838.0, 8839.0, 8840.0, 8841.0, 8842.0, 8843.0, 8844.0, 8845.0, 8846.0, 8847.0, 8848.0, 8849.0, 8850.0, 8851.0, 8852.0, 8853.0, 8854.0, 8855.0, 8856.0, 8857.0, 8858.0, 8859.0, 8860.0, 8861.0, 8862.0, 8863.0, 8864.0, 8865.0, 8866.0, 8867.0, 8868.0, 8869.0, 8870.0, 8871.0, 8872.0, 8873.0, 8874.0, 8875.0, 8876.0, 8877.0, 8878.0, 8879.0, 8880.0, 8881.0, 8882.0, 8883.0, 8884.0, 8885.0, 8886.0, 8887.0, 8888.0, 8889.0, 8890.0, 8891.0, 8892.0, 8893.0, 8894.0, 8895.0, 8896.0, 8897.0, 8898.0, 8899.0, 8900.0, 8901.0, 8902.0, 8903.0, 8904.0, 8905.0, 8906.0, 8907.0, 8908.0, 8909.0, 8910.0, 8911.0, 8912.0, 8912.0, 8913.0, 8914.0, 8915.0, 8916.0, 8917.0, 8918.0, 8919.0, 8920.0, 8921.0, 8922.0, 8923.0, 8924.0, 8925.0, 8925.0, 8926.0, 8927.0, 8928.0, 8929.0], "avg_cpu": [0.0008128825329566855, 0.00047080979284369113, 0.0004781661958568738, 0.0004744879943502825, 0.0004781661958568738, 0.0004855225988700565, 0.00038988935969868174, 0.00025011770244821093, 0.00026483050847457627, 0.0002574741054613936, 0.00027218691148775897, 0.0002685087099811676, 0.00026483050847457627, 0.0003200035310734463, 0.006142596516007533, 0.010431379472693032, 0.0107844868173258, 0.010019420903954803, 0.010607933145009416, 0.010916902071563088, 0.01119644538606403, 0.011270009416195857, 0.011064030131826741, 0.011372999058380415, 0.011711393596986818, 0.012123352165725047, 0.0122704802259887, 0.012358757062146893, 0.011917372881355932, 0.012476459510357816, 0.013241525423728813, 0.013153248587570622, 0.014153719397363465, 0.013109110169491525, 0.013859463276836159, 0.013815324858757062, 0.01394774011299435, 0.013462217514124294, 0.013771186440677966, 0.013888888888888888, 0.014036016949152543, 0.013859463276836159, 0.013653483992467044, 0.013579919962335216, 0.01372704802259887, 0.01369762241054614, 0.015683851224105462, 0.01518361581920904, 0.015007062146892656, 0.014948210922787194, 0.014977636534839925, 0.015448446327683616, 0.01521304143126177, 0.01505120056497175, 0.015271892655367231, 0.0160075329566855, 0.016390065913371, 0.015889830508474576, 0.016301789077212806, 0.01606638418079096, 0.016654896421845575, 0.01615466101694915, 0.016390065913371, 0.016684322033898306, 0.01686087570621469, 0.016684322033898306, 0.016390065913371, 0.01647834274952919, 0.01597810734463277, 0.016095809792843693, 0.016625470809792844, 0.016213512241054613, 0.01691972693032015, 0.01689030131826742, 0.01689030131826742, 0.017390536723163843, 0.017243408662900188, 0.016684322033898306, 0.017096280602636536, 0.01647834274952919, 0.01644891713747646, 0.017155131826741995, 0.016360640301318268, 0.016743173258003768, 0.01644891713747646, 0.016596045197740113, 0.017125706214689264, 0.017478813559322032, 0.016654896421845575, 0.01653719397363465, 0.016272363465160075, 0.016625470809792844, 0.01686087570621469, 0.01727283427495292, 0.0167725988700565, 0.016684322033898306, 0.016978578154425612, 0.017125706214689264, 0.017243408662900188, 0.017478813559322032, 0.017419962335216574, 0.01765536723163842, 0.017361111111111112, 0.017361111111111112, 0.017537664783427494, 0.017596516007532956, 0.017155131826741995, 0.017567090395480225, 0.01774364406779661, 0.01733168549905838, 0.017508239171374763, 0.017773069679849342, 0.017419962335216574, 0.01809675141242938, 0.017449387947269305, 0.015683851224105462, 0.016684322033898306, 0.01689030131826742, 0.016743173258003768, 0.017155131826741995, 0.017096280602636536, 0.01686087570621469, 0.01691972693032015, 0.0182144538606403, 0.018479284369114876, 0.018891242937853107, 0.018391007532956687, 0.018714689265536724, 0.019038370998116762, 0.018391007532956687, 0.017949623352165725, 0.017979048964218456, 0.018508709981167607, 0.018420433145009418, 0.018861817325800376, 0.01992113935969868, 0.0193620527306968, 0.018832391713747645, 0.019156073446327682, 0.01939147834274953, 0.01912664783427495, 0.019273775894538606, 0.019568032015065913, 0.01983286252354049, 0.02024482109227872, 0.020421374764595105, 0.0197445856873823, 0.019538606403013182, 0.019303201506591337, 0.020862758945386063, 0.020892184557438794, 0.020097693032015067, 0.0208039077212806, 0.020421374764595105, 0.020391949152542374, 0.017096280602636536, 0.016272363465160075, 0.01603695856873823, 0.016360640301318268, 0.01686087570621469, 0.015919256120527307, 0.01641949152542373, 0.01603695856873823, 0.015419020715630885, 0.015860404896421845, 0.015419020715630885, 0.015536723163841809, 0.015477871939736347, 0.015330743879472693, 0.014948210922787194, 0.01521304143126177, 0.01521304143126177, 0.014447975517890772, 0.01435969868173258, 0.013624058380414313, 0.013771186440677966, 0.013344515065913371, 0.013521068738229756, 0.013403366290018832, 0.013403366290018832, 0.01312382297551789, 0.012770715630885122, 0.012785428436911488, 0.013373940677966102, 0.012005649717514125, 0.011873234463276837, 0.011843808851224106, 0.011328860640301319, 0.011343573446327684, 0.011343573446327684, 0.011064030131826741, 0.010637358757062147, 0.010519656308851225, 0.010048846516007534, 0.009989995291902072, 0.010372528248587571, 0.009430908662900188, 0.009283780602636535, 0.009018950094161959, 0.00885710922787194, 0.008989524482109228, 0.008724693973634652, 0.00844515065913371, 0.008298022598870056, 0.008371586629001884, 0.00806261770244821, 0.007974340866290019, 0.00806261770244821, 0.007768361581920904, 0.007665371939736347, 0.007496174670433145, 0.0077977871939736345, 0.007452036252354049, 0.0072387005649717515, 0.007187205743879473, 0.007223987758945386, 0.007231344161958569, 0.007098928907721281, 0.007032721280602636, 0.0072681261770244825, 0.0068782368173258, 0.006407427024482109, 0.006503060263653484, 0.006598693502824859, 0.006172022128060264, 0.006444209039548022, 0.006348575800376648, 0.006201447740112994, 0.00729019538606403, 0.007371115819209039, 0.007503531073446328, 0.007709510357815442, 0.007165136534839925, 0.006885593220338983, 0.006981226459510358, 0.006885593220338983, 0.006613406308851224, 0.006797316384180791, 0.0066207627118644065, 0.006363288606403013, 0.006422139830508475, 0.006348575800376648, 0.006363288606403013, 0.006275011770244821, 0.005951330037664783, 0.006186734934086629, 0.0058409839924670436, 0.006017537664783428, 0.005642361111111111, 0.00591454802259887, 0.005649717514124294, 0.005701212335216572, 0.005760063559322034, 0.0056570739171374765, 0.005760063559322034, 0.00613524011299435, 0.006076388888888889, 0.006164665725047081, 