{"time": [3279.0, 3280.0, 3281.0, 3282.0, 3283.0, 3284.0, 3285.0, 3286.0, 3287.0, 3288.0, 3289.0, 3290.0, 3291.0, 3292.0, 3293.0, 3294.0, 3295.0, 3296.0, 3297.0, 3298.0, 3299.0, 3300.0, 3301.0, 3302.0, 3303.0, 3304.0, 3305.0, 3306.0, 3307.0, 3308.0, 3309.0, 3310.0, 3311.0, 3312.0, 3313.0, 3314.0, 3315.0, 3316.0, 3317.0, 3318.0, 3319.0, 3320.0, 3321.0, 3322.0, 3323.0, 3324.0, 3325.0, 3326.0, 3327.0, 3328.0, 3329.0, 3330.0, 3331.0, 3332.0, 3333.0, 3334.0, 3335.0, 3336.0, 3337.0, 3338.0, 3339.0, 3340.0, 3341.0, 3342.0, 3343.0, 3344.0, 3344.0, 3344.0], "avg_cpu": [0.019590435606060608, 0.020478219696969696, 0.020517676767676768, 0.020438762626262628, 0.020399305555555556, 0.020202020202020204, 0.020399305555555556, 0.020478219696969696, 0.020478219696969696, 0.020241477272727272, 0.020320391414141416, 0.020320391414141416, 0.020320391414141416, 0.019945549242424244, 0.020517676767676768, 0.01978772095959596, 0.020675505050505052, 0.020754419191919192, 0.020675505050505052, 0.020675505050505052, 0.020596590909090908, 0.02071496212121212, 0.020596590909090908, 0.02063604797979798, 0.02063604797979798, 0.020675505050505052, 0.020280934343434344, 0.020793876262626264, 0.0172427398989899, 0.020517676767676768, 0.020675505050505052, 0.020596590909090908, 0.020517676767676768, 0.02055713383838384, 0.020675505050505052, 0.020438762626262628, 0.020478219696969696, 0.02063604797979798, 0.02055713383838384, 0.02055713383838384, 0.019373421717171716, 0.020399305555555556, 0.020399305555555556, 0.020596590909090908, 0.020517676767676768, 0.02055713383838384, 0.020399305555555556, 0.020478219696969696, 0.020478219696969696, 0.02063604797979798, 0.020596590909090908, 0.020675505050505052, 0.020517676767676768, 0.020182291666666668, 0.020438762626262628, 0.020438762626262628, 0.020517676767676768, 0.020359848484848484, 0.020280934343434344, 0.020438762626262628, 0.020399305555555556, 0.020438762626262628, 0.020438762626262628, 0.020517676767676768, 0.020359848484848484, 0.019649621212121212, 0.00013563368055555556, 0.0], "avg_mem": [0.039394216691068816, 0.049414348462664716, 0.054447291361639824, 0.0636896046852123, 0.07256588579795022, 0.0789714494875549, 0.08455344070278184, 0.09050146412884334, 0.09553440702781844, 0.10010980966325037, 0.10431918008784773, 0.10724743777452415, 0.15830893118594436, 0.25329428989751096, 0.5783308931185944, 0.7159590043923866, 0.7137628111273792, 0.712298682284041, 0.7101024890190337, 0.7086383601756955, 0.7071742313323572, 0.7079062957540263, 0.712298682284041, 0.7130307467057101, 0.7137628111273792, 0.229502196193265, 0.41215226939970717, 0.7203513909224012, 0.7203513909224012, 0.7203513909224012, 0.7203513909224012, 0.7203513909224012, 0.7203513909224012, 0.7203513909224012, 0.7203513909224012, 0.7203513909224012, 0.7203513909224012, 0.7210834553440703, 0.7225475841874085, 0.7225475841874085, 0.7225475841874085, 0.7225475841874085, 0.7225475841874085, 0.7225475841874085, 0.7225475841874085, 0.7225475841874085, 0.7232796486090776, 0.7232796486090776, 0.7225475841874085, 0.7225475841874085, 0.7225475841874085, 0.7225475841874085, 0.7225475841874085, 0.7225475841874085, 0.7225475841874085, 0.7225475841874085, 0.7225475841874085, 0.7225475841874085, 0.7225475841874085, 0.7225475841874085, 0.7225475841874085, 0.7225475841874085, 0.7225475841874085, 0.7225475841874085, 0.7225475841874085, 0.6859443631039531, 6.863103953147877e-05, 5.147327964860908e-05]}