{"time": [638.0, 638.0, 639.0, 640.0, 641.0, 642.0, 643.0, 644.0, 645.0, 646.0, 647.0, 648.0, 649.0, 650.0, 651.0, 652.0, 653.0, 654.0, 655.0, 656.0, 657.0, 658.0, 659.0, 660.0, 661.0, 662.0, 663.0, 664.0, 665.0, 666.0, 667.0, 668.0, 669.0, 670.0, 671.0, 672.0, 673.0, 674.0, 675.0, 676.0, 677.0, 678.0, 679.0, 680.0, 681.0, 682.0, 683.0, 684.0, 685.0, 686.0, 687.0, 688.0, 689.0, 690.0, 691.0, 692.0, 693.0, 694.0, 695.0, 696.0, 697.0, 698.0, 699.0, 700.0, 701.0, 702.0, 703.0, 704.0, 705.0, 706.0, 707.0, 708.0, 709.0, 710.0, 711.0, 712.0, 713.0, 714.0, 715.0, 716.0, 717.0, 718.0, 719.0, 720.0, 721.0, 722.0, 723.0, 724.0, 725.0, 726.0, 727.0, 728.0, 729.0, 730.0, 731.0, 732.0, 733.0, 734.0, 735.0, 736.0, 737.0, 738.0, 739.0, 740.0, 741.0, 742.0, 743.0, 744.0, 745.0, 746.0, 747.0, 748.0, 749.0, 750.0, 751.0, 752.0, 753.0, 754.0, 755.0, 756.0, 757.0, 758.0, 759.0, 760.0, 761.0, 762.0, 763.0, 764.0, 765.0, 766.0, 767.0, 768.0, 769.0, 770.0, 771.0, 772.0, 773.0, 774.0, 775.0, 776.0, 777.0, 778.0, 779.0, 780.0, 781.0, 782.0, 783.0, 784.0, 785.0, 786.0, 787.0, 788.0, 789.0, 790.0, 791.0, 792.0, 793.0, 794.0, 795.0, 796.0, 797.0, 798.0, 799.0, 800.0, 801.0, 802.0, 803.0, 804.0, 805.0, 806.0, 807.0, 808.0, 809.0, 810.0, 811.0, 812.0, 813.0, 814.0, 815.0, 816.0, 816.0, 816.0], "avg_cpu": [0.0, 0.0009765625, 0.00036497790404040406, 0.04632260101010101, 0.15309343434343434, 0.29450757575757575, 0.11742424242424243, 0.1240530303030303, 0.11868686868686869, 0.11158459595959595, 0.11426767676767677, 0.10306186868686869, 0.10069444444444445, 0.10858585858585859, 0.10069444444444445, 0.10179924242424243, 0.11221590909090909, 0.10353535353535354, 0.10369318181818182, 0.1011679292929293, 0.10448232323232323, 0.1019570707070707, 0.10085227272727272, 0.10432449494949494, 0.10416666666666667, 0.10321969696969698, 0.09864267676767677, 0.10606060606060606, 0.10258838383838384, 0.0992739898989899, 0.09659090909090909, 0.09011994949494949, 0.09232954545454546, 0.09595959595959595, 0.10243055555555555, 0.1038510101010101, 0.10164141414141414, 0.10258838383838384, 0.10164141414141414, 0.10085227272727272, 0.09895833333333333, 0.09895833333333333, 0.09911616161616162, 0.10258838383838384, 0.10306186868686869, 0.10085227272727272, 0.09974747474747475, 0.10432449494949494, 0.10164141414141414, 0.1029040404040404, 0.10179924242424243, 0.1019570707070707, 0.10400883838383838, 0.1029040404040404, 0.1002209595959596, 0.10400883838383838, 0.10148358585858586, 0.10400883838383838, 0.10400883838383838, 0.10400883838383838, 0.1029040404040404, 0.1380997474747475, 0.1371527777777778, 0.10669191919191919, 0.10306186868686869, 0.10069444444444445, 0.10132575757575757, 0.09753787878787878, 0.10069444444444445, 0.10132575757575757, 0.10211489898989899, 0.10211489898989899, 0.10321969696969698, 0.10179924242424243, 0.10274621212121213, 0.1011679292929293, 0.10006313131313131, 0.10416666666666667, 0.10132575757575757, 0.10306186868686869, 0.10069444444444445, 0.1002209595959596, 0.10448232323232323, 0.11063762626262626, 0.11095328282828283, 0.10558712121212122, 0.1002209595959596, 0.10353535353535354, 0.10464015151515152, 0.10337752525252525, 0.10037878787878787, 0.10464015151515152, 0.10274621212121213, 0.10400883838383838, 0.10274621212121213, 0.10101010101010101, 0.10464015151515152, 0.10321969696969698, 0.10306186868686869, 0.10053661616161616, 0.10400883838383838, 0.10495580808080808, 0.1038510101010101, 0.1084280303030303, 0.10321969696969698, 0.10653409090909091, 0.10511363636363637, 0.10369318181818182, 0.10179924242424243, 0.08112373737373738, 0.09122474747474747, 0.10495580808080808, 0.1011679292929293, 0.10669191919191919, 0.10369318181818182, 0.10321969696969698, 0.10464015151515152, 0.10432449494949494, 0.10448232323232323, 0.10527146464646464, 0.10590277777777778, 0.10606060606060606, 0.10432449494949494, 0.10637626262626262, 0.1076388888888889, 0.10574494949494949, 0.10479797979797979, 0.10353535353535354, 0.10069444444444445, 0.10511363636363637, 0.10321969696969698, 0.10400883838383838, 0.10258838383838384, 0.10495580808080808, 0.10148358585858586, 0.1002209595959596, 0.09864267676767677, 0.10274621212121213, 0.12010732323232323, 0.10400883838383838, 0.10716540404040405, 0.10795454545454546, 0.10574494949494949, 0.10369318181818182, 0.1019570707070707, 0.10337752525252525, 0.1029040404040404, 0.10464015151515152, 0.10464015151515152, 0.10606060606060606, 0.10495580808080808, 0.10590277777777778, 0.10558712121212122, 0.10700757575757576, 0.10574494949494949, 0.10653409090909091, 0.10369318181818182, 0.1019570707070707, 0.10432449494949494, 0.10495580808080808, 0.10637626262626262, 0.10416666666666667, 0.10748106060606061, 0.10542929292929293, 0.10542929292929293, 0.10464015151515152, 0.10653409090909091, 0.1002209595959596, 0.10637626262626262, 0.10542929292929293, 0.10369318181818182, 0.10464015151515152, 0.10558712121212122, 0.10542929292929293, 0.10432449494949494, 0.10448232323232323, 0.10053661616161616, 0.10542929292929293, 0.0699179292929293, 0.023398042929292928, 0.00390625, 0.0],