{"time": [3150.0, 3151.0, 3151.0, 3151.0, 3151.0, 3151.0, 3152.0, 3153.0, 3154.0, 3155.0, 3156.0, 3157.0, 3158.0, 3159.0, 3160.0, 3161.0, 3162.0, 3163.0, 3164.0, 3165.0, 3166.0, 3167.0, 3168.0, 3169.0, 3170.0, 3171.0, 3172.0, 3173.0, 3174.0, 3175.0, 3176.0, 3177.0, 3178.0, 3179.0, 3180.0, 3181.0, 3182.0, 3183.0, 3184.0, 3185.0, 3186.0, 3187.0, 3188.0, 3189.0, 3190.0, 3191.0, 3192.0, 3193.0, 3194.0, 3195.0, 3196.0, 3197.0, 3198.0, 3199.0, 3200.0, 3201.0, 3202.0, 3203.0, 3204.0, 3205.0, 3206.0, 3207.0, 3208.0, 3209.0, 3210.0, 3211.0, 3212.0, 3213.0, 3214.0, 3215.0, 3216.0, 3217.0, 3218.0, 3219.0, 3220.0, 3221.0, 3222.0, 3223.0, 3224.0, 3225.0, 3226.0, 3227.0, 3228.0, 3229.0, 3230.0, 3231.0, 3232.0, 3233.0, 3234.0, 3235.0, 3235.0, 3236.0, 3237.0, 3238.0, 3239.0, 3240.0, 3241.0, 3242.0, 3243.0, 3244.0, 3245.0, 3246.0, 3247.0, 3248.0, 3249.0, 3250.0, 3251.0, 3252.0, 3253.0, 3254.0, 3255.0, 3256.0, 3257.0, 3258.0, 3259.0, 3260.0, 3261.0, 3262.0, 3263.0, 3264.0, 3265.0, 3266.0, 3267.0, 3268.0, 3269.0, 3270.0, 3271.0, 3272.0, 3273.0, 3274.0, 3275.0, 3276.0, 3277.0, 3278.0, 3279.0, 3280.0, 3281.0, 3282.0, 3283.0, 3284.0, 3285.0, 3286.0, 3287.0, 3288.0, 3289.0, 3290.0, 3291.0, 3292.0, 3293.0, 3294.0, 3295.0, 3296.0, 3297.0, 3298.0, 3299.0, 3300.0, 3301.0, 3302.0, 3303.0, 3304.0, 3305.0, 3306.0, 3307.0, 3308.0, 3309.0, 3310.0, 3311.0, 3312.0, 3313.0, 3314.0, 3315.0, 3316.0, 3316.0, 3317.0, 3318.0, 3319.0, 3320.0, 3321.0, 3322.0, 3323.0, 3324.0, 3325.0, 3326.0, 3327.0, 3328.0, 3329.0, 3330.0, 3331.0, 3332.0, 3333.0, 3334.0, 3334.0, 3335.0, 3336.0, 3337.0, 3338.0, 3339.0, 3340.0, 3341.0, 3342.0, 3343.0, 3344.0, 3345.0, 3346.0, 3347.0, 3348.0, 3349.0, 3350.0, 3351.0, 3352.0, 3353.0, 3354.0, 3355.0, 3356.0, 3357.0, 3358.0, 3359.0, 3360.0, 3361.0, 3362.0, 3363.0, 3364.0, 3365.0, 3366.0, 3367.0, 3368.0, 3369.0, 3370.0, 3371.0, 3372.0, 3373.0, 3374.0, 3375.0, 3376.0, 3377.0, 3378.0, 3379.0, 3380.0, 3381.0, 3382.0, 3383.0, 3384.0, 3385.0, 3386.0, 3386.0, 3387.0, 3388.0, 3389.0, 3390.0, 3391.0, 3392.0, 3393.0, 3394.0, 3395.0, 3396.0, 3397.0, 3398.0, 3398.0, 3399.0, 3400.0, 3401.0, 3402.0, 3403.0, 3404.0, 3405.0, 3406.0, 3407.0, 3408.0, 3409.0, 3410.0, 3410.0, 3411.0, 3412.0, 3413.0, 3414.0, 3415.0, 3416.0, 3417.0, 3418.0, 3419.0, 3420.0, 3421.0, 3422.0, 3423.0, 3424.0, 3425.0, 3426.0, 3427.0, 3427.0, 3428.0, 3429.0, 3430.0, 3431.0, 3432.0, 3433.0, 3434.0, 3435.0, 3436.0, 3437.0, 3437.0, 3437.0, 3437.0], "avg_cpu": [0.2702145214521452, 0.28424092409240925, 0.23638613861386137, 0.07446369636963697, 0.20193894389438943, 0.10767326732673267, 0.12004950495049505, 0.10664191419141915, 0.025500206270627063, 0.00796720297029703, 0.01307240099009901, 0.007851175742574257, 0.013510726072607261, 0.008212149339933993, 0.013794348184818481, 0.007928527227722772, 0.013059509075907591, 0.007335499174917492, 0.011847669141914192, 0.009991233498349836, 0.00765779702970297, 0.012750103135313532, 0.009423989273927394, 0.013613861386138614, 0.010377990924092409, 0.014129537953795379, 0.00857312293729373, 0.014000618811881188, 0.008070338283828382, 0.013085292904290429, 0.008237933168316832, 0.014206889438943894, 0.00843131188118812, 0.013484942244224422, 0.01565078382838284, 0.01773927392739274, 0.008895420792079207, 0.015109323432343235, 0.0090243399339934, 0.01109993811881188, 0.01128042491749175, 0.00886963696369637, 0.013356023102310231, 0.007928527227722772, 0.016579001650165015, 0.00872782590759076, 0.013381806930693069, 0.009630259900990099, 0.01621802805280528, 0.013949051155115511, 0.01714624587458746, 0.009681827557755776, 0.015264026402640265, 0.0111128300330033, 0.014825701320132013, 0.009939665841584159, 0.01547029702970297, 0.01155115511551155, 0.015496080858085808, 0.008998556105610562, 0.01173164191419142, 0.012066831683168317, 0.009307962046204621, 0.014619430693069308, 0.010455342409240924, 0.016192244224422444, 0.012053939768976897, 0.013949051155115511, 0.010571369636963696, 0.014000618811881188, 0.01112572194719472, 0.017997112211221123, 0.009295070132013201, 0.015521864686468647, 0.010416666666666666, 0.01487726897689769, 0.00916615099009901, 0.014387376237623763, 0.009295070132013201, 0.017094678217821783, 0.010455342409240924, 0.012131291254125412, 0.012002372112211222, 0.011538263201320132, 0.01547029702970297, 0.009230610561056106, 0.014310024752475248, 0.009346637788778879, 0.01487726897689769, 0.009114583333333334, 0.01276299504950495, 0.015212458745874588, 0.009875206270627063, 0.01668213696369637, 0.009862314356435644, 0.015573432343234323, 0.009643151815181519, 0.018770627062706272, 0.010107260726072606, 0.015882838283828384, 0.009772070957095709, 0.01701732673267327, 0.010468234323432343, 0.017094678217821783, 0.012530940594059407, 0.010197504125412541, 0.017352516501650164, 0.009578692244224422, 0.014129537953795379, 0.010029909240924093, 0.01714624587458746, 0.01067450495049505, 0.01593440594059406, 0.01021039603960396, 0.01634694719471947, 0.010081476897689769, 0.01686262376237624, 0.009952557755775578, 0.014206889438943894, 0.007941419141914192, 0.015083539603960396, 0.009243502475247524, 0.018693275577557757, 0.0105069100660066, 0.016604785478547854, 0.012969265676567657, 0.010584261551155116, 0.017790841584158414, 0.009849422442244224, 0.013639645214521452, 0.008972772277227722, 0.014000618811881188, 0.009307962046204621, 0.014129537953795379, 0.008508663366336634, 0.014155321782178218, 0.008985664191419142, 0.014284240924092409, 0.007992986798679868, 0.014026402640264026, 0.008057446369636964, 0.0144131600660066, 0.008805177392739274, 0.013691212871287129, 0.008379744224422442, 0.013252887788778879, 0.013007941419141914, 0.01322710396039604, 0.0168368399339934, 0.012260210396039604, 0.017661922442244224, 0.015676567656765675, 0.01652743399339934, 0.012659859735973597, 0.015341377887788778, 0.011319100660066007, 0.01626959570957096, 0.010854991749174918, 0.01761035478547855, 0.010893667491749175, 0.017326732673267328, 0.009295070132013201, 0.01670792079207921, 0.011499587458745875, 0.01761035478547855, 0.010983910891089108, 0.01503197194719472, 0.014799917491749175, 0.013201320132013201, 0.017249381188118813, 0.012389129537953795, 0.01021039603960396, 0.014980404290429043, 0.011963696369636964, 0.010274855610561056, 0.011499587458745875, 0.009295070132013201, 0.010545585808580858, 0.01218285891089109, 0.014980404290429043, 0.010494018151815181, 0.010726072607260726, 0.010983910891089108, 0.011783209570957095, 0.011473803630363036, 0.01021039603960396, 0.011331992574257425, 0.010390882838283828, 0.011061262376237623, 0.009591584158415841, 0.009604476072607261, 0.010429558580858086, 0.009591584158415841, 0.010764748349834983, 0.009114583333333334, 0.011460911716171618, 0.013304455445544554, 0.01125464108910891, 0.009604476072607261, 0.01094523514851485, 0.008895420792079207, 0.010004125412541254, 0.009217718646864687, 0.00991388201320132, 0.010584261551155116, 0.01021039603960396, 0.010738964521452146, 0.009681827557755776, 0.010983910891089108, 0.010261963696369636, 0.010713180693069308, 0.010390882838283828, 0.0111128300330033, 0.012608292079207922, 0.01263407590759076, 0.009307962046204621, 0.011087046204620463, 0.008805177392739274, 0.009900990099009901, 0.008482879537953795, 0.010416666666666666, 0.009849422442244224, 0.010494018151815181, 0.010158828382838284, 0.013085292904290429, 0.011048370462046205, 0.011989480198019802, 0.011357776402640265, 0.012363345709570957, 0.013588077557755776, 0.01109993811881188, 0.010842099834983498, 0.009372421617161716, 0.010726072607260726, 0.009179042904290429, 0.009733395214521452, 0.008972772277227722, 0.010687396864686468, 0.008070338283828382, 0.010042801155115511, 0.009759179042904291, 0.010300639438943894, 0.009346637788778879, 0.008353960396039604, 0.011383560231023103, 0.010494018151815181, 0.010455342409240924, 0.011138613861386138, 0.010403774752475248, 0.011357776402640265, 0.011331992574257425, 0.011667182343234323, 0.011138613861386138, 0.011190181518151815, 0.010055693069306931, 