{"time": [8640.0, 8641.0, 8642.0, 8643.0, 8644.0, 8645.0, 8646.0, 8647.0, 8648.0, 8649.0, 8650.0, 8651.0, 8652.0, 8653.0, 8654.0, 8655.0, 8656.0, 8657.0, 8658.0, 8659.0, 8660.0, 8661.0, 8662.0, 8663.0, 8664.0, 8665.0, 8666.0, 8667.0, 8668.0, 8669.0, 8670.0, 8671.0, 8672.0, 8673.0, 8674.0, 8675.0, 8676.0, 8677.0, 8678.0, 8679.0, 8680.0, 8681.0, 8682.0, 8683.0, 8684.0, 8685.0, 8686.0, 8687.0, 8688.0, 8689.0, 8690.0, 8691.0, 8692.0, 8693.0, 8694.0, 8695.0, 8696.0, 8697.0, 8698.0, 8699.0, 8700.0, 8701.0, 8702.0, 8703.0, 8704.0, 8705.0, 8706.0, 8707.0, 8708.0, 8709.0, 8710.0, 8711.0, 8712.0, 8713.0, 8714.0, 8715.0, 8716.0, 8717.0, 8718.0, 8719.0, 8720.0, 8721.0, 8722.0, 8723.0, 8724.0, 8725.0, 8726.0, 8727.0, 8728.0, 8729.0, 8730.0, 8731.0, 8732.0, 8733.0, 8734.0, 8735.0, 8736.0, 8737.0, 8738.0, 8739.0, 8740.0, 8741.0, 8742.0, 8743.0, 8744.0, 8745.0, 8746.0, 8747.0, 8748.0, 8749.0, 8750.0, 8751.0, 8752.0, 8753.0, 8754.0, 8755.0, 8756.0, 8757.0, 8758.0, 8759.0, 8760.0, 8761.0, 8762.0, 8763.0, 8764.0, 8765.0, 8766.0, 8767.0, 8768.0, 8769.0, 8770.0, 8771.0, 8772.0, 8773.0, 8774.0, 8775.0, 8776.0, 8777.0, 8778.0, 8779.0, 8780.0, 8781.0, 8782.0, 8783.0, 8784.0, 8785.0, 8786.0, 8787.0, 8788.0, 8789.0, 8790.0, 8791.0, 8792.0, 8793.0, 8794.0, 8795.0, 8796.0, 8797.0, 8798.0, 8799.0, 8800.0, 8801.0, 8802.0, 8803.0, 8804.0, 8805.0, 8806.0, 8807.0, 8808.0, 8809.0, 8810.0, 8811.0, 8812.0, 8813.0, 8814.0, 8815.0, 8816.0, 8817.0, 8818.0, 8819.0, 8820.0, 8821.0, 8822.0, 8823.0, 8824.0, 8825.0, 8826.0, 8827.0, 8828.0, 8829.0, 8830.0, 8831.0, 8832.0, 8833.0, 8834.0, 8835.0, 8836.0, 8837.0, 8838.0, 8839.0, 8840.0, 8841.0, 8842.0, 8843.0, 8844.0, 8845.0, 8846.0, 8847.0, 8848.0, 8849.0, 8850.0, 8851.0, 8852.0, 8853.0, 8854.0, 8855.0, 8856.0, 8857.0, 8858.0, 8859.0, 8860.0, 8861.0, 8862.0, 8863.0, 8864.0, 8865.0, 8866.0, 8867.0, 8868.0, 8869.0, 8870.0, 8871.0, 8872.0, 8873.0, 8874.0, 8875.0, 8876.0, 8877.0, 8878.0, 8879.0, 8880.0, 8881.0, 8882.0, 8883.0, 8884.0, 8885.0, 8886.0, 8887.0, 8888.0, 8889.0, 8890.0, 8891.0, 8892.0, 8893.0, 8894.0, 8895.0, 8896.0, 8897.0, 8898.0, 8899.0, 8900.0, 8901.0, 8902.0, 8903.0, 8904.0, 8905.0, 8906.0, 8907.0, 8908.0, 8909.0, 8910.0, 8911.0, 8912.0, 8912.0, 8913.0, 8914.0, 8915.0, 8916.0, 8917.0, 8918.0, 8919.0, 8920.0, 8921.0, 8922.0, 8923.0, 8924.0, 8925.0, 8925.0, 8926.0, 8927.0, 8928.0, 8929.0], "avg_cpu": [0.0007687441148775895, 0.0004928790018832392, 0.0004965572033898305, 0.0004892008003766478, 0.0005112700094161959, 0.0005112700094161959, 0.0004046021657250471, 0.00026483050847457627, 0.00029057791902071563, 0.0002868997175141243, 0.0002979343220338983, 0.00029425612052730695, 0.00030161252354048965, 0.00034575094161958566, 0.006915018832391714, 0.012035075329566856, 0.011240583804143126, 0.011211158192090396, 0.011005178907721281, 0.011255296610169491, 0.011593691148775894, 0.01179967043314501, 0.011740819209039547, 0.011932085687382297, 0.01221162900188324, 0.0122704802259887, 0.012608874764595103, 0.012314618644067797, 0.012417608286252354, 0.0130355461393597, 0.013270951035781544, 0.01331508945386064, 0.013050258945386063, 0.013109110169491525, 0.01394774011299435, 0.014153719397363465, 0.014256709039548022, 0.014036016949152543, 0.014036016949152543, 0.013815324858757062, 0.014050729755178907, 0.014874646892655368, 0.013874176082862524, 0.014080155367231638, 0.013977165725047081, 0.014094868173258003, 0.01518361581920904, 0.01458039077212806, 0.01518361581920904, 0.01515419020715631, 0.015095338983050847, 0.015007062146892656, 0.014904072504708097, 0.015095338983050847, 0.01521304143126177, 0.015801553672316383, 0.0160075329566855, 0.015566148775894538, 0.016654896421845575, 0.01650776836158192, 0.017125706214689264, 0.01647834274952919, 0.01612523540489642, 0.01647834274952919, 0.01647834274952919, 0.016095809792843693, 0.015801553672316383, 0.016390065913371, 0.01641949152542373, 0.016625470809792844, 0.016978578154425612, 0.016978578154425612, 0.016390065913371, 0.016978578154425612, 0.017125706214689264, 0.01694915254237288, 0.0167725988700565, 0.01656661958568738, 0.016831450094161957, 0.01689030131826742, 0.01694915254237288, 0.017184557438794726, 0.01768479284369115, 0.01694915254237288, 0.016978578154425612, 0.017066854990583805, 0.017008003766478343, 0.016978578154425612, 0.01653719397363465, 0.016596045197740113, 0.016596045197740113, 0.01644891713747646, 0.016978578154425612, 0.016831450094161957, 0.016713747645951037, 0.017213983050847457, 0.01733168549905838, 0.01727283427495292, 0.017243408662900188, 0.017008003766478343, 0.017037429378531074, 0.017596516007532956, 0.01730225988700565, 0.017008003766478343, 0.017155131826741995, 0.017213983050847457, 0.017155131826741995, 0.017125706214689264, 0.017596516007532956, 0.017184557438794726, 0.017478813559322032, 0.016831450094161957, 0.01768479284369115, 0.018273305084745763, 0.01818502824858757, 0.017625941619585687, 0.017596516007532956, 0.017008003766478343, 0.017478813559322032, 0.01727283427495292, 0.017508239171374763, 0.017390536723163843, 0.017773069679849342, 0.01818502824858757, 0.017890772128060263, 0.017949623352165725, 0.01815560263653484, 0.018744114877589455, 0.018744114877589455, 0.018773540489642186, 0.019303201506591337, 0.019185499058380413, 0.020156544256120526, 0.020038841807909605, 0.0197445856873823, 0.019715160075329568, 0.020156544256120526, 0.01986228813559322, 0.01989171374764595, 0.02024482109227872, 0.019568032015065913, 0.020185969868173257, 0.020421374764595105, 0.020509651600753295, 0.020362523540489643, 0.0211864406779661, 0.02109816384180791, 0.02103931261770245, 0.02115701506591337, 0.02065677966101695, 0.0208039077212806, 0.020391949152542374, 0.020509651600753295, 0.020421374764595105, 0.019626883239171375, 0.015830979284369114, 0.016301789077212806, 0.017037429378531074, 0.017155131826741995, 0.017773069679849342, 0.017243408662900188, 0.01780249529190207, 0.01694915254237288, 0.016272363465160075, 0.0160075329566855, 0.0160075329566855, 0.015683851224105462, 0.015683851224105462, 0.01477165725047081, 0.0152424670433145, 0.015271892655367231, 0.01435969868173258, 0.01435969868173258, 0.014639241996233522, 0.014065442561205272, 0.01438912429378531, 0.014639241996233522, 0.013594632768361582, 0.013388653483992466, 0.01328566384180791, 0.013653483992467044, 0.01331508945386064, 0.01309439736346516, 0.01246174670433145, 0.012182203389830509, 0.012035075329566856, 0.011284722222222222, 0.011270009416195857, 0.011402424670433144, 0.011623116760828625, 0.0111670197740113, 0.0107844868173258, 0.010725635593220338, 0.010328389830508475, 0.010431379472693032, 0.01034310263653484, 0.009784016007532956, 0.00948975988700565, 0.009372057438794728, 0.009180790960451978, 0.009445621468926553, 0.008886534839924671, 0.008989524482109228, 0.008739406779661016, 0.009004237288135594, 0.008842396421845575, 0.008783545197740113, 0.00822445856873823, 0.007930202448210922, 0.008047904896421846, 0.0078125, 0.007606520715630885, 0.007606520715630885, 0.007474105461393597, 0.007547669491525424, 0.007356403013182674, 0.007246056967984934, 0.007018008474576272, 0.006966513653483992, 0.006966513653483992, 0.006701683145009416, 0.0066796139359698685, 0.006672257532956686, 0.006201447740112994, 0.006378001412429378, 0.006172022128060264, 0.006363288606403013, 0.0063265065913371, 0.007165136534839925, 0.007223987758945386, 0.006973870056497175, 0.007135710922787194, 0.007216631355932203, 0.006966513653483992, 0.0068340983992467045, 0.006628119114877589, 0.006223516949152542, 0.006525129472693032, 0.0068340983992467045, 0.0063265065913371, 0.0063706450094161956, 0.006304437382297552, 0.006333862994350283, 0.006252942561205273, 0.006076388888888889, 0.006289724576271186, 0.005833627589453861, 0.006083745291902072, 0.006076388888888889, 0.005958686440677966, 0.0062455861581920905, 0.006311793785310734, 0.006127883709981167, 0.006252942561205273, 0.005951330037664783, 0.006046963276836158, 0.006341219397363465, 0.006024894067796611, 0.006172022128060264, 