{"time": [872.0, 873.0, 873.0, 873.0, 873.0, 873.0, 873.0, 874.0, 874.0, 874.0, 874.0, 875.0, 876.0, 876.0, 876.0, 876.0, 877.0, 878.0, 878.0, 878.0, 878.0, 879.0, 880.0, 881.0, 882.0, 883.0, 884.0, 885.0, 886.0, 887.0, 888.0, 889.0, 890.0, 890.0, 891.0, 892.0, 893.0, 894.0, 895.0, 896.0, 897.0, 898.0, 899.0, 900.0, 901.0, 902.0, 903.0, 904.0, 905.0, 906.0, 907.0, 908.0, 909.0, 910.0, 911.0, 912.0, 913.0, 914.0, 915.0, 916.0, 917.0, 918.0, 919.0, 920.0, 921.0, 922.0, 923.0, 924.0, 925.0, 926.0, 927.0, 928.0, 929.0, 930.0, 931.0, 932.0, 933.0, 934.0, 935.0, 936.0, 937.0, 938.0, 939.0, 940.0, 941.0, 942.0, 943.0, 944.0, 945.0, 946.0, 947.0, 948.0, 949.0, 950.0, 951.0, 952.0, 953.0, 954.0, 955.0, 956.0, 957.0, 958.0, 959.0, 960.0, 961.0, 962.0, 963.0, 964.0, 965.0, 966.0, 967.0, 968.0, 969.0, 970.0, 971.0, 972.0, 973.0, 974.0, 975.0, 976.0, 977.0, 978.0, 979.0, 980.0, 981.0, 982.0, 983.0, 984.0, 985.0, 986.0, 987.0, 988.0, 989.0, 990.0, 991.0, 992.0, 993.0, 994.0, 995.0, 996.0, 997.0, 998.0, 999.0, 1000.0, 1001.0, 1002.0, 1003.0, 1004.0, 1005.0, 1006.0, 1007.0, 1008.0, 1009.0, 1010.0, 1010.0, 1011.0, 1012.0, 1013.0, 1014.0, 1015.0, 1016.0, 1017.0, 1018.0, 1019.0, 1020.0, 1021.0, 1022.0, 1023.0, 1024.0, 1025.0, 1026.0, 1027.0, 1028.0, 1029.0, 1030.0, 1031.0, 1032.0, 1033.0, 1034.0, 1035.0, 1036.0, 1037.0, 1038.0, 1039.0, 1040.0, 1041.0, 1042.0, 1043.0, 1044.0, 1045.0, 1046.0, 1047.0, 1048.0, 1049.0, 1050.0, 1051.0, 1052.0, 1053.0, 1054.0, 1055.0, 1056.0, 1057.0, 1058.0, 1059.0, 1060.0, 1061.0, 1062.0, 1063.0, 1064.0, 1065.0, 1066.0, 1067.0, 1068.0, 1069.0, 1070.0, 1070.0, 1071.0, 1072.0, 1073.0, 1074.0, 1075.0, 1076.0, 1077.0, 1078.0, 1079.0, 1080.0, 1081.0, 1082.0, 1082.0, 1083.0, 1084.0, 1085.0, 1086.0, 1087.0, 1088.0, 1089.0, 1090.0, 1091.0, 1092.0, 1093.0, 1094.0, 1095.0, 1096.0, 1097.0, 1098.0, 1099.0, 1100.0, 1101.0, 1102.0, 1103.0, 1104.0, 1105.0, 1106.0, 1107.0, 1108.0, 1109.0, 1110.0, 1111.0, 1112.0, 1113.0, 1114.0, 1115.0, 1116.0, 1117.0, 1118.0, 1119.0, 1120.0, 1121.0, 1122.0, 1123.0, 1124.0, 1125.0, 1126.0, 1127.0, 1128.0, 1129.0, 1130.0, 1131.0, 1132.0, 1133.0, 1133.0, 1134.0, 1134.0, 1134.0], "avg_cpu": [0.19595709570957096, 0.21163366336633663, 0.18626237623762376, 0.19575082508250824, 0.19636963696369636, 0.17842409240924093, 0.22442244224422442, 0.22978547854785478, 0.15882838283828382, 0.1573844884488449, 0.12314356435643564, 0.07962046204620463, 0.0525990099009901, 0.026866749174917492, 0.003667749587458746, 0.0, 0.29661716171617164, 0.2838283828382838, 0.19348184818481848, 0.13325082508250824, 0.13655115511551155, 0.12273102310231022, 0.05950907590759076, 0.004873143564356436, 0.01155115511551155, 0.005724009900990099, 0.010145936468646864, 0.0074128506600660065, 0.014258457095709571, 0.012144183168316832, 0.0067682549504950494, 0.012891914191419142, 0.0056724422442244226, 0.006445957095709571, 0.01575391914191419, 0.005904496699669967, 0.014310024752475248, 0.00631703795379538, 0.014619430693069308, 0.007632013201320132, 0.013381806930693069, 0.007142120462046204, 0.013278671617161716, 0.008199257425742575, 0.013484942244224422, 0.008031662541254125, 0.011821885313531353, 0.007167904290429043, 0.010867883663366336, 0.00812190594059406, 0.00827660891089109, 0.011680074257425743, 0.006935849834983498, 0.014077970297029703, 0.005981848184818482, 0.010558477722772278, 0.00691006600660066, 0.01080342409240924, 0.005040738448844884, 0.010790532178217821, 0.007593337458745875, 0.013033725247524752, 0.006387943481848185, 0.01485148514851485, 0.005543523102310231, 0.012711427392739274, 0.005498401402640264, 0.012943481848184819, 0.0056724422442244226, 0.011215965346534653, 0.009127475247524752, 0.009733395214521452, 0.013536509900990099, 0.009436881188118812, 0.017945544554455444, 0.008521555280528052, 0.01593440594059406, 0.00827660891089109, 0.017043110561056105, 0.009952557755775578, 0.018512788778877888, 0.01278877887788779, 0.022870255775577556, 0.010906559405940593, 0.017971328382838284, 0.01547029702970297, 0.018615924092409242, 0.012453589108910892, 0.01864170792079208, 0.011538263201320132, 0.01923473597359736, 0.018538572607260728, 0.014438943894389438, 0.021091171617161716, 0.014387376237623763, 0.021426361386138616, 0.01503197194719472, 0.019801980198019802, 0.013691212871287129, 0.019105816831683168, 0.014774133663366336, 0.021091171617161716, 0.014335808580858086, 0.020214521452145213, 0.009668935643564356, 0.011770317656765677, 0.006948741749174918, 0.014000618811881188, 0.0072065800330033, 0.01577970297029703, 0.008495771452145215, 0.012995049504950494, 0.008946988448844884, 0.008611798679867987, 0.017558787128712873, 0.007026093234323432, 0.014903052805280528, 0.007180796204620462, 0.01516089108910891, 0.007296823432343234, 0.014696782178217821, 0.007090552805280528, 0.014206889438943894, 0.007528877887788779, 0.013459158415841584, 0.006794038778877888, 0.013085292904290429, 0.006491078795379538, 0.013665429042904291, 0.008366852310231022, 0.014799917491749175, 0.007722256600660066, 0.012801670792079207, 0.010042801155115511, 0.009037231848184819, 0.010687396864686468, 0.007760932343234324, 0.013356023102310231, 0.006368605610561056, 0.013716996699669966, 0.009385313531353136, 0.013459158415841584, 0.008018770627062707, 0.01231177805280528, 0.005981848184818482, 0.012866130363036304, 0.007619121287128713, 0.016140676567656765, 0.008237933168316832, 0.01580548679867987, 0.007799608085808581, 0.016192244224422444, 0.008096122112211222, 0.007541769801980198, 0.012298886138613862, 0.009075907590759076, 0.00857312293729373, 0.007915635313531353, 0.005981848184818482, 0.01051980198019802, 0.00782539191419142, 0.010055693069306931, 0.01066161303630363, 0.013562293729372937, 0.01218285891089109, 0.008985664191419142, 0.012350453795379537, 0.010842099834983498, 0.008147689768976897, 0.010429558580858086, 0.008753609735973597, 0.010352207095709571, 0.009836530528052806, 0.010249071782178218, 0.00813479785478548, 0.009423989273927394, 0.007748040429042904, 0.009681827557755776, 0.010300639438943894, 0.009746287128712871, 0.010274855610561056, 0.012273102310231022, 0.010313531353135313, 0.008895420792079207, 0.010442450495049506, 0.012144183168316832, 0.010274855610561056, 0.008495771452145215, 0.009849422442244224, 0.008598906765676567, 0.010532693894389438, 0.008676258250825082, 0.009604476072607261, 0.007064768976897689, 0.009204826732673267, 0.00782539191419142, 0.009436881188118812, 0.00827660891089109, 0.00765779702970297, 0.008508663366336634, 0.006368605610561056, 0.0074902021452145215, 0.007180796204620462, 0.008779393564356437, 0.00795431105610561, 0.010094368811881188, 0.007941419141914192, 0.010261963696369636, 0.008444203795379537, 0.009939665841584159, 0.008805177392739274, 0.012518048679867987, 0.008482879537953795, 0.010184612211221121, 0.007902743399339935, 0.008521555280528052, 0.010481126237623763, 0.008946988448844884, 0.009875206270627063, 0.0078125, 0.008173473597359735, 0.009282178217821782, 0.010494018151815181, 0.009282178217821782, 0.007438634488448845, 0.008444203795379537, 0.00795431105610561, 0.012956373762376237, 0.008702042079207922, 0.009063015676567657, 0.010339315181518151, 0.0084184199669967, 0.010300639438943894, 0.007889851485148515, 0.00961736798679868, 0.008598906765676567, 0.010120152640264026, 0.007941419141914192, 0.009514232673267327, 0.008341068481848185, 0.011937912541254125, 0.010455342409240924, 0.012285994224422442, 0.011834777227722772, 0.013613861386138614, 0.011473803630363036, 0.009978341584158416, 0.01233756188118812, 0.01036509900990099, 0.012195750825082508, 0.010249071782178218, 0.011203073432343235, 0.009423989273927394, 0.01066161303630363, 0.008830961221122112, 0.011164397689768978, 0.00916615099009901, 0.010390882838283828, 0.010352207095709571, 0.011009694719471948, 0.009385313531353136, 0.010635829207920793, 0.008959880363036304, 0.009888098184818481, 0.010635829207920793, 0.009333745874587459, 0.01218285891089109, 0.012995049504950494, 0.010558477722772278, 