{"time": [7979.0, 7980.0, 7981.0, 7982.0, 7983.0, 7984.0, 7985.0, 7986.0, 7987.0, 7988.0, 7989.0, 7990.0, 7991.0, 7992.0, 7993.0, 7994.0, 7995.0, 7996.0, 7997.0, 7998.0, 7999.0, 8000.0, 8001.0, 8002.0, 8003.0, 8004.0, 8005.0, 8006.0, 8007.0, 8008.0, 8009.0, 8010.0, 8011.0, 8012.0, 8013.0, 8014.0, 8015.0, 8016.0, 8017.0, 8018.0, 8019.0, 8020.0, 8021.0, 8022.0, 8023.0, 8024.0, 8025.0, 8026.0, 8027.0, 8028.0, 8029.0, 8030.0, 8031.0, 8032.0, 8033.0, 8034.0, 8035.0, 8036.0, 8037.0, 8038.0, 8039.0, 8040.0, 8041.0, 8042.0, 8043.0, 8044.0, 8045.0, 8046.0, 8047.0, 8048.0, 8049.0, 8050.0, 8051.0, 8052.0, 8053.0, 8054.0, 8055.0, 8056.0, 8057.0, 8058.0, 8059.0, 8060.0, 8061.0, 8062.0, 8063.0, 8064.0, 8065.0, 8066.0, 8067.0, 8068.0, 8069.0, 8070.0, 8071.0, 8072.0, 8073.0, 8074.0, 8075.0, 8076.0, 8077.0, 8078.0, 8079.0, 8080.0, 8081.0, 8082.0, 8083.0, 8084.0, 8085.0, 8086.0, 8087.0, 8088.0, 8089.0, 8090.0, 8091.0, 8092.0, 8093.0, 8094.0, 8095.0, 8096.0, 8097.0, 8098.0, 8099.0, 8100.0, 8101.0, 8102.0, 8103.0, 8104.0, 8105.0, 8106.0, 8107.0, 8108.0, 8109.0, 8110.0, 8111.0, 8112.0, 8113.0, 8114.0, 8115.0, 8116.0, 8117.0, 8118.0, 8119.0, 8120.0, 8121.0, 8122.0, 8123.0, 8124.0, 8125.0, 8126.0, 8127.0, 8128.0, 8129.0, 8130.0, 8131.0, 8132.0, 8133.0, 8134.0, 8135.0, 8136.0, 8137.0, 8138.0, 8139.0, 8140.0, 8141.0, 8142.0, 8143.0, 8144.0, 8145.0, 8146.0, 8147.0, 8148.0, 8149.0, 8150.0, 8151.0, 8152.0, 8153.0, 8154.0, 8155.0, 8156.0, 8157.0, 8158.0, 8159.0, 8160.0, 8161.0, 8162.0, 8163.0, 8164.0, 8165.0, 8166.0, 8167.0, 8168.0, 8168.0], "avg_cpu": [0.024502840909090908, 0.14646464646464646, 0.1452020202020202, 0.27051767676767674, 0.2850378787878788, 0.28535353535353536, 0.28061868686868685, 0.28345959595959597, 0.2875631313131313, 0.2859848484848485, 0.2847222222222222, 0.2774621212121212, 0.27367424242424243, 0.2850378787878788, 0.2730429292929293, 0.2809343434343434, 0.2708333333333333, 0.2585227272727273, 0.2585227272727273, 0.2774621212121212, 0.27714646464646464, 0.2774621212121212, 0.27809343434343436, 0.2518939393939394, 0.2840909090909091, 0.2859848484848485, 0.28345959595959597, 0.28345959595959597, 0.28535353535353536, 0.2831439393939394, 0.27809343434343436, 0.2537878787878788, 0.2720959595959596, 0.2881944444444444, 0.2689393939393939, 0.276199494949495, 0.2465277777777778, 0.2708333333333333, 0.2875631313131313, 0.2518939393939394, 0.2847222222222222, 0.26957070707070707, 0.26452020202020204, 0.23958333333333334, 0.26167929292929293, 0.2654671717171717, 0.28345959595959597, 0.28188131313131315, 0.2803030303030303, 0.273989898989899, 0.2803030303030303, 0.2777777777777778, 0.2676767676767677, 0.2755681818181818, 0.27998737373737376, 0.2831439393939394, 0.2815656565656566, 0.2758838383838384, 0.27809343434343436, 0.28188131313131315, 0.26294191919191917, 0.27146464646464646, 0.27904040404040403, 0.2821969696969697, 0.24842171717171718, 0.2481060606060606, 0.26988636363636365, 0.2676767676767677, 0.2566287878787879, 0.28061868686868685, 0.27683080808080807, 0.2708333333333333, 0.2815656565656566, 0.27872474747474746, 0.2850378787878788, 0.2765151515151515, 0.27525252525252525, 0.28440656565656564, 0.2803030303030303, 0.27998737373737376, 0.2803030303030303, 0.2828282828282828, 0.2878787878787879, 0.28440656565656564, 0.2828282828282828, 0.2859848484848485, 0.28566919191919193, 0.2793560606060606, 0.26957070707070707, 0.2765151515151515, 0.27683080808080807, 0.26862373737373735, 0.27998737373737376, 0.286300505050505, 0.28345959595959597, 0.2815656565656566, 0.276199494949495, 0.2809343434343434, 0.2689393939393939, 0.24968434343434343, 0.2749368686868687, 0.28440656565656564, 0.27367424242424243, 0.2793560606060606, 0.27872474747474746, 0.2692550505050505, 0.2809343434343434, 0.276199494949495, 0.28061868686868685, 0.2840909090909091, 0.2727272727272727, 0.28188131313131315, 0.2758838383838384, 0.2692550505050505, 0.27525252525252525, 0.26704545454545453, 0.26862373737373735, 0.27714646464646464, 0.276199494949495, 0.27904040404040403, 0.27335858585858586, 0.28377525252525254, 0.27525252525252525, 0.28251262626262624, 0.27146464646464646, 0.2755681818181818, 0.28251262626262624, 0.28535353535353536, 0.28440656565656564, 0.286300505050505, 0.2850378787878788, 0.2881944444444444, 0.2875631313131313, 0.29071969696969696, 0.2881944444444444, 0.2897727272727273, 0.2897727272727273, 0.2881944444444444, 0.28566919191919193, 0.28061868686868685, 0.276199494949495, 0.2730429292929293, 0.273989898989899, 0.2730429292929293, 0.2720959595959596, 0.2746212121212121, 0.2859848484848485, 0.2847222222222222, 0.28724747474747475, 0.27872474747474746, 0.2749368686868687, 0.2821969696969697, 0.2758838383838384, 0.27683080808080807, 0.2847222222222222, 0.2821969696969697, 0.2809343434343434, 0.2850378787878788, 0.2859848484848485, 0.2828282828282828, 0.288510101010101, 0.2875631313131313, 0.28440656565656564, 0.2784090909090909, 0.28345959595959597, 0.28566919191919193, 0.28566919191919193, 0.2904040404040404, 0.28566919191919193, 0.2850378787878788, 0.2866161616161616, 0.2847222222222222, 0.2809343434343434, 0.2765151515151515, 0.27714646464646464, 0.27998737373737376, 0.2784090909090909, 0.2803030303030303, 0.28440656565656564, 0.2850378787878788, 0.2869318181818182, 0.2875631313131313, 0.26704545454545453, 0.25789141414141414, 0.27714646464646464, 0.2758838383838384, 0.28251262626262624, 0.2720959595959596, 0.2777777777777778, 0.0785195707070707, 0.0],