{"time": [8640.0, 8641.0, 8642.0, 8643.0, 8644.0, 8645.0, 8646.0, 8647.0, 8648.0, 8649.0, 8650.0, 8651.0, 8652.0, 8653.0, 8654.0, 8655.0, 8656.0, 8657.0, 8658.0, 8659.0, 8660.0, 8661.0, 8662.0, 8663.0, 8664.0, 8665.0, 8666.0, 8667.0, 8668.0, 8669.0, 8670.0, 8671.0, 8672.0, 8673.0, 8674.0, 8675.0, 8676.0, 8677.0, 8678.0, 8679.0, 8680.0, 8681.0, 8682.0, 8683.0, 8684.0, 8685.0, 8686.0, 8687.0, 8688.0, 8689.0, 8690.0, 8691.0, 8692.0, 8693.0, 8694.0, 8695.0, 8696.0, 8697.0, 8698.0, 8699.0, 8700.0, 8701.0, 8702.0, 8703.0, 8704.0, 8705.0, 8706.0, 8707.0, 8708.0, 8709.0, 8710.0, 8711.0, 8712.0, 8713.0, 8714.0, 8715.0, 8716.0, 8717.0, 8718.0, 8719.0, 8720.0, 8721.0, 8722.0, 8723.0, 8724.0, 8725.0, 8726.0, 8727.0, 8728.0, 8729.0, 8730.0, 8731.0, 8732.0, 8733.0, 8734.0, 8735.0, 8736.0, 8737.0, 8738.0, 8739.0, 8740.0, 8741.0, 8742.0, 8743.0, 8744.0, 8745.0, 8746.0, 8747.0, 8748.0, 8749.0, 8750.0, 8751.0, 8752.0, 8753.0, 8754.0, 8755.0, 8756.0, 8757.0, 8758.0, 8759.0, 8760.0, 8761.0, 8762.0, 8763.0, 8764.0, 8765.0, 8766.0, 8767.0, 8768.0, 8769.0, 8770.0, 8771.0, 8772.0, 8773.0, 8774.0, 8775.0, 8776.0, 8777.0, 8778.0, 8779.0, 8780.0, 8781.0, 8782.0, 8783.0, 8784.0, 8785.0, 8786.0, 8787.0, 8788.0, 8789.0, 8790.0, 8791.0, 8792.0, 8793.0, 8794.0, 8795.0, 8796.0, 8797.0, 8798.0, 8799.0, 8800.0, 8801.0, 8802.0, 8803.0, 8804.0, 8805.0, 8806.0, 8807.0, 8808.0, 8809.0, 8810.0, 8811.0, 8812.0, 8813.0, 8814.0, 8815.0, 8816.0, 8817.0, 8818.0, 8819.0, 8820.0, 8821.0, 8822.0, 8823.0, 8824.0, 8825.0, 8826.0, 8827.0, 8828.0, 8829.0, 8830.0, 8831.0, 8832.0, 8833.0, 8834.0, 8835.0, 8836.0, 8837.0, 8838.0, 8839.0, 8840.0, 8841.0, 8842.0, 8843.0, 8844.0, 8845.0, 8846.0, 8847.0, 8848.0, 8849.0, 8850.0, 8851.0, 8852.0, 8853.0, 8854.0, 8855.0, 8856.0, 8857.0, 8858.0, 8859.0, 8860.0, 8861.0, 8862.0, 8863.0, 8864.0, 8865.0, 8866.0, 8867.0, 8868.0, 8869.0, 8870.0, 8871.0, 8872.0, 8873.0, 8874.0, 8875.0, 8876.0, 8877.0, 8878.0, 8879.0, 8880.0, 8881.0, 8882.0, 8883.0, 8884.0, 8885.0, 8886.0, 8887.0, 8888.0, 8889.0, 8890.0, 8891.0, 8892.0, 8893.0, 8894.0, 8895.0, 8896.0, 8897.0, 8898.0, 8899.0, 8900.0, 8901.0, 8902.0, 8903.0, 8904.0, 8905.0, 8906.0, 8907.0, 8908.0, 8909.0, 8910.0, 8911.0, 8912.0, 8913.0, 8914.0, 8915.0, 8916.0, 8917.0, 8918.0, 8919.0, 8920.0, 8921.0, 8922.0, 8922.0, 8923.0, 8924.0, 8925.0, 8926.0, 8927.0, 8928.0, 8929.0], "avg_cpu": [0.0008202389359698682, 0.0005039136064030131, 0.0005223046139359699, 0.0005259828154425612, 0.0005186264124293785, 0.0005186264124293785, 0.0004193149717514124, 0.0002979343220338983, 0.00029425612052730695, 0.0002868997175141243, 0.00030896892655367234, 0.00030161252354048965, 0.0003200035310734463, 0.0003788547551789077, 0.007246056967984934, 0.011387711864406779, 0.012932556497175141, 0.01135828625235405, 0.011667255178907722, 0.013079684557438794, 0.012138064971751412, 0.012535310734463278, 0.012196916195856874, 0.01284427966101695, 0.013462217514124294, 0.013418079096045197, 0.013609345574387947, 0.013300376647834275, 0.013418079096045197, 0.013785899246704331, 0.014550965160075329, 0.014477401129943503, 0.014786370056497175, 0.01499234934086629, 0.015360169491525424, 0.015713276836158193, 0.01597810734463277, 0.01565442561205273, 0.016095809792843693, 0.015772128060263655, 0.015713276836158193, 0.015566148775894538, 0.0152424670433145, 0.015477871939736347, 0.015021774952919021, 0.014845221280602637, 0.015330743879472693, 0.01606638418079096, 0.015566148775894538, 0.016184086629001882, 0.01686087570621469, 0.016743173258003768, 0.016831450094161957, 0.017184557438794726, 0.016242937853107344, 0.01641949152542373, 0.01612523540489642, 0.016390065913371, 0.016360640301318268, 0.017037429378531074, 0.016684322033898306, 0.01686087570621469, 0.016743173258003768, 0.016095809792843693, 0.016802024482109226, 0.016390065913371, 0.016654896421845575, 0.01656661958568738, 0.01644891713747646, 0.016390065913371, 0.016713747645951037, 0.016713747645951037, 0.016184086629001882, 0.016713747645951037, 0.016743173258003768, 0.016301789077212806, 0.016360640301318268, 0.016213512241054613, 0.01686087570621469, 0.016301789077212806, 0.01647834274952919, 0.016301789077212806, 0.016272363465160075, 0.016743173258003768, 0.01656661958568738, 0.01603695856873823, 0.016331214689265537, 0.016625470809792844, 0.016654896421845575, 0.017037429378531074, 0.016272363465160075, 0.016802024482109226, 0.017008003766478343, 0.016596045197740113, 0.017243408662900188, 0.017949623352165725, 0.01765536723163842, 0.017243408662900188, 0.01774364406779661, 0.017184557438794726, 0.01653719397363465, 0.01691972693032015, 0.01691972693032015, 0.016831450094161957, 0.01689030131826742, 0.016301789077212806, 0.017155131826741995, 0.01727283427495292, 0.017861346516007532, 0.017213983050847457, 0.017419962335216574, 0.017096280602636536, 0.017155131826741995, 0.017066854990583805, 0.017125706214689264, 0.01733168549905838, 0.017596516007532956, 0.0182144538606403, 0.018302730696798494, 0.017508239171374763, 0.01780249529190207, 0.018273305084745763, 0.01900894538606403, 0.01912664783427495, 0.02030367231638418, 0.01950918079096045, 0.019038370998116762, 0.018508709981167607, 0.02027424670433145, 0.02071563088512241, 0.018508709981167607, 0.01939147834274953, 0.020038841807909605, 0.021304143126177025, 0.021745527306967986, 0.021362994350282487, 0.02115701506591337, 0.019626883239171375, 0.019979990583804143, 0.02062735404896422, 0.021451271186440676, 0.021245291902071563, 0.021009887005649718, 0.021716101694915255, 0.02151012241054614, 0.02065677966101695, 0.02024482109227872, 0.01933262711864407, 0.020892184557438794, 0.020127118644067795, 0.019979990583804143, 0.01977401129943503, 0.020597928436911488, 0.020892184557438794, 0.020745056497175143, 0.01656661958568738, 0.017066854990583805, 0.016625470809792844, 0.01656661958568738, 0.016390065913371, 0.016272363465160075, 0.016360640301318268, 0.015683851224105462, 0.015507297551789078, 0.01565442561205273, 0.015330743879472693, 0.015036487758945387, 0.015683851224105462, 0.01515419020715631, 0.014595103578154425, 0.014639241996233522, 0.014624529190207156, 0.014550965160075329, 0.013933027306967985, 0.013668196798493409, 0.013609345574387947, 0.013638771186440678, 0.01331508945386064, 0.012917843691148775, 0.013020833333333334, 0.012858992467043315, 0.012638300376647834, 0.012182203389830509, 0.012108639359698681, 0.011681967984934087, 0.011961511299435028, 0.011667255178907722, 0.01122587099811676, 0.010990466101694915, 0.010710922787193974, 0.010387241054613937, 0.010240112994350282, 0.010092984934086629, 0.01015183615819209, 0.00987229284369115, 0.009813441619585687, 0.00987229284369115, 0.009578036723163841, 0.009445621468926553, 0.009254354990583804, 0.008842396421845575, 0.008680555555555556, 0.008401012241054613, 0.00847457627118644, 0.008298022598870056, 0.0077977871939736345, 0.007841925612052731, 0.007753648775894539, 0.0074226106403013185, 0.0072681261770244825, 0.007091572504708098, 0.007143067325800377, 0.006966513653483992, 0.007003295668549906, 0.0069591572504708096, 0.006797316384180791, 0.006686970338983051, 0.00643685263653484, 0.0066207627118644065, 0.006297080979284369, 0.006201447740112994, 0.006378001412429378, 0.0060616760828625235, 0.005796845574387947, 0.005855696798493409, 0.00591454802259887, 0.0056864995291902075, 0.0058115583804143126, 0.006598693502824859, 0.006664901129943503, 0.006613406308851224, 0.006694326741996233, 0.006333862994350283, 0.006267655367231639, 0.006194091337099811, 0.0059071916195856874, 0.006076388888888889, 0.006149952919020716, 0.006098458097928437, 0.005870409604519774, 0.005760063559322034, 0.005833627589453861, 0.005855696798493409, 0.0058115583804143126, 0.005848340395480226, 0.005760063559322034, 0.0056276483050847455, 0.005524658662900189, 0.005487876647834275, 0.005620291902071563, 0.005576153483992467, 0.005679143126177025, 0.005848340395480226, 0.0056570739171374765, 0.005620291902071563, 0.0054731638418079095, 0.005605579096045198, 0.005796845574387947, 