{"time": [7468.0, 7469.0, 7469.0, 7469.0, 7470.0, 7470.0, 7470.0, 7471.0, 7472.0, 7473.0, 7474.0, 7475.0, 7476.0, 7477.0, 7478.0, 7479.0, 7480.0, 7481.0, 7482.0, 7483.0, 7484.0, 7485.0, 7486.0, 7487.0, 7488.0, 7489.0, 7490.0, 7491.0, 7492.0, 7493.0, 7494.0, 7495.0, 7496.0, 7497.0, 7498.0, 7499.0, 7500.0, 7501.0, 7502.0, 7503.0, 7504.0, 7505.0, 7506.0, 7507.0, 7508.0, 7509.0, 7510.0, 7511.0, 7512.0, 7513.0, 7514.0, 7515.0, 7516.0, 7517.0, 7518.0, 7519.0, 7520.0, 7521.0, 7522.0, 7523.0, 7524.0, 7525.0, 7526.0, 7527.0, 7528.0, 7529.0, 7530.0, 7531.0, 7532.0, 7533.0, 7534.0, 7535.0, 7536.0, 7537.0, 7538.0, 7539.0, 7540.0, 7541.0, 7542.0, 7543.0, 7544.0, 7545.0, 7546.0, 7547.0, 7548.0, 7549.0, 7550.0, 7551.0, 7552.0, 7553.0, 7554.0, 7555.0, 7556.0, 7557.0, 7558.0, 7559.0, 7560.0, 7561.0, 7562.0, 7563.0, 7564.0, 7565.0, 7566.0, 7567.0, 7568.0, 7569.0, 7570.0, 7571.0, 7572.0, 7573.0, 7574.0, 7575.0, 7576.0, 7577.0, 7578.0, 7579.0, 7580.0, 7581.0, 7582.0, 7583.0, 7584.0, 7585.0, 7586.0, 7587.0, 7588.0, 7589.0, 7590.0, 7591.0, 7592.0, 7593.0, 7594.0, 7595.0, 7596.0, 7597.0, 7598.0, 7599.0, 7600.0, 7601.0, 7602.0, 7603.0, 7604.0, 7605.0, 7606.0, 7607.0, 7608.0, 7609.0, 7610.0, 7611.0, 7612.0, 7613.0, 7614.0, 7615.0, 7616.0, 7617.0, 7618.0, 7619.0, 7620.0, 7621.0, 7622.0, 7623.0, 7624.0, 7625.0, 7626.0, 7627.0, 7628.0, 7629.0, 7630.0, 7631.0, 7632.0, 7633.0, 7634.0, 7635.0, 7636.0, 7637.0, 7638.0, 7639.0, 7640.0, 7641.0, 7642.0, 7642.0, 7643.0, 7644.0, 7645.0, 7646.0, 7647.0, 7648.0, 7649.0, 7650.0, 7651.0, 7652.0, 7653.0, 7654.0, 7654.0, 7655.0, 7656.0, 7657.0, 7658.0, 7659.0, 7660.0, 7661.0, 7662.0, 7663.0, 7664.0, 7665.0, 7666.0, 7666.0, 7667.0, 7668.0, 7669.0, 7670.0, 7671.0, 7672.0, 7673.0, 7674.0, 7675.0, 7676.0, 7677.0, 7678.0, 7679.0, 7680.0, 7681.0, 7682.0, 7683.0, 7684.0, 7685.0, 7686.0, 7687.0, 7688.0, 7689.0, 7690.0, 7690.0, 7691.0, 7692.0, 7693.0, 7694.0, 7695.0, 7696.0, 7697.0, 7698.0, 7699.0, 7700.0, 7701.0, 7702.0, 7703.0, 7704.0, 7705.0, 7706.0, 7707.0, 7708.0, 7709.0, 7710.0, 7711.0, 7712.0, 7713.0, 7714.0, 7715.0, 7716.0, 7717.0, 7718.0, 7719.0, 7720.0, 7721.0, 7722.0, 7723.0, 7724.0, 7725.0, 7726.0, 7727.0, 7728.0, 7729.0, 7730.0, 7731.0, 7732.0, 7732.0, 7733.0, 7734.0, 7735.0, 7736.0, 7737.0, 7738.0, 7739.0, 7740.0, 7741.0, 7742.0, 7743.0, 7744.0, 7744.0, 7745.0, 7746.0, 7747.0, 7748.0, 7749.0, 7750.0, 7751.0, 7752.0, 7753.0, 7754.0, 7755.0, 7756.0, 7756.0, 7756.0, 7756.0, 7756.0], "avg_cpu": [0.12953795379537955, 0.3296204620462046, 0.29207920792079206, 0.297029702970297, 0.32838283828382836, 0.22896039603960397, 0.15655940594059406, 0.11035478547854785, 0.05558993399339934, 0.020240305280528052, 0.0077093646864686465, 0.01204104785478548, 0.007077660891089109, 0.01216996699669967, 0.00751598597359736, 0.013085292904290429, 0.006819822607260726, 0.01126753300330033, 0.007167904290429043, 0.009333745874587459, 0.01761035478547855, 0.008018770627062707, 0.011783209570957095, 0.007722256600660066, 0.01173164191419142, 0.011035478547854785, 0.0077738242574257425, 0.008379744224422442, 0.013304455445544554, 0.007477310231023103, 0.010313531353135313, 0.010429558580858086, 0.009475556930693069, 0.009991233498349836, 0.011035478547854785, 0.009668935643564356, 0.009501340759075907, 0.00901144801980198, 0.00885674504950495, 0.009179042904290429, 0.011808993399339935, 0.009888098184818481, 0.012556724422442244, 0.009282178217821782, 0.012247318481848185, 0.011499587458745875, 0.01577970297029703, 0.010854991749174918, 0.012427805280528052, 0.010880775577557756, 0.009707611386138614, 0.008895420792079207, 0.011215965346534653, 0.010249071782178218, 0.010584261551155116, 0.012505156765676567, 0.010339315181518151, 0.011925020627062707, 0.011512479372937293, 0.01263407590759076, 0.009475556930693069, 0.013742780528052806, 0.011035478547854785, 0.013613861386138614, 0.013536509900990099, 0.010481126237623763, 0.014155321782178218, 0.01204104785478548, 0.010880775577557756, 0.012402021452145215, 0.011821885313531353, 0.0111128300330033, 0.011783209570957095, 0.011061262376237623, 0.011435127887788778, 0.01080342409240924, 0.01231177805280528, 0.009926773927392739, 0.010545585808580858, 0.010545585808580858, 0.013588077557755776, 0.011989480198019802, 0.013845915841584159, 0.01170585808580858, 0.01112572194719472, 0.013536509900990099, 0.013111076732673267, 0.010854991749174918, 0.009797854785478548, 0.0123246699669967, 0.010764748349834983, 0.010326423267326733, 0.010764748349834983, 0.012866130363036304, 0.013356023102310231, 0.010339315181518151, 0.011937912541254125, 0.011074154290429043, 0.013407590759075907, 0.012208642739273927, 0.011460911716171618, 0.01095812706270627, 0.012608292079207922, 0.010700288778877888, 0.01382013201320132, 0.01140934405940594, 0.012260210396039604, 0.010610045379537953, 0.014516295379537953, 0.009230610561056106, 0.01097101897689769, 0.01140934405940594, 0.009836530528052806, 0.011641398514851485, 0.010494018151815181, 0.012260210396039604, 0.0090243399339934, 0.009372421617161716, 0.010829207920792078, 0.009398205445544554, 0.01231177805280528, 0.008469987623762377, 0.013123968646864687, 0.009282178217821782, 0.013098184818481849, 0.008740717821782179, 0.012195750825082508, 0.008908312706270627, 0.013356023102310231, 0.009372421617161716, 0.015057755775577558, 0.009411097359735974, 0.010700288778877888, 0.010017017326732673, 0.01140934405940594, 0.01246648102310231, 0.009978341584158416, 0.012414913366336634, 0.010004125412541254, 0.012118399339933993, 0.00961736798679868, 0.014516295379537953, 0.01006858498349835, 0.013188428217821782, 0.009656043729372937, 0.013033725247524752, 0.01067450495049505, 0.01188634488448845, 0.009540016501650164, 0.012853238448844884, 0.01188634488448845, 0.0111128300330033, 0.011435127887788778, 0.014645214521452146, 0.01204104785478548, 0.011228857260726073, 0.013407590759075907, 0.014284240924092409, 0.01125464108910891, 0.010558477722772278, 0.013007941419141914, 0.009501340759075907, 0.011435127887788778, 0.009668935643564356, 0.012273102310231022, 0.01173164191419142, 0.01157693894389439, 0.0111128300330033, 0.011087046204620463, 0.01095812706270627, 0.008379744224422442, 0.007593337458745875, 0.00888252887788779, 0.011035478547854785, 0.008779393564356437, 0.00871493399339934, 0.00857312293729373, 0.008740717821782179, 0.002362443275577558, 0.009179042904290429, 0.00901144801980198, 0.008353960396039604, 0.009075907590759076, 0.008482879537953795, 0.009295070132013201, 0.008779393564356437, 0.009295070132013201, 0.008160581683168317, 0.009552908415841584, 0.008482879537953795, 0.008676258250825082, 0.00751598597359736, 0.008379744224422442, 0.00901144801980198, 0.008650474422442244, 0.009656043729372937, 0.008946988448844884, 0.009372421617161716, 0.008818069306930692, 0.010197504125412541, 0.01606332508250825, 0.010274855610561056, 0.014542079207920793, 0.008921204620462047, 0.012672751650165017, 0.013304455445544554, 0.009037231848184819, 0.00961736798679868, 0.009784962871287129, 0.01006858498349835, 0.009514232673267327, 0.009217718646864687, 0.008908312706270627, 0.010571369636963696, 0.009333745874587459, 0.010313531353135313, 0.010133044554455446, 0.009359529702970297, 0.009204826732673267, 0.010352207095709571, 0.011306208745874588, 0.011512479372937293, 0.010854991749174918, 0.010004125412541254, 0.011383560231023103, 0.011989480198019802, 0.01128042491749175, 0.010029909240924093, 0.010094368811881188, 0.0037128712871287127, 0.014387376237623763, 0.010738964521452146, 0.010017017326732673, 0.01080342409240924, 0.010158828382838284, 0.012131291254125412, 0.010236179867986799, 0.010004125412541254, 0.009217718646864687, 0.010622937293729373, 0.008972772277227722, 0.009307962046204621, 0.01051980198019802, 0.009604476072607261, 0.010687396864686468, 0.010145936468646864, 0.011899236798679868, 0.009939665841584159, 0.013562293729372937, 0.009939665841584159, 0.010274855610561056, 0.009888098184818481, 0.010455342409240924, 0.01006858498349835, 0.012273102310231022, 