{"time": [2260.0, 2261.0, 2262.0, 2263.0, 2264.0, 2265.0, 2266.0, 2267.0, 2268.0, 2269.0, 2270.0, 2271.0, 2272.0, 2273.0, 2274.0, 2275.0, 2276.0, 2277.0, 2278.0, 2279.0, 2280.0, 2281.0, 2282.0, 2283.0, 2284.0, 2285.0, 2286.0, 2287.0, 2288.0, 2289.0, 2290.0, 2291.0, 2292.0, 2293.0, 2294.0, 2295.0, 2296.0, 2297.0, 2298.0, 2299.0, 2300.0, 2301.0, 2302.0, 2303.0, 2304.0, 2305.0, 2306.0, 2307.0, 2308.0, 2309.0, 2310.0, 2311.0, 2312.0, 2313.0, 2314.0, 2315.0, 2316.0, 2317.0, 2318.0, 2319.0, 2320.0, 2321.0, 2322.0, 2323.0, 2324.0, 2325.0, 2326.0, 2327.0, 2328.0, 2329.0, 2330.0, 2331.0, 2332.0, 2333.0, 2334.0, 2335.0, 2336.0, 2337.0, 2338.0, 2339.0, 2340.0, 2341.0, 2342.0, 2343.0, 2344.0, 2345.0, 2346.0, 2347.0, 2348.0, 2349.0, 2350.0, 2351.0, 2352.0, 2353.0, 2354.0, 2355.0, 2356.0, 2357.0, 2358.0, 2359.0, 2360.0, 2361.0, 2362.0, 2363.0, 2364.0, 2365.0, 2366.0, 2367.0, 2368.0, 2369.0, 2370.0, 2371.0, 2372.0, 2373.0, 2374.0, 2375.0, 2376.0, 2377.0, 2378.0, 2379.0, 2380.0, 2381.0, 2382.0, 2383.0, 2384.0, 2385.0, 2386.0, 2387.0, 2388.0, 2389.0, 2390.0, 2391.0, 2392.0, 2393.0, 2394.0, 2395.0, 2396.0, 2397.0, 2398.0, 2399.0, 2400.0, 2401.0, 2402.0, 2403.0, 2404.0, 2405.0, 2406.0, 2407.0, 2408.0, 2409.0, 2410.0, 2411.0, 2412.0, 2413.0, 2414.0, 2415.0, 2416.0, 2417.0, 2418.0, 2419.0, 2420.0, 2421.0, 2422.0, 2423.0, 2424.0, 2425.0, 2426.0, 2427.0, 2428.0, 2429.0, 2430.0, 2431.0, 2432.0, 2433.0, 2434.0, 2435.0, 2436.0, 2437.0, 2437.0, 2437.0], "avg_cpu": [0.0008680555555555555, 0.0003205886994949495, 0.04640151515151515, 0.14962121212121213, 0.3036616161616162, 0.13257575757575757, 0.11647727272727272, 0.11726641414141414, 0.11647727272727272, 0.1158459595959596, 0.11395202020202021, 0.11047979797979798, 0.11316287878787878, 0.11126893939393939, 0.10921717171717171, 0.11710858585858586, 0.11158459595959595, 0.10858585858585859, 0.10700757575757576, 0.09674873737373738, 0.10164141414141414, 0.09375, 0.11284722222222222, 0.11821338383838384, 0.1038510101010101, 0.09264520202020202, 0.09485479797979798, 0.10274621212121213, 0.10779671717171717, 0.10779671717171717, 0.11268939393939394, 0.11000631313131314, 0.1103219696969697, 0.10700757575757576, 0.10653409090909091, 0.10542929292929293, 0.11284722222222222, 0.11568813131313131, 0.11000631313131314, 0.10874368686868686, 0.10606060606060606, 0.10748106060606061, 0.10621843434343434, 0.09311868686868686, 0.09011994949494949, 0.09690656565656566, 0.10779671717171717, 0.10874368686868686, 0.10748106060606061, 0.10606060606060606, 0.10874368686868686, 0.10874368686868686, 0.11016414141414141, 0.11253156565656566, 0.1111111111111111, 0.09832702020202021, 0.10716540404040405, 0.10606060606060606, 0.10779671717171717, 0.09375, 0.09343434343434344, 0.09264520202020202, 0.09406565656565656, 0.1038510101010101, 0.10684974747474747, 0.10669191919191919, 0.10353535353535354, 0.10732323232323232, 0.10590277777777778, 0.10716540404040405, 0.10732323232323232, 0.10732323232323232, 0.10827020202020202, 0.10795454545454546, 0.1076388888888889, 0.10953282828282829, 0.1084280303030303, 0.11063762626262626, 0.10732323232323232, 0.10921717171717171, 0.10921717171717171, 0.10969065656565656, 0.10716540404040405, 0.10669191919191919, 0.10448232323232323, 0.11047979797979798, 0.10716540404040405, 0.10684974747474747, 0.10811237373737374, 0.0946969696969697, 0.09343434343434344, 0.08996212121212122, 0.10890151515151515, 0.09911616161616162, 0.10590277777777778, 0.10479797979797979, 0.09343434343434344, 0.0954861111111111, 0.09501262626262626, 0.10227272727272728, 0.1076388888888889, 0.10606060606060606, 0.11316287878787878, 0.109375, 0.09611742424242424, 0.1029040404040404, 0.11663510101010101, 0.10132575757575757, 0.09532828282828283, 0.09801136363636363, 0.10006313131313131, 0.11363636363636363, 0.11237373737373738, 0.09974747474747475, 0.09753787878787878, 0.09769570707070707, 0.09816919191919192, 0.09595959595959595, 0.10479797979797979, 0.09722222222222222, 0.1029040404040404, 0.10574494949494949, 0.09848484848484848, 0.09595959595959595, 0.1103219696969697, 0.10337752525252525, 0.1029040404040404, 0.11253156565656566, 0.11505681818181818, 0.12042297979797979, 0.12184343434343434, 0.1267361111111111, 0.11537247474747475, 0.11426767676767677, 0.11221590909090909, 0.10905934343434344, 0.11789772727272728, 0.11663510101010101, 0.109375, 0.10606060606060606, 0.1019570707070707, 0.10258838383838384, 0.11426767676767677, 0.09769570707070707, 0.10432449494949494, 0.10464015151515152, 0.09406565656565656, 0.1029040404040404, 0.10558712121212122, 0.09138257575757576, 0.09154040404040405, 0.09106691919191919, 0.08933080808080808, 0.09122474747474747, 0.09232954545454546, 0.09343434343434344, 0.10101010101010101, 0.09627525252525253, 0.10148358585858586, 0.10716540404040405, 0.11395202020202021, 0.10606060606060606, 0.10211489898989899, 0.10448232323232323, 0.10700757575757576, 0.10243055555555555, 0.09911616161616162, 0.09801136363636363, 0.10132575757575757, 0.0992739898989899, 0.09453914141414141, 0.09769570707070707, 0.09390782828282829, 0.0920138888888889, 0.09375, 0.09722222222222222, 0.06668244949494949, 0.023279671717171716, 0.0032552083333333335, 0.0],