{"time": [1135.0, 1135.0, 1136.0, 1136.0, 1136.0, 1137.0, 1137.0, 1138.0, 1139.0, 1140.0, 1141.0, 1142.0, 1143.0, 1144.0, 1145.0, 1146.0, 1147.0, 1148.0, 1149.0, 1150.0, 1151.0, 1152.0, 1153.0, 1154.0, 1155.0, 1156.0, 1157.0, 1158.0, 1159.0, 1160.0, 1161.0, 1162.0, 1163.0, 1164.0, 1165.0, 1166.0, 1167.0, 1168.0, 1169.0, 1170.0, 1171.0, 1172.0, 1173.0, 1174.0, 1175.0, 1176.0, 1177.0, 1178.0, 1179.0, 1180.0, 1181.0, 1182.0, 1183.0, 1184.0, 1185.0, 1186.0, 1187.0, 1188.0, 1189.0, 1190.0, 1191.0, 1192.0, 1193.0, 1194.0, 1195.0, 1196.0, 1197.0, 1198.0, 1199.0, 1200.0, 1201.0, 1202.0, 1203.0, 1204.0, 1205.0, 1206.0, 1207.0, 1208.0, 1209.0, 1210.0, 1211.0, 1212.0, 1213.0, 1214.0, 1215.0, 1216.0, 1217.0, 1218.0, 1219.0, 1220.0, 1221.0, 1222.0, 1223.0, 1224.0, 1225.0, 1226.0, 1227.0, 1228.0, 1229.0, 1230.0, 1231.0, 1231.0, 1232.0, 1233.0, 1234.0, 1235.0, 1236.0, 1237.0, 1238.0, 1239.0, 1240.0, 1241.0, 1242.0, 1243.0, 1244.0, 1245.0, 1246.0, 1247.0, 1248.0, 1249.0, 1250.0, 1251.0, 1252.0, 1253.0, 1254.0, 1255.0, 1256.0, 1257.0, 1258.0, 1259.0, 1260.0, 1261.0, 1262.0, 1263.0, 1264.0, 1265.0, 1266.0, 1267.0, 1268.0, 1269.0, 1270.0, 1271.0, 1272.0, 1273.0, 1274.0, 1275.0, 1276.0, 1277.0, 1278.0, 1279.0, 1280.0, 1281.0, 1282.0, 1283.0, 1284.0, 1285.0, 1286.0, 1286.0, 1287.0, 1288.0, 1288.0, 1289.0, 1290.0, 1291.0, 1292.0, 1293.0, 1294.0, 1295.0, 1296.0, 1297.0, 1298.0, 1299.0, 1300.0, 1301.0, 1302.0, 1303.0, 1304.0, 1305.0, 1306.0, 1307.0, 1308.0, 1309.0, 1310.0, 1310.0, 1311.0, 1312.0, 1313.0, 1314.0, 1315.0, 1316.0, 1317.0, 1318.0, 1319.0, 1320.0, 1321.0, 1322.0, 1323.0, 1324.0, 1325.0, 1326.0, 1327.0, 1328.0, 1329.0, 1330.0, 1331.0, 1332.0, 1333.0, 1334.0, 1335.0, 1336.0, 1337.0, 1338.0, 1339.0, 1340.0, 1341.0, 1342.0, 1343.0, 1344.0, 1345.0, 1346.0, 1347.0, 1348.0, 1349.0, 1350.0, 1351.0, 1352.0, 1353.0, 1354.0, 1355.0, 1356.0, 1357.0, 1358.0, 1359.0, 1360.0, 1361.0, 1362.0, 1363.0, 1364.0, 1364.0, 1365.0, 1366.0, 1367.0, 1368.0, 1369.0, 1370.0, 1370.0, 1371.0, 1372.0, 1373.0, 1374.0, 1375.0, 1376.0, 1377.0, 1378.0, 1379.0, 1380.0, 1381.0, 1382.0, 1382.0, 1383.0, 1384.0, 1384.0, 1385.0, 1386.0, 1387.0, 1388.0, 1389.0, 1390.0, 1391.0, 1392.0, 1393.0, 1394.0, 1395.0, 1396.0, 1397.0, 1398.0, 1399.0, 1400.0, 1401.0, 1402.0, 1403.0, 1404.0, 1405.0, 1406.0, 1407.0, 1408.0, 1409.0, 1410.0, 1411.0, 1412.0, 1413.0, 1414.0, 1415.0, 1416.0, 1417.0, 1418.0, 1418.0, 1419.0, 1420.0, 1421.0, 1422.0, 1422.0, 1422.0, 1422.0], "avg_cpu": [0.2508250825082508, 0.20173267326732675, 0.21575907590759075, 0.20503300330033003, 0.13902640264026403, 0.1408828382838284, 0.11221122112211221, 0.0658003300330033, 0.009643151815181519, 0.012402021452145215, 0.006948741749174918, 0.009681827557755776, 0.010352207095709571, 0.0064717409240924095, 0.011435127887788778, 0.006059199669966996, 0.012118399339933993, 0.007786716171617161, 0.012002372112211222, 0.006033415841584159, 0.01095812706270627, 0.007013201320132013, 0.010532693894389438, 0.0078125, 0.011821885313531353, 0.006639335808580858, 0.01170585808580858, 0.006033415841584159, 0.011602722772277228, 0.0063299298679867985, 0.012053939768976897, 0.006059199669966996, 0.008985664191419142, 0.00856023102310231, 0.007387066831683168, 0.010738964521452146, 0.006394389438943895, 0.010880775577557756, 0.009797854785478548, 0.012002372112211222, 0.00602052392739274, 0.011770317656765677, 0.006039861798679868, 0.012530940594059407, 0.0065426464521452146, 0.01128042491749175, 0.007374174917491749, 0.01247937293729373, 0.006291254125412541, 0.014387376237623763, 0.006529754537953796, 0.012569616336633664, 0.008328176567656765, 0.010081476897689769, 0.010274855610561056, 0.007619121287128713, 0.013407590759075907, 0.007155012376237624, 0.012363345709570957, 0.0071292285478547854, 0.01397483498349835, 0.006948741749174918, 0.012247318481848185, 0.0075546617161716175, 0.0129305899339934, 0.007748040429042904, 0.015496080858085808, 0.0071936881188118815, 0.01202815594059406, 0.007992986798679868, 0.012247318481848185, 0.0066909034653465345, 0.009720503300330034, 0.010313531353135313, 0.00840552805280528, 0.010983910891089108, 0.006188118811881188, 0.013020833333333334, 0.0074128506600660065, 0.012144183168316832, 0.006897174092409241, 0.012053939768976897, 0.008469987623762377, 0.01531559405940594, 0.006961633663366337, 0.011692966171617162, 0.007644905115511551, 0.011486695544554455, 0.006639335808580858, 0.01215707508250825, 0.00736128300330033, 0.013742780528052806, 0.006871390264026403, 0.009282178217821782, 0.008972772277227722, 0.010300639438943894, 0.014258457095709571, 0.007296823432343234, 0.012273102310231022, 0.00840552805280528, 0.021581064356435642, 0.010017017326732673, 0.007142120462046204, 0.012556724422442244, 0.007683580858085809, 0.014206889438943894, 0.008147689768976897, 0.012737211221122112, 0.00782539191419142, 0.01606332508250825, 0.007399958745874588, 0.010738964521452146, 0.006394389438943895, 0.012285994224422442, 0.00782539191419142, 0.009411097359735974, 0.00796720297029703, 0.008096122112211222, 0.009862314356435644, 0.006678011551155116, 0.012092615511551155, 0.006149443069306931, 0.010854991749174918, 0.006091429455445545, 0.012285994224422442, 0.007748040429042904, 0.01157693894389439, 0.007232363861386139, 0.012595400165016502, 0.0074902021452145215, 0.012724319306930692, 0.007477310231023103, 0.012543832508250825, 0.007064768976897689, 0.012698535478547854, 0.007541769801980198, 0.010867883663366336, 0.009191934818481849, 0.012724319306930692, 0.010777640264026403, 0.008379744224422442, 0.012698535478547854, 0.0075546617161716175, 0.012427805280528052, 0.007232363861386139, 0.012904806105610562, 0.00751598597359736, 0.01170585808580858, 0.0071936881188118815, 0.012595400165016502, 0.008044554455445545, 0.013252887788778879, 0.007683580858085809, 0.013433374587458746, 0.0077093646864686465, 0.013330239273927394, 0.00751598597359736, 0.007116336633663367, 0.012298886138613862, 0.02433993399339934, 0.009952557755775578, 0.007941419141914192, 0.010377990924092409, 0.00645884900990099, 0.012079723597359735, 0.006220348597359736, 0.011022586633663366, 0.006639335808580858, 0.012208642739273927, 0.007013201320132013, 0.012698535478547854, 0.006703795379537953, 0.006271916254125412, 0.00691006600660066, 0.006819822607260726, 0.007528877887788779, 0.006987417491749175, 0.007077660891089109, 0.006922957920792079, 0.00661355198019802, 0.007038985148514852, 0.006716687293729373, 0.006149443069306931, 0.007013201320132013, 0.007258147689768977, 0.007567553630363036, 0.006884282178217822, 0.0078125, 0.006871390264026403, 0.007760932343234324, 0.009578692244224422, 0.006433065181518152, 0.0064652949669967, 0.007399958745874588, 0.0074128506600660065, 0.007941419141914192, 0.007322607260726073, 0.00826371699669967, 0.006871390264026403, 0.00736128300330033, 0.007283931518151815, 0.007180796204620462, 0.006536200495049505, 0.006806930693069307, 0.006484632838283828, 0.007374174917491749, 0.006884282178217822, 0.010184612211221121, 0.007567553630363036, 0.00750309405940594, 0.007760932343234324, 0.006961633663366337, 0.00750309405940594, 0.006510416666666667, 0.007683580858085809, 0.0066909034653465345, 0.009694719471947194, 0.006871390264026403, 0.007142120462046204, 0.007941419141914192, 0.009681827557755776, 0.009759179042904291, 0.01006858498349835, 0.009153259075907591, 0.008689150165016502, 0.008972772277227722, 0.00901144801980198, 0.008843853135313532, 0.00857312293729373, 0.00946266501650165, 0.00856023102310231, 0.00961736798679868, 0.009088799504950494, 0.009372421617161716, 0.00872782590759076, 0.009849422442244224, 0.009179042904290429, 0.003848236386138614, 0.01064872112211221, 0.009050123762376237, 0.009888098184818481, 0.00961736798679868, 0.008830961221122112, 0.008985664191419142, 0.006123659240924092, 0.007799608085808581, 0.00736128300330033, 0.007541769801980198, 0.007580445544554455, 0.007632013201320132, 0.007838283828382838, 0.007026093234323432, 0.007335499174917492, 0.0074902021452145215, 