{"time": [8640.0, 8641.0, 8642.0, 8643.0, 8644.0, 8645.0, 8646.0, 8647.0, 8648.0, 8649.0, 8650.0, 8651.0, 8652.0, 8653.0, 8654.0, 8655.0, 8656.0, 8657.0, 8658.0, 8659.0, 8660.0, 8661.0, 8662.0, 8663.0, 8664.0, 8665.0, 8666.0, 8667.0, 8668.0, 8669.0, 8670.0, 8671.0, 8672.0, 8673.0, 8674.0, 8675.0, 8676.0, 8677.0, 8678.0, 8679.0, 8680.0, 8681.0, 8682.0, 8683.0, 8684.0, 8685.0, 8686.0, 8687.0, 8688.0, 8689.0, 8690.0, 8691.0, 8692.0, 8693.0, 8694.0, 8695.0, 8696.0, 8697.0, 8698.0, 8699.0, 8700.0, 8701.0, 8702.0, 8703.0, 8704.0, 8705.0, 8706.0, 8707.0, 8708.0, 8709.0, 8710.0, 8711.0, 8712.0, 8713.0, 8714.0, 8715.0, 8716.0, 8717.0, 8718.0, 8719.0, 8720.0, 8721.0, 8722.0, 8723.0, 8724.0, 8725.0, 8726.0, 8727.0, 8728.0, 8729.0, 8730.0, 8731.0, 8732.0, 8733.0, 8734.0, 8735.0, 8736.0, 8737.0, 8738.0, 8739.0, 8740.0, 8741.0, 8742.0, 8743.0, 8744.0, 8745.0, 8746.0, 8747.0, 8748.0, 8749.0, 8750.0, 8751.0, 8752.0, 8753.0, 8754.0, 8755.0, 8756.0, 8757.0, 8758.0, 8759.0, 8760.0, 8761.0, 8762.0, 8763.0, 8764.0, 8765.0, 8766.0, 8767.0, 8768.0, 8769.0, 8770.0, 8771.0, 8772.0, 8773.0, 8774.0, 8775.0, 8776.0, 8777.0, 8778.0, 8779.0, 8780.0, 8781.0, 8782.0, 8783.0, 8784.0, 8785.0, 8786.0, 8787.0, 8788.0, 8789.0, 8790.0, 8791.0, 8792.0, 8793.0, 8794.0, 8795.0, 8796.0, 8797.0, 8798.0, 8799.0, 8800.0, 8801.0, 8802.0, 8803.0, 8804.0, 8805.0, 8806.0, 8807.0, 8808.0, 8809.0, 8810.0, 8811.0, 8812.0, 8813.0, 8814.0, 8815.0, 8816.0, 8817.0, 8818.0, 8819.0, 8820.0, 8821.0, 8822.0, 8823.0, 8824.0, 8825.0, 8826.0, 8827.0, 8828.0, 8829.0, 8830.0, 8831.0, 8832.0, 8833.0, 8834.0, 8835.0, 8836.0, 8837.0, 8838.0, 8839.0, 8840.0, 8841.0, 8842.0, 8843.0, 8844.0, 8845.0, 8846.0, 8847.0, 8848.0, 8849.0, 8850.0, 8851.0, 8852.0, 8853.0, 8854.0, 8855.0, 8856.0, 8857.0, 8858.0, 8859.0, 8860.0, 8861.0, 8862.0, 8863.0, 8864.0, 8865.0, 8866.0, 8867.0, 8868.0, 8869.0, 8870.0, 8871.0, 8872.0, 8873.0, 8874.0, 8875.0, 8876.0, 8877.0, 8878.0, 8879.0, 8880.0, 8881.0, 8882.0, 8883.0, 8884.0, 8885.0, 8886.0, 8887.0, 8888.0, 8889.0, 8890.0, 8891.0, 8892.0, 8893.0, 8894.0, 8895.0, 8896.0, 8897.0, 8898.0, 8899.0, 8900.0, 8901.0, 8902.0, 8903.0, 8904.0, 8905.0, 8906.0, 8907.0, 8908.0, 8909.0, 8910.0, 8911.0, 8912.0, 8913.0, 8914.0, 8915.0, 8916.0, 8917.0, 8918.0, 8919.0, 8920.0, 8920.0, 8921.0, 8922.0, 8923.0, 8924.0, 8925.0, 8926.0, 8927.0, 8928.0, 8929.0], "avg_cpu": [0.0007503531073446328, 0.0004744879943502825, 0.0004928790018832392, 0.0004855225988700565, 0.0004855225988700565, 0.0004744879943502825, 0.00039356756120527306, 0.0002685087099811676, 0.00027218691148775897, 0.0002685087099811676, 0.0002795433145009416, 0.00029057791902071563, 0.00030529072504708097, 0.00036046374764595106, 0.007120998116760828, 0.011711393596986818, 0.012564736346516007, 0.012358757062146893, 0.01246174670433145, 0.01287370527306968, 0.012505885122410547, 0.012991407721280603, 0.013447504708097928, 0.013447504708097928, 0.0141390065913371, 0.013653483992467044, 0.0137564736346516, 0.014447975517890772, 0.014536252354048965, 0.014653954802259887, 0.014889359698681732, 0.014698093220338984, 0.014874646892655368, 0.015830979284369114, 0.015448446327683616, 0.015801553672316383, 0.01606638418079096, 0.016095809792843693, 0.01615466101694915, 0.015860404896421845, 0.01606638418079096, 0.016213512241054613, 0.015448446327683616, 0.015772128060263655, 0.015948681732580038, 0.015536723163841809, 0.01597810734463277, 0.015948681732580038, 0.016301789077212806, 0.01603695856873823, 0.01603695856873823, 0.01603695856873823, 0.016360640301318268, 0.0167725988700565, 0.01694915254237288, 0.01656661958568738, 0.017478813559322032, 0.017773069679849342, 0.0178319209039548, 0.01780249529190207, 0.018008474576271187, 0.017449387947269305, 0.018126177024482108, 0.017508239171374763, 0.01806732580037665, 0.018332156308851225, 0.018332156308851225, 0.0185969868173258, 0.017890772128060263, 0.018361581920903956, 0.0182144538606403, 0.019214924670433144, 0.01856756120527307, 0.018332156308851225, 0.01809675141242938, 0.01815560263653484, 0.0182144538606403, 0.018420433145009418, 0.018685263653483993, 0.01818502824858757, 0.01824387947269303, 0.018714689265536724, 0.018508709981167607, 0.018479284369114876, 0.018508709981167607, 0.018508709981167607, 0.018508709981167607, 0.01809675141242938, 0.018126177024482108, 0.018420433145009418, 0.01945032956685499, 0.018508709981167607, 0.018332156308851225, 0.018744114877589455, 0.018538135593220338, 0.019156073446327682, 0.018891242937853107, 0.019273775894538606, 0.019097222222222224, 0.018920668549905838, 0.018802966101694914, 0.01895009416195857, 0.018891242937853107, 0.0185969868173258, 0.018655838041431262, 0.01862641242937853, 0.01942090395480226, 0.019214924670433144, 0.019950564971751412, 0.01989171374764595, 0.019715160075329568, 0.01950918079096045, 0.019715160075329568, 0.0193620527306968, 0.019156073446327682, 0.019038370998116762, 0.01992113935969868, 0.019303201506591337, 0.020038841807909605, 0.01986228813559322, 0.020421374764595105, 0.020068267419962336, 0.01983286252354049, 0.020038841807909605, 0.020480225988700564, 0.020774482109227874, 0.02106873822975518, 0.02068620527306968, 0.020745056497175143, 0.020597928436911488, 0.02153954802259887, 0.020862758945386063, 0.021009887005649718, 0.02151012241054614, 0.0219515065913371, 0.022275188323917137, 0.02159839924670433, 0.021362994350282487, 0.02103931261770245, 0.02068620527306968, 0.02245174199623352, 0.021892655367231638, 0.020892184557438794, 0.021716101694915255, 0.0219515065913371, 0.02192208097928437, 0.022245762711864406, 0.020745056497175143, 0.019538606403013182, 0.020833333333333332, 0.021863229755178907, 0.022010357815442562, 0.021716101694915255, 0.021716101694915255, 0.021392419962335218, 0.018891242937853107, 0.017773069679849342, 0.017361111111111112, 0.017419962335216574, 0.017625941619585687, 0.01727283427495292, 0.017066854990583805, 0.01727283427495292, 0.017008003766478343, 0.0167725988700565, 0.01641949152542373, 0.01606638418079096, 0.0160075329566855, 0.015860404896421845, 0.01603695856873823, 0.01597810734463277, 0.015536723163841809, 0.015389595103578154, 0.015919256120527307, 0.015683851224105462, 0.015595574387947269, 0.015021774952919021, 0.014683380414312618, 0.014565677966101694, 0.01460981638418079, 0.014506826741996234, 0.014080155367231638, 0.013624058380414313, 0.013535781544256121, 0.013167961393596987, 0.013138535781544256, 0.012888418079096044, 0.012138064971751412, 0.0122704802259887, 0.011946798493408663, 0.011961511299435028, 0.01160840395480226, 0.01163782956685499, 0.011152306967984934, 0.010828625235404897, 0.011152306967984934, 0.01097575329566855, 0.010387241054613937, 0.010357815442561206, 0.009798728813559322, 0.009916431261770244, 0.009784016007532956, 0.009533898305084746, 0.009180790960451978, 0.009313206214689266, 0.009269067796610169, 0.009136652542372881, 0.008651129943502825, 0.008768832391713747, 0.008415725047080979, 0.008136181732580038, 0.008180320150659134, 0.008092043314500941, 0.007930202448210922, 0.0077977871939736345, 0.007665371939736347, 0.0077977871939736345, 0.007768361581920904, 0.007635946327683616, 0.007518243879472693, 0.007415254237288136, 0.007062146892655367, 0.0073637594161958565, 0.006745821563088512, 0.006561911487758945, 0.0064000706214689266, 0.006378001412429378, 0.006149952919020716, 0.007253413370998117, 0.006973870056497175, 0.007128354519774011, 0.007488818267419962, 0.007032721280602636, 0.007297551789077213, 0.006841454802259887, 0.006686970338983051, 0.006598693502824859, 0.00654719868173258, 0.006267655367231639, 0.006297080979284369, 0.006289724576271186, 0.006083745291902072, 0.006149952919020716, 0.006275011770244821, 0.0059071916195856874, 0.006149952919020716, 0.006127883709981167, 0.006142596516007533, 0.006142596516007533, 0.006238229755178908, 0.006267655367231639, 0.006392714218455744, 0.006113170903954802, 0.006238229755178908, 0.0060911016949152545, 0.006267655367231639, 0.006238229755178908, 0.006282368173258003, 0.0063706450094161956, 