{"time": [521.0, 522.0, 523.0, 524.0, 525.0, 526.0, 527.0, 528.0, 529.0, 530.0, 531.0, 532.0, 533.0, 534.0, 535.0, 536.0, 537.0, 538.0, 539.0, 540.0, 541.0, 542.0, 543.0, 544.0, 545.0, 546.0, 547.0, 548.0, 549.0, 550.0, 551.0, 552.0, 553.0, 554.0, 555.0, 556.0, 557.0, 558.0, 559.0, 560.0, 561.0, 562.0, 563.0, 564.0, 565.0, 566.0, 567.0, 568.0, 569.0, 570.0, 571.0, 572.0, 573.0, 574.0, 575.0, 576.0, 577.0, 578.0, 579.0, 580.0, 581.0, 582.0, 582.0, 582.0], "avg_cpu": [0.007427793560606061, 0.020754419191919192, 0.020478219696969696, 0.02004419191919192, 0.020202020202020204, 0.018525094696969696, 0.018880208333333332, 0.0191958648989899, 0.016098484848484848, 0.01536852904040404, 0.018031881313131312, 0.018801294191919192, 0.01834753787878788, 0.019649621212121212, 0.019846906565656564, 0.020320391414141416, 0.020517676767676768, 0.015999842171717172, 0.02071496212121212, 0.020675505050505052, 0.02055713383838384, 0.02063604797979798, 0.02063604797979798, 0.02063604797979798, 0.020596590909090908, 0.020280934343434344, 0.020241477272727272, 0.020182291666666668, 0.020162563131313132, 0.020359848484848484, 0.020320391414141416, 0.014756944444444444, 0.020359848484848484, 0.020280934343434344, 0.020280934343434344, 0.020182291666666668, 0.020241477272727272, 0.020182291666666668, 0.020675505050505052, 0.019846906565656564, 0.01901830808080808, 0.019373421717171716, 0.019255050505050504, 0.019827178030303032, 0.020320391414141416, 0.020596590909090908, 0.014342645202020202, 0.0191958648989899, 0.019255050505050504, 0.019590435606060608, 0.018840751262626264, 0.01953125, 0.019235321969696968, 0.018840751262626264, 0.0191958648989899, 0.019156407828282828, 0.019570707070707072, 0.018643465909090908, 0.019077493686868688, 0.020517676767676768, 0.020478219696969696, 0.008572048611111112, 0.00021701388888888888, 0.0], "avg_mem": [0.010946650805270864, 0.04904831625183016, 0.0636896046852123, 0.07165080527086383, 0.07814787701317716, 0.08180819912152269, 0.0841874084919473, 0.08720717423133235, 0.0904099560761347, 0.09297218155197658, 0.095900439238653, 0.09901171303074671, 0.10285505124450951, 0.10743045387994143, 0.2957540263543192, 0.6625183016105417, 0.8257686676427526, 0.8257686676427526, 0.8257686676427526, 0.8257686676427526, 0.8257686676427526, 0.8243045387994143, 0.8228404099560761, 0.821376281112738, 0.8199121522693997, 0.821376281112738, 0.821376281112738, 0.8199121522693997, 0.821376281112738, 0.8418740849194729, 0.8389458272327965, 0.8374816983894583, 0.83601756954612, 0.8330893118594437, 0.8316251830161054, 0.8301610541727672, 0.828696925329429, 0.8301610541727672, 0.5036603221083455, 0.11145680819912153, 0.11292093704245974, 0.11456808199121522, 0.11566617862371889, 0.18960468521229867, 0.4494875549048316, 0.7049780380673499, 0.7049780380673499, 0.7049780380673499, 0.7049780380673499, 0.7049780380673499, 0.7049780380673499, 0.7049780380673499, 0.7049780380673499, 0.7049780380673499, 0.705710102489019, 0.705710102489019, 0.705710102489019, 0.705710102489019, 0.705710102489019, 0.7269399707174231, 0.7269399707174231, 0.7042459736456809, 6.863103953147877e-05, 6.291178623718887e-05]}