{"time": [6477.0, 6478.0, 6479.0, 6479.0, 6480.0, 6481.0, 6482.0, 6483.0, 6484.0, 6485.0, 6486.0, 6487.0, 6488.0, 6489.0, 6490.0, 6491.0, 6492.0, 6493.0, 6494.0, 6495.0, 6496.0, 6497.0, 6498.0, 6499.0, 6500.0, 6501.0, 6502.0, 6503.0, 6504.0, 6505.0, 6506.0, 6507.0, 6508.0, 6509.0, 6510.0, 6511.0, 6512.0, 6513.0, 6513.0, 6514.0, 6515.0, 6516.0, 6517.0, 6518.0, 6519.0, 6520.0, 6521.0, 6522.0, 6523.0, 6524.0, 6525.0, 6526.0, 6527.0, 6528.0, 6529.0, 6530.0, 6531.0, 6532.0, 6533.0, 6534.0, 6535.0, 6536.0, 6537.0, 6538.0, 6539.0, 6540.0, 6541.0, 6542.0, 6543.0, 6544.0, 6545.0, 6546.0, 6547.0, 6548.0, 6549.0, 6550.0, 6551.0, 6552.0, 6553.0, 6554.0, 6555.0, 6556.0, 6557.0, 6558.0, 6559.0, 6560.0, 6561.0, 6562.0, 6563.0, 6564.0, 6565.0, 6566.0, 6567.0, 6568.0, 6569.0, 6570.0, 6571.0, 6572.0, 6573.0, 6574.0, 6575.0, 6576.0, 6577.0, 6578.0, 6579.0, 6580.0, 6581.0, 6582.0, 6583.0, 6584.0, 6585.0, 6586.0, 6587.0, 6588.0, 6589.0, 6590.0, 6591.0, 6592.0, 6593.0, 6594.0, 6595.0, 6596.0, 6597.0, 6598.0, 6599.0, 6600.0, 6601.0, 6602.0, 6603.0, 6604.0, 6605.0, 6606.0, 6606.0, 6606.0, 6606.0], "avg_cpu": [0.32466996699669964, 0.2537128712871287, 0.2075082508250825, 0.12788778877887788, 0.11448019801980198, 0.06311881188118812, 0.03382838283828383, 0.015496080858085808, 0.018100247524752474, 0.016140676567656765, 0.021271658415841586, 0.018280734323432343, 0.01820338283828383, 0.015547648514851485, 0.021220090759075907, 0.0165016501650165, 0.02042079207920792, 0.015702351485148515, 0.019776196369636963, 0.009475556930693069, 0.010532693894389438, 0.007670688943894389, 0.011087046204620463, 0.010029909240924093, 0.010545585808580858, 0.008689150165016502, 0.008482879537953795, 0.011976588283828382, 0.008328176567656765, 0.01231177805280528, 0.0090243399339934, 0.013304455445544554, 0.009862314356435644, 0.011808993399339935, 0.008018770627062707, 0.012079723597359735, 0.009578692244224422, 0.013330239273927394, 0.020008250825082508, 0.009552908415841584, 0.01500618811881188, 0.008805177392739274, 0.01231177805280528, 0.00798009488448845, 0.011486695544554455, 0.007799608085808581, 0.011834777227722772, 0.009398205445544554, 0.009191934818481849, 0.013007941419141914, 0.009398205445544554, 0.01204104785478548, 0.008237933168316832, 0.012195750825082508, 0.009888098184818481, 0.014181105610561056, 0.008457095709570957, 0.012530940594059407, 0.00812190594059406, 0.014516295379537953, 0.008457095709570957, 0.01246648102310231, 0.008353960396039604, 0.013639645214521452, 0.009540016501650164, 0.014103754125412541, 0.009965449669966996, 0.01081631600660066, 0.011319100660066007, 0.010223287953795379, 0.01639851485148515, 0.012891914191419142, 0.013330239273927394, 0.008908312706270627, 0.017223597359735974, 0.007838283828382838, 0.014155321782178218, 0.009591584158415841, 0.015599216171617162, 0.010713180693069308, 0.014516295379537953, 0.010120152640264026, 0.01246648102310231, 0.01036509900990099, 0.009501340759075907, 0.01472256600660066, 0.009694719471947194, 0.014438943894389438, 0.008998556105610562, 0.01786819306930693, 0.009256394389438944, 0.013845915841584159, 0.008508663366336634, 0.013433374587458746, 0.009372421617161716, 0.015547648514851485, 0.008611798679867987, 0.013433374587458746, 0.008186365511551155, 0.01516089108910891, 0.007644905115511551, 0.013433374587458746, 0.008444203795379537, 0.013033725247524752, 0.013201320132013201, 0.008740717821782179, 0.013433374587458746, 0.008946988448844884, 0.014438943894389438, 0.00810901402640264, 0.013085292904290429, 0.00796720297029703, 0.013510726072607261, 0.007864067656765677, 0.012569616336633664, 0.007876959570957095, 0.013330239273927394, 0.0077738242574257425, 0.013536509900990099, 0.009153259075907591, 0.013923267326732673, 0.009140367161716172, 0.01472256600660066, 0.008792285478547854, 0.013639645214521452, 0.010287747524752476, 0.008998556105610562, 0.01277588696369637, 0.008753609735973597, 0.014258457095709571, 0.014335808580858086, 0.007864067656765677, 0.013691212871287129, 0.004963386963696369, 0.0], "avg_mem": [0.011438506588579795, 0.33345534407027816, 0.4699853587115666, 0.4773060029282577, 0.4816983894582723, 0.48755490483162517, 0.4890190336749634, 0.4890190336749634, 0.4882869692532943, 0.48755490483162517, 0.4868228404099561, 0.4868228404099561, 0.48755490483162517, 0.48755490483162517, 0.48755490483162517, 0.4882869692532943, 0.4882869692532943, 0.4882869692532943, 0.4882869692532943, 0.5556368960468521, 0.5622254758418741, 0.5622254758418741, 0.5622254758418741, 0.5622254758418741, 0.5622254758418741, 0.5622254758418741, 0.5622254758418741, 0.5622254758418741, 0.5622254758418741, 0.5622254758418741, 0.5622254758418741, 0.5622254758418741, 0.5622254758418741, 0.5622254758418741, 0.5622254758418741, 0.5622254758418741, 0.5622254758418741, 0.5622254758418741, 0.5629575402635432, 0.5629575402635432, 0.5629575402635432, 0.5629575402635432, 0.5629575402635432, 0.5629575402635432, 0.5629575402635432, 0.5629575402635432, 0.5629575402635432, 0.5629575402635432, 0.5629575402635432, 0.5629575402635432, 0.5629575402635432, 0.5629575402635432, 0.5629575402635432, 0.5629575402635432, 0.5629575402635432, 0.5629575402635432, 0.5629575402635432, 0.5629575402635432, 0.5629575402635432, 0.5629575402635432, 0.5629575402635432, 0.5629575402635432, 0.5629575402635432, 0.5629575402635432, 0.5629575402635432, 0.5629575402635432, 0.5629575402635432, 0.5629575402635432, 0.5629575402635432, 0.5629575402635432, 0.5629575402635432, 0.5629575402635432, 0.5629575402635432, 0.5629575402635432, 0.5629575402635432, 0.5629575402635432, 0.5629575402635432, 0.5629575402635432, 0.5629575402635432, 0.5629575402635432, 0.5629575402635432, 0.5629575402635432, 0.5629575402635432, 0.5629575402635432, 0.5629575402635432, 0.5629575402635432, 0.5629575402635432, 0.5629575402635432, 0.5629575402635432, 0.5629575402635432, 0.5629575402635432, 0.5629575402635432, 0.5629575402635432, 0.5629575402635432, 0.5629575402635432, 0.5629575402635432, 0.5629575402635432, 0.5629575402635432, 0.5629575402635432, 0.5629575402635432, 0.5629575402635432, 0.5629575402635432, 0.5629575402635432, 0.5629575402635432, 0.5629575402635432, 0.5629575402635432, 0.5629575402635432, 0.5629575402635432, 0.5629575402635432, 0.5629575402635432, 0.5629575402635432, 0.5629575402635432, 0.5629575402635432, 0.5629575402635432, 0.5629575402635432, 0.5629575402635432, 0.5629575402635432, 0.5629575402635432, 0.5629575402635432, 0.5629575402635432, 0.5629575402635432, 0.5629575402635432, 0.5629575402635432, 0.5629575402635432, 0.5629575402635432, 0.5629575402635432, 0.5629575402635432, 0.5629575402635432, 0.5629575402635432, 0.5629575402635432, 0.5629575402635432, 0.5629575402635432, 0.3136896046852123, 0.00032027818448023427, 0.0003031204245973646]}