{"time": [8640.0, 8641.0, 8642.0, 8643.0, 8644.0, 8645.0, 8646.0, 8647.0, 8648.0, 8649.0, 8650.0, 8651.0, 8652.0, 8653.0, 8654.0, 8655.0, 8656.0, 8657.0, 8658.0, 8659.0, 8660.0, 8661.0, 8662.0, 8663.0, 8664.0, 8665.0, 8666.0, 8667.0, 8668.0, 8669.0, 8670.0, 8671.0, 8672.0, 8673.0, 8674.0, 8675.0, 8676.0, 8677.0, 8678.0, 8679.0, 8680.0, 8681.0, 8682.0, 8683.0, 8684.0, 8685.0, 8686.0, 8687.0, 8688.0, 8689.0, 8690.0, 8691.0, 8692.0, 8693.0, 8694.0, 8695.0, 8696.0, 8697.0, 8698.0, 8699.0, 8700.0, 8701.0, 8702.0, 8703.0, 8704.0, 8705.0, 8706.0, 8707.0, 8708.0, 8709.0, 8710.0, 8711.0, 8712.0, 8713.0, 8714.0, 8715.0, 8716.0, 8717.0, 8718.0, 8719.0, 8720.0, 8721.0, 8722.0, 8723.0, 8724.0, 8725.0, 8726.0, 8727.0, 8728.0, 8729.0, 8730.0, 8731.0, 8732.0, 8733.0, 8734.0, 8735.0, 8736.0, 8737.0, 8738.0, 8739.0, 8740.0, 8741.0, 8742.0, 8743.0, 8744.0, 8745.0, 8746.0, 8747.0, 8748.0, 8749.0, 8750.0, 8751.0, 8752.0, 8753.0, 8754.0, 8755.0, 8756.0, 8757.0, 8758.0, 8759.0, 8760.0, 8761.0, 8762.0, 8763.0, 8764.0, 8765.0, 8766.0, 8767.0, 8768.0, 8769.0, 8770.0, 8771.0, 8772.0, 8773.0, 8774.0, 8775.0, 8776.0, 8777.0, 8778.0, 8779.0, 8780.0, 8781.0, 8782.0, 8783.0, 8784.0, 8785.0, 8786.0, 8787.0, 8788.0, 8789.0, 8790.0, 8791.0, 8792.0, 8793.0, 8794.0, 8795.0, 8796.0, 8797.0, 8798.0, 8799.0, 8800.0, 8801.0, 8802.0, 8803.0, 8804.0, 8805.0, 8806.0, 8807.0, 8808.0, 8809.0, 8810.0, 8811.0, 8812.0, 8813.0, 8814.0, 8815.0, 8816.0, 8817.0, 8818.0, 8819.0, 8820.0, 8821.0, 8822.0, 8823.0, 8824.0, 8825.0, 8826.0, 8827.0, 8828.0, 8829.0, 8830.0, 8831.0, 8832.0, 8833.0, 8834.0, 8835.0, 8836.0, 8837.0, 8838.0, 8839.0, 8840.0, 8841.0, 8842.0, 8843.0, 8844.0, 8845.0, 8846.0, 8847.0, 8848.0, 8849.0, 8850.0, 8851.0, 8852.0, 8853.0, 8854.0, 8855.0, 8856.0, 8857.0, 8858.0, 8859.0, 8860.0, 8861.0, 8862.0, 8863.0, 8864.0, 8865.0, 8866.0, 8867.0, 8868.0, 8869.0, 8870.0, 8871.0, 8872.0, 8873.0, 8874.0, 8875.0, 8876.0, 8877.0, 8878.0, 8879.0, 8880.0, 8881.0, 8882.0, 8883.0, 8884.0, 8885.0, 8886.0, 8887.0, 8888.0, 8889.0, 8890.0, 8891.0, 8892.0, 8893.0, 8894.0, 8895.0, 8896.0, 8897.0, 8898.0, 8899.0, 8900.0, 8901.0, 8902.0, 8903.0, 8904.0, 8905.0, 8906.0, 8907.0, 8908.0, 8909.0, 8910.0, 8911.0, 8912.0, 8913.0, 8914.0, 8915.0, 8916.0, 8917.0, 8918.0, 8919.0, 8920.0, 8920.0, 8921.0, 8922.0, 8923.0, 8924.0, 8925.0, 8926.0, 8927.0, 8928.0, 8929.0], "avg_cpu": [0.0007687441148775895, 0.0004855225988700565, 0.0004928790018832392, 0.00047080979284369113, 0.0004671315913370998, 0.0004744879943502825, 0.00038988935969868174, 0.00026115230696798495, 0.0002758651129943503, 0.0002685087099811676, 0.00028322151600753293, 0.00028322151600753293, 0.0002868997175141243, 0.00034207274011299434, 0.006731108757062147, 0.011490701506591337, 0.011387711864406779, 0.010034133709981168, 0.010858050847457628, 0.011343573446327684, 0.011181732580037665, 0.010946327683615819, 0.011976224105461394, 0.012314618644067797, 0.011726106403013182, 0.011578978342749529, 0.012858992467043315, 0.01284427966101695, 0.012579449152542372, 0.01287370527306968, 0.01328566384180791, 0.014050729755178907, 0.014183145009416196, 0.013668196798493409, 0.013800612052730697, 0.013432791902071563, 0.014109580979284369, 0.013874176082862524, 0.014241996233521657, 0.014080155367231638, 0.013977165725047081, 0.01505120056497175, 0.014109580979284369, 0.013991878531073447, 0.014197857815442562, 0.014506826741996234, 0.015095338983050847, 0.01521304143126177, 0.015021774952919021, 0.015477871939736347, 0.015742702448210924, 0.015948681732580038, 0.015625, 0.015625, 0.01606638418079096, 0.01606638418079096, 0.016242937853107344, 0.01686087570621469, 0.017243408662900188, 0.017096280602636536, 0.01689030131826742, 0.017478813559322032, 0.017861346516007532, 0.017920197740112994, 0.01809675141242938, 0.01809675141242938, 0.017861346516007532, 0.01765536723163842, 0.018037900188323918, 0.01768479284369115, 0.018126177024482108, 0.017508239171374763, 0.017861346516007532, 0.018538135593220338, 0.020774482109227874, 0.018744114877589455, 0.018714689265536724, 0.018714689265536724, 0.018361581920903956, 0.017979048964218456, 0.01824387947269303, 0.019185499058380413, 0.01856756120527307, 0.018538135593220338, 0.018685263653483993, 0.01844985875706215, 0.01895009416195857, 0.018126177024482108, 0.017861346516007532, 0.018773540489642186, 0.017890772128060263, 0.01824387947269303, 0.017861346516007532, 0.01818502824858757, 0.018391007532956687, 0.018479284369114876, 0.018361581920903956, 0.018802966101694914, 0.018361581920903956, 0.018714689265536724, 0.0182144538606403, 0.018508709981167607, 0.018508709981167607, 0.0189795197740113, 0.01912664783427495, 0.01809675141242938, 0.017625941619585687, 0.018420433145009418, 0.018685263653483993, 0.018508709981167607, 0.018744114877589455, 0.01844985875706215, 0.01862641242937853, 0.018361581920903956, 0.01824387947269303, 0.017979048964218456, 0.018273305084745763, 0.018126177024482108, 0.019156073446327682, 0.01844985875706215, 0.018361581920903956, 0.01780249529190207, 0.018832391713747645, 0.01933262711864407, 0.018773540489642186, 0.01939147834274953, 0.017625941619585687, 0.018332156308851225, 0.020391949152542374, 0.018479284369114876, 0.01895009416195857, 0.01862641242937853, 0.01912664783427495, 0.018920668549905838, 0.02103931261770245, 0.020774482109227874, 0.021657250470809793, 0.019597457627118644, 0.01933262711864407, 0.020391949152542374, 0.01983286252354049, 0.020450800376647833, 0.020333097928436912, 0.021333568738229756, 0.02239289077212806, 0.022569444444444444, 0.021215866290018832, 0.020480225988700564, 0.019303201506591337, 0.01977401129943503, 0.021686676082862524, 0.02112758945386064, 0.02103931261770245, 0.02106873822975518, 0.020862758945386063, 0.017949623352165725, 0.017537664783427494, 0.017390536723163843, 0.017861346516007532, 0.01862641242937853, 0.017920197740112994, 0.01809675141242938, 0.017537664783427494, 0.016596045197740113, 0.01650776836158192, 0.016095809792843693, 0.016331214689265537, 0.016184086629001882, 0.01612523540489642, 0.016242937853107344, 0.015566148775894538, 0.015742702448210924, 0.01515419020715631, 0.014977636534839925, 0.014418549905838041, 0.014227283427495291, 0.014227283427495291, 0.014344985875706215, 0.013491643126177025, 0.013020833333333334, 0.012917843691148775, 0.012535310734463278, 0.012961982109227872, 0.012814854048964219, 0.012741290018832391, 0.012373469868173259, 0.011284722222222222, 0.011122881355932203, 0.011314147834274953, 0.01144656308851224, 0.01122587099811676, 0.011064030131826741, 0.010696209981167609, 0.01034310263653484, 0.010769774011299435, 0.010813912429378531, 0.010019420903954803, 0.0096810263653484, 0.00996056967984934, 0.009651600753295669, 0.009636887947269303, 0.008798258003766478, 0.008901247645951035, 0.008430437853107344, 0.008886534839924671, 0.008709981167608287, 0.008533427495291903, 0.008298022598870056, 0.008165607344632769, 0.008018479284369115, 0.008268596986817325, 0.007930202448210922, 0.007665371939736347, 0.007709510357815442, 0.007407897834274953, 0.007216631355932203, 0.007334333804143126, 0.007532956685499058, 0.007165136534839925, 0.007378472222222222, 0.00717984934086629, 0.0069885828625235406, 0.00684881120527307, 0.006723752354048964, 0.006525129472693032, 0.006863524011299435, 0.00673846516007533, 0.0066796139359698685, 0.007253413370998117, 0.007709510357815442, 0.007915489642184557, 0.0072681261770244825, 0.007415254237288136, 0.007018008474576272, 0.007040077683615819, 0.0070842161016949155, 0.006812029190207156, 0.007098928907721281, 0.0064662782485875704, 0.0062455861581920905, 0.006333862994350283, 0.006422139830508475, 0.006230873352165725, 0.006385357815442561, 0.006127883709981167, 0.006098458097928437, 0.005892478813559322, 0.005863053201506591, 0.006164665725047081, 0.00613524011299435, 0.006164665725047081, 0.0062455861581920905, 0.005848340395480226, 0.005951330037664783, 0.006149952919020716, 0.006385357815442561, 0.006341219397363465, 0.0066207627118644065, 0.0064000706214689266, 