{"time": [1.0, 2.0, 3.0, 4.0, 5.0, 6.0, 7.0, 8.0, 9.0, 10.0, 11.0, 12.0, 13.0, 14.0, 15.0, 16.0, 17.0, 18.0, 19.0, 20.0, 21.0, 22.0, 23.0, 24.0, 25.0, 26.0, 27.0, 28.0, 29.0, 30.0, 31.0, 32.0, 33.0, 34.0, 35.0, 36.0, 37.0, 38.0, 39.0, 40.0, 41.0, 42.0, 43.0, 44.0, 45.0, 46.0, 47.0, 48.0, 49.0, 50.0, 51.0, 52.0, 53.0, 54.0, 55.0, 56.0, 57.0, 58.0, 59.0, 60.0, 61.0, 62.0, 63.0, 64.0, 65.0, 66.0, 67.0, 68.0, 69.0, 70.0, 71.0, 72.0, 73.0, 74.0, 75.0, 76.0, 77.0, 78.0, 79.0, 80.0, 81.0, 82.0, 83.0, 84.0, 85.0, 86.0, 87.0, 88.0, 89.0, 90.0, 91.0, 92.0, 93.0, 94.0, 95.0, 96.0, 97.0, 98.0, 99.0, 100.0, 101.0, 102.0, 103.0, 104.0, 105.0, 106.0, 107.0, 108.0, 109.0, 110.0, 111.0, 112.0, 113.0, 114.0, 115.0, 116.0, 117.0, 118.0, 119.0, 120.0, 121.0, 122.0, 123.0, 124.0, 125.0, 126.0, 127.0, 128.0, 129.0, 130.0, 131.0, 132.0, 133.0, 134.0, 135.0, 136.0, 137.0, 138.0, 139.0, 140.0, 141.0, 142.0, 143.0, 144.0, 145.0, 146.0, 147.0, 148.0, 149.0, 150.0, 151.0, 152.0, 153.0, 154.0, 155.0, 156.0, 157.0, 158.0, 159.0, 160.0, 161.0, 162.0, 163.0, 164.0, 165.0, 166.0, 167.0, 168.0, 169.0, 170.0, 171.0, 172.0, 173.0, 174.0, 175.0, 176.0, 177.0, 178.0, 179.0, 180.0, 181.0, 182.0, 183.0, 183.0, 183.0, 184.0, 184.0], "avg_cpu": [0.013763427734375, 0.0128936767578125, 0.014129638671875, 0.013946533203125, 0.0151824951171875, 0.01434326171875, 0.013763427734375, 0.0138092041015625, 0.0135650634765625, 0.0138092041015625, 0.0140380859375, 0.014617919921875, 0.013824462890625, 0.01519775390625, 0.0139007568359375, 0.0136566162109375, 0.0118865966796875, 0.0115509033203125, 0.0140533447265625, 0.0138397216796875, 0.0142059326171875, 0.014129638671875, 0.0143585205078125, 0.0141754150390625, 0.0140533447265625, 0.0126495361328125, 0.012908935546875, 0.013702392578125, 0.0145111083984375, 0.0143585205078125, 0.0144500732421875, 0.01434326171875, 0.0143890380859375, 0.0141448974609375, 0.0146636962890625, 0.0147552490234375, 0.015289306640625, 0.0159912109375, 0.016143798828125, 0.014801025390625, 0.015899658203125, 0.0152130126953125, 0.015655517578125, 0.01580810546875, 0.0152587890625, 0.0150604248046875, 0.01507568359375, 0.016082763671875, 0.0149383544921875, 0.0145263671875, 0.0154876708984375, 0.0149383544921875, 0.01885986328125, 0.016082763671875, 0.0148162841796875, 0.0152130126953125, 0.0152130126953125, 0.0149688720703125, 0.016082763671875, 0.0148468017578125, 0.015716552734375, 0.01531982421875, 0.0147857666015625, 0.015869140625, 0.01470947265625, 0.015289306640625, 0.01531982421875, 0.0134124755859375, 0.014251708984375, 0.016845703125, 0.01202392578125, 0.0136871337890625, 0.0142059326171875, 0.0125885009765625, 0.014190673828125, 0.0145721435546875, 0.0145416259765625, 0.0145721435546875, 0.0142669677734375, 0.0148773193359375, 0.0140533447265625, 0.0144195556640625, 0.0147247314453125, 0.0149383544921875, 0.0151824951171875, 0.0142669677734375, 0.0148468017578125, 0.016204833984375, 0.016143798828125, 0.015869140625, 0.01458740234375, 0.015869140625, 0.0149078369140625, 0.016082763671875, 0.0153656005859375, 0.0157470703125, 0.01507568359375, 0.017181396484375, 0.015838623046875, 0.016326904296875, 0.01666259765625, 0.01568603515625, 0.0154571533203125, 0.0138092041015625, 0.0148162841796875, 0.0147705078125, 0.014984130859375, 0.0149993896484375, 0.015228271484375, 0.0135650634765625, 0.015106201171875, 0.0149078369140625, 0.01416015625, 0.014739990234375, 0.0149078369140625, 0.0150299072265625, 0.014984130859375, 0.015045166015625, 0.0153656005859375, 0.012939453125, 0.01434326171875, 0.01605224609375, 0.0150299072265625, 0.014404296875, 0.0159912109375, 0.0142974853515625, 0.0124053955078125, 0.011993408203125, 0.0143585205078125, 0.0136871337890625, 0.012847900390625, 0.013671875, 0.0140533447265625, 0.0124359130859375, 0.01373291015625, 0.0141754150390625, 0.0141143798828125, 0.011505126953125, 0.013458251953125, 0.0127716064453125, 0.0135955810546875, 0.0137786865234375, 0.013763427734375, 0.013763427734375, 0.013427734375, 0.014984130859375, 0.0136260986328125, 0.0142822265625, 0.014251708984375, 0.0141448974609375, 0.011810302734375, 0.013153076171875, 0.0131683349609375, 0.013580322265625, 0.0131988525390625, 0.0137786865234375, 0.0133514404296875, 0.0141448974609375, 0.013397216796875, 0.0135040283203125, 0.0134429931640625, 0.013916015625, 0.013153076171875, 0.0139007568359375, 0.0130767822265625, 0.01336669921875, 0.01318359375, 0.013427734375, 0.013336181640625, 0.013458251953125, 0.013336181640625, 0.013031005859375, 0.0131072998046875, 0.013031005859375, 0.013214111328125, 0.013031005859375, 0.01300048828125, 0.01300048828125, 0.01324462890625, 0.0126190185546875, 0.0127410888671875, 0.0126953125, 0.0127105712890625, 0.0145111083984375, 0.0084228515625, 0.008026123046875, 0.0], "avg_mem": [0.75, 0.7490234375, 0.748046875, 0.7490234375, 0.75, 0.7509765625, 0.7509765625, 0.7509765625, 0.75, 0.7509765625, 0.7509765625, 0.7509765625, 0.7509765625, 0.75, 0.7509765625, 0.7509765625, 0.751953125, 0.751953125, 0.751953125, 0.751953125, 0.75, 0.75, 0.7509765625, 0.751953125, 0.751953125, 0.7529296875, 0.751953125, 0.751953125, 0.75, 0.75, 0.75, 0.75, 0.75, 0.75, 0.748046875, 0.7490234375, 0.751953125, 0.755859375, 0.7578125, 0.7666015625, 0.7666015625, 0.767578125, 0.7685546875, 0.7685546875, 0.7685546875, 0.7685546875, 0.7666015625, 0.765625, 0.7666015625, 0.7666015625, 0.7666015625, 0.76953125, 0.7734375, 0.783203125, 0.7841796875, 0.787109375, 0.7880859375, 0.7880859375, 0.7880859375, 0.7880859375, 0.787109375, 0.7861328125, 0.7861328125, 0.7861328125, 0.78515625, 0.78515625, 0.78515625, 0.78515625, 0.7880859375, 0.791015625, 0.7919921875, 0.7919921875, 0.7919921875, 0.791015625, 0.841796875, 0.9111328125, 0.9111328125, 0.9111328125, 0.9111328125, 0.9111328125, 0.9111328125, 0.9111328125, 0.9111328125, 0.9111328125, 0.9111328125, 0.9111328125, 0.9111328125, 0.9111328125, 0.9111328125, 0.9111328125, 0.9111328125, 0.9111328125, 0.9111328125, 0.9111328125, 0.9111328125, 0.9111328125, 0.9111328125, 0.9111328125, 0.9111328125, 0.9111328125, 0.9111328125, 0.9111328125, 0.9111328125, 0.9111328125, 0.9111328125, 0.9111328125, 0.9111328125, 0.9111328125, 0.9111328125, 0.9111328125, 0.9111328125, 0.9111328125, 0.9111328125, 0.9111328125, 0.9111328125, 0.9111328125, 0.9111328125, 0.9111328125, 0.9111328125, 0.9111328125, 0.9111328125, 0.9111328125, 0.9111328125, 0.9111328125, 0.9111328125, 0.9111328125, 0.9111328125, 0.9111328125, 0.9111328125, 0.9111328125, 0.9111328125, 0.9111328125, 0.9111328125, 0.9111328125, 0.9111328125, 0.9111328125, 0.9111328125, 0.9111328125, 0.9111328125, 0.9111328125, 0.9111328125, 0.9111328125, 0.9111328125, 0.9111328125, 0.9111328125, 0.9111328125, 0.9111328125, 0.9111328125, 0.9111328125, 0.9111328125, 0.9111328125, 0.9111328125, 0.9111328125, 0.9111328125, 0.9111328125, 0.9111328125, 0.9111328125, 0.9111328125, 0.9111328125, 0.9111328125, 0.9111328125, 0.9111328125, 0.9111328125, 0.9111328125, 0.9111328125, 0.9111328125, 0.9111328125, 0.9111328125, 0.9111328125, 0.9111328125, 0.9111328125, 0.9111328125, 0.9111328125, 0.9111328125, 0.9111328125, 0.9111328125, 0.9111328125, 0.9111328125, 0.9111328125, 0.9111328125, 0.9111328125, 0.9111328125, 0.9111328125, 0.9111328125, 0.4951171875, 0.1552734375, 1.430511474609375e-05]}