{"time": [3296.0, 3297.0, 3298.0, 3299.0, 3300.0, 3301.0, 3302.0, 3303.0, 3304.0, 3305.0, 3306.0, 3307.0, 3308.0, 3309.0, 3310.0, 3311.0, 3312.0, 3313.0, 3314.0, 3315.0, 3316.0, 3317.0, 3318.0, 3319.0, 3320.0, 3321.0, 3322.0, 3323.0, 3324.0, 3325.0, 3326.0, 3327.0, 3328.0, 3329.0, 3330.0, 3331.0, 3332.0, 3333.0, 3334.0, 3335.0, 3336.0, 3337.0, 3338.0, 3339.0, 3340.0, 3341.0, 3342.0, 3343.0, 3344.0, 3345.0, 3346.0, 3347.0, 3348.0, 3349.0, 3350.0, 3351.0, 3352.0, 3353.0, 3353.0, 3354.0, 3355.0, 3355.0, 3356.0, 3357.0, 3358.0, 3359.0, 3359.0], "avg_cpu": [0.0, 0.027218691148775894, 0.0286605461393597, 0.027983757062146893, 0.028336864406779662, 0.02774835216572505, 0.026865583804143126, 0.028925376647834275, 0.02921963276836158, 0.028042608286252355, 0.026453625235404895, 0.0249234934086629, 0.024776365348399245, 0.025570856873822975, 0.02439383239171375, 0.025158898305084745, 0.026129943502824857, 0.030043549905838043, 0.023363935969868174, 0.030190677966101694, 0.03036723163841808, 0.030484934086629, 0.03030838041431262, 0.030661487758945387, 0.03036723163841808, 0.030043549905838043, 0.02998469868173258, 0.03030838041431262, 0.030190677966101694, 0.03030838041431262, 0.03042608286252354, 0.03042608286252354, 0.02745409604519774, 0.02998469868173258, 0.03030838041431262, 0.02998469868173258, 0.029631591337099812, 0.029484463276836157, 0.02954331450094162, 0.029366760828625237, 0.02921963276836158, 0.029455037664783426, 0.02954331450094162, 0.030131826741996232, 0.03001412429378531, 0.029455037664783426, 0.029513888888888888, 0.021863229755178907, 0.0004082803672316384, 0.0004156367702448211, 0.024217278719397363, 0.030072975517890774, 0.030131826741996232, 0.02995527306967985, 0.029837570621468926, 0.029896421845574388, 0.030484934086629, 0.031014595103578155, 0.03042608286252354, 0.03083804143126177, 0.030190677966101694, 0.030043549905838043, 0.028219161958568738, 0.028042608286252355, 0.029808145009416195, 0.026394774011299436, 0.00024276129943502826], "avg_mem": [5.719253294289898e-06, 0.03884516837481698, 0.05096998535871157, 0.05472181551976574, 0.06359809663250365, 0.071101756954612, 0.07750732064421668, 0.08217423133235725, 0.08894582723279648, 0.09370424597364568, 0.09773060029282576, 0.10157393850658858, 0.10468521229868229, 0.10724743777452415, 0.12866032210834552, 0.2540263543191801, 0.4267935578330893, 0.712298682284041, 0.7101024890190337, 0.7086383601756955, 0.7064421669106882, 0.7042459736456809, 0.7020497803806734, 0.7013177159590044, 0.7005856515373353, 0.7020497803806734, 0.705710102489019, 0.7079062957540263, 0.7086383601756955, 0.7130307467057101, 0.7174231332357247, 0.7152269399707174, 0.7130307467057101, 0.712298682284041, 0.7101024890190337, 0.7071742313323572, 0.705710102489019, 0.705710102489019, 0.7079062957540263, 0.7108345534407028, 0.7115666178623719, 0.7115666178623719, 0.7101024890190337, 0.7093704245973645, 0.8008784773060029, 0.7540263543191801, 0.712298682284041, 0.7115666178623719, 0.7093704245973645, 0.7079062957540263, 0.7064421669106882, 0.7035139092240117, 0.7013177159590044, 0.7013177159590044, 0.7013177159590044, 0.7071742313323572, 0.7101024890190337, 0.7093704245973645, 0.7093704245973645, 0.3953147877013177, 0.1187774524158126, 0.12170571010248903, 0.24267935578330893, 0.3733528550512445, 0.7174231332357247, 0.6954612005856515, 0.0024821559297218154]}