{"time": [1978.0, 1979.0, 1980.0, 1981.0, 1981.0, 1981.0, 1981.0, 1981.0, 1981.0, 1981.0, 1981.0, 1982.0, 1982.0, 1983.0, 1984.0, 1985.0, 1986.0, 1987.0, 1988.0, 1989.0, 1990.0, 1991.0, 1992.0, 1993.0, 1994.0, 1995.0, 1996.0, 1997.0, 1998.0, 1999.0, 2000.0, 2001.0, 2002.0, 2003.0, 2004.0, 2005.0, 2006.0, 2007.0, 2008.0, 2009.0, 2010.0, 2011.0, 2012.0, 2013.0, 2014.0, 2015.0, 2016.0, 2017.0, 2018.0, 2019.0, 2020.0, 2021.0, 2022.0, 2023.0, 2024.0, 2025.0, 2026.0, 2027.0, 2028.0, 2029.0, 2030.0, 2031.0, 2032.0, 2033.0, 2034.0, 2035.0, 2036.0, 2037.0, 2037.0, 2037.0, 2037.0], "avg_cpu": [0.16804407713498623, 0.21349862258953167, 0.14135674931129477, 0.12017906336088155, 0.0, 0.0, 0.029011707988980718, 0.002803245523415978, 0.0, 0.002136834777227723, 0.0, 0.2079207920792079, 0.08529290429042904, 0.11241749174917491, 0.1742986798679868, 0.2079207920792079, 0.14232673267326731, 0.12603135313531352, 0.1283003300330033, 0.20977722772277227, 0.09034653465346534, 0.1943069306930693, 0.1186056105610561, 0.121493399339934, 0.13943894389438943, 0.11200495049504951, 0.14933993399339934, 0.17924917491749176, 0.08003300330033003, 0.05151608910891089, 0.0891089108910891, 0.15037128712871287, 0.1351072607260726, 0.06817244224422442, 0.07601072607260725, 0.08188943894389439, 0.08622112211221122, 0.09694719471947194, 0.08488036303630363, 0.05393976897689769, 0.20193894389438943, 0.17533003300330033, 0.09715346534653466, 0.1216996699669967, 0.13882013201320131, 0.20132013201320131, 0.20503300330033003, 0.14273927392739275, 0.12995049504950495, 0.1516089108910891, 0.11901815181518152, 0.21823432343234322, 0.13613861386138615, 0.11221122112211221, 0.029548267326732672, 0.08158003300330033, 0.1577970297029703, 0.09756600660066006, 0.08374587458745875, 0.040893151815181515, 0.06342821782178218, 0.19348184818481848, 0.09364686468646864, 0.16687293729372937, 0.04981435643564357, 0.03996493399339934, 0.11406765676567657, 0.07662953795379537, 0.00048828125, 0.015702351485148515, 0.0016630569306930693], "avg_mem": [0.05755856515373353, 0.1021229868228404, 0.10248901903367497, 0.10322108345534407, 5.719253294289898e-06, 0.0, 0.10358711566617862, 4.7183839677891656e-05, 4.432421303074671e-05, 0.0021904740117130307, 0.0, 0.2108345534407028, 0.33125915080527085, 0.4699853587115666, 0.493411420204978, 0.4633967789165447, 0.4428989751098097, 0.4428989751098097, 0.4428989751098097, 0.5051244509516838, 0.5980966325036603, 0.6002928257686676, 0.636896046852123, 0.636896046852123, 0.636896046852123, 0.636896046852123, 0.636896046852123, 0.636896046852123, 0.636896046852123, 0.636896046852123, 0.636896046852123, 0.636896046852123, 0.636896046852123, 0.636896046852123, 0.636896046852123, 0.636896046852123, 0.636896046852123, 0.595900439238653, 0.49414348462664714, 0.49414348462664714, 0.5790629575402635, 0.6566617862371888, 0.6566617862371888, 0.6566617862371888, 0.6566617862371888, 0.6566617862371888, 0.6566617862371888, 0.6566617862371888, 0.6566617862371888, 0.6566617862371888, 0.6566617862371888, 0.6566617862371888, 0.6566617862371888, 0.6566617862371888, 0.6566617862371888, 0.6566617862371888, 0.6610541727672035, 0.6691068814055637, 0.6698389458272328, 0.6698389458272328, 0.6698389458272328, 0.6698389458272328, 0.6698389458272328, 0.6734992679355783, 0.6998535871156661, 0.6998535871156661, 0.6998535871156661, 0.6998535871156661, 0.6998535871156661, 0.5344070278184481, 0.001006588579795022]}