{"time": [3438.0, 3439.0, 3439.0, 3439.0, 3439.0, 3440.0, 3441.0, 3442.0, 3443.0, 3444.0, 3445.0, 3446.0, 3447.0, 3448.0, 3449.0, 3450.0, 3451.0, 3452.0, 3453.0, 3454.0, 3455.0, 3456.0, 3457.0, 3458.0, 3459.0, 3460.0, 3461.0, 3462.0, 3463.0, 3464.0, 3465.0, 3466.0, 3467.0, 3468.0, 3469.0, 3470.0, 3471.0, 3472.0, 3473.0, 3474.0, 3475.0, 3476.0, 3477.0, 3478.0, 3479.0, 3480.0, 3481.0, 3482.0, 3483.0, 3484.0, 3485.0, 3486.0, 3487.0, 3488.0, 3489.0, 3490.0, 3491.0, 3492.0, 3493.0, 3494.0, 3495.0, 3496.0, 3497.0, 3498.0, 3499.0, 3500.0, 3501.0, 3502.0, 3503.0, 3504.0, 3505.0, 3506.0, 3507.0, 3508.0, 3509.0, 3510.0, 3511.0, 3512.0, 3513.0, 3514.0, 3515.0, 3516.0, 3517.0, 3518.0, 3519.0, 3520.0, 3521.0, 3522.0, 3523.0, 3524.0, 3525.0, 3526.0, 3527.0, 3528.0, 3529.0, 3530.0, 3531.0, 3532.0, 3533.0, 3534.0, 3534.0, 3535.0, 3536.0, 3537.0, 3538.0, 3539.0, 3540.0, 3541.0, 3542.0, 3543.0, 3544.0, 3545.0, 3546.0, 3547.0, 3548.0, 3549.0, 3550.0, 3551.0, 3552.0, 3553.0, 3554.0, 3555.0, 3556.0, 3557.0, 3558.0, 3559.0, 3560.0, 3561.0, 3562.0, 3563.0, 3564.0, 3565.0, 3566.0, 3566.0, 3567.0, 3568.0, 3569.0, 3570.0, 3571.0, 3572.0, 3573.0, 3574.0, 3575.0, 3576.0, 3577.0, 3578.0, 3579.0, 3580.0, 3581.0, 3582.0, 3583.0, 3584.0, 3585.0, 3586.0, 3587.0, 3588.0, 3589.0, 3590.0, 3591.0, 3592.0, 3593.0, 3594.0, 3595.0, 3596.0, 3597.0, 3598.0, 3598.0, 3599.0, 3600.0, 3601.0, 3602.0, 3603.0, 3604.0, 3605.0, 3606.0, 3607.0, 3608.0, 3609.0, 3610.0, 3611.0, 3612.0, 3613.0, 3614.0, 3615.0, 3616.0, 3617.0, 3618.0, 3619.0, 3620.0, 3621.0, 3622.0, 3623.0, 3624.0, 3625.0, 3626.0, 3627.0, 3628.0, 3629.0, 3630.0, 3631.0, 3632.0, 3633.0, 3634.0, 3635.0, 3636.0, 3637.0, 3638.0, 3639.0, 3640.0, 3641.0, 3642.0, 3643.0, 3644.0, 3645.0, 3646.0, 3647.0, 3648.0, 3649.0, 3650.0, 3651.0, 3652.0, 3653.0, 3654.0, 3655.0, 3656.0, 3657.0, 3658.0, 3659.0, 3660.0, 3661.0, 3662.0, 3663.0, 3664.0, 3665.0, 3666.0, 3667.0, 3668.0, 3668.0, 3669.0, 3670.0, 3671.0, 3672.0, 3673.0, 3674.0, 3675.0, 3676.0, 3677.0, 3678.0, 3679.0, 3680.0, 3681.0, 3682.0, 3683.0, 3684.0, 3685.0, 3686.0, 3687.0, 3688.0, 3689.0, 3690.0, 3691.0, 3692.0, 3693.0, 3694.0, 3695.0, 3696.0, 3697.0, 3698.0, 3699.0, 3700.0, 3701.0, 3702.0, 3703.0, 3704.0, 3705.0, 3706.0, 3707.0, 3708.0, 3709.0, 3710.0, 3711.0, 3712.0, 3713.0, 3714.0, 3715.0, 3716.0, 3717.0, 3718.0, 3719.0, 3720.0, 3721.0, 3722.0, 3723.0, 3724.0, 3725.0, 3726.0, 3727.0, 3728.0, 3729.0, 3730.0, 3731.0, 3731.0, 3731.0, 3731.0], "avg_cpu": [0.32838283828382836, 0.3217821782178218, 0.28836633663366334, 0.2396864686468647, 0.17326732673267325, 0.1443894389438944, 0.07858910891089109, 0.016424298679867985, 0.009552908415841584, 0.009797854785478548, 0.005446833745874588, 0.010171720297029703, 0.006703795379537953, 0.010287747524752476, 0.005266346947194719, 0.0105069100660066, 0.0062590243399339935, 0.01173164191419142, 0.005956064356435644, 0.011538263201320132, 0.006491078795379538, 0.013033725247524752, 0.006503970709570957, 0.01472256600660066, 0.007219471947194719, 0.013613861386138614, 0.005994740099009901, 0.008702042079207922, 0.009694719471947194, 0.00736128300330033, 0.01278877887788779, 0.006703795379537953, 0.012427805280528052, 0.006600660066006601, 0.013201320132013201, 0.0066909034653465345, 0.011950804455445545, 0.00901144801980198, 0.013562293729372937, 0.006052753712871287, 0.01276299504950495, 0.0068327145214521455, 0.017094678217821783, 0.007541769801980198, 0.013278671617161716, 0.006497524752475247, 0.013201320132013201, 0.007799608085808581, 0.009243502475247524, 0.010300639438943894, 0.00600763201320132, 0.014026402640264026, 0.006987417491749175, 0.012904806105610562, 0.007090552805280528, 0.01231177805280528, 0.007335499174917492, 0.012853238448844884, 0.006452403052805281, 0.012711427392739274, 0.007889851485148515, 0.013768564356435644, 0.007335499174917492, 0.014284240924092409, 0.007528877887788779, 0.014103754125412541, 0.006974525577557756, 0.012866130363036304, 0.006491078795379538, 0.013949051155115511, 0.011190181518151815, 0.0068327145214521455, 0.012827454620462047, 0.009295070132013201, 0.013007941419141914, 0.006871390264026403, 0.01140934405940594, 0.007451526402640264, 0.01322710396039604, 0.007142120462046204, 0.012672751650165017, 0.006781146864686468, 0.014670998349834983, 0.006439511138613861, 0.01249226485148515, 0.0073483910891089105, 0.015135107260726073, 0.007696472772277228, 0.013897483498349836, 0.007670688943894389, 0.013562293729372937, 0.011151505775577558, 0.007155012376237624, 0.013123968646864687, 0.007567553630363036, 0.015702351485148515, 0.00750309405940594, 0.013742780528052806, 0.007064768976897689, 0.01485148514851485, 0.006961633663366337, 0.007941419141914192, 0.013356023102310231, 0.007528877887788779, 0.018126031353135313, 0.009875206270627063, 0.01472256600660066, 0.007915635313531353, 0.015367161716171618, 0.009759179042904291, 0.015109323432343235, 0.007438634488448845, 0.011035478547854785, 0.011138613861386138, 0.007644905115511551, 0.013845915841584159, 0.008469987623762377, 0.014593646864686468, 0.007915635313531353, 0.014077970297029703, 0.016939975247524754, 0.0074902021452145215, 0.019492574257425743, 0.007013201320132013, 0.015109323432343235, 0.00782539191419142, 0.016166460396039604, 0.007696472772277228, 0.014310024752475248, 0.008972772277227722, 0.009423989273927394, 0.012853238448844884, 0.0031230662128712873, 0.006600660066006601, 0.015702351485148515, 0.007567553630363036, 0.01575391914191419, 0.0075546617161716175, 0.01624381188118812, 0.0077738242574257425, 0.01606332508250825, 0.0071936881188118815, 0.015392945544554455, 0.007644905115511551, 0.015985973597359735, 0.008753609735973597, 0.017223597359735974, 0.010713180693069308, 0.017636138613861384, 0.008173473597359735, 0.01686262376237624, 0.012414913366336634, 0.01006858498349835, 0.016604785478547854, 0.009088799504950494, 0.019105816831683168, 0.00901144801980198, 0.01848700495049505, 0.008946988448844884, 0.018667491749174918, 0.008805177392739274, 0.019905115511551157, 0.011473803630363036, 0.019544141914191418, 0.010455342409240924, 0.005053630363036303, 0.022612417491749175, 0.018074463696369638, 0.019956683168316832, 0.009926773927392739, 0.012260210396039604, 0.009978341584158416, 0.012853238448844884, 0.009114583333333334, 0.010558477722772278, 0.012376237623762377, 0.008895420792079207, 0.0123246699669967, 0.008998556105610562, 0.011151505775577558, 0.00795431105610561, 0.010777640264026403, 0.009488448844884489, 0.013085292904290429, 0.00991388201320132, 0.012273102310231022, 0.009411097359735974, 0.012105507425742575, 0.010055693069306931, 0.012608292079207922, 0.013588077557755776, 0.012389129537953795, 0.009449773102310231, 0.011499587458745875, 0.008444203795379537, 0.009900990099009901, 0.010133044554455446, 0.008444203795379537, 0.01064872112211221, 0.007851175742574257, 0.010313531353135313, 0.008457095709570957, 0.01095812706270627, 0.009256394389438944, 0.01112572194719472, 0.009230610561056106, 0.011486695544554455, 0.009101691419141914, 0.01156404702970297, 0.00888252887788779, 0.016759488448844884, 0.007902743399339935, 0.0105069100660066, 0.0077738242574257425, 0.01021039603960396, 0.00750309405940594, 0.009359529702970297, 0.007838283828382838, 0.007567553630363036, 0.011512479372937293, 0.008521555280528052, 0.011370668316831683, 0.011357776402640265, 0.012453589108910892, 0.00858601485148515, 0.011925020627062707, 0.008663366336633664, 0.010184612211221121, 0.008495771452145215, 0.012144183168316832, 0.008444203795379537, 0.011344884488448845, 0.009217718646864687, 0.01139645214521452, 0.009204826732673267, 0.014748349834983498, 0.02145214521452145, 0.010377990924092409, 0.01067450495049505, 0.010004125412541254, 0.008083230198019802, 0.011215965346534653, 0.01081631600660066, 0.012105507425742575, 0.009127475247524752, 0.013381806930693069, 0.009784962871287129, 0.012002372112211222, 0.008624690594059407, 0.01139645214521452, 0.008921204620462047, 0.012363345709570957, 0.008598906765676567, 0.010983910891089108,