{"time": [3326.0, 3326.0, 3327.0, 3328.0, 3329.0, 3330.0, 3331.0, 3332.0, 3333.0, 3334.0, 3335.0, 3336.0, 3337.0, 3338.0, 3339.0, 3340.0, 3341.0, 3342.0, 3343.0, 3344.0, 3345.0, 3346.0, 3347.0, 3348.0, 3349.0, 3350.0, 3351.0, 3352.0, 3353.0, 3354.0, 3355.0, 3356.0, 3357.0, 3358.0, 3359.0, 3360.0, 3361.0, 3362.0, 3363.0, 3364.0, 3365.0, 3366.0, 3367.0, 3368.0, 3369.0, 3370.0, 3371.0, 3372.0, 3373.0, 3374.0, 3375.0, 3376.0, 3377.0, 3378.0, 3379.0, 3380.0, 3381.0, 3382.0, 3383.0, 3384.0, 3385.0, 3386.0, 3387.0, 3388.0, 3389.0, 3390.0, 3391.0, 3392.0, 3393.0, 3394.0, 3395.0, 3396.0, 3397.0, 3398.0, 3399.0, 3400.0, 3401.0, 3402.0, 3403.0, 3404.0, 3405.0, 3406.0, 3407.0, 3408.0, 3409.0, 3410.0, 3411.0, 3412.0, 3413.0, 3414.0, 3415.0, 3416.0, 3417.0, 3418.0, 3419.0, 3420.0, 3421.0, 3422.0, 3423.0, 3424.0, 3425.0, 3426.0, 3427.0, 3428.0, 3429.0, 3430.0, 3431.0, 3432.0, 3433.0, 3434.0, 3435.0, 3436.0, 3437.0, 3438.0, 3439.0, 3440.0, 3441.0, 3442.0, 3443.0, 3444.0, 3445.0, 3446.0, 3447.0, 3448.0, 3449.0, 3450.0, 3451.0, 3452.0, 3453.0, 3454.0, 3455.0, 3456.0, 3457.0, 3458.0, 3459.0, 3460.0, 3461.0, 3462.0, 3463.0, 3464.0, 3465.0, 3466.0, 3467.0, 3468.0, 3469.0, 3470.0, 3471.0, 3472.0, 3473.0, 3474.0, 3475.0, 3476.0, 3477.0, 3478.0, 3479.0, 3480.0, 3481.0, 3482.0, 3483.0, 3484.0, 3485.0, 3486.0, 3487.0, 3488.0, 3489.0, 3490.0, 3491.0, 3492.0, 3493.0, 3494.0, 3495.0, 3496.0, 3497.0, 3498.0, 3499.0, 3500.0, 3501.0, 3501.0, 3501.0], "avg_cpu": [0.0, 0.0020887586805555555, 0.07039141414141414, 0.38636363636363635, 0.1589330808080808, 0.12373737373737374, 0.10874368686868686, 0.11805555555555555, 0.11726641414141414, 0.10921717171717171, 0.1011679292929293, 0.10732323232323232, 0.10827020202020202, 0.10905934343434344, 0.10495580808080808, 0.10716540404040405, 0.10321969696969698, 0.10037878787878787, 0.10258838383838384, 0.10669191919191919, 0.10653409090909091, 0.11379419191919192, 0.10700757575757576, 0.10448232323232323, 0.09690656565656566, 0.09627525252525253, 0.10274621212121213, 0.10590277777777778, 0.10432449494949494, 0.09690656565656566, 0.09501262626262626, 0.09296085858585859, 0.09769570707070707, 0.10464015151515152, 0.10179924242424243, 0.10164141414141414, 0.10274621212121213, 0.10874368686868686, 0.1019570707070707, 0.10353535353535354, 0.09832702020202021, 0.09974747474747475, 0.10321969696969698, 0.10306186868686869, 0.08901515151515152, 0.09611742424242424, 0.09706439393939394, 0.08617424242424243, 0.09327651515151515, 0.10069444444444445, 0.1002209595959596, 0.10227272727272728, 0.10432449494949494, 0.1002209595959596, 0.1038510101010101, 0.09880050505050506, 0.0992739898989899, 0.09974747474747475, 0.10306186868686869, 0.09801136363636363, 0.09769570707070707, 0.10069444444444445, 0.09485479797979798, 0.09958964646464646, 0.09659090909090909, 0.09958964646464646, 0.09832702020202021, 0.09659090909090909, 0.10085227272727272, 0.10101010101010101, 0.09911616161616162, 0.09943181818181818, 0.09832702020202021, 0.09911616161616162, 0.09532828282828283, 0.09832702020202021, 0.09674873737373738, 0.09864267676767677, 0.09990530303030302, 0.09154040404040405, 0.09185606060606061, 0.10211489898989899, 0.09943181818181818, 0.10053661616161616, 0.08601641414141414, 0.08664772727272728, 0.09217171717171717, 0.10243055555555555, 0.1019570707070707, 0.10211489898989899, 0.10337752525252525, 0.09769570707070707, 0.09990530303030302, 0.09832702020202021, 0.09785353535353536, 0.09895833333333333, 0.09880050505050506, 0.10053661616161616, 0.09485479797979798, 0.1011679292929293, 0.08648989898989899, 0.08443813131313131, 0.0872790404040404, 0.09169823232323232, 0.09611742424242424, 0.10148358585858586, 0.10006313131313131, 0.1011679292929293, 0.10148358585858586, 0.10101010101010101, 0.10227272727272728, 0.09974747474747475, 0.09564393939393939, 0.0882260101010101, 0.08806818181818182, 0.09106691919191919, 0.09122474747474747, 0.10700757575757576, 0.10037878787878787, 0.09438131313131314, 0.1002209595959596, 0.09501262626262626, 0.09911616161616162, 0.10085227272727272, 0.08885732323232323, 0.08791035353535354, 0.08317550505050506, 0.0946969696969697, 0.09706439393939394, 0.09864267676767677, 0.08854166666666667, 0.08838383838383838, 0.08538510101010101, 0.09769570707070707, 0.09564393939393939, 0.09722222222222222, 0.0863320707070707, 0.08917297979797979, 0.09517045454545454, 0.09485479797979798, 0.09375, 0.09438131313131314, 0.0954861111111111, 0.09643308080808081, 0.09564393939393939, 0.0954861111111111, 0.09532828282828283, 0.09453914141414141, 0.08191287878787878, 0.08207070707070707, 0.08112373737373738, 0.0928030303030303, 0.09359217171717171, 0.09327651515151515, 0.09422348484848485, 0.09611742424242424, 0.09438131313131314, 0.10337752525252525, 0.09453914141414141, 0.09532828282828283, 0.08222853535353536, 0.08506944444444445, 0.09627525252525253, 0.09801136363636363, 0.09722222222222222, 0.09880050505050506, 0.09611742424242424, 0.09706439393939394, 0.08349116161616162, 0.08072916666666667, 0.08980429292929293, 0.1011679292929293, 0.09722222222222222, 0.09848484848484848, 0.08759469696969698, 0.08065025252525253, 0.020359848484848484, 0.0, 0.0],