{"time": [1.0, 2.0, 3.0, 4.0, 5.0, 6.0, 7.0, 8.0, 9.0, 10.0, 11.0, 12.0, 13.0, 13.0, 14.0, 15.0, 16.0, 17.0, 18.0, 19.0, 20.0, 21.0, 22.0, 23.0, 24.0, 25.0, 25.0, 26.0, 27.0, 28.0, 29.0, 29.0, 29.0, 29.0, 30.0, 31.0, 32.0, 33.0, 34.0, 35.0, 36.0, 37.0, 38.0, 38.0, 38.0, 39.0, 40.0, 41.0, 42.0, 43.0, 44.0, 45.0, 46.0, 46.0, 46.0, 46.0, 47.0, 48.0, 49.0, 49.0, 50.0, 51.0, 52.0, 53.0, 54.0, 55.0, 56.0, 57.0, 58.0, 59.0, 60.0, 61.0, 62.0, 63.0, 64.0, 65.0, 66.0, 67.0, 68.0, 69.0, 70.0, 71.0, 72.0, 73.0, 74.0, 75.0, 75.0, 75.0, 75.0, 76.0, 77.0, 78.0, 79.0, 80.0, 81.0, 82.0, 83.0, 84.0, 85.0, 86.0, 87.0, 88.0, 89.0, 90.0, 91.0, 92.0, 93.0, 94.0, 94.0, 94.0, 95.0, 96.0, 97.0, 98.0, 99.0, 100.0, 101.0, 102.0, 103.0, 104.0, 105.0, 106.0, 107.0, 108.0, 109.0, 110.0, 111.0, 112.0, 113.0, 114.0, 115.0, 116.0, 117.0, 117.0, 117.0, 137.0, 137.0, 138.0, 139.0, 140.0, 141.0, 142.0, 143.0, 144.0, 145.0, 145.0, 145.0, 145.0], "avg_cpu": [0.1890495867768595, 0.15857438016528927, 0.08832644628099173, 0.08230027548209366, 0.11002066115702479, 0.14015151515151514, 0.27169421487603307, 0.18732782369146006, 0.15323691460055097, 0.36707988980716255, 0.22004132231404958, 0.1065771349862259, 0.16856060606060605, 0.17389807162534435, 0.24414600550964188, 0.18973829201101927, 0.16339531680440772, 0.26377410468319556, 0.23209366391184574, 0.18319559228650137, 0.1196625344352617, 0.11484159779614325, 0.10606060606060606, 0.15134297520661158, 0.13774104683195593, 0.17665289256198347, 0.19318181818181818, 0.09641873278236915, 0.07274449035812672, 0.09900137741046831, 0.012116907713498623, 0.0073712982093663915, 0.0, 0.08582988980716254, 0.15478650137741046, 0.19696969696969696, 0.13515840220385675, 0.212465564738292, 0.07954545454545454, 0.1649449035812672, 0.15685261707988982, 0.10933195592286502, 0.06051997245179063, 0.05113636363636364, 0.00017352143595041321, 0.3205922865013774, 0.17837465564738292, 0.24449035812672176, 0.21935261707988982, 0.1484159779614325, 0.1893939393939394, 0.3760330578512397, 0.28891184573002754, 0.05587121212121212, 0.0, 0.006887052341597796, 0.26962809917355374, 0.18319559228650137, 0.26136363636363635, 0.2847796143250689, 0.12241735537190082, 0.15857438016528927, 0.19352617079889808, 0.23794765840220386, 0.055612947658402204, 0.11070936639118457, 0.13240358126721763, 0.11398071625344353, 0.04777892561983471, 0.026386019283746558, 0.09452479338842976, 0.08806818181818182, 0.08789600550964187, 0.0525137741046832, 0.09900137741046831, 0.10330578512396695, 0.0893595041322314, 0.09641873278236915, 0.16856060606060605, 0.15616391184573003, 0.17114325068870523, 0.08393595041322315, 0.09176997245179064, 0.031981749311294765, 0.10933195592286502, 0.14393939393939395, 0.005983126721763085, 0.0, 0.0, 0.21418732782369146, 0.15633608815426997, 0.16511707988980717, 0.1986914600550964, 0.1119146005509642, 0.07463842975206611, 0.11484159779614325, 0.10519972451790634, 0.06387741046831956, 0.11914600550964187, 0.12190082644628099, 0.14634986225895316, 0.11260330578512397, 0.09573002754820936, 0.10365013774104684, 0.028193870523415977, 0.08832644628099173, 0.12896005509641872, 0.07153925619834711, 0.0044658230027548205, 0.0, 0.110595703125, 0.142578125, 0.16162109375, 0.1243896484375, 0.18359375, 0.17578125, 0.12744140625, 0.121337890625, 0.0552978515625, 0.050048828125, 0.03985595703125, 0.05487060546875, 0.0751953125, 0.049072265625, 0.09033203125, 0.03643798828125, 0.0574951171875, 0.076416015625, 0.0718994140625, 0.0914306640625, 0.05389404296875, 0.1103515625, 0.167236328125, 0.02203369140625, 0.00324249267578125, 0.0, 0.2587890625, 0.12646484375, 0.0501708984375, 0.187255859375, 0.083984375, 0.04278564453125, 0.1396484375, 0.072021484375, 0.12451171875, 0.001514434814453125, 8.392333984375e-05, 0.0], "avg_mem": [0.7686676427525623, 0.7686676427525623, 0.7686676427525623, 0.7686676427525623, 0.8111273792093704, 0.8565153733528551, 0.8565153733528551, 0.8565153733528551, 0.8565153733528551, 0.8565153733528551, 0.8565153733528551, 0.8565153733528551, 0.8565153733528551, 0.8565153733528551, 0.8565153733528551, 0.8565153733528551, 0.8565153733528551, 0.8565153733528551, 0.8565153733528551, 0.8565153733528551, 0.821376281112738, 0.7686676427525623, 0.7686676427525623, 0.7686676427525623, 0.7686676427525623, 0.7686676427525623, 0.7701317715959004, 0.7701317715959004, 0.8228404099560761, 0.8433382137628112, 0.3649341142020498, 0.00037747071742313325, 0.00037747071742313325, 0.045937042459736455, 0.5212298682284041, 0.5446559297218155, 0.5446559297218155, 0.5446559297218155, 0.5446559297218155, 0.5446559297218155, 0.5446559297218155, 0.5446559297218155, 0.5497803806734992, 0.5571010248901903, 0.00018873535871156662, 0.2774524158125915, 0.3239385065885798, 0.4582723279648609, 0.4582723279648609, 0.4582723279648609, 0.4582723279648609, 0.4582723279648609, 0.4633967789165447, 0.6427525622254758, 0.00019731423865300147, 0.019399707174231333, 0.13268667642752563, 0.47291361639824303, 0.4780380673499268, 0.4780380673499268, 0.08684114202049781, 0.20571010248901903, 0.42313323572474376, 0.4780380673499268, 0.4780380673499268, 0.4780380673499268, 0.4780380673499268, 0.4780380673499268, 0.4780380673499268, 0.4780380673499268, 0.4780380673499268, 0.4780380673499268, 0.4780380673499268, 0.4780380673499268, 0.4780380673499268, 0.7379209370424598, 0.7613469985358712, 0.7613469985358712, 0.7818448023426061, 0.8565153733528551, 0.8565153733528551, 0.8565153733528551, 0.8565153733528551, 0.8565153733528551, 0.8565153733528551, 0.7862371888726208, 9.722730600292826e-05, 9.436767935578331e-05, 0.0, 0.1304904831625183, 0.32979502196193267, 0.6654465592972182, 0.7847730600292826, 0.7862371888726208, 0.6068814055636896, 0.17935578330893118, 0.7510980966325037, 0.7862371888726208, 0.7862371888726208, 0.7862371888726208, 0.7862371888726208, 0.7862371888726208, 0.7862371888726208, 0.8155197657393851, 0.8565153733528551, 0.8565153733528551, 0.8565153733528551, 0.6068814055636896, 0.00018301610541727673, 0.00018301610541727673, 0.0396728515625, 0.1224365234375, 0.230712890625, 0.2822265625, 0.2822265625, 0.2822265625, 0.2822265625, 0.28271484375, 0.28271484375, 0.28271484375, 0.28271484375, 0.28271484375, 0.28271484375, 0.28271484375, 0.28271484375, 0.28271484375, 0.28271484375, 0.28271484375, 0.3369140625, 0.41796875, 0.41796875, 0.41796875, 0.421875, 0.159423828125, 0.0001392364501953125, 1.9073486328125e-06, 0.1197509765625, 0.1533203125, 0.200439453125, 0.44677734375, 0.4453125, 0.44677734375, 0.44677734375, 0.4462890625, 0.44677734375, 0.202880859375, 6.103515625e-05, 5.7220458984375e-05]}