{"time": [8640.0, 8641.0, 8642.0, 8643.0, 8644.0, 8645.0, 8646.0, 8647.0, 8648.0, 8649.0, 8650.0, 8651.0, 8652.0, 8653.0, 8654.0, 8655.0, 8656.0, 8657.0, 8658.0, 8659.0, 8660.0, 8661.0, 8662.0, 8663.0, 8664.0, 8665.0, 8666.0, 8667.0, 8668.0, 8669.0, 8670.0, 8671.0, 8672.0, 8673.0, 8674.0, 8675.0, 8676.0, 8677.0, 8678.0, 8679.0, 8680.0, 8681.0, 8682.0, 8683.0, 8684.0, 8685.0, 8686.0, 8687.0, 8688.0, 8689.0, 8690.0, 8691.0, 8692.0, 8693.0, 8694.0, 8695.0, 8696.0, 8697.0, 8698.0, 8699.0, 8700.0, 8701.0, 8702.0, 8703.0, 8704.0, 8705.0, 8706.0, 8707.0, 8708.0, 8709.0, 8710.0, 8711.0, 8712.0, 8713.0, 8714.0, 8715.0, 8716.0, 8717.0, 8718.0, 8719.0, 8720.0, 8721.0, 8722.0, 8723.0, 8724.0, 8725.0, 8726.0, 8727.0, 8728.0, 8729.0, 8730.0, 8731.0, 8732.0, 8733.0, 8734.0, 8735.0, 8736.0, 8737.0, 8738.0, 8739.0, 8740.0, 8741.0, 8742.0, 8743.0, 8744.0, 8745.0, 8746.0, 8747.0, 8748.0, 8749.0, 8750.0, 8751.0, 8752.0, 8753.0, 8754.0, 8755.0, 8756.0, 8757.0, 8758.0, 8759.0, 8760.0, 8761.0, 8762.0, 8763.0, 8764.0, 8765.0, 8766.0, 8767.0, 8768.0, 8769.0, 8770.0, 8771.0, 8772.0, 8773.0, 8774.0, 8775.0, 8776.0, 8777.0, 8778.0, 8779.0, 8780.0, 8781.0, 8782.0, 8783.0, 8784.0, 8785.0, 8786.0, 8787.0, 8788.0, 8789.0, 8790.0, 8791.0, 8792.0, 8793.0, 8794.0, 8795.0, 8796.0, 8797.0, 8798.0, 8799.0, 8800.0, 8801.0, 8802.0, 8803.0, 8804.0, 8805.0, 8806.0, 8807.0, 8808.0, 8809.0, 8810.0, 8811.0, 8812.0, 8813.0, 8814.0, 8815.0, 8816.0, 8817.0, 8818.0, 8819.0, 8820.0, 8821.0, 8822.0, 8823.0, 8824.0, 8825.0, 8826.0, 8827.0, 8828.0, 8829.0, 8830.0, 8831.0, 8832.0, 8833.0, 8834.0, 8835.0, 8836.0, 8837.0, 8838.0, 8839.0, 8840.0, 8841.0, 8842.0, 8843.0, 8844.0, 8845.0, 8846.0, 8847.0, 8848.0, 8849.0, 8850.0, 8851.0, 8852.0, 8853.0, 8854.0, 8855.0, 8856.0, 8857.0, 8858.0, 8859.0, 8860.0, 8861.0, 8862.0, 8863.0, 8864.0, 8865.0, 8866.0, 8867.0, 8868.0, 8869.0, 8870.0, 8871.0, 8872.0, 8873.0, 8874.0, 8875.0, 8876.0, 8877.0, 8878.0, 8879.0, 8880.0, 8881.0, 8882.0, 8883.0, 8884.0, 8885.0, 8886.0, 8887.0, 8888.0, 8889.0, 8890.0, 8891.0, 8892.0, 8893.0, 8894.0, 8895.0, 8896.0, 8897.0, 8898.0, 8899.0, 8900.0, 8901.0, 8902.0, 8903.0, 8904.0, 8905.0, 8906.0, 8907.0, 8908.0, 8909.0, 8910.0, 8911.0, 8912.0, 8913.0, 8914.0, 8915.0, 8916.0, 8917.0, 8918.0, 8919.0, 8920.0, 8920.0, 8921.0, 8922.0, 8923.0, 8924.0, 8925.0, 8926.0, 8927.0, 8928.0, 8929.0], "avg_cpu": [0.0006363288606403013, 0.0004597751883239171, 0.00045241878531073447, 0.0004597751883239171, 0.0004560969868173258, 0.00044874058380414315, 0.00035310734463276836, 0.0002685087099811676, 0.00027218691148775897, 0.00026115230696798495, 0.0002795433145009416, 0.00028322151600753293, 0.00030161252354048965, 0.0003641419491525424, 0.006046963276836158, 0.00993114406779661, 0.01135828625235405, 0.0111670197740113, 0.010799199623352166, 0.01122587099811676, 0.012888418079096044, 0.01350635593220339, 0.012756002824858757, 0.011946798493408663, 0.011843808851224106, 0.012108639359698681, 0.010004708097928437, 0.011461275894538606, 0.011726106403013182, 0.011961511299435028, 0.012550023540489641, 0.012226341807909604, 0.012785428436911488, 0.01268243879472693, 0.012917843691148775, 0.012564736346516007, 0.01287370527306968, 0.01312382297551789, 0.013226812617702447, 0.013064971751412429, 0.013579919962335216, 0.0130355461393597, 0.012785428436911488, 0.012814854048964219, 0.015007062146892656, 0.01771421845574388, 0.017037429378531074, 0.016831450094161957, 0.016242937853107344, 0.015742702448210924, 0.015124764595103578, 0.015772128060263655, 0.016184086629001882, 0.017184557438794726, 0.017449387947269305, 0.017773069679849342, 0.01644891713747646, 0.017390536723163843, 0.01730225988700565, 0.018420433145009418, 0.01806732580037665, 0.017184557438794726, 0.016625470809792844, 0.017361111111111112, 0.019156073446327682, 0.019685734463276837, 0.018655838041431262, 0.01900894538606403, 0.017096280602636536, 0.017449387947269305, 0.018008474576271187, 0.01768479284369115, 0.018508709981167607, 0.018391007532956687, 0.01895009416195857, 0.01912664783427495, 0.01912664783427495, 0.018420433145009418, 0.021009887005649718, 0.019185499058380413, 0.018126177024482108, 0.01818502824858757, 0.0178319209039548, 0.018391007532956687, 0.017920197740112994, 0.01806732580037665, 0.018332156308851225, 0.018332156308851225, 0.017861346516007532, 0.018126177024482108, 0.018273305084745763, 0.0178319209039548, 0.018420433145009418, 0.018302730696798494, 0.018126177024482108, 0.018420433145009418, 0.018273305084745763, 0.0178319209039548, 0.018538135593220338, 0.018302730696798494, 0.0185969868173258, 0.018685263653483993, 0.018391007532956687, 0.01733168549905838, 0.017449387947269305, 0.0178319209039548, 0.017449387947269305, 0.017920197740112994, 0.018332156308851225, 0.01780249529190207, 0.01768479284369115, 0.01824387947269303, 0.017920197740112994, 0.018008474576271187, 0.017949623352165725, 0.018508709981167607, 0.018479284369114876, 0.018302730696798494, 0.01818502824858757, 0.018332156308851225, 0.0189795197740113, 0.018508709981167607, 0.018302730696798494, 0.01856756120527307, 0.018832391713747645, 0.018508709981167607, 0.019568032015065913, 0.020185969868173257, 0.020597928436911488, 0.02062735404896422, 0.02151012241054614, 0.022039783427495293, 0.021245291902071563, 0.021451271186440676, 0.021804378531073445, 0.0211864406779661, 0.02112758945386064, 0.0215689736346516, 0.01977401129943503, 0.018361581920903956, 0.020421374764595105, 0.0208039077212806, 0.020215395480225988, 0.02030367231638418, 0.020450800376647833, 0.021451271186440676, 0.020745056497175143, 0.020038841807909605, 0.02030367231638418, 0.020745056497175143, 0.021009887005649718, 0.02159839924670433, 0.02112758945386064, 0.020862758945386063, 0.020921610169491525, 0.01815560263653484, 0.016743173258003768, 0.017361111111111112, 0.01730225988700565, 0.017478813559322032, 0.017890772128060263, 0.01768479284369115, 0.017037429378531074, 0.015301318267419962, 0.015536723163841809, 0.015625, 0.015448446327683616, 0.014918785310734463, 0.014889359698681732, 0.014889359698681732, 0.014403837099811675, 0.0141390065913371, 0.013535781544256121, 0.013800612052730697, 0.013462217514124294, 0.01312382297551789, 0.012770715630885122, 0.01331508945386064, 0.01331508945386064, 0.013594632768361582, 0.013682909604519775, 0.013020833333333334, 0.012667725988700565, 0.01160840395480226, 0.011152306967984934, 0.011122881355932203, 0.010843338041431262, 0.010225400188323916, 0.010063559322033898, 0.010063559322033898, 0.009857580037664784, 0.009578036723163841, 0.009401483050847457, 0.009121939736346516, 0.008974811676082863, 0.008709981167608287, 0.008651129943502825, 0.00838629943502825, 0.008430437853107344, 0.008121468926553672, 0.008018479284369115, 0.007974340866290019, 0.007783074387947269, 0.007577095103578155, 0.0073931850282485875, 0.0073637594161958565, 0.007297551789077213, 0.007003295668549906, 0.006951800847457627, 0.006885593220338983, 0.00665754472693032, 0.006642831920903955, 0.006378001412429378, 0.006333862994350283, 0.006341219397363465, 0.0062161605461393595, 0.006083745291902072, 0.006017537664783428, 0.0060322504708097925, 0.0059071916195856874, 0.005539371468926553, 0.005701212335216572, 0.005664430320150659, 0.005546727871939736, 0.005458451035781544, 0.005465807438794727, 0.005458451035781544, 0.005458451035781544, 0.006010181261770245, 0.006223516949152542, 0.006046963276836158, 0.005980755649717514, 0.005921904425612053, 0.005921904425612053, 0.0058115583804143126, 0.005679143126177025, 0.005421669020715631, 0.005532015065913371, 0.0054731638418079095, 0.005377530602636535, 0.005311322975517891, 0.005156838512241055, 0.0052524717514124296, 0.005149482109227872, 0.0050685616760828625, 0.005186264124293786, 0.005024423258003767, 0.005105343691148776, 0.005164194915254237, 0.005017066854990584, 0.005105343691148776, 0.005105343691148776, 0.005083274482109228, 0.005429025423728814, 0.00520097693032015, 0.005259828154425612, 0.005443738229755179, 0.00558350988700565, 0.005340748587570622, 