{"time": [8640.0, 8641.0, 8642.0, 8643.0, 8644.0, 8645.0, 8646.0, 8647.0, 8648.0, 8649.0, 8650.0, 8651.0, 8652.0, 8653.0, 8654.0, 8655.0, 8656.0, 8657.0, 8658.0, 8659.0, 8660.0, 8661.0, 8662.0, 8663.0, 8664.0, 8665.0, 8666.0, 8667.0, 8668.0, 8669.0, 8670.0, 8671.0, 8672.0, 8673.0, 8674.0, 8675.0, 8676.0, 8677.0, 8678.0, 8679.0, 8680.0, 8681.0, 8682.0, 8683.0, 8684.0, 8685.0, 8686.0, 8687.0, 8688.0, 8689.0, 8690.0, 8691.0, 8692.0, 8693.0, 8694.0, 8695.0, 8696.0, 8697.0, 8698.0, 8699.0, 8700.0, 8701.0, 8702.0, 8703.0, 8704.0, 8705.0, 8706.0, 8707.0, 8708.0, 8709.0, 8710.0, 8711.0, 8712.0, 8713.0, 8714.0, 8715.0, 8716.0, 8717.0, 8718.0, 8719.0, 8720.0, 8721.0, 8722.0, 8723.0, 8724.0, 8725.0, 8726.0, 8727.0, 8728.0, 8729.0, 8730.0, 8731.0, 8732.0, 8733.0, 8734.0, 8735.0, 8736.0, 8737.0, 8738.0, 8739.0, 8740.0, 8741.0, 8742.0, 8743.0, 8744.0, 8745.0, 8746.0, 8747.0, 8748.0, 8749.0, 8750.0, 8751.0, 8752.0, 8753.0, 8754.0, 8755.0, 8756.0, 8757.0, 8758.0, 8759.0, 8760.0, 8761.0, 8762.0, 8763.0, 8764.0, 8765.0, 8766.0, 8767.0, 8768.0, 8769.0, 8770.0, 8771.0, 8772.0, 8773.0, 8774.0, 8775.0, 8776.0, 8777.0, 8778.0, 8779.0, 8780.0, 8781.0, 8782.0, 8783.0, 8784.0, 8785.0, 8786.0, 8787.0, 8788.0, 8789.0, 8790.0, 8791.0, 8792.0, 8793.0, 8794.0, 8795.0, 8796.0, 8797.0, 8798.0, 8799.0, 8800.0, 8801.0, 8802.0, 8803.0, 8804.0, 8805.0, 8806.0, 8807.0, 8808.0, 8809.0, 8810.0, 8811.0, 8812.0, 8813.0, 8814.0, 8815.0, 8816.0, 8817.0, 8818.0, 8819.0, 8820.0, 8821.0, 8822.0, 8823.0, 8824.0, 8825.0, 8826.0, 8827.0, 8828.0, 8829.0, 8830.0, 8831.0, 8832.0, 8833.0, 8834.0, 8835.0, 8836.0, 8837.0, 8838.0, 8839.0, 8840.0, 8841.0, 8842.0, 8843.0, 8844.0, 8845.0, 8846.0, 8847.0, 8848.0, 8849.0, 8850.0, 8851.0, 8852.0, 8853.0, 8854.0, 8855.0, 8856.0, 8857.0, 8858.0, 8859.0, 8860.0, 8861.0, 8862.0, 8863.0, 8864.0, 8865.0, 8866.0, 8867.0, 8868.0, 8869.0, 8870.0, 8871.0, 8872.0, 8873.0, 8874.0, 8875.0, 8876.0, 8877.0, 8878.0, 8879.0, 8880.0, 8881.0, 8882.0, 8883.0, 8884.0, 8885.0, 8886.0, 8887.0, 8888.0, 8889.0, 8890.0, 8891.0, 8892.0, 8893.0, 8894.0, 8895.0, 8896.0, 8897.0, 8898.0, 8899.0, 8900.0, 8901.0, 8902.0, 8903.0, 8904.0, 8905.0, 8906.0, 8907.0, 8908.0, 8909.0, 8910.0, 8911.0, 8912.0, 8912.0, 8913.0, 8914.0, 8915.0, 8916.0, 8917.0, 8918.0, 8919.0, 8920.0, 8921.0, 8922.0, 8923.0, 8924.0, 8925.0, 8925.0, 8926.0, 8927.0, 8928.0, 8929.0], "avg_cpu": [0.0008496645480225988, 0.0005039136064030131, 0.0005149482109227871, 0.0005039136064030131, 0.0005186264124293785, 0.0005075918079096045, 0.00040092396421845575, 0.00027218691148775897, 0.00028322151600753293, 0.00028322151600753293, 0.00029425612052730695, 0.00031264712806026366, 0.000316325329566855, 0.0003678201506591337, 0.007091572504708098, 0.010931614877589453, 0.012667725988700565, 0.011137594161958569, 0.011681967984934087, 0.012226341807909604, 0.012064500941619585, 0.0122704802259887, 0.012196916195856874, 0.012623587570621469, 0.01309439736346516, 0.012991407721280603, 0.01312382297551789, 0.012947269303201506, 0.012726577212806026, 0.01369762241054614, 0.014197857815442562, 0.014433262711864406, 0.01394774011299435, 0.014550965160075329, 0.014756944444444444, 0.014565677966101694, 0.014565677966101694, 0.01458039077212806, 0.015271892655367231, 0.01505120056497175, 0.015713276836158193, 0.01603695856873823, 0.015566148775894538, 0.015713276836158193, 0.015477871939736347, 0.014977636534839925, 0.01606638418079096, 0.015713276836158193, 0.015889830508474576, 0.015448446327683616, 0.015566148775894538, 0.015625, 0.01612523540489642, 0.01644891713747646, 0.016331214689265537, 0.016713747645951037, 0.01686087570621469, 0.016654896421845575, 0.0167725988700565, 0.017390536723163843, 0.01644891713747646, 0.016596045197740113, 0.01691972693032015, 0.017184557438794726, 0.01686087570621469, 0.01730225988700565, 0.01686087570621469, 0.01686087570621469, 0.017478813559322032, 0.017419962335216574, 0.016654896421845575, 0.017773069679849342, 0.01730225988700565, 0.017625941619585687, 0.017890772128060263, 0.017861346516007532, 0.017596516007532956, 0.0182144538606403, 0.017537664783427494, 0.017625941619585687, 0.017508239171374763, 0.017390536723163843, 0.017508239171374763, 0.0182144538606403, 0.01768479284369115, 0.017949623352165725, 0.017890772128060263, 0.01730225988700565, 0.01733168549905838, 0.017949623352165725, 0.017773069679849342, 0.017478813559322032, 0.017390536723163843, 0.017008003766478343, 0.01765536723163842, 0.017861346516007532, 0.01780249529190207, 0.0178319209039548, 0.018126177024482108, 0.017537664783427494, 0.01771421845574388, 0.0182144538606403, 0.01895009416195857, 0.018479284369114876, 0.017890772128060263, 0.0178319209039548, 0.017949623352165725, 0.018479284369114876, 0.01856756120527307, 0.018714689265536724, 0.017979048964218456, 0.01809675141242938, 0.018126177024482108, 0.0178319209039548, 0.017890772128060263, 0.017949623352165725, 0.01818502824858757, 0.018714689265536724, 0.018126177024482108, 0.018479284369114876, 0.018714689265536724, 0.018302730696798494, 0.01815560263653484, 0.01844985875706215, 0.018685263653483993, 0.019214924670433144, 0.019568032015065913, 0.02024482109227872, 0.01977401129943503, 0.019538606403013182, 0.019626883239171375, 0.020097693032015067, 0.01992113935969868, 0.01992113935969868, 0.020745056497175143, 0.020127118644067795, 0.019626883239171375, 0.019715160075329568, 0.020509651600753295, 0.02027424670433145, 0.020862758945386063, 0.020597928436911488, 0.021480696798493407, 0.02159839924670433, 0.022098634651600755, 0.02112758945386064, 0.020951035781544256, 0.020450800376647833, 0.0211864406779661, 0.021480696798493407, 0.020833333333333332, 0.02068620527306968, 0.020892184557438794, 0.020745056497175143, 0.02109816384180791, 0.017008003766478343, 0.01691972693032015, 0.016713747645951037, 0.016831450094161957, 0.01653719397363465, 0.016625470809792844, 0.016654896421845575, 0.016390065913371, 0.016802024482109226, 0.016301789077212806, 0.015919256120527307, 0.01612523540489642, 0.01615466101694915, 0.01612523540489642, 0.015566148775894538, 0.0152424670433145, 0.014859934086629003, 0.014300847457627119, 0.015065913370998116, 0.014727518832391713, 0.014506826741996234, 0.014227283427495291, 0.013521068738229756, 0.013785899246704331, 0.013830037664783428, 0.013418079096045197, 0.013462217514124294, 0.013535781544256121, 0.012991407721280603, 0.012505885122410547, 0.0126530131826742, 0.012196916195856874, 0.011946798493408663, 0.012329331450094162, 0.011917372881355932, 0.011314147834274953, 0.01122587099811676, 0.010637358757062147, 0.010416666666666666, 0.010519656308851225, 0.010637358757062147, 0.010298964218455744, 0.010107697740112994, 0.009901718455743879, 0.00987229284369115, 0.009769303201506591, 0.009283780602636535, 0.009195503766478343, 0.008989524482109228, 0.009195503766478343, 0.008974811676082863, 0.0089159604519774, 0.00882768361581921, 0.008783545197740113, 0.00910722693032015, 0.008768832391713747, 0.008621704331450094, 0.008150894538606403, 0.008518714689265537, 0.008165607344632769, 0.008180320150659134, 0.007827212806026366, 0.007915489642184557, 0.008018479284369115, 0.007650659133709981, 0.00740054143126177, 0.007518243879472693, 0.007385828625235405, 0.007165136534839925, 0.0068340983992467045, 0.006892949623352166, 0.007098928907721281, 0.006981226459510358, 0.007930202448210922, 0.007841925612052731, 0.007856638418079097, 0.007841925612052731, 0.007856638418079097, 0.007768361581920904, 0.007246056967984934, 0.00706950329566855, 0.007091572504708098, 0.007334333804143126, 0.007282838983050847, 0.0070253648775894535, 0.006907662429378531, 0.006812029190207156, 0.0068046727871939735, 0.006414783427495292, 0.006363288606403013, 0.006275011770244821, 0.006355932203389831, 0.006083745291902072, 0.006113170903954802, 0.006407427024482109, 0.006503060263653484, 0.0063706450094161956, 0.006142596516007533, 0.006238229755178908, 0.0064000706214689266, 0.0063706450094161956, 0.006532485875706214, 0.006628119114877589, 0.006348575800376648, 