{"time": [8640.0, 8641.0, 8642.0, 8643.0, 8644.0, 8645.0, 8646.0, 8647.0, 8648.0, 8649.0, 8650.0, 8651.0, 8652.0, 8653.0, 8654.0, 8655.0, 8656.0, 8657.0, 8658.0, 8659.0, 8660.0, 8661.0, 8662.0, 8663.0, 8664.0, 8665.0, 8666.0, 8667.0, 8668.0, 8669.0, 8670.0, 8671.0, 8672.0, 8673.0, 8674.0, 8675.0, 8676.0, 8677.0, 8678.0, 8679.0, 8680.0, 8681.0, 8682.0, 8683.0, 8684.0, 8685.0, 8686.0, 8687.0, 8688.0, 8689.0, 8690.0, 8691.0, 8692.0, 8693.0, 8694.0, 8695.0, 8696.0, 8697.0, 8698.0, 8699.0, 8700.0, 8701.0, 8702.0, 8703.0, 8704.0, 8705.0, 8706.0, 8707.0, 8708.0, 8709.0, 8710.0, 8711.0, 8712.0, 8713.0, 8714.0, 8715.0, 8716.0, 8717.0, 8718.0, 8719.0, 8720.0, 8721.0, 8722.0, 8723.0, 8724.0, 8725.0, 8726.0, 8727.0, 8728.0, 8729.0, 8730.0, 8731.0, 8732.0, 8733.0, 8734.0, 8735.0, 8736.0, 8737.0, 8738.0, 8739.0, 8740.0, 8741.0, 8742.0, 8743.0, 8744.0, 8745.0, 8746.0, 8747.0, 8748.0, 8749.0, 8750.0, 8751.0, 8752.0, 8753.0, 8754.0, 8755.0, 8756.0, 8757.0, 8758.0, 8759.0, 8760.0, 8761.0, 8762.0, 8763.0, 8764.0, 8765.0, 8766.0, 8767.0, 8768.0, 8769.0, 8770.0, 8771.0, 8772.0, 8773.0, 8774.0, 8775.0, 8776.0, 8777.0, 8778.0, 8779.0, 8780.0, 8781.0, 8782.0, 8783.0, 8784.0, 8785.0, 8786.0, 8787.0, 8788.0, 8789.0, 8790.0, 8791.0, 8792.0, 8793.0, 8794.0, 8795.0, 8796.0, 8797.0, 8798.0, 8799.0, 8800.0, 8801.0, 8802.0, 8803.0, 8804.0, 8805.0, 8806.0, 8807.0, 8808.0, 8809.0, 8810.0, 8811.0, 8812.0, 8813.0, 8814.0, 8815.0, 8816.0, 8817.0, 8818.0, 8819.0, 8820.0, 8821.0, 8822.0, 8823.0, 8824.0, 8825.0, 8826.0, 8827.0, 8828.0, 8829.0, 8830.0, 8831.0, 8832.0, 8833.0, 8834.0, 8835.0, 8836.0, 8837.0, 8838.0, 8839.0, 8840.0, 8841.0, 8842.0, 8843.0, 8844.0, 8845.0, 8846.0, 8847.0, 8848.0, 8849.0, 8850.0, 8851.0, 8852.0, 8853.0, 8854.0, 8855.0, 8856.0, 8857.0, 8858.0, 8859.0, 8860.0, 8861.0, 8862.0, 8863.0, 8864.0, 8865.0, 8866.0, 8867.0, 8868.0, 8869.0, 8870.0, 8871.0, 8872.0, 8873.0, 8874.0, 8875.0, 8876.0, 8877.0, 8878.0, 8879.0, 8880.0, 8881.0, 8882.0, 8883.0, 8884.0, 8885.0, 8886.0, 8887.0, 8888.0, 8889.0, 8890.0, 8891.0, 8892.0, 8893.0, 8894.0, 8895.0, 8896.0, 8897.0, 8898.0, 8899.0, 8900.0, 8901.0, 8902.0, 8903.0, 8904.0, 8905.0, 8906.0, 8907.0, 8908.0, 8909.0, 8910.0, 8911.0, 8912.0, 8913.0, 8914.0, 8915.0, 8916.0, 8917.0, 8918.0, 8919.0, 8920.0, 8920.0, 8921.0, 8922.0, 8923.0, 8924.0, 8925.0, 8926.0, 8927.0, 8928.0, 8929.0], "avg_cpu": [0.0006473634651600754, 0.00039724576271186443, 0.0004156367702448211, 0.00041195856873822977, 0.0004229931732580038, 0.0004266713747645951, 0.0003236817325800377, 0.0002390830979284369, 0.00026115230696798495, 0.00025011770244821093, 0.00026483050847457627, 0.00026115230696798495, 0.00027218691148775897, 0.0003310381355932203, 0.006017537664783428, 0.00993114406779661, 0.01075506120527307, 0.009798728813559322, 0.009504472693032015, 0.010725635593220338, 0.010843338041431262, 0.010519656308851225, 0.010431379472693032, 0.01097575329566855, 0.01163782956685499, 0.011475988700564972, 0.011681967984934087, 0.01207921374764595, 0.012344044256120528, 0.012505885122410547, 0.012829566854990584, 0.012770715630885122, 0.013006120527306968, 0.012829566854990584, 0.01350635593220339, 0.01331508945386064, 0.01356520715630885, 0.013815324858757062, 0.014094868173258003, 0.01499234934086629, 0.014668667608286253, 0.014477401129943503, 0.01284427966101695, 0.014036016949152543, 0.013359227871939737, 0.013933027306967985, 0.014080155367231638, 0.014374411487758946, 0.014565677966101694, 0.014668667608286253, 0.014683380414312618, 0.01438912429378531, 0.014742231638418079, 0.01480108286252354, 0.014550965160075329, 0.0152424670433145, 0.015566148775894538, 0.015448446327683616, 0.015271892655367231, 0.015419020715630885, 0.015536723163841809, 0.015419020715630885, 0.01565442561205273, 0.015566148775894538, 0.01615466101694915, 0.015830979284369114, 0.015860404896421845, 0.015507297551789078, 0.015595574387947269, 0.015419020715630885, 0.015860404896421845, 0.015830979284369114, 0.016184086629001882, 0.015801553672316383, 0.016184086629001882, 0.015419020715630885, 0.01606638418079096, 0.016360640301318268, 0.016213512241054613, 0.016301789077212806, 0.016331214689265537, 0.0160075329566855, 0.016095809792843693, 0.016713747645951037, 0.016301789077212806, 0.016095809792843693, 0.015889830508474576, 0.015830979284369114, 0.014874646892655368, 0.015419020715630885, 0.015448446327683616, 0.016272363465160075, 0.01565442561205273, 0.015830979284369114, 0.015477871939736347, 0.016095809792843693, 0.016625470809792844, 0.01606638418079096, 0.016596045197740113, 0.01686087570621469, 0.015566148775894538, 0.015801553672316383, 0.015860404896421845, 0.015801553672316383, 0.015536723163841809, 0.015566148775894538, 0.015124764595103578, 0.015742702448210924, 0.015860404896421845, 0.015507297551789078, 0.01597810734463277, 0.015860404896421845, 0.015625, 0.015948681732580038, 0.015566148775894538, 0.015595574387947269, 0.01603695856873823, 0.015625, 0.01615466101694915, 0.015507297551789078, 0.015566148775894538, 0.015889830508474576, 0.017567090395480225, 0.01686087570621469, 0.016743173258003768, 0.016978578154425612, 0.017478813559322032, 0.017125706214689264, 0.017125706214689264, 0.017361111111111112, 0.017066854990583805, 0.017390536723163843, 0.01730225988700565, 0.016978578154425612, 0.018273305084745763, 0.018273305084745763, 0.017625941619585687, 0.017390536723163843, 0.017184557438794726, 0.017361111111111112, 0.01815560263653484, 0.019097222222222224, 0.01818502824858757, 0.0189795197740113, 0.018714689265536724, 0.01912664783427495, 0.018773540489642186, 0.01809675141242938, 0.0182144538606403, 0.017920197740112994, 0.017949623352165725, 0.01780249529190207, 0.018361581920903956, 0.018008474576271187, 0.018655838041431262, 0.015566148775894538, 0.015713276836158193, 0.015742702448210924, 0.015507297551789078, 0.015330743879472693, 0.015065913370998116, 0.014477401129943503, 0.014403837099811675, 0.014418549905838041, 0.014065442561205272, 0.014006591337099812, 0.014227283427495291, 0.013903601694915254, 0.013888888888888888, 0.01394774011299435, 0.01350635593220339, 0.013226812617702447, 0.013197387005649718, 0.012770715630885122, 0.012564736346516007, 0.0126530131826742, 0.012535310734463278, 0.012255767419962335, 0.012373469868173259, 0.012329331450094162, 0.011976224105461394, 0.011681967984934087, 0.011387711864406779, 0.01122587099811676, 0.010696209981167609, 0.011078742937853107, 0.01056379472693032, 0.010372528248587571, 0.010490230696798494, 0.009989995291902072, 0.010034133709981168, 0.009842867231638418, 0.009548611111111112, 0.009607462335216572, 0.009151365348399247, 0.009269067796610169, 0.008739406779661016, 0.008945386064030132, 0.008562853107344632, 0.008430437853107344, 0.008680555555555556, 0.008268596986817325, 0.00803319209039548, 0.007753648775894539, 0.007856638418079097, 0.007650659133709981, 0.007650659133709981, 0.00729019538606403, 0.007437323446327684, 0.007341690207156309, 0.007385828625235405, 0.007150423728813559, 0.006995939265536723, 0.007297551789077213, 0.007047434086629002, 0.006951800847457627, 0.006767890772128061, 0.006915018832391714, 0.0067752471751412425, 0.006407427024482109, 0.006348575800376648, 0.006179378531073447, 0.0062161605461393595, 0.006149952919020716, 0.005958686440677966, 0.005870409604519774, 0.005921904425612053, 0.005855696798493409, 0.006569267890772128, 0.006510416666666667, 0.0064294962335216576, 0.006672257532956686, 0.0066207627118644065, 0.006510416666666667, 0.006348575800376648, 0.006076388888888889, 0.006010181261770245, 0.006172022128060264, 0.006083745291902072, 0.005966042843691149, 0.005664430320150659, 0.005730637947269303, 0.005730637947269303, 0.005885122410546139, 0.005760063559322034, 0.005635004708097928, 0.005664430320150659, 0.005495233050847458, 0.005532015065913371, 0.005701212335216572, 0.0058115583804143126, 0.0054731638418079095, 0.005421669020715631, 0.005370174199623352, 0.005649717514124294, 0.005921904425612053, 0.005752707156308851, 0.0058115583804143126, 