{"time": [1.0, 2.0, 3.0, 4.0, 4.0, 4.0, 5.0, 5.0, 5.0, 6.0, 7.0, 8.0, 9.0, 10.0, 11.0, 12.0, 13.0, 13.0, 14.0, 15.0, 16.0, 17.0, 18.0, 19.0, 20.0, 21.0, 22.0, 23.0, 24.0, 25.0, 25.0, 26.0, 27.0, 28.0, 29.0, 30.0, 31.0, 32.0, 33.0, 34.0, 35.0, 36.0, 37.0, 38.0, 39.0, 40.0, 41.0, 42.0, 43.0, 44.0, 45.0, 46.0, 47.0, 48.0, 49.0, 49.0, 50.0, 51.0, 52.0, 53.0, 54.0, 55.0, 56.0, 57.0, 58.0, 59.0, 60.0, 61.0, 62.0, 63.0, 64.0, 65.0, 66.0, 67.0, 68.0, 69.0, 70.0, 71.0, 72.0, 73.0, 74.0, 75.0, 75.0, 75.0, 75.0, 75.0, 76.0, 77.0, 78.0, 79.0, 80.0, 81.0, 82.0, 83.0, 83.0, 83.0, 83.0, 96.0, 97.0, 98.0, 99.0, 100.0, 101.0, 102.0, 103.0, 104.0, 105.0, 106.0, 107.0, 107.0, 107.0, 107.0, 110.0, 111.0, 112.0, 113.0, 114.0, 115.0, 116.0, 117.0, 118.0, 119.0, 120.0, 121.0, 122.0, 123.0, 123.0, 123.0, 123.0, 138.0, 139.0, 140.0, 141.0, 142.0, 142.0, 142.0], "avg_cpu": [0.07739325068870523, 0.05371900826446281, 0.0981404958677686, 0.046831955922865015, 0.03538223140495868, 0.0026418302341597796, 1.3451274104683196e-06, 0.0, 0.15168732782369146, 0.18181818181818182, 0.2162534435261708, 0.17269283746556474, 0.23588154269972453, 0.1506542699724518, 0.17665289256198347, 0.13481404958677687, 0.2761707988980716, 0.16460055096418733, 0.20557851239669422, 0.1637396694214876, 0.09366391184573003, 0.05853994490358127, 0.24139118457300276, 0.10984848484848485, 0.07842630853994491, 0.11553030303030302, 0.06241391184573003, 0.12741046831955924, 0.06955922865013774, 0.12723829201101927, 0.11501377410468319, 0.057506887052341596, 0.09400826446280992, 0.06482438016528926, 0.08643250688705234, 0.07429407713498623, 0.017518939393939392, 0.03680268595041322, 0.20523415977961432, 0.21212121212121213, 0.08488292011019284, 0.10347796143250688, 0.12276170798898071, 0.08901515151515152, 0.08737947658402204, 0.1184573002754821, 0.12792699724517906, 0.09848484848484848, 0.12982093663911845, 0.1384297520661157, 0.08178374655647383, 0.18698347107438015, 0.13481404958677687, 0.13636363636363635, 0.26721763085399447, 0.29579889807162535, 0.1494490358126722, 0.2596418732782369, 0.2572314049586777, 0.2396694214876033, 0.10674931129476584, 0.22830578512396693, 0.1165633608815427, 0.1952479338842975, 0.1537534435261708, 0.11518595041322315, 0.059573002754820935, 0.11776859504132231, 0.09710743801652892, 0.11432506887052342, 0.08729338842975207, 0.04709022038567493, 0.018638085399449035, 0.09986225895316804, 0.09796831955922865, 0.1887052341597796, 0.20144628099173553, 0.13188705234159778, 0.22520661157024793, 0.09951790633608816, 0.06275826446280992, 0.5426997245179064, 0.15444214876033058, 0.0005918560606060606, 0.0, 0.25048828125, 0.081298828125, 0.22998046875, 0.099853515625, 0.09423828125, 0.0699462890625, 0.1136474609375, 0.0946044921875, 0.139892578125, 0.0889892578125, 0.0039520263671875, 0.0, 0.03411865234375, 0.1046142578125, 0.213623046875, 0.199951171875, 0.133544921875, 0.076416015625, 0.139892578125, 0.14111328125, 0.177978515625, 0.026519775390625, 0.067138671875, 0.068115234375, 0.0379638671875, 0.0015163421630859375, 0.0, 0.0269775390625, 0.181640625, 0.091552734375, 0.15673828125, 0.080078125, 0.1806640625, 0.187255859375, 0.10888671875, 0.1630859375, 0.107177734375, 0.16748046875, 0.130859375, 0.1026611328125, 0.156005859375, 0.1011962890625, 0.0, 0.0, 0.025299072265625, 0.03155517578125, 0.215576171875, 0.186767578125, 0.0787353515625, 0.060302734375, 0.003559112548828125], "avg_mem": [0.6888726207906296, 0.6888726207906296, 0.6888726207906296, 0.6969253294289898, 0.7584187408491947, 0.000223050878477306, 2.859626647144949e-06, 2.859626647144949e-06, 0.12115666178623719, 0.17935578330893118, 0.21815519765739386, 0.3484626647144949, 0.3488286969253294, 0.34736456808199123, 0.6325036603221084, 0.7459736456808199, 0.7459736456808199, 0.7459736456808199, 0.7459736456808199, 0.7452415812591509, 0.7445095168374817, 0.7459736456808199, 0.7459736456808199, 0.7459736456808199, 0.7459736456808199, 0.8301610541727672, 0.8565153733528551, 0.8565153733528551, 0.8565153733528551, 0.8565153733528551, 0.8565153733528551, 0.8565153733528551, 0.8565153733528551, 0.8565153733528551, 0.8565153733528551, 0.8565153733528551, 0.8565153733528551, 0.8565153733528551, 0.8565153733528551, 0.8565153733528551, 0.8565153733528551, 0.8565153733528551, 0.8345534407027818, 0.7452415812591509, 0.746705710102489, 0.746705710102489, 0.746705710102489, 0.746705710102489, 0.7445095168374817, 0.808199121522694, 0.8565153733528551, 0.8565153733528551, 0.8565153733528551, 0.8565153733528551, 0.8565153733528551, 0.8565153733528551, 0.8565153733528551, 0.8565153733528551, 0.8565153733528551, 0.8565153733528551, 0.8565153733528551, 0.8565153733528551, 0.8565153733528551, 0.8565153733528551, 0.7642752562225475, 0.746705710102489, 0.7459736456808199, 0.746705710102489, 0.7459736456808199, 0.746705710102489, 0.746705710102489, 0.7847730600292826, 0.8565153733528551, 0.8565153733528551, 0.8565153733528551, 0.8565153733528551, 0.8565153733528551, 0.8565153733528551, 0.7847730600292826, 0.7474377745241582, 0.7452415812591509, 0.7496339677891655, 0.24231332357247437, 0.0001344024524158126, 0.0001344024524158126, 0.0882568359375, 0.1220703125, 0.1630859375, 0.187744140625, 0.187744140625, 0.187744140625, 0.226318359375, 0.2724609375, 0.28125, 0.44140625, 0.000125885009765625, 0.0001239776611328125, 0.0205078125, 0.079345703125, 0.18994140625, 0.263671875, 0.263671875, 0.263671875, 0.263671875, 0.263671875, 0.29931640625, 0.38037109375, 0.38037109375, 0.38330078125, 0.3935546875, 0.00014495849609375, 0.0001430511474609375, 0.022979736328125, 0.13330078125, 0.106689453125, 0.174560546875, 0.2001953125, 0.29833984375, 0.3056640625, 0.40771484375, 0.48486328125, 0.48486328125, 0.48486328125, 0.48486328125, 0.48486328125, 0.4853515625, 0.3447265625, 0.000133514404296875, 0.00012969970703125, 0.0205078125, 0.0340576171875, 0.127685546875, 0.171875, 0.5439453125, 0.28662109375, 0.0001049041748046875]}