{"time": [1993.0, 1994.0, 1995.0, 1996.0, 1997.0, 1998.0, 1999.0, 2000.0, 2001.0, 2002.0, 2003.0, 2004.0, 2005.0, 2006.0, 2007.0, 2008.0, 2009.0, 2010.0, 2011.0, 2012.0, 2013.0, 2014.0, 2015.0, 2016.0, 2017.0, 2018.0, 2019.0, 2020.0, 2021.0, 2022.0, 2023.0, 2024.0, 2025.0, 2026.0, 2027.0, 2028.0, 2029.0, 2030.0, 2031.0, 2032.0, 2033.0, 2034.0, 2035.0, 2036.0, 2037.0, 2038.0, 2039.0, 2040.0, 2041.0, 2042.0, 2043.0, 2044.0, 2045.0, 2046.0, 2047.0, 2048.0, 2049.0, 2050.0, 2051.0, 2052.0, 2053.0, 2053.0, 2053.0, 2053.0], "avg_cpu": [0.13512241054613935, 0.3846516007532957, 0.3432203389830508, 0.3069679849340866, 0.2815442561205273, 0.2565913370998117, 0.20221280602636535, 0.2584745762711864, 0.04307909604519774, 0.12994350282485875, 0.3267419962335217, 0.19444444444444445, 0.3860640301318267, 0.20574387947269304, 0.24034839924670434, 0.1791431261770245, 0.2711864406779661, 0.2834274952919021, 0.1734934086629002, 0.3130885122410546, 0.2994350282485876, 0.2876647834274953, 0.21421845574387946, 0.3319209039548023, 0.3225047080979284, 0.294256120527307, 0.23022598870056496, 0.16713747645951035, 0.2401129943502825, 0.1739642184557439, 0.1895009416195857, 0.3069679849340866, 0.3305084745762712, 0.332391713747646, 0.20739171374764595, 0.3215630885122411, 0.1993879472693032, 0.2773069679849341, 0.3088512241054614, 0.2556497175141243, 0.2961393596986817, 0.2128060263653484, 0.2365819209039548, 0.02995527306967985, 0.20056497175141244, 0.24858757062146894, 0.14901129943502825, 0.3290960451977401, 0.23728813559322035, 0.2787193973634652, 0.3163841807909605, 0.332391713747646, 0.15160075329566855, 0.24670433145009416, 0.2137476459510358, 0.21516007532956685, 0.1461864406779661, 0.1565442561205273, 0.13606403013182675, 0.09333804143126177, 0.015477871939736347, 0.0007319620998116761, 0.021480696798493407, 0.005855696798493409], "avg_mem": [0.11109077598828697, 0.40995607613469986, 0.4582723279648609, 0.4670571010248902, 0.4751098096632504, 0.4743777452415813, 0.4465592972181552, 0.4465592972181552, 0.4465592972181552, 0.4465592972181552, 0.45973645680819913, 0.4677891654465593, 0.4707174231332357, 0.47584187408491946, 0.4765739385065886, 0.4765739385065886, 0.4765739385065886, 0.4773060029282577, 0.4773060029282577, 0.47584187408491946, 0.5036603221083455, 0.5395314787701317, 0.541727672035139, 0.5424597364568082, 0.5424597364568082, 0.5424597364568082, 0.5424597364568082, 0.5424597364568082, 0.5424597364568082, 0.5424597364568082, 0.5424597364568082, 0.5658857979502196, 0.5988286969253295, 0.5944363103953147, 0.5673499267935578, 0.5805270863836017, 0.5951683748169839, 0.5951683748169839, 0.5951683748169839, 0.5980966325036603, 0.5988286969253295, 0.5988286969253295, 0.5988286969253295, 0.5988286969253295, 0.5988286969253295, 0.6156661786237189, 0.6691068814055637, 0.6281112737920937, 0.5395314787701317, 0.5439238653001464, 0.5461200585651538, 0.5461200585651538, 0.5461200585651538, 0.5505124450951684, 0.5775988286969254, 0.5841874084919473, 0.5841874084919473, 0.5841874084919473, 0.5841874084919473, 0.5841874084919473, 0.5841874084919473, 0.5841874084919473, 0.5841874084919473, 0.07741581259150805]}