{"time": [2158.0, 2159.0, 2160.0, 2161.0, 2162.0, 2163.0, 2164.0, 2165.0, 2166.0, 2167.0, 2168.0, 2169.0, 2170.0, 2171.0, 2172.0, 2173.0, 2174.0, 2175.0, 2176.0, 2177.0, 2178.0, 2179.0, 2180.0, 2181.0, 2182.0, 2183.0, 2184.0, 2185.0, 2186.0, 2187.0, 2188.0, 2189.0, 2190.0, 2191.0, 2192.0, 2193.0, 2194.0, 2195.0, 2195.0, 2196.0, 2197.0, 2198.0, 2199.0, 2200.0, 2201.0, 2202.0, 2203.0, 2204.0, 2205.0, 2206.0, 2207.0, 2208.0, 2209.0, 2210.0, 2211.0, 2212.0, 2213.0, 2213.0], "avg_cpu": [0.01953125, 0.020478219696969696, 0.01970880681818182, 0.020162563131313132, 0.019728535353535352, 0.019649621212121212, 0.019748263888888888, 0.019294507575757576, 0.019077493686868688, 0.019550978535353536, 0.0198666351010101, 0.019077493686868688, 0.018544823232323232, 0.018880208333333332, 0.02055713383838384, 0.017025726010101012, 0.020399305555555556, 0.020478219696969696, 0.020675505050505052, 0.02063604797979798, 0.020517676767676768, 0.020478219696969696, 0.020675505050505052, 0.020517676767676768, 0.020517676767676768, 0.020596590909090908, 0.02071496212121212, 0.019689078282828284, 0.020754419191919192, 0.020280934343434344, 0.020517676767676768, 0.020596590909090908, 0.020596590909090908, 0.020517676767676768, 0.02055713383838384, 0.020478219696969696, 0.020478219696969696, 0.020438762626262628, 0.020517676767676768, 0.02055713383838384, 0.020675505050505052, 0.020478219696969696, 0.020596590909090908, 0.019570707070707072, 0.020517676767676768, 0.02055713383838384, 0.020478219696969696, 0.02055713383838384, 0.020596590909090908, 0.020517676767676768, 0.020478219696969696, 0.020399305555555556, 0.020478219696969696, 0.020478219696969696, 0.020359848484848484, 0.020438762626262628, 0.0191958648989899, 7.151594065656566e-05], "avg_mem": [0.03797584187408492, 0.060120790629575406, 0.07027818448023426, 0.07787335285505124, 0.082997803806735, 0.08629209370424597, 0.08958638360175696, 0.09288067349926793, 0.09608345534407028, 0.09937774524158126, 0.10340409956076135, 0.10724743777452415, 0.18997071742313323, 0.3235724743777452, 0.7181551976573939, 0.7159590043923866, 0.7159590043923866, 0.7144948755490483, 0.712298682284041, 0.7108345534407028, 0.7093704245973645, 0.7101024890190337, 0.7130307467057101, 0.7137628111273792, 0.7130307467057101, 0.7144948755490483, 0.2569546120058565, 0.36383601756954614, 0.7247437774524158, 0.7247437774524158, 0.7247437774524158, 0.7247437774524158, 0.7247437774524158, 0.7247437774524158, 0.7247437774524158, 0.7247437774524158, 0.7247437774524158, 0.7247437774524158, 0.7247437774524158, 0.7247437774524158, 0.7254758418740849, 0.7254758418740849, 0.7254758418740849, 0.7254758418740849, 0.7254758418740849, 0.7254758418740849, 0.7254758418740849, 0.7254758418740849, 0.7254758418740849, 0.7254758418740849, 0.7254758418740849, 0.7254758418740849, 0.7254758418740849, 0.7254758418740849, 0.7254758418740849, 0.7254758418740849, 0.6925329428989752, 0.00010294655929721816]}