{"time": [6320.0, 6320.0, 6320.0, 6320.0, 6320.0, 6320.0, 6320.0, 6321.0, 6321.0, 6321.0, 6321.0, 6321.0, 6321.0, 6321.0, 6321.0, 6321.0, 6321.0, 6321.0, 6322.0, 6322.0, 6322.0, 6323.0, 6324.0, 6324.0, 6324.0, 6324.0, 6324.0, 6325.0, 6326.0, 6327.0, 6328.0, 6329.0, 6330.0, 6331.0, 6332.0, 6333.0, 6333.0, 6334.0, 6335.0, 6336.0, 6337.0, 6338.0, 6339.0, 6340.0, 6341.0, 6342.0, 6343.0, 6344.0, 6345.0, 6346.0, 6347.0, 6348.0, 6349.0, 6350.0, 6351.0, 6352.0, 6353.0, 6354.0, 6355.0, 6356.0, 6357.0, 6357.0, 6358.0, 6359.0, 6360.0, 6361.0, 6362.0, 6363.0, 6364.0, 6365.0, 6366.0, 6367.0, 6368.0, 6369.0, 6370.0, 6371.0, 6372.0, 6373.0, 6374.0, 6375.0, 6376.0, 6377.0, 6378.0, 6379.0, 6380.0, 6381.0, 6382.0, 6383.0, 6384.0, 6385.0, 6386.0, 6387.0, 6388.0, 6389.0, 6390.0, 6391.0, 6392.0, 6393.0, 6394.0, 6395.0, 6396.0, 6397.0, 6398.0, 6399.0, 6400.0, 6401.0, 6402.0, 6403.0, 6404.0, 6405.0, 6406.0, 6407.0, 6408.0, 6409.0, 6410.0, 6411.0, 6412.0, 6413.0, 6414.0, 6415.0, 6416.0, 6417.0, 6418.0, 6419.0, 6420.0, 6421.0, 6422.0, 6423.0, 6424.0, 6425.0, 6426.0, 6427.0, 6428.0, 6429.0, 6430.0, 6431.0, 6432.0, 6433.0, 6434.0, 6435.0, 6436.0, 6437.0, 6438.0, 6439.0, 6440.0, 6441.0, 6442.0, 6443.0, 6444.0, 6445.0, 6446.0, 6447.0, 6448.0, 6449.0, 6450.0, 6451.0, 6452.0, 6453.0, 6454.0, 6455.0, 6456.0, 6457.0, 6458.0, 6459.0, 6460.0, 6461.0, 6462.0, 6463.0, 6464.0, 6465.0, 6466.0, 6467.0, 6468.0, 6469.0, 6470.0, 6471.0, 6472.0, 6473.0, 6474.0, 6475.0, 6476.0, 6476.0, 6476.0, 6476.0], "avg_cpu": [0.3432343234323432, 0.27516501650165015, 0.25206270627062705, 0.23432343234323433, 0.25041254125412543, 0.16377887788778878, 0.27970297029702973, 0.29455445544554454, 0.23597359735973597, 0.3048679867986799, 0.2235973597359736, 0.29372937293729373, 0.20482673267326731, 0.27145214521452143, 0.18605610561056105, 0.16852310231023102, 0.25495049504950495, 0.10932343234323433, 0.20668316831683167, 0.15552805280528054, 0.1283003300330033, 0.09942244224422442, 0.08075495049504951, 0.038521039603960396, 0.002900680693069307, 0.0, 0.3147689768976898, 0.2594884488448845, 0.17636138613861385, 0.12685643564356436, 0.06260313531353136, 0.009656043729372937, 0.006304146039603961, 0.011937912541254125, 0.007180796204620462, 0.01745565181518152, 0.009604476072607261, 0.0073483910891089105, 0.01456786303630363, 0.013033725247524752, 0.014696782178217821, 0.009449773102310231, 0.013768564356435644, 0.007889851485148515, 0.015599216171617162, 0.009681827557755776, 0.014748349834983498, 0.00810901402640264, 0.015212458745874588, 0.008959880363036304, 0.01503197194719472, 0.007889851485148515, 0.015444513201320132, 0.009668935643564356, 0.0090243399339934, 0.013897483498349836, 0.00751598597359736, 0.014670998349834983, 0.009179042904290429, 0.013356023102310231, 0.0066909034653465345, 0.007425742574257425, 0.01531559405940594, 0.008702042079207922, 0.014825701320132013, 0.008199257425742575, 0.013923267326732673, 0.008946988448844884, 0.01580548679867987, 0.008805177392739274, 0.015057755775577558, 0.007838283828382838, 0.01472256600660066, 0.008534447194719472, 0.012053939768976897, 0.011138613861386138, 0.011512479372937293, 0.019183168316831683, 0.013665429042904291, 0.019930899339933993, 0.01516089108910891, 0.02219987623762376, 0.01655321782178218, 0.02415944719471947, 0.011435127887788778, 0.015289810231023103, 0.01097101897689769, 0.0144131600660066, 0.00856023102310231, 0.013381806930693069, 0.009565800330033004, 0.015676567656765675, 0.009359529702970297, 0.014026402640264026, 0.008096122112211222, 0.01112572194719472, 0.013510726072607261, 0.00826371699669967, 0.014258457095709571, 0.013007941419141914, 0.01487726897689769, 0.009527124587458746, 0.0144131600660066, 0.010352207095709571, 0.016295379537953795, 0.00888252887788779, 0.014438943894389438, 0.008818069306930692, 0.016192244224422444, 0.009527124587458746, 0.01833230198019802, 0.008482879537953795, 0.01249226485148515, 0.011499587458745875, 0.011834777227722772, 0.011899236798679868, 0.010777640264026403, 0.01547029702970297, 0.008792285478547854, 0.014052186468646864, 0.009372421617161716, 0.015547648514851485, 0.009514232673267327, 0.015212458745874588, 0.00946266501650165, 0.01696575907590759, 0.010171720297029703, 0.01518667491749175, 0.009088799504950494, 0.01624381188118812, 0.011228857260726073, 0.01456786303630363, 0.009127475247524752, 0.014000618811881188, 0.01095812706270627, 0.011486695544554455, 0.011847669141914192, 0.010403774752475248, 0.012891914191419142, 0.009346637788778879, 0.014954620462046205, 0.009256394389438944, 0.015238242574257425, 0.010339315181518151, 0.017326732673267328, 0.010236179867986799, 0.017687706270627063, 0.009423989273927394, 0.01516089108910891, 0.009385313531353136, 0.014954620462046205, 0.009230610561056106, 0.014232673267326733, 0.009926773927392739, 0.014774133663366336, 0.009333745874587459, 0.012221534653465347, 0.011680074257425743, 0.011138613861386138, 0.012724319306930692, 0.012995049504950494, 0.015831270627062705, 0.01064872112211221, 0.015367161716171618, 0.009501340759075907, 0.014799917491749175, 0.010996802805280528, 0.015573432343234323, 0.01142223597359736, 0.018590140264026403, 0.010481126237623763, 0.016140676567656765, 0.010442450495049506, 0.0144131600660066, 0.010416666666666666, 0.01487726897689769, 0.010983910891089108, 0.013085292904290429, 0.012737211221122112, 0.02583539603960396, 0.016759488448844884, 0.013716996699669966, 0.0032681002475247523, 0.0],