{"time": [561.0, 561.0, 562.0, 562.0, 562.0, 562.0, 563.0, 564.0, 565.0, 566.0, 567.0, 568.0, 569.0, 570.0, 571.0, 572.0, 573.0, 574.0, 575.0, 576.0, 577.0, 578.0, 579.0, 580.0, 581.0, 582.0, 583.0, 584.0, 585.0, 586.0, 587.0, 588.0, 589.0, 590.0, 590.0, 591.0, 592.0, 593.0, 594.0, 595.0, 596.0, 597.0, 598.0, 599.0, 600.0, 601.0, 602.0, 602.0, 603.0, 604.0, 605.0, 606.0, 607.0, 608.0, 609.0, 610.0, 611.0, 612.0, 613.0, 614.0, 615.0, 616.0, 617.0, 618.0, 619.0, 620.0, 621.0, 622.0, 623.0, 624.0, 625.0, 626.0, 627.0, 628.0, 629.0, 630.0, 631.0, 632.0, 633.0, 634.0, 635.0, 636.0, 637.0, 638.0, 639.0, 640.0, 641.0, 642.0, 643.0, 644.0, 645.0, 646.0, 647.0, 648.0, 649.0, 650.0, 651.0, 652.0, 653.0, 654.0, 655.0, 656.0, 657.0, 657.0, 658.0, 659.0, 660.0, 661.0, 662.0, 663.0, 664.0, 665.0, 666.0, 667.0, 668.0, 669.0, 670.0, 671.0, 672.0, 673.0, 674.0, 675.0, 676.0, 677.0, 678.0, 679.0, 680.0, 680.0, 681.0, 682.0, 683.0, 684.0, 685.0, 686.0, 687.0, 688.0, 689.0, 690.0, 691.0, 692.0, 693.0, 694.0, 695.0, 696.0, 697.0, 698.0, 699.0, 700.0, 701.0, 702.0, 703.0, 704.0, 705.0, 706.0, 707.0, 708.0, 709.0, 710.0, 711.0, 712.0, 712.0, 713.0, 714.0, 715.0, 716.0, 717.0, 718.0, 719.0, 720.0, 721.0, 722.0, 723.0, 724.0, 725.0, 726.0, 727.0, 728.0, 729.0, 730.0, 731.0, 732.0, 733.0, 734.0, 735.0, 736.0, 737.0, 738.0, 739.0, 740.0, 740.0, 741.0, 742.0, 743.0, 744.0, 745.0, 746.0, 747.0, 748.0, 749.0, 750.0, 751.0, 752.0, 753.0, 754.0, 755.0, 756.0, 757.0, 758.0, 759.0, 760.0, 761.0, 762.0, 763.0, 764.0, 765.0, 766.0, 767.0, 768.0, 769.0, 770.0, 771.0, 772.0, 773.0, 774.0, 775.0, 776.0, 777.0, 778.0, 779.0, 780.0, 781.0, 782.0, 782.0, 783.0, 784.0, 785.0, 786.0, 787.0, 788.0, 789.0, 790.0, 791.0, 792.0, 793.0, 794.0, 795.0, 796.0, 797.0, 798.0, 798.0, 799.0, 800.0, 801.0, 802.0, 803.0, 804.0, 805.0, 806.0, 807.0, 808.0, 809.0, 810.0, 811.0, 812.0, 813.0, 814.0, 815.0, 816.0, 817.0, 818.0, 818.0, 819.0, 820.0, 821.0, 822.0, 823.0, 824.0, 825.0, 826.0, 827.0, 828.0, 829.0, 830.0, 831.0, 832.0, 833.0, 834.0, 835.0, 836.0, 837.0, 838.0, 839.0, 840.0, 841.0, 842.0, 843.0, 844.0, 845.0, 846.0, 847.0, 848.0, 849.0, 850.0, 851.0, 852.0, 853.0, 854.0, 855.0, 856.0, 857.0, 858.0, 859.0, 860.0, 861.0, 862.0, 863.0, 864.0, 865.0, 866.0, 867.0, 868.0, 868.0, 868.0, 868.0], "avg_cpu": [0.264026402640264, 0.3023927392739274, 0.2524752475247525, 0.16254125412541254, 0.12891914191419143, 0.11654290429042904, 0.10808580858085809, 0.07962046204620463, 0.027021452145214522, 0.009475556930693069, 0.014774133663366336, 0.010777640264026403, 0.014077970297029703, 0.010261963696369636, 0.014928836633663366, 0.009333745874587459, 0.01565078382838284, 0.010261963696369636, 0.016037541254125414, 0.009720503300330034, 0.015341377887788778, 0.011937912541254125, 0.015625, 0.00888252887788779, 0.010094368811881188, 0.01575391914191419, 0.010042801155115511, 0.015985973597359735, 0.012969265676567657, 0.01500618811881188, 0.009836530528052806, 0.014284240924092409, 0.009488448844884489, 0.017197813531353134, 0.010352207095709571, 0.00798009488448845, 0.018512788778877888, 0.007864067656765677, 0.012982157590759076, 0.008650474422442244, 0.01611489273927393, 0.00857312293729373, 0.012969265676567657, 0.00840552805280528, 0.013536509900990099, 0.008637582508250825, 0.0084184199669967, 0.011087046204620463, 0.014696782178217821, 0.009527124587458746, 0.015625, 0.009269286303630364, 0.014335808580858086, 0.009075907590759076, 0.014619430693069308, 0.01126753300330033, 0.01699154290429043, 0.009591584158415841, 0.014438943894389438, 0.007928527227722772, 0.013562293729372937, 0.008083230198019802, 0.018693275577557757, 0.011486695544554455, 0.018667491749174918, 0.00901144801980198, 0.019518358085808582, 0.01262118399339934, 0.013407590759075907, 0.01516089108910891, 0.01590862211221122, 0.016914191419141914, 0.011589830858085808, 0.017558787128712873, 0.010249071782178218, 0.015109323432343235, 0.010919451320132013, 0.0180486798679868, 0.010764748349834983, 0.01626959570957096, 0.010287747524752476, 0.01665635313531353, 0.008843853135313532, 0.014361592409240924, 0.010584261551155116, 0.013742780528052806, 0.00765779702970297, 0.0159601897689769, 0.009875206270627063, 0.013201320132013201, 0.015238242574257425, 0.009398205445544554, 0.01637273102310231, 0.012569616336633664, 0.021400577557755776, 0.010584261551155116, 0.01518667491749175, 0.011435127887788778, 0.01714624587458746, 0.01128042491749175, 0.01518667491749175, 0.010906559405940593, 0.01278877887788779, 0.020807549504950496, 0.010017017326732673, 0.016733704620462045, 0.010829207920792078, 0.019673061056105612, 0.011344884488448845, 0.019389438943894388, 0.00886963696369637, 0.013510726072607261, 0.018590140264026403, 0.016888407590759075, 0.019776196369636963, 0.011344884488448845, 0.0168368399339934, 0.011757425742574257, 0.01565078382838284, 0.010390882838283828, 0.014928836633663366, 0.01156404702970297, 0.017790841584158414, 0.010700288778877888, 0.014825701320132013, 0.010352207095709571, 0.008366852310231022, 0.018822194719471948, 0.009385313531353136, 0.0171720297029703, 0.011950804455445545, 0.015392945544554455, 0.013562293729372937, 0.01218285891089109, 0.016604785478547854, 0.011448019801980198, 0.017533003300330034, 0.009991233498349836, 0.016450082508250825, 0.009552908415841584, 0.015341377887788778, 0.01802289603960396, 0.02103960396039604, 0.009204826732673267, 0.013433374587458746, 0.008508663366336634, 0.016759488448844884, 0.010261963696369636, 0.0168368399339934, 0.009823638613861386, 0.015625, 0.008457095709570957, 0.013510726072607261, 0.011628506600660065, 0.010236179867986799, 0.014077970297029703, 0.009307962046204621, 0.014696782178217821, 0.00946266501650165, 0.014542079207920793, 0.025654909240924093, 0.009888098184818481, 0.016424298679867985, 0.008934096534653465, 0.013923267326732673, 0.008792285478547854, 0.01655321782178218, 0.010390882838283828, 0.01730094884488449, 0.011087046204620463, 0.017558787128712873, 0.010261963696369636, 0.009784962871287129, 0.008959880363036304, 0.010197504125412541, 0.010287747524752476, 0.008689150165016502, 0.00858601485148515, 0.00872782590759076, 0.009527124587458746, 0.011215965346534653, 0.009088799504950494, 0.009333745874587459, 0.009681827557755776, 0.009269286303630364, 0.008998556105610562, 0.010687396864686468, 0.009191934818481849, 0.004286561468646865, 0.011190181518151815, 0.010029909240924093, 0.010584261551155116, 0.011138613861386138, 0.01126753300330033, 0.011589830858085808, 0.011834777227722772, 0.013059509075907591, 0.010017017326732673, 0.009784962871287129, 0.012801670792079207, 0.014980404290429043, 0.009269286303630364, 0.009359529702970297, 0.008547339108910892, 0.012750103135313532, 0.009217718646864687, 0.010494018151815181, 0.00916615099009901, 0.009385313531353136, 0.008392636138613862, 0.008482879537953795, 0.008547339108910892, 0.008753609735973597, 0.0077738242574257425, 0.008057446369636964, 0.007928527227722772, 0.00825082508250825, 0.009333745874587459, 0.00901144801980198, 0.011035478547854785, 0.011641398514851485, 0.01080342409240924, 0.009694719471947194, 0.011525371287128713, 0.010854991749174918, 0.013613861386138614, 0.009965449669966996, 0.0105069100660066, 0.00843131188118812, 0.008521555280528052, 0.008805177392739274, 0.010326423267326733, 0.010339315181518151, 0.010738964521452146, 0.009888098184818481, 0.010455342409240924, 0.009991233498349836, 0.011203073432343235, 0.011215965346534653, 0.011022586633663366, 0.009243502475247524, 0.009114583333333334, 0.014129537953795379, 0.010442450495049506, 0.010468234323432343, 0.012092615511551155, 0.011383560231023103, 0.0111128300330033, 0.0033776815181518153, 0.010455342409240924, 0.009694719471947194, 0.011228857260726073, 0.011293316831683168, 0.010622937293729373, 0.010597153465346535, 0.010494018151815181, 0.010777640264026403, 0.013588077557755776, 0.013123968646864687, 0.013794348184818481, 0.008676258250825082, 0.00991388201320132, 0.009256394389438944, 0.008663366336633664, 