{"time": [2158.0, 2159.0, 2160.0, 2161.0, 2162.0, 2163.0, 2164.0, 2165.0, 2166.0, 2167.0, 2168.0, 2169.0, 2170.0, 2171.0, 2172.0, 2173.0, 2174.0, 2175.0, 2176.0, 2177.0, 2178.0, 2179.0, 2180.0, 2181.0, 2182.0, 2183.0, 2184.0, 2185.0, 2186.0, 2187.0, 2188.0, 2189.0, 2190.0, 2191.0, 2192.0, 2193.0, 2194.0, 2195.0, 2195.0, 2196.0, 2197.0, 2198.0, 2199.0, 2200.0, 2201.0, 2202.0, 2203.0, 2204.0, 2205.0, 2206.0, 2207.0, 2208.0, 2209.0, 2210.0, 2211.0, 2212.0, 2213.0, 2213.0, 2213.0], "avg_cpu": [0.026895009416195857, 0.03083804143126177, 0.029307909604519775, 0.028601694915254237, 0.028013182674199624, 0.026100517890772126, 0.026335922787193974, 0.028160310734463276, 0.030602636534839925, 0.03036723163841808, 0.03042608286252354, 0.0301024011299435, 0.02863112052730697, 0.030779190207156307, 0.023128531073446326, 0.03072033898305085, 0.03042608286252354, 0.030602636534839925, 0.030602636534839925, 0.03036723163841808, 0.03036723163841808, 0.03036723163841808, 0.03036723163841808, 0.03001412429378531, 0.03036723163841808, 0.030779190207156307, 0.02960216572504708, 0.03072033898305085, 0.030955743879472693, 0.03089689265536723, 0.030955743879472693, 0.03089689265536723, 0.030955743879472693, 0.030955743879472693, 0.03166195856873823, 0.029837570621468926, 0.029837570621468926, 0.02998469868173258, 0.030543785310734463, 0.031014595103578155, 0.02992584745762712, 0.031132297551789076, 0.031191148775894538, 0.031191148775894538, 0.031132297551789076, 0.031132297551789076, 0.031132297551789076, 0.031132297551789076, 0.031132297551789076, 0.031073446327683617, 0.030955743879472693, 0.031191148775894538, 0.031132297551789076, 0.031132297551789076, 0.03130885122410546, 0.031191148775894538, 0.02574741054613936, 0.00013609345574387948, 0.0], "avg_mem": [0.03614568081991215, 0.05911420204978038, 0.06853953147877014, 0.07540263543191801, 0.08025256222547585, 0.08400439238653001, 0.087298682284041, 0.09132503660322108, 0.09791361639824304, 0.10065885797950219, 0.1054172767203514, 0.18740849194729137, 0.39970717423133234, 0.719619326500732, 0.7166910688140556, 0.7152269399707174, 0.7137628111273792, 0.712298682284041, 0.712298682284041, 0.7144948755490483, 0.7152269399707174, 0.7144948755490483, 0.7144948755490483, 0.7152269399707174, 0.7218155197657394, 0.7818448023426061, 0.7950219619326501, 0.7950219619326501, 0.7950219619326501, 0.7950219619326501, 0.7950219619326501, 0.7950219619326501, 0.7950219619326501, 0.7950219619326501, 0.16691068814055637, 0.11914348462664714, 0.20571010248901903, 0.28953147877013174, 0.6273792093704246, 0.7225475841874085, 0.7225475841874085, 0.7225475841874085, 0.7225475841874085, 0.7225475841874085, 0.7225475841874085, 0.7225475841874085, 0.7225475841874085, 0.7225475841874085, 0.7225475841874085, 0.7225475841874085, 0.7225475841874085, 0.7225475841874085, 0.7225475841874085, 0.7232796486090776, 0.7232796486090776, 0.7232796486090776, 0.6859443631039531, 8.578879941434847e-05, 6.863103953147877e-05]}