{"time": [8168.0, 8169.0, 8170.0, 8171.0, 8172.0, 8173.0, 8174.0, 8175.0, 8176.0, 8177.0, 8178.0, 8179.0, 8180.0, 8181.0, 8182.0, 8183.0, 8184.0, 8185.0, 8186.0, 8187.0, 8188.0, 8189.0, 8190.0, 8191.0, 8192.0, 8193.0, 8194.0, 8195.0, 8196.0, 8197.0, 8198.0, 8199.0, 8200.0, 8201.0, 8202.0, 8203.0, 8204.0, 8205.0, 8206.0, 8207.0, 8208.0, 8209.0, 8210.0, 8211.0, 8212.0, 8213.0, 8214.0, 8215.0, 8216.0, 8217.0, 8218.0, 8219.0, 8220.0, 8221.0, 8222.0, 8223.0, 8224.0, 8225.0, 8226.0, 8227.0, 8228.0, 8229.0, 8230.0, 8231.0, 8232.0, 8233.0, 8234.0, 8235.0, 8236.0, 8237.0, 8238.0, 8239.0, 8240.0, 8241.0, 8242.0, 8243.0, 8244.0, 8245.0, 8246.0, 8247.0, 8248.0, 8249.0, 8250.0, 8251.0, 8252.0, 8253.0, 8254.0, 8255.0, 8256.0, 8257.0, 8258.0, 8259.0, 8260.0, 8261.0, 8262.0, 8263.0, 8264.0, 8265.0, 8266.0, 8267.0, 8268.0, 8269.0, 8270.0, 8271.0, 8272.0, 8273.0, 8274.0, 8275.0, 8276.0, 8277.0, 8278.0, 8279.0, 8280.0, 8281.0, 8282.0, 8283.0, 8284.0, 8285.0, 8286.0, 8287.0, 8288.0, 8289.0, 8290.0, 8291.0, 8292.0, 8293.0, 8294.0, 8295.0, 8296.0, 8297.0, 8298.0, 8299.0, 8300.0, 8301.0, 8302.0, 8303.0, 8304.0, 8305.0, 8306.0, 8307.0, 8308.0, 8309.0, 8310.0, 8311.0, 8312.0, 8313.0, 8314.0, 8315.0, 8316.0, 8317.0, 8318.0, 8319.0, 8320.0, 8321.0, 8322.0, 8323.0, 8324.0, 8325.0, 8326.0, 8327.0, 8328.0, 8329.0, 8330.0, 8331.0, 8332.0, 8333.0, 8334.0, 8335.0, 8336.0, 8337.0, 8338.0, 8339.0, 8340.0, 8341.0, 8342.0, 8343.0, 8344.0, 8345.0, 8346.0, 8347.0, 8348.0, 8349.0, 8350.0, 8351.0, 8352.0, 8353.0, 8354.0, 8355.0, 8356.0, 8357.0, 8358.0, 8359.0, 8360.0, 8361.0, 8362.0, 8363.0, 8364.0, 8365.0, 8366.0, 8367.0, 8368.0, 8369.0, 8370.0, 8371.0, 8372.0, 8373.0, 8374.0, 8375.0, 8376.0, 8377.0, 8378.0, 8379.0, 8380.0, 8381.0, 8382.0, 8383.0, 8384.0, 8385.0, 8386.0, 8387.0, 8388.0, 8389.0, 8390.0, 8391.0, 8392.0, 8393.0, 8394.0, 8395.0, 8396.0, 8397.0, 8398.0, 8399.0, 8400.0, 8401.0, 8402.0, 8403.0, 8404.0, 8405.0, 8406.0, 8407.0, 8408.0, 8409.0, 8410.0, 8411.0, 8412.0, 8413.0, 8414.0, 8415.0, 8416.0, 8417.0, 8418.0, 8419.0, 8420.0, 8421.0, 8422.0, 8423.0, 8424.0, 8425.0, 8426.0, 8427.0, 8428.0, 8429.0, 8430.0, 8431.0, 8432.0, 8433.0, 8434.0, 8435.0, 8436.0, 8437.0, 8438.0, 8439.0, 8440.0, 8441.0, 8442.0, 8442.0], "avg_cpu": [0.10101010101010101, 0.16698232323232323, 0.08617424242424243, 0.18244949494949494, 0.2518939393939394, 0.26830808080808083, 0.2831439393939394, 0.2866161616161616, 0.28440656565656564, 0.28535353535353536, 0.2881944444444444, 0.2831439393939394, 0.28251262626262624, 0.2850378787878788, 0.29103535353535354, 0.2900883838383838, 0.2904040404040404, 0.2894570707070707, 0.286300505050505, 0.2730429292929293, 0.2850378787878788, 0.2850378787878788, 0.2635732323232323, 0.2850378787878788, 0.27998737373737376, 0.2821969696969697, 0.2831439393939394, 0.2784090909090909, 0.28566919191919193, 0.24337121212121213, 0.26672979797979796, 0.27367424242424243, 0.2657828282828283, 0.2875631313131313, 0.27051767676767674, 0.2657828282828283, 0.28345959595959597, 0.2859848484848485, 0.28125, 0.2803030303030303, 0.2481060606060606, 0.08980429292929293, 0.1377840909090909, 0.28914141414141414, 0.26262626262626265, 0.27051767676767674, 0.2859848484848485, 0.2623106060606061, 0.2724116161616162, 0.2796717171717172, 0.28061868686868685, 0.27872474747474746, 0.27367424242424243, 0.26325757575757575, 0.2859848484848485, 0.2869318181818182, 0.27998737373737376, 0.2875631313131313, 0.27146464646464646, 0.27146464646464646, 0.28377525252525254, 0.2859848484848485, 0.2815656565656566, 0.2840909090909091, 0.2831439393939394, 0.2654671717171717, 0.2730429292929293, 0.25063131313131315, 0.25315656565656564, 0.2556818181818182, 0.2765151515151515, 0.28188131313131315, 0.273989898989899, 0.2774621212121212, 0.2793560606060606, 0.28188131313131315, 0.2743055555555556, 0.2821969696969697, 0.2743055555555556, 0.27178030303030304, 0.2869318181818182, 0.2900883838383838, 0.2913510101010101, 0.2904040404040404, 0.2913510101010101, 0.2894570707070707, 0.28914141414141414, 0.2881944444444444, 0.286300505050505, 0.2803030303030303, 0.28251262626262624, 0.2850378787878788, 0.28724747474747475, 0.28724747474747475, 0.28724747474747475, 0.28535353535353536, 0.2774621212121212, 0.2815656565656566, 0.28440656565656564, 0.28566919191919193, 0.2828282828282828, 0.2815656565656566, 0.2828282828282828, 0.28535353535353536, 0.2847222222222222, 0.2821969696969697, 0.2758838383838384, 0.27904040404040403, 0.2840909090909091, 0.2821969696969697, 0.2803030303030303, 0.27998737373737376, 0.28188131313131315, 0.2900883838383838, 0.2869318181818182, 0.2878787878787879, 0.28535353535353536, 0.2866161616161616, 0.2708333333333333, 0.2588383838383838, 0.2676767676767677, 0.2743055555555556, 0.28251262626262624, 0.28440656565656564, 0.2840909090909091, 0.28377525252525254, 0.2828282828282828, 0.27525252525252525, 0.276199494949495, 0.2563131313131313, 0.2724116161616162, 0.2821969696969697, 0.2821969696969697, 0.2869318181818182, 0.2755681818181818, 0.2796717171717172, 0.2784090909090909, 0.27051767676767674, 0.27335858585858586, 0.26641414141414144, 0.26262626262626265, 0.26262626262626265, 0.24368686868686867, 0.28125, 0.27146464646464646, 0.2765151515151515, 0.28125, 0.2803030303030303, 0.2821969696969697, 0.2815656565656566, 0.276199494949495, 0.2569444444444444, 0.2777777777777778, 0.2796717171717172, 0.2765151515151515, 0.27872474747474746, 0.27872474747474746, 0.2638888888888889, 0.273989898989899, 0.2727272727272727, 0.24589646464646464, 0.2765151515151515, 0.2784090909090909, 0.24873737373737373, 0.2774621212121212, 0.276199494949495, 0.276199494949495, 0.2758838383838384, 0.2673611111111111, 0.2689393939393939, 0.2730429292929293, 0.27714646464646464, 0.2809343434343434, 0.2743055555555556, 0.28061868686868685, 0.24779040404040403, 0.2755681818181818, 0.24873737373737373, 0.23926767676767677, 0.23958333333333334, 0.2635732323232323, 0.23295454545454544, 0.2676767676767677, 0.2692550505050505, 0.2749368686868687, 0.2730429292929293, 0.26957070707070707, 0.26830808080808083, 0.26641414141414144, 0.28061868686868685, 0.26641414141414144, 0.22253787878787878, 0.26294191919191917, 0.255050505050505, 0.25126262626262624, 0.2563131313131313, 0.2676767676767677, 0.2840909090909091, 0.26452020202020204, 0.2777777777777778, 0.23768939393939395, 0.27146464646464646, 0.28251262626262624, 0.276199494949495, 0.27809343434343436, 0.286300505050505, 0.26672979797979796, 0.27178030303030304, 0.2503156565656566, 0.2676767676767677, 0.2537878787878788, 0.27809343434343436, 0.22001262626262627, 0.2619949494949495, 0.2168560606060606, 0.26799242424242425, 0.2316919191919192, 0.2585227272727273, 0.21717171717171718, 0.2654671717171717, 0.2297979797979798, 0.2654671717171717, 0.16571969696969696, 0.2638888888888889, 0.2168560606060606, 0.26420454545454547, 0.22190656565656566, 0.2582070707070707, 0.17960858585858586, 0.24589646464646464, 2.2194602272727273e-05, 0.14725378787878787, 0.2178030303030303, 0.2847222222222222, 0.28377525252525254, 0.28724747474747475, 0.27872474747474746, 0.2793560606060606, 0.2758838383838384, 0.2803030303030303, 0.2755681818181818, 0.28188131313131315, 0.28061868686868685, 0.2815656565656566, 0.27683080808080807, 0.2784090909090909, 0.2793560606060606, 0.2515782828282828, 0.2708333333333333, 0.2746212121212121, 0.28188131313131315, 0.2708333333333333, 0.2796717171717172, 0.2878787878787879, 0.2875631313131313, 0.2821969696969697, 0.2727272727272727, 0.2831439393939394, 0.27809343434343436, 0.273989898989899, 0.2730429292929293, 0.27335858585858586, 0.2515782828282828, 0.2831439393939394, 0.26830808080808083, 0.2765151515151515, 0.2828282828282828, 0.2809343434343434, 0.27525252525252525, 0.2727272727272727, 0.25441919191919193, 0.28440656565656564, 0.26988636363636365, 0.2821969696969697, 0.20801767676767677, 0.0],