{"time": [2714.0, 2715.0, 2716.0, 2717.0, 2718.0, 2719.0, 2720.0, 2721.0, 2722.0, 2723.0, 2724.0, 2725.0, 2726.0, 2727.0, 2728.0, 2729.0, 2730.0, 2731.0, 2732.0, 2733.0, 2734.0, 2735.0, 2736.0, 2737.0, 2738.0, 2739.0, 2740.0, 2741.0, 2742.0, 2743.0, 2744.0, 2745.0, 2746.0, 2747.0, 2748.0, 2749.0, 2750.0, 2751.0, 2752.0, 2753.0, 2754.0, 2755.0, 2756.0, 2757.0, 2758.0, 2759.0, 2760.0, 2761.0, 2762.0, 2763.0, 2764.0, 2765.0, 2766.0, 2767.0, 2768.0, 2769.0, 2770.0, 2771.0, 2772.0, 2773.0, 2774.0, 2775.0, 2776.0, 2777.0, 2778.0, 2779.0, 2780.0, 2781.0, 2782.0, 2783.0, 2784.0, 2785.0, 2786.0, 2787.0, 2788.0, 2789.0, 2790.0, 2791.0, 2792.0, 2793.0, 2794.0, 2795.0, 2796.0, 2797.0, 2798.0, 2799.0, 2800.0, 2801.0, 2802.0, 2803.0, 2804.0, 2805.0, 2806.0, 2807.0, 2808.0, 2809.0, 2810.0, 2811.0, 2812.0, 2813.0, 2814.0, 2815.0, 2816.0, 2817.0, 2818.0, 2819.0, 2820.0, 2821.0, 2822.0, 2823.0, 2824.0, 2825.0, 2826.0, 2827.0, 2828.0, 2829.0, 2830.0, 2831.0, 2832.0, 2833.0, 2834.0, 2835.0, 2836.0, 2837.0, 2838.0, 2839.0, 2840.0, 2841.0, 2842.0, 2843.0, 2844.0, 2845.0, 2846.0, 2847.0, 2848.0, 2849.0, 2850.0, 2851.0, 2852.0, 2853.0, 2854.0, 2855.0, 2856.0, 2857.0, 2858.0, 2859.0, 2860.0, 2861.0, 2862.0, 2863.0, 2864.0, 2865.0, 2866.0, 2867.0, 2868.0, 2869.0, 2870.0, 2871.0, 2872.0, 2873.0, 2874.0, 2875.0, 2876.0, 2877.0, 2878.0, 2879.0, 2880.0, 2881.0, 2882.0, 2883.0, 2884.0, 2885.0, 2886.0, 2887.0, 2888.0, 2889.0, 2890.0, 2891.0, 2892.0, 2892.0, 2892.0], "avg_cpu": [0.0013538707386363637, 0.0003699100378787879, 0.059185606060606064, 0.28440656565656564, 0.276199494949495, 0.13273358585858586, 0.13383838383838384, 0.1305239898989899, 0.13825757575757575, 0.1278409090909091, 0.12373737373737374, 0.11916035353535354, 0.11710858585858586, 0.12263257575757576, 0.11016414141414141, 0.12121212121212122, 0.08996212121212122, 0.10858585858585859, 0.11000631313131314, 0.11016414141414141, 0.10921717171717171, 0.10716540404040405, 0.10621843434343434, 0.10132575757575757, 0.09785353535353536, 0.11000631313131314, 0.11158459595959595, 0.11426767676767677, 0.10984848484848485, 0.11079545454545454, 0.11616161616161616, 0.1111111111111111, 0.10811237373737374, 0.11316287878787878, 0.11505681818181818, 0.11047979797979798, 0.10953282828282829, 0.11095328282828283, 0.10969065656565656, 0.11268939393939394, 0.10905934343434344, 0.11158459595959595, 0.11016414141414141, 0.11079545454545454, 0.11221590909090909, 0.11000631313131314, 0.10748106060606061, 0.10921717171717171, 0.11190025252525253, 0.109375, 0.10890151515151515, 0.11253156565656566, 0.10779671717171717, 0.10400883838383838, 0.09390782828282829, 0.10069444444444445, 0.1084280303030303, 0.09880050505050506, 0.1076388888888889, 0.10874368686868686, 0.11158459595959595, 0.1103219696969697, 0.109375, 0.10984848484848485, 0.10101010101010101, 0.10479797979797979, 0.09375, 0.11126893939393939, 0.10969065656565656, 0.09674873737373738, 0.09659090909090909, 0.09580176767676768, 0.10621843434343434, 0.09674873737373738, 0.09785353535353536, 0.09895833333333333, 0.1019570707070707, 0.10606060606060606, 0.10716540404040405, 0.10069444444444445, 0.1158459595959596, 0.11300505050505051, 0.11474116161616162, 0.11190025252525253, 0.11742424242424243, 0.1185290404040404, 0.1158459595959596, 0.11395202020202021, 0.11158459595959595, 0.10905934343434344, 0.1103219696969697, 0.10921717171717171, 0.11821338383838384, 0.11126893939393939, 0.10890151515151515, 0.09880050505050506, 0.09611742424242424, 0.1029040404040404, 0.11142676767676768, 0.11190025252525253, 0.10558712121212122, 0.09390782828282829, 0.09974747474747475, 0.11126893939393939, 0.11016414141414141, 0.11395202020202021, 0.11095328282828283, 0.11126893939393939, 0.11000631313131314, 0.10795454545454546, 0.11095328282828283, 0.10274621212121213, 0.10669191919191919, 0.1158459595959596, 0.10369318181818182, 0.09627525252525253, 0.10148358585858586, 0.1084280303030303, 0.09532828282828283, 0.08964646464646464, 0.09438131313131314, 0.10890151515151515, 0.11884469696969698, 0.11395202020202021, 0.1076388888888889, 0.09138257575757576, 0.10669191919191919, 0.11347853535353536, 0.1103219696969697, 0.10890151515151515, 0.11837121212121213, 0.13020833333333334, 0.12105429292929293, 0.11616161616161616, 0.11395202020202021, 0.10969065656565656, 0.1019570707070707, 0.10101010101010101, 0.1251578282828283, 0.12926136363636365, 0.1278409090909091, 0.09801136363636363, 0.09943181818181818, 0.10132575757575757, 0.1158459595959596, 0.12263257575757576, 0.13415404040404041, 0.125, 0.10574494949494949, 0.11095328282828283, 0.11316287878787878, 0.11332070707070707, 0.12215909090909091, 0.11900252525252525, 0.11616161616161616, 0.11158459595959595, 0.10700757575757576, 0.109375, 0.11000631313131314, 0.11789772727272728, 0.12736742424242425, 0.12168560606060606, 0.10479797979797979, 0.10969065656565656, 0.10874368686868686, 0.11395202020202021, 0.10732323232323232, 0.10984848484848485, 0.10542929292929293, 0.11253156565656566, 0.10779671717171717, 0.12736742424242425, 0.12421085858585859, 0.10874368686868686, 0.11963383838383838, 0.13494318181818182, 0.12010732323232323, 0.08696338383838384, 0.02616003787878788, 0.0, 0.0],