{"time": [460.0, 461.0, 462.0, 463.0, 464.0, 465.0, 466.0, 467.0, 468.0, 469.0, 470.0, 471.0, 472.0, 473.0, 474.0, 475.0, 476.0, 477.0, 478.0, 479.0, 480.0, 481.0, 482.0, 483.0, 484.0, 485.0, 486.0, 487.0, 488.0, 489.0, 490.0, 491.0, 492.0, 493.0, 494.0, 495.0, 495.0, 495.0, 496.0, 497.0, 498.0, 499.0, 500.0, 501.0, 502.0, 503.0, 504.0, 505.0, 506.0, 507.0, 508.0, 509.0, 510.0, 511.0, 512.0, 513.0, 514.0, 515.0, 516.0, 517.0, 518.0, 519.0, 520.0, 521.0, 522.0, 523.0, 524.0, 525.0, 526.0, 527.0, 528.0, 529.0, 530.0, 531.0, 532.0, 533.0, 534.0, 535.0, 536.0, 537.0, 538.0, 539.0, 540.0, 541.0, 542.0, 543.0, 544.0, 545.0, 546.0, 547.0, 548.0, 549.0, 550.0, 551.0, 552.0, 553.0, 554.0, 555.0, 556.0, 557.0, 558.0, 559.0, 560.0, 561.0, 562.0, 563.0, 564.0, 565.0, 566.0, 567.0, 568.0, 569.0, 570.0, 571.0, 572.0, 573.0, 574.0, 575.0, 576.0, 577.0, 578.0, 579.0, 580.0, 581.0, 582.0, 583.0, 584.0, 585.0, 586.0, 587.0, 588.0, 589.0, 590.0, 591.0, 592.0, 593.0, 594.0, 595.0, 596.0, 597.0, 598.0, 599.0, 600.0, 601.0, 602.0, 603.0, 604.0, 605.0, 606.0, 607.0, 608.0, 609.0, 610.0, 611.0, 612.0, 613.0, 614.0, 615.0, 616.0, 617.0, 618.0, 619.0, 620.0, 621.0, 622.0, 623.0, 624.0, 625.0, 626.0, 627.0, 628.0, 629.0, 630.0, 631.0, 632.0, 633.0, 634.0, 635.0, 636.0, 636.0], "avg_cpu": [0.001472901196369637, 0.00025622679455445546, 0.05558993399339934, 0.20957095709570958, 0.11613036303630363, 0.07425742574257425, 0.07518564356435643, 0.07167904290429043, 0.08199257425742575, 0.06497524752475248, 0.06466584158415842, 0.06394389438943894, 0.06445957095709572, 0.06683168316831684, 0.06672854785478548, 0.06703795379537954, 0.06879125412541254, 0.0704414191419142, 0.07023514851485149, 0.06786303630363036, 0.06806930693069307, 0.06652227722772278, 0.06837871287128713, 0.06528465346534654, 0.06693481848184818, 0.06641914191419142, 0.06652227722772278, 0.06641914191419142, 0.06703795379537954, 0.06786303630363036, 0.06693481848184818, 0.066006600660066, 0.06528465346534654, 0.06724422442244224, 0.06765676567656766, 0.07033828382838284, 0.13964521452145215, 0.00961736798679868, 0.0012946851325757575, 0.046796085858585856, 0.31123737373737376, 0.2297979797979798, 0.12357954545454546, 0.10148358585858586, 0.10542929292929293, 0.10274621212121213, 0.11742424242424243, 0.12215909090909091, 0.12215909090909091, 0.11474116161616162, 0.10905934343434344, 0.11600378787878787, 0.12184343434343434, 0.12184343434343434, 0.11837121212121213, 0.11410984848484848, 0.11174242424242424, 0.10558712121212122, 0.11537247474747475, 0.09580176767676768, 0.0946969696969697, 0.09880050505050506, 0.11268939393939394, 0.1111111111111111, 0.11363636363636363, 0.11647727272727272, 0.11284722222222222, 0.09595959595959595, 0.09264520202020202, 0.0954861111111111, 0.10558712121212122, 0.11379419191919192, 0.11174242424242424, 0.11916035353535354, 0.11190025252525253, 0.11300505050505051, 0.10716540404040405, 0.10716540404040405, 0.10969065656565656, 0.10795454545454546, 0.1111111111111111, 0.1084280303030303, 0.11410984848484848, 0.10811237373737374, 0.11221590909090909, 0.10495580808080808, 0.09564393939393939, 0.09659090909090909, 0.10748106060606061, 0.10258838383838384, 0.10637626262626262, 0.10890151515151515, 0.11221590909090909, 0.10827020202020202, 0.10858585858585859, 0.11316287878787878, 0.11221590909090909, 0.10495580808080808, 0.11442550505050506, 0.109375, 0.10432449494949494, 0.09785353535353536, 0.09611742424242424, 0.09311868686868686, 0.09864267676767677, 0.09532828282828283, 0.10669191919191919, 0.11126893939393939, 0.11205808080808081, 0.11253156565656566, 0.11316287878787878, 0.11000631313131314, 0.11347853535353536, 0.11363636363636363, 0.11316287878787878, 0.10558712121212122, 0.09453914141414141, 0.09722222222222222, 0.09753787878787878, 0.09753787878787878, 0.09674873737373738, 0.09438131313131314, 0.10321969696969698, 0.09832702020202021, 0.1076388888888889, 0.09532828282828283, 0.09248737373737374, 0.09690656565656566, 0.09738005050505051, 0.09848484848484848, 0.11332070707070707, 0.10905934343434344, 0.11300505050505051, 0.10511363636363637, 0.11458333333333333, 0.109375, 0.11284722222222222, 0.09895833333333333, 0.09422348484848485, 0.09532828282828283, 0.10669191919191919, 0.11126893939393939, 0.11395202020202021, 0.11047979797979798, 0.09974747474747475, 0.09643308080808081, 0.09169823232323232, 0.09785353535353536, 0.11663510101010101, 0.11158459595959595, 0.10700757575757576, 0.11221590909090909, 0.11505681818181818, 0.11174242424242424, 0.11190025252525253, 0.09801136363636363, 0.0992739898989899, 0.09627525252525253, 0.09722222222222222, 0.09611742424242424, 0.1038510101010101, 0.09264520202020202, 0.09848484848484848, 0.09643308080808081, 0.11063762626262626, 0.11205808080808081, 0.11284722222222222, 0.11221590909090909, 0.10969065656565656, 0.11316287878787878, 0.11726641414141414, 0.11505681818181818, 0.11663510101010101, 0.1103219696969697, 0.09974747474747475, 0.10416666666666667, 0.11300505050505051, 0.08096590909090909, 0.026081123737373736, 0.0026041666666666665],