{"time": [4797.0, 4798.0, 4799.0, 4800.0, 4801.0, 4802.0, 4803.0, 4804.0, 4805.0, 4806.0, 4807.0, 4808.0, 4809.0, 4810.0, 4811.0, 4812.0, 4813.0, 4814.0, 4815.0, 4816.0, 4817.0, 4818.0, 4819.0, 4820.0, 4821.0, 4822.0, 4823.0, 4824.0, 4825.0, 4826.0, 4827.0, 4828.0, 4829.0, 4830.0, 4831.0, 4832.0, 4833.0, 4834.0, 4835.0, 4836.0, 4837.0, 4838.0, 4839.0, 4840.0, 4841.0, 4842.0, 4843.0, 4844.0, 4845.0, 4846.0, 4847.0, 4848.0, 4849.0, 4850.0, 4851.0, 4852.0, 4853.0, 4854.0, 4855.0, 4856.0, 4857.0, 4858.0, 4859.0, 4860.0, 4861.0, 4862.0, 4863.0, 4864.0, 4865.0, 4866.0, 4867.0, 4868.0, 4869.0, 4870.0, 4871.0, 4872.0, 4873.0, 4874.0, 4875.0, 4876.0, 4877.0, 4878.0, 4879.0, 4880.0, 4881.0, 4882.0, 4883.0, 4884.0, 4885.0, 4886.0, 4887.0, 4888.0, 4889.0, 4890.0, 4891.0, 4892.0, 4893.0, 4894.0, 4895.0, 4896.0, 4897.0, 4898.0, 4899.0, 4900.0, 4901.0, 4902.0, 4903.0, 4904.0, 4905.0, 4906.0, 4907.0, 4908.0, 4909.0, 4910.0, 4911.0, 4912.0, 4913.0, 4914.0, 4915.0, 4916.0, 4917.0, 4918.0, 4919.0, 4920.0, 4921.0, 4922.0, 4923.0, 4924.0, 4925.0, 4926.0, 4927.0, 4928.0, 4929.0, 4930.0, 4931.0, 4932.0, 4933.0, 4934.0, 4935.0, 4936.0, 4937.0, 4938.0, 4939.0, 4940.0, 4941.0, 4942.0, 4943.0, 4944.0, 4945.0, 4946.0, 4947.0, 4948.0, 4949.0, 4950.0, 4951.0, 4952.0, 4953.0, 4954.0, 4955.0, 4956.0, 4957.0, 4958.0, 4959.0, 4960.0, 4961.0, 4962.0, 4963.0, 4964.0, 4965.0, 4966.0, 4967.0, 4968.0, 4969.0, 4970.0, 4971.0, 4972.0, 4972.0], "avg_cpu": [0.0012379655934343435, 0.053582702020202023, 0.33585858585858586, 0.1736111111111111, 0.11332070707070707, 0.10827020202020202, 0.11442550505050506, 0.11426767676767677, 0.11221590909090909, 0.10874368686868686, 0.10969065656565656, 0.10606060606060606, 0.10606060606060606, 0.10858585858585859, 0.10669191919191919, 0.10085227272727272, 0.09627525252525253, 0.10037878787878787, 0.09943181818181818, 0.09659090909090909, 0.09864267676767677, 0.09785353535353536, 0.09595959595959595, 0.09643308080808081, 0.1002209595959596, 0.09706439393939394, 0.09643308080808081, 0.09627525252525253, 0.09864267676767677, 0.09532828282828283, 0.09911616161616162, 0.09595959595959595, 0.10053661616161616, 0.09911616161616162, 0.09296085858585859, 0.09674873737373738, 0.09264520202020202, 0.09643308080808081, 0.09580176767676768, 0.09248737373737374, 0.09185606060606061, 0.0954861111111111, 0.09580176767676768, 0.09390782828282829, 0.09422348484848485, 0.09248737373737374, 0.09769570707070707, 0.09453914141414141, 0.10527146464646464, 0.09643308080808081, 0.0992739898989899, 0.09722222222222222, 0.09485479797979798, 0.09801136363636363, 0.09722222222222222, 0.10037878787878787, 0.10085227272727272, 0.10085227272727272, 0.09911616161616162, 0.10148358585858586, 0.09690656565656566, 0.09595959595959595, 0.09785353535353536, 0.09864267676767677, 0.09990530303030302, 0.10037878787878787, 0.09753787878787878, 0.09895833333333333, 0.09801136363636363, 0.09801136363636363, 0.09848484848484848, 0.09816919191919192, 0.09832702020202021, 0.09832702020202021, 0.09943181818181818, 0.10101010101010101, 0.10037878787878787, 0.09564393939393939, 0.09769570707070707, 0.0992739898989899, 0.09943181818181818, 0.09580176767676768, 0.09659090909090909, 0.09611742424242424, 0.09627525252525253, 0.09438131313131314, 0.09958964646464646, 0.09517045454545454, 0.09785353535353536, 0.09801136363636363, 0.09659090909090909, 0.09422348484848485, 0.09517045454545454, 0.09832702020202021, 0.09848484848484848, 0.09674873737373738, 0.09753787878787878, 0.09816919191919192, 0.09943181818181818, 0.09485479797979798, 0.09627525252525253, 0.09738005050505051, 0.10037878787878787, 0.0992739898989899, 0.10148358585858586, 0.09690656565656566, 0.10006313131313131, 0.09895833333333333, 0.09738005050505051, 0.10148358585858586, 0.09785353535353536, 0.0992739898989899, 0.09895833333333333, 0.09627525252525253, 0.09659090909090909, 0.09801136363636363, 0.09580176767676768, 0.09627525252525253, 0.09801136363636363, 0.09864267676767677, 0.09674873737373738, 0.09627525252525253, 0.0992739898989899, 0.09690656565656566, 0.09674873737373738, 0.09706439393939394, 0.09943181818181818, 0.09785353535353536, 0.09911616161616162, 0.09627525252525253, 0.09753787878787878, 0.09816919191919192, 0.09659090909090909, 0.09832702020202021, 0.09643308080808081, 0.09706439393939394, 0.09580176767676768, 0.09895833333333333, 0.09738005050505051, 0.09958964646464646, 0.09580176767676768, 0.09564393939393939, 0.09643308080808081, 0.09990530303030302, 0.09674873737373738, 0.09390782828282829, 0.09801136363636363, 0.09848484848484848, 0.09611742424242424, 0.09659090909090909, 0.09990530303030302, 0.09706439393939394, 0.09517045454545454, 0.09753787878787878, 0.09848484848484848, 0.09690656565656566, 0.09706439393939394, 0.09864267676767677, 0.09958964646464646, 0.09706439393939394, 0.09517045454545454, 0.09816919191919192, 0.09832702020202021, 0.09580176767676768, 0.0992739898989899, 0.09674873737373738, 0.09785353535353536, 0.09674873737373738, 0.09517045454545454, 0.09832702020202021, 0.09611742424242424, 0.09643308080808081, 0.09564393939393939, 0.09753787878787878, 0.07591540404040405, 0.015901199494949496, 0.001708984375],