{"time": [8640.0, 8641.0, 8642.0, 8643.0, 8644.0, 8645.0, 8646.0, 8647.0, 8648.0, 8649.0, 8650.0, 8651.0, 8652.0, 8653.0, 8654.0, 8655.0, 8656.0, 8657.0, 8658.0, 8659.0, 8660.0, 8661.0, 8662.0, 8663.0, 8664.0, 8665.0, 8666.0, 8667.0, 8668.0, 8669.0, 8670.0, 8671.0, 8672.0, 8673.0, 8674.0, 8675.0, 8676.0, 8677.0, 8678.0, 8679.0, 8680.0, 8681.0, 8682.0, 8683.0, 8684.0, 8685.0, 8686.0, 8687.0, 8688.0, 8689.0, 8690.0, 8691.0, 8692.0, 8693.0, 8694.0, 8695.0, 8696.0, 8697.0, 8698.0, 8699.0, 8700.0, 8701.0, 8702.0, 8703.0, 8704.0, 8705.0, 8706.0, 8707.0, 8708.0, 8709.0, 8710.0, 8711.0, 8712.0, 8713.0, 8714.0, 8715.0, 8716.0, 8717.0, 8718.0, 8719.0, 8720.0, 8721.0, 8722.0, 8723.0, 8724.0, 8725.0, 8726.0, 8727.0, 8728.0, 8729.0, 8730.0, 8731.0, 8732.0, 8733.0, 8734.0, 8735.0, 8736.0, 8737.0, 8738.0, 8739.0, 8740.0, 8741.0, 8742.0, 8743.0, 8744.0, 8745.0, 8746.0, 8747.0, 8748.0, 8749.0, 8750.0, 8751.0, 8752.0, 8753.0, 8754.0, 8755.0, 8756.0, 8757.0, 8758.0, 8759.0, 8760.0, 8761.0, 8762.0, 8763.0, 8764.0, 8765.0, 8766.0, 8767.0, 8768.0, 8769.0, 8770.0, 8771.0, 8772.0, 8773.0, 8774.0, 8775.0, 8776.0, 8777.0, 8778.0, 8779.0, 8780.0, 8781.0, 8782.0, 8783.0, 8784.0, 8785.0, 8786.0, 8787.0, 8788.0, 8789.0, 8790.0, 8791.0, 8792.0, 8793.0, 8794.0, 8795.0, 8796.0, 8797.0, 8798.0, 8799.0, 8800.0, 8801.0, 8802.0, 8803.0, 8804.0, 8805.0, 8806.0, 8807.0, 8808.0, 8809.0, 8810.0, 8811.0, 8812.0, 8813.0, 8814.0, 8815.0, 8816.0, 8817.0, 8818.0, 8819.0, 8820.0, 8821.0, 8822.0, 8823.0, 8824.0, 8825.0, 8826.0, 8827.0, 8828.0, 8829.0, 8830.0, 8831.0, 8832.0, 8833.0, 8834.0, 8835.0, 8836.0, 8837.0, 8838.0, 8839.0, 8840.0, 8841.0, 8842.0, 8843.0, 8844.0, 8845.0, 8846.0, 8847.0, 8848.0, 8849.0, 8850.0, 8851.0, 8852.0, 8853.0, 8854.0, 8855.0, 8856.0, 8857.0, 8858.0, 8859.0, 8860.0, 8861.0, 8862.0, 8863.0, 8864.0, 8865.0, 8866.0, 8867.0, 8868.0, 8869.0, 8870.0, 8871.0, 8872.0, 8873.0, 8874.0, 8875.0, 8876.0, 8877.0, 8878.0, 8879.0, 8880.0, 8881.0, 8882.0, 8883.0, 8884.0, 8885.0, 8886.0, 8887.0, 8888.0, 8889.0, 8890.0, 8891.0, 8892.0, 8893.0, 8894.0, 8895.0, 8896.0, 8897.0, 8898.0, 8899.0, 8900.0, 8901.0, 8902.0, 8903.0, 8904.0, 8905.0, 8906.0, 8907.0, 8908.0, 8909.0, 8910.0, 8911.0, 8912.0, 8913.0, 8914.0, 8915.0, 8916.0, 8917.0, 8918.0, 8919.0, 8920.0, 8920.0, 8921.0, 8922.0, 8923.0, 8924.0, 8925.0, 8926.0, 8927.0, 8928.0, 8929.0], "avg_cpu": [0.0006804672787193974, 0.0004082803672316384, 0.0004082803672316384, 0.0004229931732580038, 0.00041195856873822977, 0.0004082803672316384, 0.00034207274011299434, 0.0002390830979284369, 0.00025379590395480225, 0.0002390830979284369, 0.00026115230696798495, 0.00025379590395480225, 0.00026115230696798495, 0.00030529072504708097, 0.005671786723163842, 0.009342631826741997, 0.010254825800376647, 0.00993114406779661, 0.010210687382297553, 0.010166548964218456, 0.010284251412429378, 0.010460805084745763, 0.0111670197740113, 0.011049317325800377, 0.011343573446327684, 0.01144656308851224, 0.01119644538606403, 0.011299435028248588, 0.011093455743879472, 0.011652542372881356, 0.011681967984934087, 0.012093926553672316, 0.012182203389830509, 0.012285193032015066, 0.0126530131826742, 0.012697151600753296, 0.012932556497175141, 0.012667725988700565, 0.012785428436911488, 0.012564736346516007, 0.012800141242937853, 0.013800612052730697, 0.013329802259887006, 0.012594161958568738, 0.012726577212806026, 0.012947269303201506, 0.013373940677966102, 0.013844750470809793, 0.014227283427495291, 0.013594632768361582, 0.013462217514124294, 0.013609345574387947, 0.014050729755178907, 0.014403837099811675, 0.014094868173258003, 0.01458039077212806, 0.014477401129943503, 0.01460981638418079, 0.015095338983050847, 0.015095338983050847, 0.015036487758945387, 0.014462688323917137, 0.014918785310734463, 0.014904072504708097, 0.014948210922787194, 0.015124764595103578, 0.01521304143126177, 0.0152424670433145, 0.015007062146892656, 0.014859934086629003, 0.015536723163841809, 0.015036487758945387, 0.015389595103578154, 0.0152424670433145, 0.01499234934086629, 0.014668667608286253, 0.015448446327683616, 0.015389595103578154, 0.0152424670433145, 0.014889359698681732, 0.015021774952919021, 0.014918785310734463, 0.015389595103578154, 0.015625, 0.015330743879472693, 0.01515419020715631, 0.015360169491525424, 0.015021774952919021, 0.015448446327683616, 0.015360169491525424, 0.015065913370998116, 0.01477165725047081, 0.015683851224105462, 0.015625, 0.015683851224105462, 0.014904072504708097, 0.015271892655367231, 0.01521304143126177, 0.015595574387947269, 0.015124764595103578, 0.01515419020715631, 0.015889830508474576, 0.01565442561205273, 0.015830979284369114, 0.015801553672316383, 0.015566148775894538, 0.015477871939736347, 0.015595574387947269, 0.016301789077212806, 0.015683851224105462, 0.015889830508474576, 0.015919256120527307, 0.015830979284369114, 0.015948681732580038, 0.015683851224105462, 0.015419020715630885, 0.015625, 0.015742702448210924, 0.015742702448210924, 0.01603695856873823, 0.015772128060263655, 0.01612523540489642, 0.015860404896421845, 0.01597810734463277, 0.01644891713747646, 0.016301789077212806, 0.016978578154425612, 0.016978578154425612, 0.016360640301318268, 0.016654896421845575, 0.017184557438794726, 0.01691972693032015, 0.017155131826741995, 0.017508239171374763, 0.017213983050847457, 0.017243408662900188, 0.017390536723163843, 0.01733168549905838, 0.017184557438794726, 0.017390536723163843, 0.017625941619585687, 0.017625941619585687, 0.01818502824858757, 0.0182144538606403, 0.0178319209039548, 0.018744114877589455, 0.01815560263653484, 0.0178319209039548, 0.017861346516007532, 0.017920197740112994, 0.01765536723163842, 0.01733168549905838, 0.01780249529190207, 0.01780249529190207, 0.017361111111111112, 0.014256709039548022, 0.014948210922787194, 0.01477165725047081, 0.01458039077212806, 0.01480108286252354, 0.014492113935969868, 0.013830037664783428, 0.013962452919020716, 0.0141390065913371, 0.013874176082862524, 0.014006591337099812, 0.014212570621468926, 0.013609345574387947, 0.013388653483992466, 0.013785899246704331, 0.013197387005649718, 0.012667725988700565, 0.01309439736346516, 0.013079684557438794, 0.01246174670433145, 0.012299905838041431, 0.012226341807909604, 0.012035075329566856, 0.011917372881355932, 0.01163782956685499, 0.011475988700564972, 0.011181732580037665, 0.011078742937853107, 0.010858050847457628, 0.010887476459510359, 0.010622645951035781, 0.010328389830508475, 0.0104019538606403, 0.010107697740112994, 0.009842867231638418, 0.010063559322033898, 0.009416195856873822, 0.009033662900188325, 0.009018950094161959, 0.008989524482109228, 0.008871822033898306, 0.008489289077212806, 0.008504001883239172, 0.00806261770244821, 0.007783074387947269, 0.0077977871939736345, 0.007753648775894539, 0.007518243879472693, 0.007466749058380414, 0.007429967043314501, 0.007326977401129944, 0.007143067325800377, 0.006981226459510358, 0.006856167608286253, 0.006944444444444444, 0.006598693502824859, 0.00654719868173258, 0.00651777306967985, 0.0066501883239171375, 0.006488347457627119, 0.006297080979284369, 0.0062455861581920905, 0.005966042843691149, 0.005951330037664783, 0.005863053201506591, 0.0057747763653484, 0.005826271186440678, 0.005737994350282486, 0.005451094632768361, 0.005421669020715631, 0.005326035781544256, 0.005333392184557439, 0.00561293549905838, 0.006319150188323917, 0.006510416666666667, 0.006238229755178908, 0.006127883709981167, 0.00610581450094162, 0.0060911016949152545, 0.005693855932203389, 0.005855696798493409, 0.005642361111111111, 0.005664430320150659, 0.005701212335216572, 0.005576153483992467, 0.005642361111111111, 0.0054731638418079095, 0.005561440677966102, 0.005429025423728814, 0.0053922434086629, 0.005421669020715631, 0.005259828154425612, 0.005355461393596987, 0.0055025894538606405, 0.005245115348399247, 0.005458451035781544, 0.005340748587570622, 0.005384887005649717, 0.005193620527306968, 0.005326035781544256, 0.005524658662900189, 0.0055025894538606405, 0.005495233050847458, 0.005362817796610169, 