{"time": [5491.0, 5491.0, 5492.0, 5493.0, 5494.0, 5495.0, 5496.0, 5497.0, 5498.0, 5499.0, 5500.0, 5501.0, 5502.0, 5503.0, 5504.0, 5505.0, 5506.0, 5507.0, 5508.0, 5509.0, 5510.0, 5511.0, 5512.0, 5513.0, 5514.0, 5515.0, 5516.0, 5517.0, 5518.0, 5519.0, 5520.0, 5521.0, 5522.0, 5523.0, 5524.0, 5525.0, 5526.0, 5527.0, 5528.0, 5529.0, 5530.0, 5531.0, 5532.0, 5533.0, 5534.0, 5535.0, 5536.0, 5537.0, 5538.0, 5539.0, 5540.0, 5541.0, 5542.0, 5543.0, 5544.0, 5545.0, 5546.0, 5547.0, 5548.0, 5549.0, 5550.0, 5551.0, 5552.0, 5553.0, 5554.0, 5555.0, 5556.0, 5557.0, 5558.0, 5559.0, 5560.0, 5561.0, 5562.0, 5563.0, 5564.0, 5565.0, 5566.0, 5567.0, 5568.0, 5569.0, 5570.0, 5571.0, 5572.0, 5573.0, 5574.0, 5575.0, 5576.0, 5577.0, 5578.0, 5579.0, 5580.0, 5581.0, 5582.0, 5583.0, 5584.0, 5585.0, 5586.0, 5587.0, 5588.0, 5589.0, 5590.0, 5591.0, 5592.0, 5593.0, 5594.0, 5595.0, 5596.0, 5597.0, 5598.0, 5599.0, 5600.0, 5601.0, 5602.0, 5603.0, 5604.0, 5605.0, 5606.0, 5607.0, 5608.0, 5609.0, 5610.0, 5611.0, 5612.0, 5613.0, 5614.0, 5615.0, 5616.0, 5617.0, 5618.0, 5619.0, 5620.0, 5621.0, 5622.0, 5623.0, 5624.0, 5625.0, 5626.0, 5627.0, 5628.0, 5629.0, 5630.0, 5631.0, 5632.0, 5633.0, 5634.0, 5635.0, 5636.0, 5637.0, 5638.0, 5639.0, 5640.0, 5641.0, 5642.0, 5643.0, 5644.0, 5645.0, 5646.0, 5647.0, 5648.0, 5649.0, 5650.0, 5651.0, 5652.0, 5653.0, 5654.0, 5655.0, 5656.0, 5657.0, 5658.0, 5659.0, 5660.0, 5661.0, 5662.0, 5663.0, 5664.0, 5665.0, 5666.0, 5667.0, 5667.0, 5667.0], "avg_cpu": [0.0, 0.0004318791254125413, 0.06394389438943894, 0.23391089108910892, 0.07951732673267327, 0.0706476897689769, 0.0708539603960396, 0.07229785478547855, 0.07281353135313531, 0.06930693069306931, 0.06796617161716172, 0.06806930693069307, 0.0823019801980198, 0.0576526402640264, 0.064253300330033, 0.06167491749174917, 0.06177805280528053, 0.06177805280528053, 0.06157178217821782, 0.057446369636963694, 0.05961221122112211, 0.0625, 0.0625, 0.06301567656765676, 0.05558993399339934, 0.06084983498349835, 0.058787128712871284, 0.056518151815181515, 0.05662128712871287, 0.05837458745874587, 0.0591996699669967, 0.06043729372937294, 0.06054042904290429, 0.055177392739273926, 0.056827557755775575, 0.056518151815181515, 0.05992161716171617, 0.0591996699669967, 0.06219059405940594, 0.06084983498349835, 0.06023102310231023, 0.06105610561056106, 0.06084983498349835, 0.06064356435643564, 0.06084983498349835, 0.06023102310231023, 0.06126237623762376, 0.0609529702970297, 0.06033415841584158, 0.05981848184818482, 0.06229372937293729, 0.05992161716171617, 0.06146864686468647, 0.0594059405940594, 0.06064356435643564, 0.06084983498349835, 0.06219059405940594, 0.05724009900990099, 0.05971534653465346, 0.060746699669967, 0.06012788778877888, 0.05992161716171617, 0.06126237623762376, 0.06054042904290429, 0.05981848184818482, 0.05693069306930693, 0.05868399339933993, 0.05930280528052805, 0.05961221122112211, 0.06136551155115511, 0.06033415841584158, 0.05961221122112211, 0.06002475247524752, 0.05950907590759076, 0.05827145214521452, 0.06064356435643564, 0.0594059405940594, 0.06291254125412542, 0.06033415841584158, 0.05950907590759076, 0.06023102310231023, 0.05961221122112211, 0.05662128712871287, 0.05693069306930693, 0.056002475247524754, 0.05754950495049505, 0.05785891089108911, 0.05796204620462046, 0.056208745874587455, 0.05662128712871287, 0.05558993399339934, 0.057755775577557754, 0.06023102310231023, 0.057446369636963694, 0.055693069306930694, 0.05930280528052805, 0.05796204620462046, 0.05847772277227723, 0.0609529702970297, 0.06064356435643564, 0.06084983498349835, 0.06054042904290429, 0.06105610561056106, 0.055796204620462045, 0.0609529702970297, 0.0576526402640264, 0.05631188118811881, 0.05899339933993399, 0.06239686468646865, 0.055693069306930694, 0.05868399339933993, 0.06023102310231023, 0.05693069306930693, 0.057136963696369635, 0.058065181518151814, 0.057755775577557754, 0.05971534653465346, 0.06064356435643564, 0.05961221122112211, 0.058787128712871284, 0.06002475247524752, 0.06157178217821782, 0.0638407590759076, 0.06054042904290429, 0.06012788778877888, 0.06002475247524752, 0.05785891089108911, 0.057136963696369635, 0.0591996699669967, 0.05961221122112211, 0.05899339933993399, 0.0627062706270627, 0.06291254125412542, 0.06033415841584158, 0.0576526402640264, 0.059096534653465344, 0.06146864686468647, 0.0609529702970297, 0.06260313531353136, 0.056724422442244224, 0.057446369636963694, 0.06115924092409241, 0.0627062706270627, 0.05868399339933993, 0.05662128712871287, 0.05858085808580858, 0.06167491749174917, 0.05889026402640264, 0.06054042904290429, 0.06208745874587459, 0.06177805280528053, 0.06188118811881188, 0.06311881188118812, 0.06363448844884488, 0.06002475247524752, 0.0625, 0.06115924092409241, 0.06002475247524752, 0.06115924092409241, 0.06136551155115511, 0.06476897689768978, 0.05754950495049505, 0.05785891089108911, 0.057446369636963694, 0.06167491749174917, 0.056827557755775575, 0.06115924092409241, 0.06332508250825082, 0.05662128712871287, 0.06229372937293729, 0.06002475247524752, 0.06064356435643564, 0.0625, 0.05992161716171617, 0.056105610561056105, 0.058787128712871284, 0.05785891089108911, 0.025886963696369638, 0.0, 0.0],