{"time": [8640.0, 8641.0, 8642.0, 8643.0, 8644.0, 8645.0, 8646.0, 8647.0, 8648.0, 8649.0, 8650.0, 8651.0, 8652.0, 8653.0, 8654.0, 8655.0, 8656.0, 8657.0, 8658.0, 8659.0, 8660.0, 8661.0, 8662.0, 8663.0, 8664.0, 8665.0, 8666.0, 8667.0, 8668.0, 8669.0, 8670.0, 8671.0, 8672.0, 8673.0, 8674.0, 8675.0, 8676.0, 8677.0, 8678.0, 8679.0, 8680.0, 8681.0, 8682.0, 8683.0, 8684.0, 8685.0, 8686.0, 8687.0, 8688.0, 8689.0, 8690.0, 8691.0, 8692.0, 8693.0, 8694.0, 8695.0, 8696.0, 8697.0, 8698.0, 8699.0, 8700.0, 8701.0, 8702.0, 8703.0, 8704.0, 8705.0, 8706.0, 8707.0, 8708.0, 8709.0, 8710.0, 8711.0, 8712.0, 8713.0, 8714.0, 8715.0, 8716.0, 8717.0, 8718.0, 8719.0, 8720.0, 8721.0, 8722.0, 8723.0, 8724.0, 8725.0, 8726.0, 8727.0, 8728.0, 8729.0, 8730.0, 8731.0, 8732.0, 8733.0, 8734.0, 8735.0, 8736.0, 8737.0, 8738.0, 8739.0, 8740.0, 8741.0, 8742.0, 8743.0, 8744.0, 8745.0, 8746.0, 8747.0, 8748.0, 8749.0, 8750.0, 8751.0, 8752.0, 8753.0, 8754.0, 8755.0, 8756.0, 8757.0, 8758.0, 8759.0, 8760.0, 8761.0, 8762.0, 8763.0, 8764.0, 8765.0, 8766.0, 8767.0, 8768.0, 8769.0, 8770.0, 8771.0, 8772.0, 8773.0, 8774.0, 8775.0, 8776.0, 8777.0, 8778.0, 8779.0, 8780.0, 8781.0, 8782.0, 8783.0, 8784.0, 8785.0, 8786.0, 8787.0, 8788.0, 8789.0, 8790.0, 8791.0, 8792.0, 8793.0, 8794.0, 8795.0, 8796.0, 8797.0, 8798.0, 8799.0, 8800.0, 8801.0, 8802.0, 8803.0, 8804.0, 8805.0, 8806.0, 8807.0, 8808.0, 8809.0, 8810.0, 8811.0, 8812.0, 8813.0, 8814.0, 8815.0, 8816.0, 8817.0, 8818.0, 8819.0, 8820.0, 8821.0, 8822.0, 8823.0, 8824.0, 8825.0, 8826.0, 8827.0, 8828.0, 8829.0, 8830.0, 8831.0, 8832.0, 8833.0, 8834.0, 8835.0, 8836.0, 8837.0, 8838.0, 8839.0, 8840.0, 8841.0, 8842.0, 8843.0, 8844.0, 8845.0, 8846.0, 8847.0, 8848.0, 8849.0, 8850.0, 8851.0, 8852.0, 8853.0, 8854.0, 8855.0, 8856.0, 8857.0, 8858.0, 8859.0, 8860.0, 8861.0, 8862.0, 8863.0, 8864.0, 8865.0, 8866.0, 8867.0, 8868.0, 8869.0, 8870.0, 8871.0, 8872.0, 8873.0, 8874.0, 8875.0, 8876.0, 8877.0, 8878.0, 8879.0, 8880.0, 8881.0, 8882.0, 8883.0, 8884.0, 8885.0, 8886.0, 8887.0, 8888.0, 8889.0, 8890.0, 8891.0, 8892.0, 8893.0, 8894.0, 8895.0, 8896.0, 8897.0, 8898.0, 8899.0, 8900.0, 8901.0, 8902.0, 8903.0, 8904.0, 8905.0, 8906.0, 8907.0, 8908.0, 8909.0, 8910.0, 8911.0, 8912.0, 8913.0, 8914.0, 8915.0, 8916.0, 8917.0, 8918.0, 8918.0, 8918.0, 8919.0, 8920.0, 8921.0, 8922.0, 8923.0, 8924.0, 8925.0, 8926.0, 8927.0, 8928.0, 8929.0], "avg_cpu": [0.0007540313088512241, 0.0004597751883239171, 0.00044138418079096045, 0.00043770597928436913, 0.00044506238229755177, 0.0004597751883239171, 0.0003678201506591337, 0.0002574741054613936, 0.00026483050847457627, 0.0002574741054613936, 0.0002795433145009416, 0.00029425612052730695, 0.0002979343220338983, 0.00034942914312617704, 0.006694326741996233, 0.010092984934086629, 0.011372999058380415, 0.010710922787193974, 0.010902189265536722, 0.011843808851224106, 0.012196916195856874, 0.011976224105461394, 0.013638771186440678, 0.012917843691148775, 0.012049788135593221, 0.012520597928436912, 0.012741290018832391, 0.012579449152542372, 0.012888418079096044, 0.013006120527306968, 0.013138535781544256, 0.01435969868173258, 0.01347693032015066, 0.014433262711864406, 0.014595103578154425, 0.013962452919020716, 0.014433262711864406, 0.0145215395480226, 0.015036487758945387, 0.015036487758945387, 0.014477401129943503, 0.014595103578154425, 0.01518361581920904, 0.016360640301318268, 0.015830979284369114, 0.01496292372881356, 0.015360169491525424, 0.015360169491525424, 0.015477871939736347, 0.015507297551789078, 0.015124764595103578, 0.015801553672316383, 0.015683851224105462, 0.015919256120527307, 0.016213512241054613, 0.01650776836158192, 0.01650776836158192, 0.01691972693032015, 0.017419962335216574, 0.017419962335216574, 0.016978578154425612, 0.016095809792843693, 0.01650776836158192, 0.016360640301318268, 0.017184557438794726, 0.016713747645951037, 0.017184557438794726, 0.016625470809792844, 0.01727283427495292, 0.016978578154425612, 0.017213983050847457, 0.01815560263653484, 0.017537664783427494, 0.017390536723163843, 0.017419962335216574, 0.017449387947269305, 0.017773069679849342, 0.017861346516007532, 0.017478813559322032, 0.01780249529190207, 0.017567090395480225, 0.01774364406779661, 0.01730225988700565, 0.018037900188323918, 0.0182144538606403, 0.018332156308851225, 0.01844985875706215, 0.017596516007532956, 0.01809675141242938, 0.0178319209039548, 0.017596516007532956, 0.01768479284369115, 0.017979048964218456, 0.018420433145009418, 0.018037900188323918, 0.018538135593220338, 0.01862641242937853, 0.01844985875706215, 0.018420433145009418, 0.018773540489642186, 0.019303201506591337, 0.019803436911487757, 0.019950564971751412, 0.0197445856873823, 0.01947975517890772, 0.01989171374764595, 0.01989171374764595, 0.020568502824858757, 0.020597928436911488, 0.019538606403013182, 0.019950564971751412, 0.019715160075329568, 0.019597457627118644, 0.019950564971751412, 0.01977401129943503, 0.01992113935969868, 0.01947975517890772, 0.0193620527306968, 0.01950918079096045, 0.01900894538606403, 0.019303201506591337, 0.019244350282485875, 0.01950918079096045, 0.020127118644067795, 0.020156544256120526, 0.02024482109227872, 0.01947975517890772, 0.020539077212806026, 0.020597928436911488, 0.020921610169491525, 0.020362523540489643, 0.02027424670433145, 0.020421374764595105, 0.020185969868173257, 0.01989171374764595, 0.020391949152542374, 0.020568502824858757, 0.02065677966101695, 0.02071563088512241, 0.019214924670433144, 0.02027424670433145, 0.020215395480225988, 0.019626883239171375, 0.019626883239171375, 0.020097693032015067, 0.019303201506591337, 0.019568032015065913, 0.01862641242937853, 0.02024482109227872, 0.020833333333333332, 0.02030367231638418, 0.019597457627118644, 0.01939147834274953, 0.01983286252354049, 0.020097693032015067, 0.01641949152542373, 0.016331214689265537, 0.01612523540489642, 0.016390065913371, 0.016331214689265537, 0.016272363465160075, 0.0160075329566855, 0.01603695856873823, 0.015860404896421845, 0.015477871939736347, 0.015021774952919021, 0.015860404896421845, 0.015536723163841809, 0.015713276836158193, 0.015448446327683616, 0.015389595103578154, 0.014624529190207156, 0.013991878531073447, 0.013918314500941619, 0.014036016949152543, 0.013329802259887006, 0.013712335216572506, 0.013182674199623353, 0.013447504708097928, 0.013241525423728813, 0.012858992467043315, 0.012402895480225988, 0.011711393596986818, 0.010549081920903956, 0.011152306967984934, 0.011946798493408663, 0.0122704802259887, 0.0118879472693032, 0.011372999058380415, 0.01119644538606403, 0.011049317325800377, 0.01097575329566855, 0.010446092278719397, 0.010107697740112994, 0.009725164783427494, 0.009901718455743879, 0.010578507532956685, 0.009386770244821093, 0.009460334274952919, 0.009445621468926553, 0.009195503766478343, 0.0092984934086629, 0.009239642184557438, 0.008945386064030132, 0.008312735404896422, 0.008327448210922787, 0.007871351224105462, 0.008371586629001884, 0.007974340866290019, 0.007694797551789077, 0.007665371939736347, 0.007474105461393597, 0.007113641713747646, 0.006797316384180791, 0.007562382297551789, 0.007665371939736347, 0.007532956685499058, 0.007319620998116761, 0.007150423728813559, 0.006451565442561205, 0.005848340395480226, 0.005649717514124294, 0.005635004708097928, 0.005480520244821092, 0.005465807438794727, 0.005274540960451978, 0.00528189736346516, 0.005649717514124294, 0.0066207627118644065, 0.006149952919020716, 0.006186734934086629, 0.006164665725047081, 0.00580420197740113, 0.0058409839924670436, 0.0059071916195856874, 0.005414312617702448, 0.005635004708097928, 0.005598222693032015, 0.005708568738229755, 0.005495233050847458, 0.005355461393596987, 0.005443738229755179, 0.005303966572504708, 0.005362817796610169, 0.005208333333333333, 0.00528189736346516, 0.005384887005649717, 0.005303966572504708, 0.0052230461393596985, 0.005303966572504708, 0.005355461393596987, 0.0053481049905838044, 0.005554084274952919, 0.005384887005649717, 0.005245115348399247, 0.005245115348399247, 0.005230402542372881, 0.005384887005649717, 