{"time": [8640.0, 8640.0, 8641.0, 8642.0, 8643.0, 8644.0, 8645.0, 8646.0, 8647.0, 8648.0, 8649.0, 8650.0, 8651.0, 8652.0, 8653.0, 8654.0, 8655.0, 8656.0, 8657.0, 8658.0, 8659.0, 8660.0, 8661.0, 8662.0, 8663.0, 8664.0, 8665.0, 8666.0, 8667.0, 8668.0, 8669.0, 8670.0, 8671.0, 8672.0, 8673.0, 8674.0, 8675.0, 8676.0, 8677.0, 8678.0, 8679.0, 8680.0, 8681.0, 8682.0, 8683.0, 8684.0, 8685.0, 8686.0, 8687.0, 8688.0, 8689.0, 8690.0, 8691.0, 8692.0, 8693.0, 8694.0, 8695.0, 8696.0, 8697.0, 8698.0, 8699.0, 8700.0, 8701.0, 8702.0, 8703.0, 8704.0, 8705.0, 8706.0, 8707.0, 8708.0, 8709.0, 8710.0, 8711.0, 8712.0, 8713.0, 8714.0, 8715.0, 8716.0, 8717.0, 8718.0, 8719.0, 8720.0, 8721.0, 8722.0, 8723.0, 8724.0, 8725.0, 8726.0, 8727.0, 8728.0, 8729.0, 8730.0, 8731.0, 8732.0, 8733.0, 8734.0, 8735.0, 8736.0, 8737.0, 8738.0, 8739.0, 8740.0, 8741.0, 8742.0, 8743.0, 8744.0, 8745.0, 8746.0, 8747.0, 8748.0, 8749.0, 8750.0, 8751.0, 8752.0, 8753.0, 8754.0, 8755.0, 8756.0, 8757.0, 8758.0, 8759.0, 8760.0, 8761.0, 8762.0, 8763.0, 8764.0, 8765.0, 8766.0, 8767.0, 8768.0, 8769.0, 8770.0, 8771.0, 8772.0, 8773.0, 8774.0, 8775.0, 8776.0, 8777.0, 8778.0, 8779.0, 8780.0, 8781.0, 8782.0, 8783.0, 8784.0, 8785.0, 8786.0, 8787.0, 8788.0, 8789.0, 8790.0, 8791.0, 8792.0, 8793.0, 8794.0, 8795.0, 8796.0, 8797.0, 8798.0, 8799.0, 8800.0, 8801.0, 8802.0, 8803.0, 8804.0, 8805.0, 8806.0, 8807.0, 8808.0, 8809.0, 8810.0, 8811.0, 8812.0, 8813.0, 8814.0, 8815.0, 8816.0, 8817.0, 8818.0, 8819.0, 8820.0, 8821.0, 8822.0, 8823.0, 8824.0, 8825.0, 8826.0, 8827.0, 8828.0, 8829.0, 8830.0, 8831.0, 8832.0, 8833.0, 8834.0, 8835.0, 8836.0, 8837.0, 8838.0, 8839.0, 8840.0, 8841.0, 8842.0, 8843.0, 8844.0, 8845.0, 8846.0, 8847.0, 8848.0, 8849.0, 8850.0, 8851.0, 8852.0, 8853.0, 8854.0, 8855.0, 8856.0, 8857.0, 8858.0, 8859.0, 8860.0, 8861.0, 8862.0, 8863.0, 8864.0, 8865.0, 8866.0, 8867.0, 8868.0, 8869.0, 8870.0, 8871.0, 8872.0, 8873.0, 8874.0, 8875.0, 8876.0, 8877.0, 8878.0, 8879.0, 8880.0, 8881.0, 8882.0, 8883.0, 8884.0, 8885.0, 8886.0, 8887.0, 8888.0, 8889.0, 8890.0, 8891.0, 8892.0, 8893.0, 8894.0, 8895.0, 8896.0, 8897.0, 8898.0, 8899.0, 8900.0, 8901.0, 8902.0, 8903.0, 8904.0, 8905.0, 8906.0, 8907.0, 8908.0, 8909.0, 8910.0, 8911.0, 8912.0, 8913.0, 8914.0, 8915.0, 8916.0, 8917.0, 8918.0, 8918.0, 8918.0, 8919.0, 8920.0, 8921.0, 8922.0, 8923.0, 8924.0, 8925.0, 8926.0, 8927.0, 8928.0, 8929.0], "avg_cpu": [0.0, 0.0008423081450094162, 0.0005774776365348399, 0.0005701212335216572, 0.0005848340395480226, 0.0005885122410546139, 0.0005480520244821092, 0.00045241878531073447, 0.0003200035310734463, 0.00031264712806026366, 0.0002979343220338983, 0.0003347163370998117, 0.00034942914312617704, 0.0003678201506591337, 0.00043034957627118643, 0.007694797551789077, 0.012491172316384181, 0.013197387005649718, 0.012623587570621469, 0.012064500941619585, 0.011784957627118644, 0.012947269303201506, 0.013830037664783428, 0.01356520715630885, 0.01372704802259887, 0.013594632768361582, 0.01328566384180791, 0.014065442561205272, 0.015065913370998116, 0.01458039077212806, 0.01480108286252354, 0.014403837099811675, 0.014742231638418079, 0.015713276836158193, 0.015948681732580038, 0.015536723163841809, 0.015919256120527307, 0.016213512241054613, 0.016831450094161957, 0.016390065913371, 0.017096280602636536, 0.01647834274952919, 0.01689030131826742, 0.01515419020715631, 0.015919256120527307, 0.016331214689265537, 0.016331214689265537, 0.0167725988700565, 0.016654896421845575, 0.01686087570621469, 0.017361111111111112, 0.017567090395480225, 0.018037900188323918, 0.017861346516007532, 0.018126177024482108, 0.018332156308851225, 0.018391007532956687, 0.018655838041431262, 0.018832391713747645, 0.018273305084745763, 0.017920197740112994, 0.018891242937853107, 0.018361581920903956, 0.018744114877589455, 0.018920668549905838, 0.019303201506591337, 0.0189795197740113, 0.018508709981167607, 0.0182144538606403, 0.017920197740112994, 0.01862641242937853, 0.019185499058380413, 0.019038370998116762, 0.017949623352165725, 0.019597457627118644, 0.020539077212806026, 0.019685734463276837, 0.019538606403013182, 0.01942090395480226, 0.020097693032015067, 0.020421374764595105, 0.020391949152542374, 0.02030367231638418, 0.020215395480225988, 0.02065677966101695, 0.01977401129943503, 0.01992113935969868, 0.01986228813559322, 0.019597457627118644, 0.0197445856873823, 0.019715160075329568, 0.01900894538606403, 0.019656308851224106, 0.0197445856873823, 0.01989171374764595, 0.019803436911487757, 0.01989171374764595, 0.020333097928436912, 0.0208039077212806, 0.02071563088512241, 0.020068267419962336, 0.020215395480225988, 0.020391949152542374, 0.020921610169491525, 0.020480225988700564, 0.020185969868173257, 0.01933262711864407, 0.020568502824858757, 0.020391949152542374, 0.019715160075329568, 0.020185969868173257, 0.01989171374764595, 0.019626883239171375, 0.020038841807909605, 0.020391949152542374, 0.01947975517890772, 0.019538606403013182, 0.020215395480225988, 0.020480225988700564, 0.02030367231638418, 0.020038841807909605, 0.020862758945386063, 0.02068620527306968, 0.020951035781544256, 0.020774482109227874, 0.020892184557438794, 0.02115701506591337, 0.021774952919020717, 0.02071563088512241, 0.021362994350282487, 0.020892184557438794, 0.0215689736346516, 0.021362994350282487, 0.022598870056497175, 0.02153954802259887, 0.021451271186440676, 0.02245174199623352, 0.020921610169491525, 0.021480696798493407, 0.022039783427495293, 0.021863229755178907, 0.022245762711864406, 0.02230461393596987, 0.022657721280602637, 0.02448210922787194, 0.024334981167608287, 0.0241584274952919, 0.025217749529190207, 0.024599811676082863, 0.024776365348399245, 0.024776365348399245, 0.024452683615819207, 0.02527660075329567, 0.02327565913370998, 0.022981403013182675, 0.02324623352165725, 0.020774482109227874, 0.01947975517890772, 0.02030367231638418, 0.0193620527306968, 0.01947975517890772, 0.018802966101694914, 0.01862641242937853, 0.0189795197740113, 0.01895009416195857, 0.018508709981167607, 0.017979048964218456, 0.018538135593220338, 0.0178319209039548, 0.018037900188323918, 0.017243408662900188, 0.01689030131826742, 0.016743173258003768, 0.017537664783427494, 0.01691972693032015, 0.01644891713747646, 0.01518361581920904, 0.01615466101694915, 0.014021304143126178, 0.01356520715630885, 0.0152424670433145, 0.01521304143126177, 0.013064971751412429, 0.01328566384180791, 0.013962452919020716, 0.013270951035781544, 0.01290313088512241, 0.012358757062146893, 0.012814854048964219, 0.012196916195856874, 0.012476459510357816, 0.011726106403013182, 0.010813912429378531, 0.010828625235404897, 0.010387241054613937, 0.01199093691148776, 0.010637358757062147, 0.009901718455743879, 0.009607462335216572, 0.009224929378531074, 0.0089159604519774, 0.00910722693032015, 0.008754119585687382, 0.00847457627118644, 0.00882768361581921, 0.008327448210922787, 0.00822445856873823, 0.008092043314500941, 0.007930202448210922, 0.008209745762711865, 0.007415254237288136, 0.007304908192090395, 0.007246056967984934, 0.006819385593220339, 0.006826741996233522, 0.0073931850282485875, 0.00759180790960452, 0.007246056967984934, 0.0070842161016949155, 0.00706950329566855, 0.006753177966101695, 0.006179378531073447, 0.006157309322033898, 0.005899835216572505, 0.00580420197740113, 0.005730637947269303, 0.005737994350282486, 0.005524658662900189, 0.005671786723163842, 0.006208804143126177, 0.0064294962335216576, 0.006311793785310734, 0.0060616760828625235, 0.006120527306967985, 0.006127883709981167, 0.006451565442561205, 0.007106285310734463, 0.006444209039548022, 0.006569267890772128, 0.006458921845574388, 0.006017537664783428, 0.006385357815442561, 0.0059366172316384185, 0.006046963276836158, 0.006046963276836158, 0.006010181261770245, 0.005921904425612053, 0.005752707156308851, 0.005576153483992467, 0.005554084274952919, 0.005539371468926553, 0.005620291902071563, 0.005708568738229755, 0.005554084274952919, 0.005576153483992467, 0.005745350753295669, 0.0063706450094161956, 0.006922375235404897, 0.007076859698681733, 