{"time": [2585.0, 2586.0, 2587.0, 2588.0, 2589.0, 2590.0, 2591.0, 2592.0, 2593.0, 2594.0, 2595.0, 2596.0, 2597.0, 2598.0, 2599.0, 2600.0, 2601.0, 2602.0, 2603.0, 2604.0, 2605.0, 2606.0, 2607.0, 2608.0, 2609.0, 2610.0, 2611.0, 2612.0, 2613.0, 2614.0, 2615.0, 2616.0, 2617.0, 2618.0, 2619.0, 2620.0, 2621.0, 2622.0, 2623.0, 2624.0, 2625.0, 2626.0, 2627.0, 2628.0, 2629.0, 2630.0, 2631.0, 2632.0, 2633.0, 2634.0, 2635.0, 2636.0, 2637.0, 2638.0, 2639.0, 2640.0, 2641.0, 2642.0, 2643.0, 2644.0, 2645.0, 2646.0, 2647.0, 2648.0, 2649.0, 2650.0, 2651.0, 2652.0, 2653.0, 2654.0, 2655.0, 2656.0, 2657.0, 2658.0, 2659.0, 2660.0, 2661.0, 2662.0, 2663.0, 2664.0, 2665.0, 2666.0, 2667.0, 2668.0, 2669.0, 2670.0, 2671.0, 2672.0, 2673.0, 2674.0, 2674.0, 2675.0, 2676.0, 2677.0, 2677.0, 2678.0, 2679.0, 2680.0, 2681.0, 2682.0, 2683.0, 2684.0, 2685.0, 2686.0, 2687.0, 2688.0, 2689.0, 2690.0, 2691.0, 2692.0, 2693.0, 2694.0, 2695.0, 2696.0, 2697.0, 2698.0, 2699.0, 2700.0, 2701.0, 2702.0, 2703.0, 2704.0, 2705.0, 2706.0, 2707.0, 2708.0, 2709.0, 2710.0, 2711.0, 2712.0, 2713.0, 2714.0, 2715.0, 2716.0, 2716.0, 2717.0, 2718.0, 2719.0, 2720.0, 2721.0, 2722.0, 2723.0, 2724.0, 2725.0, 2726.0, 2727.0, 2728.0, 2728.0, 2729.0, 2730.0, 2731.0, 2732.0, 2733.0, 2734.0, 2735.0, 2736.0, 2737.0, 2738.0, 2739.0, 2740.0, 2741.0, 2742.0, 2743.0, 2744.0, 2745.0, 2746.0, 2747.0, 2748.0, 2749.0, 2750.0, 2751.0, 2752.0, 2753.0, 2754.0, 2755.0, 2756.0, 2757.0, 2758.0, 2759.0, 2760.0, 2761.0, 2762.0, 2763.0, 2764.0, 2764.0, 2765.0, 2766.0, 2767.0, 2768.0, 2769.0, 2770.0, 2771.0, 2772.0, 2773.0, 2774.0, 2775.0, 2776.0, 2777.0, 2778.0, 2779.0, 2780.0, 2781.0, 2782.0, 2783.0, 2784.0, 2785.0, 2786.0, 2787.0, 2788.0, 2789.0, 2790.0, 2791.0, 2792.0, 2793.0, 2794.0, 2795.0, 2796.0, 2796.0, 2797.0, 2798.0, 2799.0, 2800.0, 2801.0, 2802.0, 2803.0, 2804.0, 2805.0, 2806.0, 2807.0, 2808.0, 2809.0, 2810.0, 2810.0, 2811.0, 2812.0, 2813.0, 2814.0, 2815.0, 2816.0, 2817.0, 2818.0, 2819.0, 2820.0, 2821.0, 2822.0, 2823.0, 2824.0, 2825.0, 2826.0, 2827.0, 2828.0, 2829.0, 2830.0, 2831.0, 2832.0, 2833.0, 2834.0, 2835.0, 2836.0, 2837.0, 2838.0, 2839.0, 2840.0, 2841.0, 2842.0, 2843.0, 2844.0, 2845.0, 2846.0, 2847.0, 2848.0, 2849.0, 2850.0, 2851.0, 2852.0, 2853.0, 2854.0, 2855.0, 2856.0, 2857.0, 2858.0, 2859.0, 2860.0, 2861.0, 2862.0, 2863.0, 2863.0, 2863.0, 2863.0, 2863.0], "avg_cpu": [0.2739273927392739, 0.1813118811881188, 0.11365511551155115, 0.03362211221122112, 0.018074463696369638, 0.006819822607260726, 0.010545585808580858, 0.005047184405940594, 0.010442450495049506, 0.008469987623762377, 0.01157693894389439, 0.005994740099009901, 0.01186056105610561, 0.007606229372937294, 0.012118399339933993, 0.005827145214521452, 0.011692966171617162, 0.006297700082508251, 0.013111076732673267, 0.006033415841584159, 0.011589830858085808, 0.007541769801980198, 0.009101691419141914, 0.010700288778877888, 0.006426619224422442, 0.012131291254125412, 0.006639335808580858, 0.013098184818481849, 0.006497524752475247, 0.013407590759075907, 0.0067682549504950494, 0.01593440594059406, 0.00602052392739274, 0.012698535478547854, 0.006271916254125412, 0.01593440594059406, 0.006297700082508251, 0.009591584158415841, 0.007090552805280528, 0.00810901402640264, 0.013510726072607261, 0.006033415841584159, 0.0123246699669967, 0.005917388613861386, 0.013562293729372937, 0.005524185231023103, 0.012079723597359735, 0.005910942656765676, 0.01307240099009901, 0.0071936881188118815, 0.013330239273927394, 0.006503970709570957, 0.013162644389438944, 0.007670688943894389, 0.012079723597359735, 0.006084983498349835, 0.012402021452145215, 0.0072065800330033, 0.009849422442244224, 0.009527124587458746, 0.0084184199669967, 0.012750103135313532, 0.008315284653465347, 0.014077970297029703, 0.0074128506600660065, 0.014258457095709571, 0.008598906765676567, 0.014258457095709571, 0.007103444719471947, 0.014361592409240924, 0.008031662541254125, 0.014387376237623763, 0.006716687293729373, 0.013665429042904291, 0.0066909034653465345, 0.01516089108910891, 0.006491078795379538, 0.013665429042904291, 0.007580445544554455, 0.014490511551155116, 0.01097101897689769, 0.008237933168316832, 0.012195750825082508, 0.007077660891089109, 0.01487726897689769, 0.006819822607260726, 0.014103754125412541, 0.006678011551155116, 0.015496080858085808, 0.006065645627062706, 0.007760932343234324, 0.013716996699669966, 0.00615588902640264, 0.013252887788778879, 0.01701732673267327, 0.006426619224422442, 0.01456786303630363, 0.006794038778877888, 0.015109323432343235, 0.008057446369636964, 0.01503197194719472, 0.0075546617161716175, 0.011783209570957095, 0.01173164191419142, 0.009668935643564356, 0.012982157590759076, 0.0073483910891089105, 0.015831270627062705, 0.007632013201320132, 0.015599216171617162, 0.008676258250825082, 0.012698535478547854, 0.006781146864686468, 0.013407590759075907, 0.006871390264026403, 0.013716996699669966, 0.009862314356435644, 0.014387376237623763, 0.008895420792079207, 0.012943481848184819, 0.0062590243399339935, 0.014052186468646864, 0.006639335808580858, 0.010042801155115511, 0.009088799504950494, 0.00857312293729373, 0.012659859735973597, 0.00661355198019802, 0.014438943894389438, 0.0067682549504950494, 0.014206889438943894, 0.0070518770627062705, 0.015212458745874588, 0.0021207198844884487, 0.0071936881188118815, 0.014670998349834983, 0.007090552805280528, 0.013459158415841584, 0.007296823432343234, 0.013949051155115511, 0.007180796204620462, 0.015057755775577558, 0.0074902021452145215, 0.015057755775577558, 0.008341068481848185, 0.011989480198019802, 0.022921823432343235, 0.007683580858085809, 0.00886963696369637, 0.013098184818481849, 0.007155012376237624, 0.014258457095709571, 0.0072065800330033, 0.015496080858085808, 0.007760932343234324, 0.015238242574257425, 0.007902743399339935, 0.015264026402640265, 0.007735148514851485, 0.009540016501650164, 0.007941419141914192, 0.009720503300330034, 0.007451526402640264, 0.009475556930693069, 0.0078125, 0.009604476072607261, 0.00795431105610561, 0.010042801155115511, 0.007889851485148515, 0.009230610561056106, 0.008031662541254125, 0.007232363861386139, 0.0090243399339934, 0.007799608085808581, 0.009501340759075907, 0.008173473597359735, 0.00872782590759076, 0.007387066831683168, 0.009436881188118812, 0.007838283828382838, 0.009643151815181519, 0.008147689768976897, 0.009681827557755776, 0.004770008250825082, 0.008353960396039604, 0.009939665841584159, 0.011241749174917492, 0.009926773927392739, 0.008083230198019802, 0.01291769801980198, 0.008302392739273927, 0.009836530528052806, 0.008444203795379537, 0.009037231848184819, 0.010274855610561056, 0.008534447194719472, 0.010184612211221121, 0.0084184199669967, 0.010107260726072606, 0.008225041254125412, 0.01036509900990099, 0.008740717821782179, 0.010171720297029703, 0.00813479785478548, 0.009411097359735974, 0.007760932343234324, 0.009875206270627063, 0.007425742574257425, 0.009797854785478548, 0.008508663366336634, 0.011435127887788778, 0.007541769801980198, 0.008985664191419142, 0.007735148514851485, 0.0077093646864686465, 0.009449773102310231, 0.0042285478547854785, 0.007838283828382838, 0.009063015676567657, 0.007799608085808581, 0.009772070957095709, 0.008005878712871287, 0.009952557755775578, 0.008083230198019802, 0.009797854785478548, 0.009217718646864687, 0.010081476897689769, 0.008392636138613862, 0.010455342409240924, 0.00856023102310231, 0.011641398514851485, 0.003094059405940594, 0.009359529702970297, 0.010377990924092409, 0.009230610561056106, 0.010854991749174918, 0.008998556105610562, 0.009488448844884489, 0.015341377887788778, 0.009204826732673267, 0.010983910891089108, 0.009398205445544554, 0.011357776402640265, 0.009140367161716172, 0.011512479372937293, 0.009398205445544554, 0.01095812706270627, 0.009037231848184819, 0.010429558580858086, 0.008740717821782179, 0.011035478547854785, 0.008908312706270627, 0.010700288778877888, 0.008753609735973597, 0.010261963696369636, 0.009075907590759076, 0.010700288778877888, 0.009217718646864687, 0.008650474422442244,