{"time": [4795.0, 4795.0, 4796.0, 4797.0, 4798.0, 4799.0, 4800.0, 4801.0, 4802.0, 4803.0, 4804.0, 4805.0, 4806.0, 4807.0, 4808.0, 4809.0, 4810.0, 4811.0, 4812.0, 4813.0, 4814.0, 4815.0, 4816.0, 4817.0, 4818.0, 4819.0, 4820.0, 4821.0, 4822.0, 4823.0, 4824.0, 4825.0, 4826.0, 4827.0, 4828.0, 4829.0, 4830.0, 4831.0, 4832.0, 4833.0, 4834.0, 4835.0, 4836.0, 4837.0, 4838.0, 4839.0, 4840.0, 4841.0, 4842.0, 4843.0, 4844.0, 4845.0, 4846.0, 4847.0, 4848.0, 4849.0, 4850.0, 4851.0, 4852.0, 4853.0, 4854.0, 4855.0, 4856.0, 4857.0, 4858.0, 4859.0, 4860.0, 4861.0, 4862.0, 4863.0, 4864.0, 4865.0, 4866.0, 4867.0, 4868.0, 4869.0, 4870.0, 4871.0, 4872.0, 4873.0, 4874.0, 4875.0, 4876.0, 4877.0, 4878.0, 4879.0, 4880.0, 4881.0, 4882.0, 4883.0, 4884.0, 4885.0, 4886.0, 4887.0, 4888.0, 4889.0, 4890.0, 4891.0, 4892.0, 4893.0, 4894.0, 4895.0, 4896.0, 4897.0, 4897.0], "avg_cpu": [0.0, 0.0007669468118686869, 0.037799873737373736, 0.36426767676767674, 0.1590909090909091, 0.12610479797979798, 0.11663510101010101, 0.11410984848484848, 0.11363636363636363, 0.13131313131313133, 0.11994949494949494, 0.1275252525252525, 0.12026515151515152, 0.1148989898989899, 0.11474116161616162, 0.10053661616161616, 0.10606060606060606, 0.11284722222222222, 0.11079545454545454, 0.109375, 0.09958964646464646, 0.10464015151515152, 0.09958964646464646, 0.10637626262626262, 0.10306186868686869, 0.11016414141414141, 0.10258838383838384, 0.10827020202020202, 0.1038510101010101, 0.10590277777777778, 0.10637626262626262, 0.10337752525252525, 0.10227272727272728, 0.10211489898989899, 0.10179924242424243, 0.09990530303030302, 0.10211489898989899, 0.10511363636363637, 0.10337752525252525, 0.10448232323232323, 0.10574494949494949, 0.1038510101010101, 0.10258838383838384, 0.10085227272727272, 0.10148358585858586, 0.10400883838383838, 0.10448232323232323, 0.10416666666666667, 0.10464015151515152, 0.10621843434343434, 0.10432449494949494, 0.10858585858585859, 0.10748106060606061, 0.10479797979797979, 0.10732323232323232, 0.10179924242424243, 0.10669191919191919, 0.10164141414141414, 0.1002209595959596, 0.10211489898989899, 0.1029040404040404, 0.10243055555555555, 0.09958964646464646, 0.10337752525252525, 0.10337752525252525, 0.10211489898989899, 0.09990530303030302, 0.10258838383838384, 0.10164141414141414, 0.09958964646464646, 0.10164141414141414, 0.1019570707070707, 0.10179924242424243, 0.10416666666666667, 0.10369318181818182, 0.10274621212121213, 0.10274621212121213, 0.10101010101010101, 0.09816919191919192, 0.10369318181818182, 0.1038510101010101, 0.1002209595959596, 0.10258838383838384, 0.09864267676767677, 0.10179924242424243, 0.10306186868686869, 0.09990530303030302, 0.10321969696969698, 0.10306186868686869, 0.1002209595959596, 0.10037878787878787, 0.10132575757575757, 0.1019570707070707, 0.10274621212121213, 0.10085227272727272, 0.10053661616161616, 0.10132575757575757, 0.10037878787878787, 0.09990530303030302, 0.10353535353535354, 0.09974747474747475, 0.10448232323232323, 0.10211489898989899, 0.058475378787878785, 0.0011393229166666667], "avg_mem": [5.719253294289898e-06, 0.005656341508052709, 0.15684480234260614, 0.4428989751098097, 0.5973645680819912, 0.6010248901903368, 0.6024890190336749, 0.6032210834553441, 0.6024890190336749, 0.6039531478770132, 0.6039531478770132, 0.6046852122986823, 0.6054172767203514, 0.6054172767203514, 0.6061493411420205, 0.6068814055636896, 0.6068814055636896, 0.6076134699853587, 0.6076134699853587, 0.6076134699853587, 0.6076134699853587, 0.6068814055636896, 0.6068814055636896, 0.6068814055636896, 0.6068814055636896, 0.6068814055636896, 0.6068814055636896, 0.6068814055636896, 0.6068814055636896, 0.6076134699853587, 0.6076134699853587, 0.6076134699853587, 0.6076134699853587, 0.6076134699853587, 0.6076134699853587, 0.6076134699853587, 0.6076134699853587, 0.6076134699853587, 0.6083455344070278, 0.6090775988286969, 0.6105417276720352, 0.6105417276720352, 0.6105417276720352, 0.6112737920937042, 0.6112737920937042, 0.6112737920937042, 0.6112737920937042, 0.6112737920937042, 0.6112737920937042, 0.6112737920937042, 0.6120058565153733, 0.6120058565153733, 0.6120058565153733, 0.6120058565153733, 0.6120058565153733, 0.6127379209370425, 0.6127379209370425, 0.6127379209370425, 0.6127379209370425, 0.6127379209370425, 0.6127379209370425, 0.6127379209370425, 0.6127379209370425, 0.6134699853587116, 0.6134699853587116, 0.6134699853587116, 0.6134699853587116, 0.6134699853587116, 0.6142020497803806, 0.6142020497803806, 0.6142020497803806, 0.6142020497803806, 0.6142020497803806, 0.6142020497803806, 0.6142020497803806, 0.6149341142020498, 0.6149341142020498, 0.6149341142020498, 0.6156661786237189, 0.6156661786237189, 0.6156661786237189, 0.6156661786237189, 0.6156661786237189, 0.6156661786237189, 0.6156661786237189, 0.6156661786237189, 0.6156661786237189, 0.616398243045388, 0.616398243045388, 0.616398243045388, 0.616398243045388, 0.616398243045388, 0.6171303074670571, 0.6171303074670571, 0.616398243045388, 0.6171303074670571, 0.6171303074670571, 0.6171303074670571, 0.6178623718887262, 0.6178623718887262, 0.6178623718887262, 0.6193265007320644, 0.6222547584187409, 0.4480234260614934, 0.2887994143484627]}