{"time": [8640.0, 8640.0, 8641.0, 8642.0, 8643.0, 8644.0, 8645.0, 8646.0, 8647.0, 8648.0, 8649.0, 8650.0, 8651.0, 8652.0, 8653.0, 8654.0, 8655.0, 8656.0, 8657.0, 8658.0, 8659.0, 8660.0, 8661.0, 8662.0, 8663.0, 8664.0, 8665.0, 8666.0, 8667.0, 8668.0, 8669.0, 8670.0, 8671.0, 8672.0, 8673.0, 8674.0, 8675.0, 8676.0, 8677.0, 8678.0, 8679.0, 8680.0, 8681.0, 8682.0, 8683.0, 8684.0, 8685.0, 8686.0, 8687.0, 8688.0, 8689.0, 8690.0, 8691.0, 8692.0, 8693.0, 8694.0, 8695.0, 8696.0, 8697.0, 8698.0, 8699.0, 8700.0, 8701.0, 8702.0, 8703.0, 8704.0, 8705.0, 8706.0, 8707.0, 8708.0, 8709.0, 8710.0, 8711.0, 8712.0, 8713.0, 8714.0, 8715.0, 8716.0, 8717.0, 8718.0, 8719.0, 8720.0, 8721.0, 8722.0, 8723.0, 8724.0, 8725.0, 8726.0, 8727.0, 8728.0, 8729.0, 8730.0, 8731.0, 8732.0, 8733.0, 8734.0, 8735.0, 8736.0, 8737.0, 8738.0, 8739.0, 8740.0, 8741.0, 8742.0, 8743.0, 8744.0, 8745.0, 8746.0, 8747.0, 8748.0, 8749.0, 8750.0, 8751.0, 8752.0, 8753.0, 8754.0, 8755.0, 8756.0, 8757.0, 8758.0, 8759.0, 8760.0, 8761.0, 8762.0, 8763.0, 8764.0, 8765.0, 8766.0, 8767.0, 8768.0, 8769.0, 8770.0, 8771.0, 8772.0, 8773.0, 8774.0, 8775.0, 8776.0, 8777.0, 8778.0, 8779.0, 8780.0, 8781.0, 8782.0, 8783.0, 8784.0, 8785.0, 8786.0, 8787.0, 8788.0, 8789.0, 8790.0, 8791.0, 8792.0, 8793.0, 8794.0, 8795.0, 8796.0, 8797.0, 8798.0, 8799.0, 8800.0, 8801.0, 8802.0, 8803.0, 8804.0, 8805.0, 8806.0, 8807.0, 8808.0, 8809.0, 8810.0, 8811.0, 8812.0, 8813.0, 8814.0, 8815.0, 8816.0, 8817.0, 8818.0, 8819.0, 8820.0, 8821.0, 8822.0, 8823.0, 8824.0, 8825.0, 8826.0, 8827.0, 8828.0, 8829.0, 8830.0, 8831.0, 8832.0, 8833.0, 8834.0, 8835.0, 8836.0, 8837.0, 8838.0, 8839.0, 8840.0, 8841.0, 8842.0, 8843.0, 8844.0, 8845.0, 8846.0, 8847.0, 8848.0, 8849.0, 8850.0, 8851.0, 8852.0, 8853.0, 8854.0, 8855.0, 8856.0, 8857.0, 8858.0, 8859.0, 8860.0, 8861.0, 8862.0, 8863.0, 8864.0, 8865.0, 8866.0, 8867.0, 8868.0, 8869.0, 8870.0, 8871.0, 8872.0, 8873.0, 8874.0, 8875.0, 8876.0, 8877.0, 8878.0, 8879.0, 8880.0, 8881.0, 8882.0, 8883.0, 8884.0, 8885.0, 8886.0, 8887.0, 8888.0, 8889.0, 8890.0, 8891.0, 8892.0, 8893.0, 8894.0, 8895.0, 8896.0, 8897.0, 8898.0, 8899.0, 8900.0, 8901.0, 8902.0, 8903.0, 8904.0, 8905.0, 8906.0, 8907.0, 8908.0, 8909.0, 8910.0, 8911.0, 8912.0, 8913.0, 8914.0, 8915.0, 8916.0, 8917.0, 8918.0, 8919.0, 8920.0, 8920.0, 8921.0, 8922.0, 8923.0, 8924.0, 8925.0, 8926.0, 8927.0, 8928.0, 8929.0], "avg_cpu": [0.0, 0.0006731108757062147, 0.0003788547551789077, 0.0003862111581920904, 0.0003788547551789077, 0.00038988935969868174, 0.00038253295668549904, 0.00030896892655367234, 0.00022069209039548023, 0.00023172669491525424, 0.00022069209039548023, 0.00023540489642184556, 0.0002390830979284369, 0.00025011770244821093, 0.00030161252354048965, 0.005752707156308851, 0.00910722693032015, 0.010181261770244822, 0.009401483050847457, 0.009533898305084746, 0.00993114406779661, 0.009784016007532956, 0.010225400188323916, 0.010240112994350282, 0.010666784369114878, 0.010961040489642184, 0.010681497175141243, 0.011019891713747646, 0.011152306967984934, 0.011005178907721281, 0.01135828625235405, 0.011755532015065913, 0.011667255178907722, 0.01163782956685499, 0.011873234463276837, 0.012108639359698681, 0.012152777777777778, 0.012888418079096044, 0.012314618644067797, 0.012579449152542372, 0.012667725988700565, 0.012608874764595103, 0.012491172316384181, 0.01290313088512241, 0.012594161958568738, 0.012667725988700565, 0.013432791902071563, 0.012888418079096044, 0.013403366290018832, 0.01433027306967985, 0.014050729755178907, 0.01372704802259887, 0.013682909604519775, 0.014300847457627119, 0.014286134651600753, 0.014492113935969868, 0.014550965160075329, 0.014183145009416196, 0.01433027306967985, 0.014595103578154425, 0.015065913370998116, 0.01477165725047081, 0.014477401129943503, 0.01460981638418079, 0.014639241996233522, 0.014447975517890772, 0.014477401129943503, 0.014477401129943503, 0.014300847457627119, 0.014153719397363465, 0.014639241996233522, 0.014403837099811675, 0.014727518832391713, 0.015036487758945387, 0.014977636534839925, 0.015124764595103578, 0.01515419020715631, 0.015036487758945387, 0.01518361581920904, 0.015095338983050847, 0.014668667608286253, 0.015271892655367231, 0.01515419020715631, 0.01518361581920904, 0.0152424670433145, 0.01496292372881356, 0.014904072504708097, 0.01499234934086629, 0.014727518832391713, 0.015021774952919021, 0.01480108286252354, 0.014786370056497175, 0.014933498116760828, 0.014889359698681732, 0.014727518832391713, 0.01515419020715631, 0.01496292372881356, 0.015742702448210924, 0.01606638418079096, 0.01597810734463277, 0.015830979284369114, 0.016213512241054613, 0.01641949152542373, 0.01641949152542373, 0.01603695856873823, 0.01615466101694915, 0.016272363465160075, 0.01597810734463277, 0.01606638418079096, 0.01650776836158192, 0.015713276836158193, 0.015625, 0.015801553672316383, 0.01597810734463277, 0.016095809792843693, 0.015889830508474576, 0.01597810734463277, 0.015830979284369114, 0.016301789077212806, 0.016301789077212806, 0.016095809792843693, 0.015830979284369114, 0.015919256120527307, 0.015948681732580038, 0.01606638418079096, 0.01653719397363465, 0.01656661958568738, 0.01691972693032015, 0.01691972693032015, 0.016713747645951037, 0.01689030131826742, 0.01694915254237288, 0.017125706214689264, 0.016743173258003768, 0.017567090395480225, 0.017567090395480225, 0.017449387947269305, 0.017890772128060263, 0.01856756120527307, 0.01809675141242938, 0.01815560263653484, 0.01844985875706215, 0.018538135593220338, 0.018391007532956687, 0.018508709981167607, 0.019185499058380413, 0.018802966101694914, 0.01856756120527307, 0.018538135593220338, 0.018420433145009418, 0.0185969868173258, 0.018126177024482108, 0.018685263653483993, 0.017773069679849342, 0.01806732580037665, 0.018273305084745763, 0.015477871939736347, 0.01521304143126177, 0.014889359698681732, 0.015007062146892656, 0.01438912429378531, 0.014786370056497175, 0.014756944444444444, 0.014550965160075329, 0.014315560263653484, 0.014403837099811675, 0.014271421845574388, 0.01438912429378531, 0.013977165725047081, 0.013918314500941619, 0.013521068738229756, 0.013609345574387947, 0.01331508945386064, 0.013006120527306968, 0.012947269303201506, 0.012770715630885122, 0.01246174670433145, 0.012520597928436912, 0.012388182674199623, 0.012196916195856874, 0.012167490583804143, 0.011623116760828625, 0.011431850282485875, 0.010843338041431262, 0.010725635593220338, 0.0104019538606403, 0.010431379472693032, 0.010092984934086629, 0.00973987758945386, 0.009945856873822975, 0.010166548964218456, 0.00996056967984934, 0.009798728813559322, 0.009401483050847457, 0.009166078154425612, 0.009033662900188325, 0.009018950094161959, 0.0089159604519774, 0.008768832391713747, 0.00844515065913371, 0.008047904896421846, 0.008121468926553672, 0.007827212806026366, 0.007856638418079097, 0.007532956685499058, 0.007165136534839925, 0.0072681261770244825, 0.007172492937853108, 0.007076859698681733, 0.006900306026365348, 0.006635475517890772, 0.006635475517890772, 0.006716395951035781, 0.006591337099811676, 0.00651777306967985, 0.006378001412429378, 0.006561911487758945, 0.006341219397363465, 0.006083745291902072, 0.006017537664783428, 0.005848340395480226, 0.0058115583804143126, 0.005635004708097928, 0.0057747763653484, 0.005671786723163842, 0.005590866290018833, 0.005598222693032015, 0.005480520244821092, 0.005539371468926553, 0.0062161605461393595, 0.006113170903954802, 0.006024894067796611, 0.005966042843691149, 0.006017537664783428, 0.006113170903954802, 0.005745350753295669, 0.005760063559322034, 0.005554084274952919, 0.005708568738229755, 0.005546727871939736, 0.005605579096045198, 0.005311322975517891, 0.0054731638418079095, 0.005230402542372881, 0.005215689736346516, 0.0052524717514124296, 0.005156838512241055, 0.005127412900188324, 0.0050685616760828625, 0.005164194915254237, 0.00506120527306968, 0.005120056497175141, 0.005193620527306968, 0.005237758945386064, 0.00520097693032015, 0.005414312617702448, 0.005487876647834275, 0.0053922434086629, 0.005414312617702448, 