{"time": [4880.0, 4880.0, 4880.0, 4881.0, 4881.0, 4881.0, 4882.0, 4883.0, 4884.0, 4885.0, 4886.0, 4887.0, 4888.0, 4889.0, 4890.0, 4891.0, 4892.0, 4893.0, 4894.0, 4895.0, 4896.0, 4897.0, 4898.0, 4899.0, 4900.0, 4901.0, 4902.0, 4903.0, 4904.0, 4905.0, 4906.0, 4907.0, 4908.0, 4909.0, 4910.0, 4911.0, 4912.0, 4913.0, 4914.0, 4915.0, 4916.0, 4917.0, 4918.0, 4919.0, 4920.0, 4921.0, 4922.0, 4923.0, 4924.0, 4925.0, 4925.0, 4926.0, 4927.0, 4928.0, 4929.0, 4930.0, 4931.0, 4932.0, 4933.0, 4934.0, 4935.0, 4936.0, 4937.0, 4938.0, 4939.0, 4940.0, 4941.0, 4942.0, 4943.0, 4944.0, 4945.0, 4946.0, 4947.0, 4948.0, 4949.0, 4950.0, 4951.0, 4952.0, 4953.0, 4954.0, 4955.0, 4956.0, 4957.0, 4958.0, 4959.0, 4960.0, 4961.0, 4962.0, 4963.0, 4964.0, 4965.0, 4966.0, 4967.0, 4968.0, 4969.0, 4970.0, 4971.0, 4972.0, 4973.0, 4973.0, 4974.0, 4975.0, 4976.0, 4976.0, 4977.0, 4978.0, 4979.0, 4980.0, 4981.0, 4982.0, 4983.0, 4984.0, 4985.0, 4986.0, 4987.0, 4988.0, 4989.0, 4990.0, 4991.0, 4992.0, 4993.0, 4994.0, 4995.0, 4996.0, 4997.0, 4998.0, 4999.0, 5000.0, 5001.0, 5002.0, 5003.0, 5004.0, 5005.0, 5006.0, 5007.0, 5008.0, 5009.0, 5010.0, 5011.0, 5012.0, 5013.0, 5014.0, 5015.0, 5016.0, 5017.0, 5018.0, 5019.0, 5020.0, 5021.0, 5022.0, 5023.0, 5024.0, 5025.0, 5026.0, 5027.0, 5028.0, 5029.0, 5030.0, 5031.0, 5032.0, 5033.0, 5034.0, 5035.0, 5036.0, 5036.0, 5037.0, 5038.0, 5039.0, 5040.0, 5041.0, 5042.0, 5043.0, 5044.0, 5045.0, 5046.0, 5047.0, 5048.0, 5048.0, 5049.0, 5050.0, 5051.0, 5052.0, 5053.0, 5054.0, 5055.0, 5056.0, 5057.0, 5058.0, 5059.0, 5060.0, 5060.0, 5061.0, 5062.0, 5063.0, 5064.0, 5065.0, 5066.0, 5067.0, 5068.0, 5069.0, 5070.0, 5071.0, 5072.0, 5073.0, 5074.0, 5075.0, 5076.0, 5077.0, 5078.0, 5079.0, 5080.0, 5081.0, 5082.0, 5083.0, 5084.0, 5085.0, 5086.0, 5087.0, 5088.0, 5089.0, 5090.0, 5091.0, 5092.0, 5093.0, 5094.0, 5095.0, 5096.0, 5097.0, 5098.0, 5099.0, 5100.0, 5101.0, 5102.0, 5103.0, 5104.0, 5105.0, 5106.0, 5107.0, 5108.0, 5109.0, 5110.0, 5111.0, 5112.0, 5113.0, 5114.0, 5115.0, 5116.0, 5117.0, 5118.0, 5119.0, 5120.0, 5121.0, 5122.0, 5123.0, 5124.0, 5125.0, 5126.0, 5127.0, 5128.0, 5129.0, 5130.0, 5130.0, 5131.0, 5132.0, 5133.0, 5134.0, 5135.0, 5136.0, 5137.0, 5138.0, 5139.0, 5140.0, 5141.0, 5142.0, 5143.0, 5144.0, 5145.0, 5146.0, 5147.0, 5148.0, 5149.0, 5150.0, 5151.0, 5152.0, 5153.0, 5154.0, 5155.0, 5156.0, 5157.0, 5158.0, 5159.0, 5160.0, 5161.0, 5162.0, 5163.0, 5164.0, 5164.0, 5164.0, 5164.0], "avg_cpu": [0.3234323432343234, 0.2908415841584158, 0.28424092409240925, 0.31724422442244227, 0.24422442244224424, 0.1353135313531353, 0.11035478547854785, 0.04434818481848185, 0.015212458745874588, 0.0071292285478547854, 0.010029909240924093, 0.007116336633663367, 0.011615614686468647, 0.006342821782178218, 0.009643151815181519, 0.006072091584158416, 0.012891914191419142, 0.007748040429042904, 0.010622937293729373, 0.008341068481848185, 0.011331992574257425, 0.008998556105610562, 0.014181105610561056, 0.007838283828382838, 0.01201526402640264, 0.008934096534653465, 0.01112572194719472, 0.009836530528052806, 0.009733395214521452, 0.01066161303630363, 0.008547339108910892, 0.011808993399339935, 0.014181105610561056, 0.014284240924092409, 0.010300639438943894, 0.011602722772277228, 0.008328176567656765, 0.012144183168316832, 0.009449773102310231, 0.012298886138613862, 0.0067682549504950494, 0.011383560231023103, 0.008663366336633664, 0.011009694719471948, 0.0064717409240924095, 0.010455342409240924, 0.007992986798679868, 0.012260210396039604, 0.008018770627062707, 0.00736128300330033, 0.010635829207920793, 0.011151505775577558, 0.008096122112211222, 0.012569616336633664, 0.007619121287128713, 0.01187345297029703, 0.0074128506600660065, 0.012646967821782179, 0.007438634488448845, 0.012518048679867987, 0.008237933168316832, 0.014000618811881188, 0.007696472772277228, 0.01307240099009901, 0.008225041254125412, 0.012556724422442244, 0.008676258250825082, 0.012530940594059407, 0.008225041254125412, 0.01170585808580858, 0.011215965346534653, 0.008521555280528052, 0.009939665841584159, 0.00795431105610561, 0.012260210396039604, 0.006974525577557756, 0.011460911716171618, 0.007387066831683168, 0.01188634488448845, 0.00826371699669967, 0.011821885313531353, 0.00798009488448845, 0.011770317656765677, 0.009204826732673267, 0.012543832508250825, 0.007864067656765677, 0.012144183168316832, 0.009681827557755776, 0.013175536303630364, 0.008057446369636964, 0.011306208745874588, 0.008908312706270627, 0.010029909240924093, 0.010584261551155116, 0.009101691419141914, 0.011976588283828382, 0.013136860561056106, 0.012195750825082508, 0.0066909034653465345, 0.008186365511551155, 0.012144183168316832, 0.012543832508250825, 0.006884282178217822, 0.013484942244224422, 0.008379744224422442, 0.013201320132013201, 0.008740717821782179, 0.01382013201320132, 0.008702042079207922, 0.012827454620462047, 0.00840552805280528, 0.014387376237623763, 0.008147689768976897, 0.011925020627062707, 0.009243502475247524, 0.011692966171617162, 0.010842099834983498, 0.007541769801980198, 0.011602722772277228, 0.009449773102310231, 0.01263407590759076, 0.00843131188118812, 0.012724319306930692, 0.00827660891089109, 0.012853238448844884, 0.011499587458745875, 0.014438943894389438, 0.007748040429042904, 0.014077970297029703, 0.007322607260726073, 0.011654290429042905, 0.007528877887788779, 0.013356023102310231, 0.008637582508250825, 0.011821885313531353, 0.008702042079207922, 0.010377990924092409, 0.01204104785478548, 0.008676258250825082, 0.01307240099009901, 0.00901144801980198, 0.014026402640264026, 0.008212149339933993, 0.012724319306930692, 0.008598906765676567, 0.013381806930693069, 0.009114583333333334, 0.014052186468646864, 0.008547339108910892, 0.014928836633663366, 0.009050123762376237, 0.013252887788778879, 0.00857312293729373, 0.014206889438943894, 0.009063015676567657, 0.01758457095709571, 0.009127475247524752, 0.010429558580858086, 0.010713180693069308, 0.008482879537953795, 0.011228857260726073, 0.008444203795379537, 0.012440697194719472, 0.0018693275577557756, 0.008070338283828382, 0.012556724422442244, 0.008457095709570957, 0.013278671617161716, 0.008341068481848185, 0.01382013201320132, 0.008328176567656765, 0.01500618811881188, 0.009333745874587459, 0.009900990099009901, 0.008650474422442244, 0.011215965346534653, 0.008895420792079207, 0.009488448844884489, 0.009849422442244224, 0.009514232673267327, 0.013356023102310231, 0.008495771452145215, 0.009088799504950494, 0.009282178217821782, 0.009307962046204621, 0.010481126237623763, 0.008611798679867987, 0.010261963696369636, 0.00885674504950495, 0.01173164191419142, 0.009681827557755776, 0.00858601485148515, 0.011074154290429043, 0.009784962871287129, 0.010764748349834983, 0.009746287128712871, 0.011074154290429043, 0.01006858498349835, 0.011344884488448845, 0.008818069306930692, 0.010158828382838284, 0.009772070957095709, 0.009978341584158416, 0.008663366336633664, 0.00796720297029703, 0.00796720297029703, 0.00812190594059406, 0.009127475247524752, 0.009243502475247524, 0.01140934405940594, 0.010120152640264026, 0.009243502475247524, 0.009759179042904291, 0.010145936468646864, 0.008444203795379537, 0.010094368811881188, 0.009269286303630364, 0.009681827557755776, 0.012105507425742575, 0.010261963696369636, 0.008547339108910892, 0.008779393564356437, 0.007632013201320132, 0.009191934818481849, 0.009643151815181519, 0.009423989273927394, 0.009668935643564356, 0.009282178217821782, 0.010094368811881188, 0.009514232673267327, 0.009875206270627063, 0.010081476897689769, 0.009668935643564356, 0.008985664191419142, 0.010352207095709571, 0.0090243399339934, 0.011009694719471948, 0.008779393564356437, 0.010236179867986799, 0.009050123762376237, 0.010339315181518151, 0.009423989273927394, 0.013716996699669966, 0.010597153465346535, 0.011602722772277228, 0.01139645214521452, 0.010700288778877888, 0.010468234323432343, 0.010352207095709571, 0.009862314356435644, 0.008985664191419142, 0.009836530528052806, 0.008818069306930692, 0.01021039603960396, 0.009114583333333334, 