{"time": [8640.0, 8641.0, 8642.0, 8643.0, 8644.0, 8645.0, 8646.0, 8647.0, 8648.0, 8649.0, 8650.0, 8651.0, 8652.0, 8653.0, 8654.0, 8655.0, 8656.0, 8657.0, 8658.0, 8659.0, 8660.0, 8661.0, 8662.0, 8663.0, 8664.0, 8665.0, 8666.0, 8667.0, 8668.0, 8669.0, 8670.0, 8671.0, 8672.0, 8673.0, 8674.0, 8675.0, 8676.0, 8677.0, 8678.0, 8679.0, 8680.0, 8681.0, 8682.0, 8683.0, 8684.0, 8685.0, 8686.0, 8687.0, 8688.0, 8689.0, 8690.0, 8691.0, 8692.0, 8693.0, 8694.0, 8695.0, 8696.0, 8697.0, 8698.0, 8699.0, 8700.0, 8701.0, 8702.0, 8703.0, 8704.0, 8705.0, 8706.0, 8707.0, 8708.0, 8709.0, 8710.0, 8711.0, 8712.0, 8713.0, 8714.0, 8715.0, 8716.0, 8717.0, 8718.0, 8719.0, 8720.0, 8721.0, 8722.0, 8723.0, 8724.0, 8725.0, 8726.0, 8727.0, 8728.0, 8729.0, 8730.0, 8731.0, 8732.0, 8733.0, 8734.0, 8735.0, 8736.0, 8737.0, 8738.0, 8739.0, 8740.0, 8741.0, 8742.0, 8743.0, 8744.0, 8745.0, 8746.0, 8747.0, 8748.0, 8749.0, 8750.0, 8751.0, 8752.0, 8753.0, 8754.0, 8755.0, 8756.0, 8757.0, 8758.0, 8759.0, 8760.0, 8761.0, 8762.0, 8763.0, 8764.0, 8765.0, 8766.0, 8767.0, 8768.0, 8769.0, 8770.0, 8771.0, 8772.0, 8773.0, 8774.0, 8775.0, 8776.0, 8777.0, 8778.0, 8779.0, 8780.0, 8781.0, 8782.0, 8783.0, 8784.0, 8785.0, 8786.0, 8787.0, 8788.0, 8789.0, 8790.0, 8791.0, 8792.0, 8793.0, 8794.0, 8795.0, 8796.0, 8797.0, 8798.0, 8799.0, 8800.0, 8801.0, 8802.0, 8803.0, 8804.0, 8805.0, 8806.0, 8807.0, 8808.0, 8809.0, 8810.0, 8811.0, 8812.0, 8813.0, 8814.0, 8815.0, 8816.0, 8817.0, 8818.0, 8819.0, 8820.0, 8821.0, 8822.0, 8823.0, 8824.0, 8825.0, 8826.0, 8827.0, 8828.0, 8829.0, 8830.0, 8831.0, 8832.0, 8833.0, 8834.0, 8835.0, 8836.0, 8837.0, 8838.0, 8839.0, 8840.0, 8841.0, 8842.0, 8843.0, 8844.0, 8845.0, 8846.0, 8847.0, 8848.0, 8849.0, 8850.0, 8851.0, 8852.0, 8853.0, 8854.0, 8855.0, 8856.0, 8857.0, 8858.0, 8859.0, 8860.0, 8861.0, 8862.0, 8863.0, 8864.0, 8865.0, 8866.0, 8867.0, 8868.0, 8869.0, 8870.0, 8871.0, 8872.0, 8873.0, 8874.0, 8875.0, 8876.0, 8877.0, 8878.0, 8879.0, 8880.0, 8881.0, 8882.0, 8883.0, 8884.0, 8885.0, 8886.0, 8887.0, 8888.0, 8889.0, 8890.0, 8891.0, 8892.0, 8893.0, 8894.0, 8895.0, 8896.0, 8897.0, 8898.0, 8899.0, 8900.0, 8901.0, 8902.0, 8903.0, 8904.0, 8905.0, 8906.0, 8907.0, 8908.0, 8909.0, 8910.0, 8911.0, 8912.0, 8913.0, 8914.0, 8915.0, 8916.0, 8917.0, 8918.0, 8919.0, 8920.0, 8920.0, 8921.0, 8922.0, 8923.0, 8924.0, 8925.0, 8926.0, 8927.0, 8928.0, 8929.0], "avg_cpu": [0.0006878236817325801, 0.0004082803672316384, 0.0004082803672316384, 0.0004193149717514124, 0.00043034957627118643, 0.0004193149717514124, 0.000338394538606403, 0.00023172669491525424, 0.00023540489642184556, 0.0002280484934086629, 0.0002574741054613936, 0.0002758651129943503, 0.00028322151600753293, 0.00031264712806026366, 0.006098458097928437, 0.010240112994350282, 0.011696680790960453, 0.009813441619585687, 0.010740348399246704, 0.010725635593220338, 0.010725635593220338, 0.010725635593220338, 0.01144656308851224, 0.011814383239171375, 0.011726106403013182, 0.011843808851224106, 0.012299905838041431, 0.01224105461393597, 0.012402895480225988, 0.012594161958568738, 0.013020833333333334, 0.013020833333333334, 0.012814854048964219, 0.013064971751412429, 0.013373940677966102, 0.013668196798493409, 0.01347693032015066, 0.013300376647834275, 0.013153248587570622, 0.013624058380414313, 0.014227283427495291, 0.014065442561205272, 0.01394774011299435, 0.013182674199623353, 0.013624058380414313, 0.014212570621468926, 0.01394774011299435, 0.014550965160075329, 0.014845221280602637, 0.014418549905838041, 0.014565677966101694, 0.014550965160075329, 0.014933498116760828, 0.01521304143126177, 0.0152424670433145, 0.015095338983050847, 0.015301318267419962, 0.015360169491525424, 0.01565442561205273, 0.015801553672316383, 0.015536723163841809, 0.015536723163841809, 0.015801553672316383, 0.015713276836158193, 0.01603695856873823, 0.015889830508474576, 0.015889830508474576, 0.016331214689265537, 0.0160075329566855, 0.01565442561205273, 0.015919256120527307, 0.015860404896421845, 0.015948681732580038, 0.01597810734463277, 0.01647834274952919, 0.016301789077212806, 0.016242937853107344, 0.016684322033898306, 0.01644891713747646, 0.01641949152542373, 0.016684322033898306, 0.017125706214689264, 0.01691972693032015, 0.01656661958568738, 0.01689030131826742, 0.01691972693032015, 0.0167725988700565, 0.01647834274952919, 0.015889830508474576, 0.016596045197740113, 0.01647834274952919, 0.016654896421845575, 0.017096280602636536, 0.017155131826741995, 0.01691972693032015, 0.017155131826741995, 0.017155131826741995, 0.017361111111111112, 0.017419962335216574, 0.01691972693032015, 0.017037429378531074, 0.017508239171374763, 0.017625941619585687, 0.017508239171374763, 0.01689030131826742, 0.017213983050847457, 0.01733168549905838, 0.017508239171374763, 0.01727283427495292, 0.01727283427495292, 0.017037429378531074, 0.017390536723163843, 0.017066854990583805, 0.017537664783427494, 0.017361111111111112, 0.01730225988700565, 0.01727283427495292, 0.01727283427495292, 0.01730225988700565, 0.01733168549905838, 0.01780249529190207, 0.017596516007532956, 0.017949623352165725, 0.017949623352165725, 0.018508709981167607, 0.018655838041431262, 0.018891242937853107, 0.019097222222222224, 0.019038370998116762, 0.01912664783427495, 0.018891242937853107, 0.018920668549905838, 0.01977401129943503, 0.019568032015065913, 0.019538606403013182, 0.020009416195856874, 0.019803436911487757, 0.020038841807909605, 0.02024482109227872, 0.0208039077212806, 0.0208039077212806, 0.02109816384180791, 0.021009887005649718, 0.020833333333333332, 0.02030367231638418, 0.02109816384180791, 0.021304143126177025, 0.019685734463276837, 0.019538606403013182, 0.020480225988700564, 0.01986228813559322, 0.019803436911487757, 0.02027424670433145, 0.019950564971751412, 0.020568502824858757, 0.017008003766478343, 0.01650776836158192, 0.016390065913371, 0.01644891713747646, 0.016596045197740113, 0.01603695856873823, 0.016242937853107344, 0.01597810734463277, 0.01606638418079096, 0.015801553672316383, 0.015713276836158193, 0.015595574387947269, 0.015507297551789078, 0.014889359698681732, 0.015301318267419962, 0.014830508474576272, 0.014447975517890772, 0.014197857815442562, 0.014050729755178907, 0.013991878531073447, 0.013624058380414313, 0.013594632768361582, 0.013241525423728813, 0.012858992467043315, 0.012829566854990584, 0.012991407721280603, 0.012035075329566856, 0.011770244821092278, 0.011976224105461394, 0.011211158192090396, 0.011299435028248588, 0.010843338041431262, 0.010681497175141243, 0.010284251412429378, 0.010298964218455744, 0.010195974576271187, 0.009857580037664784, 0.009430908662900188, 0.009327919020715631, 0.009357344632768362, 0.009430908662900188, 0.009151365348399247, 0.008871822033898306, 0.008651129943502825, 0.008298022598870056, 0.008327448210922787, 0.0081950329566855, 0.008077330508474576, 0.007724223163841808, 0.0078125, 0.007606520715630885, 0.0074226106403013185, 0.007349046610169492, 0.007326977401129944, 0.007157780131826742, 0.006797316384180791, 0.00684881120527307, 0.006782603578154425, 0.006451565442561205, 0.006672257532956686, 0.0063265065913371, 0.006488347457627119, 0.006319150188323917, 0.006267655367231639, 0.006098458097928437, 0.0060322504708097925, 0.0058115583804143126, 0.005958686440677966, 0.0057747763653484, 0.005642361111111111, 0.0056570739171374765, 0.005605579096045198, 0.005598222693032015, 0.006539842278719397, 0.006422139830508475, 0.006304437382297552, 0.00613524011299435, 0.006267655367231639, 0.006179378531073447, 0.0062455861581920905, 0.005826271186440678, 0.005892478813559322, 0.005892478813559322, 0.005833627589453861, 0.0058115583804143126, 0.005855696798493409, 0.005517302259887006, 0.0054731638418079095, 0.005532015065913371, 0.005436381826741997, 0.005635004708097928, 0.005458451035781544, 0.005399599811676083, 0.005436381826741997, 0.0052524717514124296, 0.005568797080979284, 0.005568797080979284, 0.005465807438794727, 0.00528189736346516, 0.005274540960451978, 0.005451094632768361, 0.005576153483992467, 0.005539371468926553, 0.00572328154425612, 