{"time": [8640.0, 8640.0, 8641.0, 8642.0, 8643.0, 8644.0, 8645.0, 8646.0, 8647.0, 8648.0, 8649.0, 8650.0, 8651.0, 8652.0, 8653.0, 8654.0, 8655.0, 8656.0, 8657.0, 8658.0, 8659.0, 8660.0, 8661.0, 8662.0, 8663.0, 8664.0, 8665.0, 8666.0, 8667.0, 8668.0, 8669.0, 8670.0, 8671.0, 8672.0, 8673.0, 8674.0, 8675.0, 8676.0, 8677.0, 8678.0, 8679.0, 8680.0, 8681.0, 8682.0, 8683.0, 8684.0, 8685.0, 8686.0, 8687.0, 8688.0, 8689.0, 8690.0, 8691.0, 8692.0, 8693.0, 8694.0, 8695.0, 8696.0, 8697.0, 8698.0, 8699.0, 8700.0, 8701.0, 8702.0, 8703.0, 8704.0, 8705.0, 8706.0, 8707.0, 8708.0, 8709.0, 8710.0, 8711.0, 8712.0, 8713.0, 8714.0, 8715.0, 8716.0, 8717.0, 8718.0, 8719.0, 8720.0, 8721.0, 8722.0, 8723.0, 8724.0, 8725.0, 8726.0, 8727.0, 8728.0, 8729.0, 8730.0, 8731.0, 8732.0, 8733.0, 8734.0, 8735.0, 8736.0, 8737.0, 8738.0, 8739.0, 8740.0, 8741.0, 8742.0, 8743.0, 8744.0, 8745.0, 8746.0, 8747.0, 8748.0, 8749.0, 8750.0, 8751.0, 8752.0, 8753.0, 8754.0, 8755.0, 8756.0, 8757.0, 8758.0, 8759.0, 8760.0, 8761.0, 8762.0, 8763.0, 8764.0, 8765.0, 8766.0, 8767.0, 8768.0, 8769.0, 8770.0, 8771.0, 8772.0, 8773.0, 8774.0, 8775.0, 8776.0, 8777.0, 8778.0, 8779.0, 8780.0, 8781.0, 8782.0, 8783.0, 8784.0, 8785.0, 8786.0, 8787.0, 8788.0, 8789.0, 8790.0, 8791.0, 8792.0, 8793.0, 8794.0, 8795.0, 8796.0, 8797.0, 8798.0, 8799.0, 8800.0, 8801.0, 8802.0, 8803.0, 8804.0, 8805.0, 8806.0, 8807.0, 8808.0, 8809.0, 8810.0, 8811.0, 8812.0, 8813.0, 8814.0, 8815.0, 8816.0, 8817.0, 8818.0, 8819.0, 8820.0, 8821.0, 8822.0, 8823.0, 8824.0, 8825.0, 8826.0, 8827.0, 8828.0, 8829.0, 8830.0, 8831.0, 8832.0, 8833.0, 8834.0, 8835.0, 8836.0, 8837.0, 8838.0, 8839.0, 8840.0, 8841.0, 8842.0, 8843.0, 8844.0, 8845.0, 8846.0, 8847.0, 8848.0, 8849.0, 8850.0, 8851.0, 8852.0, 8853.0, 8854.0, 8855.0, 8856.0, 8857.0, 8858.0, 8859.0, 8860.0, 8861.0, 8862.0, 8863.0, 8864.0, 8865.0, 8866.0, 8867.0, 8868.0, 8869.0, 8870.0, 8871.0, 8872.0, 8873.0, 8874.0, 8875.0, 8876.0, 8877.0, 8878.0, 8879.0, 8880.0, 8881.0, 8882.0, 8883.0, 8884.0, 8885.0, 8886.0, 8887.0, 8888.0, 8889.0, 8890.0, 8891.0, 8892.0, 8893.0, 8894.0, 8895.0, 8896.0, 8897.0, 8898.0, 8899.0, 8900.0, 8901.0, 8902.0, 8903.0, 8904.0, 8905.0, 8906.0, 8907.0, 8908.0, 8909.0, 8910.0, 8911.0, 8912.0, 8913.0, 8914.0, 8915.0, 8916.0, 8917.0, 8918.0, 8919.0, 8920.0, 8920.0, 8921.0, 8922.0, 8923.0, 8924.0, 8925.0, 8926.0, 8927.0, 8928.0, 8929.0], "avg_cpu": [0.0, 0.0007282838983050848, 0.0004156367702448211, 0.0004156367702448211, 0.00041195856873822977, 0.0004156367702448211, 0.0004193149717514124, 0.00034575094161958566, 0.0002795433145009416, 0.0002758651129943503, 0.0002685087099811676, 0.0002795433145009416, 0.0002758651129943503, 0.00030161252354048965, 0.00034575094161958566, 0.006149952919020716, 0.009651600753295669, 0.010946327683615819, 0.01056379472693032, 0.0111670197740113, 0.01135828625235405, 0.011078742937853107, 0.01207921374764595, 0.0111670197740113, 0.011784957627118644, 0.010181261770244822, 0.010519656308851225, 0.011078742937853107, 0.011564265536723163, 0.011343573446327684, 0.011976224105461394, 0.011726106403013182, 0.012299905838041431, 0.012226341807909604, 0.012741290018832391, 0.012917843691148775, 0.012711864406779662, 0.012667725988700565, 0.012329331450094162, 0.012564736346516007, 0.01268243879472693, 0.012976694915254237, 0.013815324858757062, 0.013359227871939737, 0.01290313088512241, 0.012417608286252354, 0.013226812617702447, 0.013212099811676084, 0.013579919962335216, 0.013668196798493409, 0.014065442561205272, 0.013550494350282485, 0.014050729755178907, 0.014256709039548022, 0.014241996233521657, 0.014300847457627119, 0.014403837099811675, 0.014639241996233522, 0.014256709039548022, 0.014889359698681732, 0.014183145009416196, 0.014712806026365348, 0.014183145009416196, 0.014639241996233522, 0.014639241996233522, 0.014227283427495291, 0.014683380414312618, 0.01435969868173258, 0.0152424670433145, 0.015065913370998116, 0.014904072504708097, 0.014727518832391713, 0.015124764595103578, 0.014889359698681732, 0.015095338983050847, 0.01496292372881356, 0.0152424670433145, 0.015507297551789078, 0.015477871939736347, 0.015625, 0.015007062146892656, 0.015742702448210924, 0.01521304143126177, 0.015301318267419962, 0.015271892655367231, 0.015007062146892656, 0.015536723163841809, 0.015919256120527307, 0.015301318267419962, 0.016390065913371, 0.015477871939736347, 0.01505120056497175, 0.015095338983050847, 0.0160075329566855, 0.016272363465160075, 0.01606638418079096, 0.016095809792843693, 0.015948681732580038, 0.017213983050847457, 0.016713747645951037, 0.015801553672316383, 0.015801553672316383, 0.015860404896421845, 0.016596045197740113, 0.017243408662900188, 0.017361111111111112, 0.016713747645951037, 0.015419020715630885, 0.01597810734463277, 0.015801553672316383, 0.015536723163841809, 0.015389595103578154, 0.016301789077212806, 0.015860404896421845, 0.015830979284369114, 0.015713276836158193, 0.016596045197740113, 0.017449387947269305, 0.017155131826741995, 0.0152424670433145, 0.016596045197740113, 0.015477871939736347, 0.016390065913371, 0.01727283427495292, 0.016625470809792844, 0.016331214689265537, 0.017625941619585687, 0.018302730696798494, 0.0182144538606403, 0.0185969868173258, 0.017920197740112994, 0.017537664783427494, 0.01733168549905838, 0.017537664783427494, 0.018332156308851225, 0.01824387947269303, 0.018714689265536724, 0.017596516007532956, 0.018391007532956687, 0.01824387947269303, 0.018037900188323918, 0.018273305084745763, 0.019538606403013182, 0.018508709981167607, 0.019156073446327682, 0.017979048964218456, 0.0185969868173258, 0.01895009416195857, 0.01730225988700565, 0.01771421845574388, 0.018773540489642186, 0.019185499058380413, 0.01989171374764595, 0.01989171374764595, 0.020480225988700564, 0.019656308851224106, 0.014933498116760828, 0.015566148775894538, 0.01515419020715631, 0.015595574387947269, 0.015271892655367231, 0.014933498116760828, 0.014433262711864406, 0.014433262711864406, 0.014462688323917137, 0.014845221280602637, 0.01505120056497175, 0.01477165725047081, 0.01438912429378531, 0.01460981638418079, 0.01460981638418079, 0.01460981638418079, 0.013300376647834275, 0.013256238229755178, 0.013138535781544256, 0.014153719397363465, 0.014094868173258003, 0.013579919962335216, 0.012667725988700565, 0.01312382297551789, 0.013138535781544256, 0.012108639359698681, 0.01179967043314501, 0.01135828625235405, 0.011005178907721281, 0.011475988700564972, 0.010622645951035781, 0.010460805084745763, 0.010240112994350282, 0.010092984934086629, 0.009798728813559322, 0.009842867231638418, 0.009504472693032015, 0.009460334274952919, 0.009166078154425612, 0.009195503766478343, 0.009166078154425612, 0.008886534839924671, 0.008651129943502825, 0.008592278719397363, 0.008371586629001884, 0.008239171374764594, 0.007989053672316384, 0.007841925612052731, 0.007694797551789077, 0.007827212806026366, 0.007577095103578155, 0.007246056967984934, 0.007304908192090395, 0.0072607697740113, 0.0069591572504708096, 0.006863524011299435, 0.006797316384180791, 0.006554555084745763, 0.006576624293785311, 0.006606049905838042, 0.006598693502824859, 0.0067752471751412425, 0.006252942561205273, 0.006363288606403013, 0.006120527306967985, 0.005929260828625236, 0.0060911016949152545, 0.005715925141242938, 0.005899835216572505, 0.0058409839924670436, 0.005730637947269303, 0.005745350753295669, 0.005715925141242938, 0.006319150188323917, 0.006503060263653484, 0.006230873352165725, 0.006473634651600753, 0.006164665725047081, 0.006186734934086629, 0.00613524011299435, 0.005980755649717514, 0.005899835216572505, 0.005980755649717514, 0.005921904425612053, 0.005951330037664783, 0.005752707156308851, 0.005524658662900189, 0.00561293549905838, 0.0056276483050847455, 0.005539371468926553, 0.005708568738229755, 0.00558350988700565, 0.005487876647834275, 0.005509945856873823, 0.005590866290018833, 0.005649717514124294, 0.005664430320150659, 0.0057821327683615815, 0.005620291902071563, 0.005671786723163842, 0.005818914783427495, 0.005833627589453861, 0.005973399246704331, 