{"time": [4831.0, 4832.0, 4833.0, 4834.0, 4835.0, 4836.0, 4837.0, 4838.0, 4839.0, 4840.0, 4841.0, 4842.0, 4843.0, 4844.0, 4845.0, 4846.0, 4847.0, 4848.0, 4849.0, 4850.0, 4851.0, 4852.0, 4853.0, 4854.0, 4855.0, 4856.0, 4857.0, 4858.0, 4859.0, 4860.0, 4861.0, 4862.0, 4863.0, 4864.0, 4865.0, 4866.0, 4867.0, 4868.0, 4869.0, 4870.0, 4871.0, 4872.0, 4873.0, 4874.0, 4875.0, 4876.0, 4877.0, 4878.0, 4879.0, 4880.0, 4881.0, 4882.0, 4883.0, 4884.0, 4885.0, 4886.0, 4887.0, 4888.0, 4889.0, 4890.0, 4891.0, 4892.0, 4893.0, 4894.0, 4895.0, 4896.0, 4897.0, 4898.0, 4899.0, 4900.0, 4901.0, 4902.0, 4903.0, 4904.0, 4905.0, 4906.0, 4907.0, 4908.0, 4909.0, 4910.0, 4911.0, 4912.0, 4913.0, 4914.0, 4915.0, 4916.0, 4917.0, 4918.0, 4919.0, 4920.0, 4921.0, 4922.0, 4923.0, 4924.0, 4925.0, 4926.0, 4927.0, 4928.0, 4929.0, 4930.0, 4931.0, 4932.0, 4933.0, 4934.0, 4935.0, 4936.0, 4937.0, 4938.0, 4939.0, 4940.0, 4941.0, 4942.0, 4943.0, 4944.0, 4945.0, 4946.0, 4947.0, 4948.0, 4949.0, 4950.0, 4951.0, 4952.0, 4953.0, 4954.0, 4955.0, 4956.0, 4957.0, 4958.0, 4959.0, 4960.0, 4961.0, 4962.0, 4963.0, 4964.0, 4965.0, 4966.0, 4967.0, 4968.0, 4969.0, 4970.0, 4971.0, 4972.0, 4973.0, 4974.0, 4975.0, 4976.0, 4977.0, 4978.0, 4979.0, 4980.0, 4981.0, 4982.0, 4983.0, 4984.0, 4985.0, 4986.0, 4987.0, 4988.0, 4989.0, 4990.0, 4991.0, 4992.0, 4993.0, 4994.0, 4995.0, 4996.0, 4997.0, 4998.0, 4999.0, 5000.0, 5001.0, 5002.0, 5003.0, 5004.0, 5005.0, 5006.0, 5007.0, 5007.0], "avg_cpu": [0.001759746287128713, 0.00022560849834983498, 0.09137788778877888, 0.26485148514851486, 0.12004950495049505, 0.10602310231023103, 0.1036509900990099, 0.10891089108910891, 0.11200495049504951, 0.12004950495049505, 0.10994224422442245, 0.10561056105610561, 0.10313531353135313, 0.10076320132013201, 0.10808580858085809, 0.11283003300330033, 0.10282590759075907, 0.10705445544554455, 0.10767326732673267, 0.10488861386138613, 0.10303217821782178, 0.10396039603960396, 0.10261963696369637, 0.09983498349834984, 0.09828795379537954, 0.09694719471947194, 0.09952557755775578, 0.10499174917491749, 0.09777227722772278, 0.1018976897689769, 0.09540016501650166, 0.09601897689768978, 0.10148514851485149, 0.09942244224422442, 0.0970503300330033, 0.09849422442244224, 0.09209983498349834, 0.09973184818481848, 0.1016914191419142, 0.10251650165016502, 0.10158828382838284, 0.1001443894389439, 0.09849422442244224, 0.10148514851485149, 0.10726072607260725, 0.10416666666666667, 0.09983498349834984, 0.10220709570957096, 0.10066006600660066, 0.09931930693069307, 0.09797854785478548, 0.10488861386138613, 0.09942244224422442, 0.09890676567656766, 0.10292904290429043, 0.10220709570957096, 0.10530115511551155, 0.10406353135313531, 0.10107260726072607, 0.10643564356435643, 0.10746699669966997, 0.10561056105610561, 0.10158828382838284, 0.10066006600660066, 0.10261963696369637, 0.10066006600660066, 0.1018976897689769, 0.10643564356435643, 0.1034447194719472, 0.10385726072607261, 0.10303217821782178, 0.10457920792079207, 0.10127887788778878, 0.10488861386138613, 0.10303217821782178, 0.1021039603960396, 0.10200082508250825, 0.10272277227722772, 0.0988036303630363, 0.09931930693069307, 0.10385726072607261, 0.10024752475247525, 0.10426980198019802, 0.1021039603960396, 0.10200082508250825, 0.10261963696369637, 0.10664191419141915, 0.10396039603960396, 0.10509488448844885, 0.10045379537953796, 0.1021039603960396, 0.10313531353135313, 0.10530115511551155, 0.10396039603960396, 0.10468234323432343, 0.10323844884488449, 0.1001443894389439, 0.10437293729372937, 0.10406353135313531, 0.10148514851485149, 0.10200082508250825, 0.10066006600660066, 0.10313531353135313, 0.10561056105610561, 0.10499174917491749, 0.10385726072607261, 0.10076320132013201, 0.10055693069306931, 0.10086633663366337, 0.09942244224422442, 0.0950907590759076, 0.10127887788778878, 0.10004125412541254, 0.09973184818481848, 0.10468234323432343, 0.10231023102310231, 0.09694719471947194, 0.10457920792079207, 0.10323844884488449, 0.09983498349834984, 0.09983498349834984, 0.097256600660066, 0.10261963696369637, 0.1018976897689769, 0.10375412541254125, 0.10292904290429043, 0.10447607260726073, 0.10231023102310231, 0.10664191419141915, 0.10705445544554455, 0.10664191419141915, 0.09870049504950495, 0.10406353135313531, 0.11117986798679869, 0.10468234323432343, 0.10643564356435643, 0.1018976897689769, 0.10303217821782178, 0.10488861386138613, 0.10292904290429043, 0.09797854785478548, 0.09746287128712872, 0.0970503300330033, 0.10499174917491749, 0.10334158415841584, 0.10602310231023103, 0.10303217821782178, 0.10045379537953796, 0.09746287128712872, 0.1016914191419142, 0.10787953795379537, 0.10746699669966997, 0.10787953795379537, 0.10891089108910891, 0.10303217821782178, 0.10148514851485149, 0.10973597359735973, 0.1034447194719472, 0.10664191419141915, 0.10870462046204621, 0.10767326732673267, 0.10684818481848185, 0.10447607260726073, 0.11076732673267327, 0.10468234323432343, 0.10148514851485149, 0.10251650165016502, 0.09663778877887788, 0.10241336633663366, 0.11241749174917491, 0.1016914191419142, 0.11757425742574257, 0.12912541254125412, 0.10488861386138613, 0.10891089108910891, 0.10581683168316831, 0.018796410891089108, 0.0015905399133663365],