{"time": [523.0, 524.0, 525.0, 526.0, 527.0, 527.0, 527.0, 527.0, 545.0, 546.0, 547.0, 548.0, 549.0, 550.0, 551.0, 552.0, 553.0, 554.0, 555.0, 556.0, 556.0, 557.0, 558.0, 559.0, 560.0, 561.0, 562.0, 563.0, 564.0, 565.0, 566.0, 567.0, 568.0, 569.0, 570.0, 571.0, 572.0, 573.0, 574.0, 575.0, 576.0, 577.0, 578.0, 579.0, 580.0, 581.0, 582.0, 583.0, 584.0, 585.0, 586.0, 587.0, 588.0, 589.0, 590.0, 591.0, 592.0, 593.0, 594.0, 595.0, 596.0, 597.0, 598.0, 599.0, 600.0, 601.0, 602.0, 603.0, 604.0, 605.0, 606.0, 607.0, 608.0, 609.0, 610.0, 611.0, 612.0, 613.0, 614.0, 615.0, 615.0, 616.0, 617.0, 618.0, 619.0, 620.0, 621.0, 622.0, 623.0, 624.0, 625.0, 626.0, 627.0, 628.0, 629.0, 630.0, 631.0, 632.0, 633.0, 634.0, 635.0, 636.0, 637.0, 638.0, 639.0, 640.0, 641.0, 642.0, 643.0, 644.0, 645.0, 646.0, 647.0, 648.0, 649.0, 650.0, 651.0, 652.0, 653.0, 653.0, 653.0, 653.0, 709.0, 710.0, 711.0, 711.0, 711.0, 711.0, 712.0, 713.0, 714.0, 715.0, 716.0, 717.0, 718.0, 719.0, 720.0, 721.0, 722.0, 723.0, 724.0, 725.0, 725.0, 726.0, 727.0, 728.0, 729.0, 730.0, 731.0, 732.0, 733.0, 734.0, 735.0, 735.0, 735.0, 735.0], "avg_cpu": [0.08838696369636964, 0.040635313531353134, 0.016424298679867985, 0.00047377784653465345, 0.00042382167904290427, 0.0008637582508250826, 0.00048022380363036305, 0.00015792594884488448, 0.6691419141914191, 0.6971947194719472, 0.6443894389438944, 0.584983498349835, 0.5412541254125413, 0.5759075907590759, 0.5874587458745875, 0.5759075907590759, 0.5437293729372937, 0.5544554455445545, 0.5684818481848185, 0.5948844884488449, 0.6006600660066007, 0.5726072607260726, 0.566006600660066, 0.5750825082508251, 0.5775577557755776, 0.5693069306930693, 0.551980198019802, 0.5759075907590759, 0.5561056105610561, 0.5676567656765676, 0.5585808580858086, 0.5363036303630363, 0.6188118811881188, 0.5635313531353136, 0.5635313531353136, 0.6138613861386139, 0.5354785478547854, 0.6311881188118812, 0.66996699669967, 0.5429042904290429, 0.5635313531353136, 0.5874587458745875, 0.5453795379537953, 0.5544554455445545, 0.5437293729372937, 0.5610561056105611, 0.5462046204620462, 0.5684818481848185, 0.5775577557755776, 0.5775577557755776, 0.5891089108910891, 0.5816831683168316, 0.5792079207920792, 0.6163366336633663, 0.570957095709571, 0.5602310231023102, 0.6056105610561056, 0.5866336633663366, 0.5528052805280528, 0.533003300330033, 0.5354785478547854, 0.5396039603960396, 0.5478547854785478, 0.5264026402640264, 0.5561056105610561, 0.5825082508250825, 0.608085808580858, 0.6039603960396039, 0.551980198019802, 0.4991749174917492, 0.5107260726072608, 0.48432343234323433, 0.584983498349835, 0.5866336633663366, 0.6072607260726073, 0.5684818481848185, 0.66996699669967, 0.6592409240924092, 0.650990099009901, 0.6452145214521452, 0.5024752475247525, 0.6188118811881188, 0.6287128712871287, 0.5932343234323433, 0.6625412541254125, 0.6097359735973598, 0.6303630363036303, 0.5759075907590759, 0.6047854785478548, 0.5882838283828383, 0.5792079207920792, 0.6575907590759076, 0.584983498349835, 0.6344884488448845, 0.636963696369637, 0.6295379537953796, 0.6881188118811881, 0.6947194719471947, 0.655940594059406, 0.6097359735973598, 0.6361386138613861, 0.6526402640264026, 0.6229372937293729, 0.650990099009901, 0.6097359735973598, 0.5973597359735974, 0.5899339933993399, 0.5610561056105611, 0.683993399339934, 0.6122112211221122, 0.6344884488448845, 0.6922442244224423, 0.6600660066006601, 0.5957095709570958, 0.6072607260726073, 0.5907590759075908, 0.5693069306930693, 0.6196369636963697, 0.6089108910891089, 0.613036303630363, 0.0007880182549504951, 0.0, 0.00039958953857421875, 0.38037109375, 0.4404296875, 0.44677734375, 0.3173828125, 0.0, 0.0, 0.45544554455445546, 0.6270627062706271, 0.6064356435643564, 0.5874587458745875, 0.6047854785478548, 0.6072607260726073, 0.6237623762376238, 0.6097359735973598, 0.5957095709570958, 0.6179867986798679, 0.5924092409240924, 0.6163366336633663, 0.6196369636963697, 0.6427392739273927, 0.5948844884488449, 0.5833333333333334, 0.6278877887788779, 0.6179867986798679, 0.5981848184818482, 0.6138613861386139, 0.6278877887788779, 0.6204620462046204, 0.1280940594059406, 0.0004641089108910891, 0.0007235586839933994, 0.009114583333333334, 0.0], "avg_mem": [0.014481149341142021, 0.011850292825768667, 0.009837115666178623, 0.009253751830161054, 0.009276628843338214, 0.009288067349926793, 0.009288067349926793, 0.0007949762079062958, 0.040812591508052706, 0.04488469985358712, 0.04598279648609078, 0.04360358711566618, 0.04456442166910688, 0.044244143484626644, 0.044427159590043924, 0.04250549048316252, 0.04410688140556369, 0.0426885065885798, 0.043420571010248904, 0.04515922401171303, 0.04657759882869693, 0.04419838945827233, 0.04168191800878477, 0.046120058565153735, 0.04456442166910688, 0.04168191800878477, 0.044838945827232794, 0.04447291361639824, 0.0412701317715959, 0.045342240117130304, 0.04474743777452416, 0.04094985358711566, 0.04538799414348463, 0.045021961932650074, 0.042825768667642754, 0.04529648609077599, 0.044838945827232794, 0.044244143484626644, 0.04296303074670571, 0.047218155197657395, 0.04525073206442167, 0.04136163982430454, 0.045937042459736455, 0.04378660322108346, 0.04355783308931186, 0.04497620790629575, 0.04474743777452416, 0.0436493411420205, 0.04525073206442167, 0.04497620790629575, 0.04648609077598829, 0.04685212298682284, 0.04428989751098097, 0.04172767203513909, 0.04474743777452416, 0.04218521229868229, 0.04497620790629575, 0.04159040995607614, 0.04465592972181552, 0.04154465592972181, 0.044244143484626644, 0.04360358711566618, 0.04351207906295754, 0.04241398243045388, 0.04639458272327965, 0.04168191800878477, 0.04378660322108346, 0.04351207906295754, 0.044518667642752564, 0.038890922401171306, 0.044518667642752564, 0.04369509516837482, 0.04236822840409956, 0.041819180087847733, 0.03825036603221083, 0.04328330893118595, 0.0414989019033675, 0.04200219619326501, 0.04200219619326501, 0.03806734992679356, 0.045021961932650074, 0.04758418740849195, 0.041315885797950216, 0.04515922401171303, 0.04186493411420205, 0.0446101756954612, 0.0457997803806735, 0.03902818448023426, 0.04497620790629575, 0.038616398243045386, 0.04447291361639824, 0.0400805270863836, 0.044244143484626644, 0.04278001464128843, 0.04360358711566618, 0.042230966325036604, 0.041315885797950216, 0.044518667642752564, 0.04351207906295754, 0.041315885797950216, 0.04163616398243045, 0.04300878477306003, 0.04296303074670571, 0.04168191800878477, 0.03962298682284041, 0.045113469985358715, 0.04378660322108346, 0.045433748169838944, 0.04410688140556369, 0.04136163982430454, 0.042642752562225474, 0.04195644216691069, 0.04305453879941435, 0.04168191800878477, 0.04694363103953148, 0.045342240117130304, 0.04396961932650073, 0.046714860907759885, 0.04740117130307467, 0.04767569546120059, 0.0006434159956076134, 0.0004889961566617862, 0.0014858245849609375, 0.027313232421875, 0.03033447265625, 0.025604248046875, 0.0003681182861328125, 0.000263214111328125, 0.0001888275146484375, 0.07146778916544656, 0.08821376281112737, 0.08839677891654465, 0.08684114202049781, 0.08382137628111273, 0.08803074670571011, 0.08986090775988287, 0.08629209370424597, 0.08473645680819912, 0.08793923865300146, 0.09095900439238654, 0.0923316251830161, 0.0861090775988287, 0.09022693997071743, 0.10358711566617862, 0.09535139092240118, 0.08958638360175696, 0.08876281112737922, 0.09068448023426061, 0.08958638360175696, 0.08812225475841874, 0.09269765739385066, 0.043740849194729134, 0.03774707174231332, 0.037792825768667646, 0.037792825768667646, 0.0006462756222547584]}