{"time": [530.0, 530.0, 531.0, 531.0, 532.0, 533.0, 534.0, 535.0, 536.0, 537.0, 538.0, 539.0, 540.0, 540.0, 541.0, 542.0, 543.0, 544.0, 545.0, 546.0, 547.0, 548.0, 549.0, 550.0, 551.0, 552.0, 553.0, 554.0, 555.0, 556.0, 556.0, 557.0, 558.0, 559.0, 560.0, 561.0, 562.0, 563.0, 564.0, 565.0, 566.0, 567.0, 568.0, 569.0, 570.0, 571.0, 571.0, 571.0, 571.0, 580.0, 581.0, 582.0, 583.0, 584.0, 585.0, 586.0, 587.0, 588.0, 589.0, 590.0, 591.0, 592.0, 593.0, 594.0, 595.0, 596.0, 597.0, 598.0, 599.0, 600.0, 601.0, 602.0, 603.0, 604.0, 605.0, 606.0, 607.0, 608.0, 609.0, 610.0, 611.0, 612.0, 613.0, 614.0, 615.0, 616.0, 617.0, 618.0, 619.0, 620.0, 621.0, 622.0, 623.0, 624.0, 625.0, 626.0, 627.0, 628.0, 629.0, 630.0, 631.0, 632.0, 633.0, 634.0, 635.0, 636.0, 637.0, 637.0, 638.0, 638.0, 638.0, 638.0, 639.0, 639.0, 640.0, 640.0, 640.0, 640.0], "avg_cpu": [0.1705858085808581, 0.5973597359735974, 0.6171617161716172, 0.6278877887788779, 0.6823432343234324, 0.655940594059406, 0.6815181518151815, 0.6336633663366337, 0.5783828382838284, 0.5957095709570958, 0.5198019801980198, 0.6179867986798679, 0.570957095709571, 0.6666666666666666, 0.6163366336633663, 0.6089108910891089, 0.5973597359735974, 0.5973597359735974, 0.5643564356435643, 0.4975247524752475, 0.5247524752475248, 0.5841584158415841, 0.5643564356435643, 0.5396039603960396, 0.49504950495049505, 0.5115511551155115, 0.5123762376237624, 0.5775577557755776, 0.5750825082508251, 0.5420792079207921, 0.6138613861386139, 0.5008250825082509, 0.5775577557755776, 0.5222772277227723, 0.5577557755775577, 0.49422442244224424, 0.570957095709571, 0.5016501650165016, 0.6113861386138614, 0.594059405940594, 0.5354785478547854, 0.5783828382838284, 0.6072607260726073, 0.5346534653465347, 0.5585808580858086, 0.5437293729372937, 0.5107260726072608, 0.1450082508250825, 0.0, 0.41542904290429045, 0.6658415841584159, 0.5973597359735974, 0.5726072607260726, 0.5684818481848185, 0.5899339933993399, 0.599009900990099, 0.5932343234323433, 0.5932343234323433, 0.594059405940594, 0.5915841584158416, 0.5915841584158416, 0.6031353135313532, 0.5924092409240924, 0.599009900990099, 0.5981848184818482, 0.5932343234323433, 0.5907590759075908, 0.5841584158415841, 0.5981848184818482, 0.5965346534653465, 0.5924092409240924, 0.5858085808580858, 0.5957095709570958, 0.5973597359735974, 0.6014851485148515, 0.5948844884488449, 0.594059405940594, 0.5825082508250825, 0.594059405940594, 0.6023102310231023, 0.6006600660066007, 0.6031353135313532, 0.5915841584158416, 0.5825082508250825, 0.5899339933993399, 0.5915841584158416, 0.5973597359735974, 0.5841584158415841, 0.5874587458745875, 0.5866336633663366, 0.5858085808580858, 0.5932343234323433, 0.5907590759075908, 0.5833333333333334, 0.5915841584158416, 0.5882838283828383, 0.5891089108910891, 0.599009900990099, 0.5907590759075908, 0.5948844884488449, 0.6006600660066007, 0.5948844884488449, 0.5965346534653465, 0.5775577557755776, 0.5808580858085809, 0.5808580858085809, 0.5924092409240924, 0.5891089108910891, 0.6047854785478548, 0.0, 0.002385004125412541, 0.0, 0.0, 0.33837890625, 0.38916015625, 0.38330078125, 0.0, 0.0], "avg_mem": [0.009173682284040996, 0.053349194729136164, 0.04355783308931186, 0.043420571010248904, 0.045525256222547585, 0.04419838945827233, 0.044930453879941434, 0.04538799414348463, 0.04406112737920937, 0.043420571010248904, 0.04428989751098097, 0.04419838945827233, 0.045342240117130304, 0.043740849194729134, 0.04474743777452416, 0.04428989751098097, 0.04369509516837482, 0.04241398243045388, 0.04387811127379209, 0.04236822840409956, 0.04186493411420205, 0.04406112737920937, 0.04278001464128843, 0.04351207906295754, 0.044427159590043924, 0.04195644216691069, 0.04355783308931186, 0.04387811127379209, 0.04145314787701318, 0.04300878477306003, 0.039714494875549046, 0.04465592972181552, 0.04250549048316252, 0.04168191800878477, 0.04305453879941435, 0.04035505124450952, 0.0426885065885798, 0.0414989019033675, 0.04163616398243045, 0.044518667642752564, 0.04396961932650073, 0.04186493411420205, 0.04319180087847731, 0.04186493411420205, 0.04122437774524158, 0.048224743777452415, 0.044427159590043924, 0.001338305270863836, 0.0009150805270863836, 0.03765556368960468, 0.10523426061493411, 0.08857979502196194, 0.0861090775988287, 0.08601756954612005, 0.08665812591508053, 0.08501098096632503, 0.08638360175695461, 0.08803074670571011, 0.08592606149341142, 0.0861090775988287, 0.08510248901903368, 0.08455344070278184, 0.09169106881405564, 0.08793923865300146, 0.08501098096632503, 0.08793923865300146, 0.08766471449487555, 0.08976939970717424, 0.09068448023426061, 0.0892203513909224, 0.0911420204978038, 0.09068448023426061, 0.08940336749633968, 0.0904099560761347, 0.09123352855051245, 0.08830527086383602, 0.087298682284041, 0.0892203513909224, 0.08684114202049781, 0.08674963396778916, 0.09846266471449487, 0.08986090775988287, 0.08620058565153733, 0.08720717423133235, 0.0865666178623719, 0.08821376281112737, 0.08674963396778916, 0.08501098096632503, 0.08793923865300146, 0.08693265007320644, 0.08354685212298682, 0.08629209370424597, 0.08647510980966325, 0.08510248901903368, 0.0861090775988287, 0.08784773060029283, 0.08748169838945827, 0.08739019033674963, 0.08793923865300146, 0.08647510980966325, 0.08473645680819912, 0.08546852122986823, 0.08958638360175696, 0.08601756954612005, 0.08775622254758418, 0.08912884333821376, 0.08784773060029283, 0.08739019033674963, 0.0853770131771596, 0.0001068115234375, 0.0008693265007320644, 0.0006920296486090776, 0.000102996826171875, 0.0122222900390625, 0.0136871337890625, 0.0131072998046875, 0.0001239776611328125, 8.20159912109375e-05]}