{"time": [1718.0, 1718.0, 1719.0, 1719.0, 1719.0, 1719.0, 1719.0, 1720.0, 1720.0, 1721.0, 1722.0, 1723.0, 1723.0, 1724.0, 1724.0, 1725.0, 1726.0, 1727.0, 1728.0, 1728.0, 1729.0, 1730.0, 1731.0, 1732.0, 1733.0, 1733.0, 1734.0, 1735.0, 1736.0, 1737.0, 1738.0, 1738.0, 1739.0, 1740.0, 1741.0, 1742.0, 1743.0, 1744.0, 1745.0, 1746.0, 1747.0, 1748.0, 1749.0, 1750.0, 1751.0, 1752.0, 1753.0, 1754.0, 1755.0, 1756.0, 1757.0, 1758.0, 1759.0, 1760.0, 1761.0, 1762.0, 1763.0, 1764.0, 1765.0, 1766.0, 1767.0, 1768.0, 1769.0, 1770.0, 1771.0, 1772.0, 1773.0, 1774.0, 1775.0, 1776.0, 1777.0, 1778.0, 1779.0, 1780.0, 1781.0, 1782.0, 1783.0, 1784.0, 1785.0, 1786.0, 1787.0, 1788.0, 1789.0, 1790.0, 1791.0, 1792.0, 1793.0, 1794.0, 1795.0, 1796.0, 1797.0, 1798.0, 1799.0, 1800.0, 1800.0, 1800.0, 1800.0], "avg_cpu": [0.0, 0.1670792079207921, 0.2623762376237624, 0.3147689768976898, 0.2891914191419142, 0.2768151815181518, 0.27516501650165015, 0.2528877887788779, 0.30816831683168316, 0.2817656765676568, 0.2747524752475248, 0.2957920792079208, 0.36468646864686466, 0.3704620462046205, 0.4504950495049505, 0.4438943894389439, 0.41996699669966997, 0.45627062706270627, 0.4933993399339934, 0.4752475247524752, 0.4975247524752475, 0.5024752475247525, 0.528052805280528, 0.5825082508250825, 0.5024752475247525, 0.5792079207920792, 0.5404290429042904, 0.5396039603960396, 0.5775577557755776, 0.5552805280528053, 0.5363036303630363, 0.5924092409240924, 0.5808580858085809, 0.6056105610561056, 0.58003300330033, 0.5561056105610561, 0.58003300330033, 0.5478547854785478, 0.5346534653465347, 0.5783828382838284, 0.5577557755775577, 0.636963696369637, 0.5552805280528053, 0.5676567656765676, 0.5371287128712872, 0.5528052805280528, 0.5618811881188119, 0.5585808580858086, 0.566006600660066, 0.6023102310231023, 0.6039603960396039, 0.5643564356435643, 0.5396039603960396, 0.5429042904290429, 0.5635313531353136, 0.6146864686468647, 0.5783828382838284, 0.5338283828382838, 0.5437293729372937, 0.6097359735973598, 0.5701320132013201, 0.5899339933993399, 0.5610561056105611, 0.514026402640264, 0.5107260726072608, 0.5404290429042904, 0.6138613861386139, 0.6031353135313532, 0.6171617161716172, 0.594059405940594, 0.6097359735973598, 0.5858085808580858, 0.5742574257425742, 0.5882838283828383, 0.5973597359735974, 0.6146864686468647, 0.6765676567656765, 0.6089108910891089, 0.5808580858085809, 0.5907590759075908, 0.5948844884488449, 0.6064356435643564, 0.5948844884488449, 0.5891089108910891, 0.5767326732673267, 0.5742574257425742, 0.5726072607260726, 0.5775577557755776, 0.5759075907590759, 0.5759075907590759, 0.5742574257425742, 0.5750825082508251, 0.6072607260726073, 0.2908415841584158, 0.0008669812293729373, 0.0028910117574257425, 0.0], "avg_mem": [2.859626647144949e-06, 0.008292917276720352, 0.009162243777452415, 0.008670387994143484, 0.009356698389458273, 0.008693265007320644, 0.00836154831625183, 0.008704703513909224, 0.008716142020497804, 0.008761896046852123, 0.0089449121522694, 0.008533125915080528, 0.008670387994143484, 0.008578879941434846, 0.008590318448023425, 0.00886484260614934, 0.008567441434846267, 0.0089449121522694, 0.008578879941434846, 0.008704703513909224, 0.00893347364568082, 0.008624633967789166, 0.008636072474377745, 0.008704703513909224, 0.008727580527086384, 0.008899158125915081, 0.008567441434846267, 0.008819088579795022, 0.008773334553440702, 0.008693265007320644, 0.008727580527086384, 0.008704703513909224, 0.008658949487554905, 0.008727580527086384, 0.00886484260614934, 0.008853404099560761, 0.008727580527086384, 0.00893347364568082, 0.008716142020497804, 0.009002104685212299, 0.0088877196193265, 0.008830527086383601, 0.008647510980966324, 0.009047858711566617, 0.008716142020497804, 0.008784773060029283, 0.008739019033674963, 0.008773334553440702, 0.008716142020497804, 0.0088877196193265, 0.008704703513909224, 0.008727580527086384, 0.008716142020497804, 0.008899158125915081, 0.008784773060029283, 0.008716142020497804, 0.008784773060029283, 0.00893347364568082, 0.008704703513909224, 0.008773334553440702, 0.008761896046852123, 0.008716142020497804, 0.008807650073206443, 0.008590318448023425, 0.008853404099560761, 0.009574030014641289, 0.008670387994143484, 0.008693265007320644, 0.008750457540263544, 0.009036420204978038, 0.009528275988286969, 0.00896778916544656, 0.008956350658857979, 0.008784773060029283, 0.008841965592972182, 0.008784773060029283, 0.008704703513909224, 0.008819088579795022, 0.00892203513909224, 0.00892203513909224, 0.0088877196193265, 0.008750457540263544, 0.008739019033674963, 0.008716142020497804, 0.008716142020497804, 0.008796211566617862, 0.008830527086383601, 0.009139366764275255, 0.008727580527086384, 0.008796211566617862, 0.008807650073206443, 0.008876281112737921, 0.008807650073206443, 0.007926885065885798, 0.0069431734992679356, 0.0069431734992679356, 6.863103953147877e-05]}