{"time": [530.0, 530.0, 531.0, 531.0, 532.0, 533.0, 534.0, 535.0, 536.0, 537.0, 538.0, 539.0, 540.0, 540.0, 541.0, 542.0, 543.0, 544.0, 545.0, 546.0, 547.0, 548.0, 549.0, 550.0, 551.0, 552.0, 553.0, 554.0, 555.0, 556.0, 556.0, 557.0, 558.0, 559.0, 560.0, 561.0, 562.0, 563.0, 564.0, 565.0, 566.0, 567.0, 568.0, 569.0, 570.0, 571.0, 571.0, 572.0, 572.0, 572.0, 580.0, 581.0, 582.0, 583.0, 584.0, 585.0, 586.0, 587.0, 588.0, 589.0, 590.0, 591.0, 592.0, 593.0, 594.0, 595.0, 596.0, 597.0, 598.0, 599.0, 600.0, 601.0, 602.0, 603.0, 604.0, 605.0, 606.0, 607.0, 608.0, 609.0, 610.0, 611.0, 612.0, 613.0, 614.0, 615.0, 616.0, 617.0, 618.0, 619.0, 620.0, 621.0, 622.0, 623.0, 624.0, 625.0, 626.0, 627.0, 628.0, 629.0, 630.0, 631.0, 632.0, 633.0, 634.0, 635.0, 636.0, 637.0, 638.0, 639.0, 640.0, 641.0, 642.0, 643.0, 644.0, 645.0, 646.0, 647.0, 648.0, 649.0, 650.0, 651.0, 652.0, 653.0, 653.0, 653.0, 653.0], "avg_cpu": [0.4005775577557756, 0.5742574257425742, 0.509075907590759, 0.5676567656765676, 0.5453795379537953, 0.5148514851485149, 0.5115511551155115, 0.5288778877887789, 0.6443894389438944, 0.5734323432343235, 0.5734323432343235, 0.5544554455445545, 0.6402640264026402, 0.6188118811881188, 0.5965346534653465, 0.49834983498349833, 0.5445544554455446, 0.556930693069307, 0.5627062706270627, 0.5214521452145214, 0.5156765676567657, 0.5115511551155115, 0.5165016501650165, 0.5156765676567657, 0.5379537953795379, 0.5198019801980198, 0.4752475247524752, 0.5453795379537953, 0.6138613861386139, 0.5528052805280528, 0.5462046204620462, 0.5239273927392739, 0.551980198019802, 0.641914191419142, 0.6361386138613861, 0.5924092409240924, 0.5305280528052805, 0.6089108910891089, 0.5825082508250825, 0.5594059405940595, 0.5363036303630363, 0.5536303630363036, 0.5899339933993399, 0.5453795379537953, 0.5775577557755776, 0.5173267326732673, 0.5165016501650165, 0.5561056105610561, 0.009978341584158416, 0.0, 0.4760726072607261, 0.5676567656765676, 0.5297029702970297, 0.5420792079207921, 0.5676567656765676, 0.5387788778877888, 0.551980198019802, 0.5404290429042904, 0.5379537953795379, 0.5420792079207921, 0.5511551155115512, 0.528052805280528, 0.5486798679867987, 0.5833333333333334, 0.5561056105610561, 0.5313531353135313, 0.518976897689769, 0.5379537953795379, 0.5297029702970297, 0.5602310231023102, 0.5486798679867987, 0.5371287128712872, 0.5651815181518152, 0.5717821782178217, 0.5602310231023102, 0.4966996699669967, 0.4991749174917492, 0.5115511551155115, 0.5074257425742574, 0.5148514851485149, 0.5396039603960396, 0.5470297029702971, 0.5486798679867987, 0.5462046204620462, 0.5181518151815182, 0.5412541254125413, 0.5585808580858086, 0.5288778877887789, 0.5453795379537953, 0.5181518151815182, 0.533003300330033, 0.5981848184818482, 0.5915841584158416, 0.5668316831683168, 0.551980198019802, 0.5198019801980198, 0.5387788778877888, 0.5338283828382838, 0.570957095709571, 0.5181518151815182, 0.5132013201320133, 0.49834983498349833, 0.5255775577557755, 0.5396039603960396, 0.5198019801980198, 0.5222772277227723, 0.5965346534653465, 0.5247524752475248, 0.523102310231023, 0.5057755775577558, 0.5429042904290429, 0.533003300330033, 0.5148514851485149, 0.5536303630363036, 0.5462046204620462, 0.5387788778877888, 0.5495049504950495, 0.5536303630363036, 0.58003300330033, 0.5651815181518152, 0.5825082508250825, 0.5767326732673267, 0.5882838283828383, 0.5618811881188119, 0.5643564356435643, 0.0, 0.0], "avg_mem": [0.02079520497803807, 0.047035139092240115, 0.04456442166910688, 0.04305453879941435, 0.04163616398243045, 0.04163616398243045, 0.04227672035139092, 0.04351207906295754, 0.044244143484626644, 0.0424597364568082, 0.041819180087847733, 0.04250549048316252, 0.04287152269399707, 0.043237554904831624, 0.043832357247437774, 0.04278001464128843, 0.04369509516837482, 0.04200219619326501, 0.040400805270863836, 0.04168191800878477, 0.04218521229868229, 0.040904099560761346, 0.04172767203513909, 0.0414989019033675, 0.04058382137628111, 0.04094985358711566, 0.040995607613469986, 0.041315885797950216, 0.04209370424597365, 0.042734260614934114, 0.044838945827232794, 0.03957723279648609, 0.041315885797950216, 0.04172767203513909, 0.04108711566617863, 0.04209370424597365, 0.04168191800878477, 0.04085834553440703, 0.04067532942898975, 0.04195644216691069, 0.042825768667642754, 0.04296303074670571, 0.0410413616398243, 0.04154465592972181, 0.040812591508052706, 0.040217789165446556, 0.04003477306002928, 0.02452415812591508, 0.00048327690336749635, 0.00025450677159590045, 0.04003477306002928, 0.04204795021961932, 0.042825768667642754, 0.04415263543191801, 0.04227672035139092, 0.04428989751098097, 0.044930453879941434, 0.042825768667642754, 0.04278001464128843, 0.04406112737920937, 0.04172767203513909, 0.04241398243045388, 0.04538799414348463, 0.04310029282576867, 0.04305453879941435, 0.04474743777452416, 0.04305453879941435, 0.044015373352855054, 0.04310029282576867, 0.04305453879941435, 0.042642752562225474, 0.04319180087847731, 0.04058382137628111, 0.04296303074670571, 0.045525256222547585, 0.04300878477306003, 0.043420571010248904, 0.042825768667642754, 0.04085834553440703, 0.042642752562225474, 0.0446101756954612, 0.04163616398243045, 0.04296303074670571, 0.04447291361639824, 0.04607430453879941, 0.04474743777452416, 0.04415263543191801, 0.043329062957540264, 0.0410413616398243, 0.043329062957540264, 0.04255124450951684, 0.042734260614934114, 0.044015373352855054, 0.04387811127379209, 0.04218521229868229, 0.04241398243045388, 0.042230966325036604, 0.04227672035139092, 0.043832357247437774, 0.0426885065885798, 0.04200219619326501, 0.04177342606149341, 0.044244143484626644, 0.04278001464128843, 0.04168191800878477, 0.04305453879941435, 0.043740849194729134, 0.042917276720351394, 0.04479319180087848, 0.04300878477306003, 0.04259699853587116, 0.043329062957540264, 0.04278001464128843, 0.043146046852122984, 0.04172767203513909, 0.04515922401171303, 0.04300878477306003, 0.043740849194729134, 0.04236822840409956, 0.04186493411420205, 0.042642752562225474, 0.042825768667642754, 0.04410688140556369, 0.04168191800878477, 0.04387811127379209, 0.0006462756222547584, 0.00036603221083455345]}