{"time": [1718.0, 1719.0, 1719.0, 1719.0, 1719.0, 1719.0, 1720.0, 1720.0, 1721.0, 1722.0, 1723.0, 1723.0, 1724.0, 1725.0, 1726.0, 1727.0, 1727.0, 1728.0, 1729.0, 1729.0, 1730.0, 1731.0, 1732.0, 1732.0, 1733.0, 1734.0, 1735.0, 1736.0, 1737.0, 1738.0, 1739.0, 1739.0, 1740.0, 1741.0, 1742.0, 1743.0, 1744.0, 1745.0, 1746.0, 1747.0, 1748.0, 1749.0, 1750.0, 1751.0, 1752.0, 1753.0, 1754.0, 1755.0, 1756.0, 1757.0, 1758.0, 1759.0, 1760.0, 1761.0, 1762.0, 1763.0, 1764.0, 1765.0, 1766.0, 1767.0, 1768.0, 1769.0, 1770.0, 1771.0, 1772.0, 1773.0, 1774.0, 1775.0, 1776.0, 1777.0, 1778.0, 1779.0, 1780.0, 1781.0, 1782.0, 1783.0, 1784.0, 1785.0, 1786.0, 1787.0, 1788.0, 1789.0, 1790.0, 1791.0, 1792.0, 1793.0, 1794.0, 1795.0, 1796.0, 1797.0, 1798.0, 1799.0, 1800.0, 1800.0, 1800.0, 1800.0], "avg_cpu": [0.05868399339933993, 0.3395214521452145, 0.37706270627062705, 0.4315181518151815, 0.466996699669967, 0.42244224422442245, 0.4265676567656766, 0.3712871287128713, 0.3325082508250825, 0.3147689768976898, 0.35396039603960394, 0.39026402640264024, 0.3943894389438944, 0.4240924092409241, 0.4042904290429043, 0.4315181518151815, 0.4760726072607261, 0.5099009900990099, 0.4900990099009901, 0.5726072607260726, 0.5099009900990099, 0.5602310231023102, 0.5841584158415841, 0.5528052805280528, 0.5544554455445545, 0.551980198019802, 0.5338283828382838, 0.5544554455445545, 0.6089108910891089, 0.584983498349835, 0.5816831683168316, 0.6377887788778878, 0.641914191419142, 0.6683168316831684, 0.6625412541254125, 0.6584158415841584, 0.5767326732673267, 0.5874587458745875, 0.5767326732673267, 0.5767326732673267, 0.5981848184818482, 0.5858085808580858, 0.5668316831683168, 0.5866336633663366, 0.5841584158415841, 0.5858085808580858, 0.5676567656765676, 0.5742574257425742, 0.5750825082508251, 0.5717821782178217, 0.570957095709571, 0.5693069306930693, 0.5841584158415841, 0.584983498349835, 0.5825082508250825, 0.5792079207920792, 0.58003300330033, 0.5932343234323433, 0.5899339933993399, 0.5808580858085809, 0.5825082508250825, 0.5998349834983498, 0.5792079207920792, 0.5792079207920792, 0.5808580858085809, 0.5792079207920792, 0.5759075907590759, 0.5767326732673267, 0.5792079207920792, 0.5866336633663366, 0.6031353135313532, 0.570957095709571, 0.566006600660066, 0.5585808580858086, 0.5618811881188119, 0.5643564356435643, 0.5833333333333334, 0.5825082508250825, 0.5932343234323433, 0.6072607260726073, 0.6014851485148515, 0.5775577557755776, 0.5536303630363036, 0.5297029702970297, 0.5297029702970297, 0.5181518151815182, 0.5288778877887789, 0.5420792079207921, 0.5453795379537953, 0.5462046204620462, 0.5321782178217822, 0.528052805280528, 0.23803630363036304, 0.000578524649339934, 0.0008669812293729373, 0.000496338696369637], "avg_mem": [0.005902269399707174, 0.009962939238653, 0.009585468521229868, 0.00896778916544656, 0.00839586383601757, 0.008510248901903368, 0.008876281112737921, 0.008739019033674963, 0.008773334553440702, 0.008670387994143484, 0.009036420204978038, 0.008556002928257686, 0.008739019033674963, 0.008567441434846267, 0.008876281112737921, 0.008784773060029283, 0.008796211566617862, 0.009276628843338214, 0.009185120790629575, 0.009253751830161054, 0.008807650073206443, 0.008750457540263544, 0.008739019033674963, 0.008498810395314787, 0.008899158125915081, 0.008979227672035139, 0.008681826500732064, 0.009036420204978038, 0.008681826500732064, 0.008807650073206443, 0.008647510980966324, 0.008841965592972182, 0.008773334553440702, 0.008761896046852123, 0.008819088579795022, 0.008876281112737921, 0.008876281112737921, 0.008899158125915081, 0.00886484260614934, 0.008853404099560761, 0.008819088579795022, 0.008647510980966324, 0.008704703513909224, 0.008681826500732064, 0.00893347364568082, 0.00892203513909224, 0.008853404099560761, 0.008716142020497804, 0.00893347364568082, 0.008784773060029283, 0.008704703513909224, 0.008784773060029283, 0.008979227672035139, 0.008773334553440702, 0.008727580527086384, 0.008658949487554905, 0.008819088579795022, 0.008670387994143484, 0.008693265007320644, 0.008704703513909224, 0.0088877196193265, 0.008853404099560761, 0.00892203513909224, 0.008670387994143484, 0.008956350658857979, 0.008670387994143484, 0.008750457540263544, 0.009402452415812591, 0.008773334553440702, 0.008819088579795022, 0.009036420204978038, 0.009047858711566617, 0.00886484260614934, 0.00891059663250366, 0.00899066617862372, 0.008773334553440702, 0.008647510980966324, 0.009070735724743777, 0.009185120790629575, 0.008899158125915081, 0.009288067349926793, 0.008761896046852123, 0.008727580527086384, 0.008784773060029283, 0.008670387994143484, 0.009093612737920937, 0.00886484260614934, 0.008796211566617862, 0.008807650073206443, 0.0089449121522694, 0.00886484260614934, 0.008784773060029283, 0.00784681551976574, 0.00726345168374817, 0.00725201317715959, 6.291178623718887e-05]}