{"time": [591.0, 592.0, 593.0, 593.0, 594.0, 594.0, 594.0, 594.0, 595.0, 595.0, 595.0, 595.0, 595.0, 596.0, 597.0, 598.0, 599.0, 600.0, 600.0, 600.0, 600.0, 601.0, 601.0, 601.0, 602.0, 603.0, 603.0, 603.0, 603.0, 603.0, 604.0, 605.0, 606.0, 606.0, 607.0, 607.0, 607.0, 607.0, 608.0, 609.0, 610.0, 611.0, 612.0, 613.0, 614.0, 615.0, 616.0, 616.0, 617.0, 618.0, 619.0, 620.0, 621.0, 622.0, 623.0, 624.0, 625.0, 626.0, 627.0, 628.0, 629.0, 630.0, 631.0, 632.0, 633.0, 634.0, 635.0, 636.0, 637.0, 638.0, 639.0, 640.0, 641.0, 642.0, 643.0, 644.0, 645.0, 646.0, 647.0, 648.0, 649.0, 650.0, 651.0, 652.0, 653.0, 654.0, 655.0, 656.0, 657.0, 658.0, 659.0, 660.0, 661.0, 662.0, 663.0, 664.0, 665.0, 666.0, 667.0, 668.0, 669.0, 670.0, 671.0, 672.0, 673.0, 674.0, 675.0, 676.0, 677.0, 678.0, 679.0, 680.0, 681.0, 682.0, 683.0, 684.0, 685.0, 686.0, 687.0, 688.0, 689.0, 690.0, 691.0, 692.0, 693.0, 694.0, 695.0, 696.0, 697.0, 698.0, 699.0, 700.0, 701.0, 702.0, 703.0, 704.0, 705.0, 706.0, 707.0, 707.0, 707.0, 707.0], "avg_cpu": [0.164306640625, 0.2939453125, 0.29833984375, 0.26611328125, 0.30810546875, 0.002105712890625, 0.0, 0.296875, 0.3095703125, 0.31103515625, 0.27734375, 0.0008420944213867188, 0.3060081466395112, 0.3029531568228106, 0.3075356415478615, 0.32637474541751527, 0.32484725050916496, 0.29633401221995925, 0.32026476578411406, 0.010151476578411405, 0.0, 0.0, 0.0, 0.014686227087576375, 0.3335030549898167, 0.32484725050916496, 0.34826883910386963, 0.134928716904277, 0.0, 0.40702479338842973, 0.48484848484848486, 0.65633608815427, 0.4256198347107438, 0.35674931129476584, 0.3650137741046832, 0.0590564738292011, 0.0, 0.5618811881188119, 0.6262376237623762, 0.6196369636963697, 0.5932343234323433, 0.5717821782178217, 0.5841584158415841, 0.6047854785478548, 0.5874587458745875, 0.6171617161716172, 0.6179867986798679, 0.6683168316831684, 0.6534653465346535, 0.6410891089108911, 0.6427392739273927, 0.6328382838283828, 0.6336633663366337, 0.6410891089108911, 0.66996699669967, 0.6740924092409241, 0.6641914191419142, 0.6575907590759076, 0.6617161716171617, 0.6526402640264026, 0.6608910891089109, 0.641914191419142, 0.6476897689768977, 0.6427392739273927, 0.6394389438943895, 0.636963696369637, 0.6501650165016502, 0.6196369636963697, 0.6353135313531353, 0.6336633663366337, 0.6666666666666666, 0.650990099009901, 0.6386138613861386, 0.6386138613861386, 0.6287128712871287, 0.6155115511551155, 0.6567656765676567, 0.6526402640264026, 0.6262376237623762, 0.6171617161716172, 0.655940594059406, 0.655940594059406, 0.6278877887788779, 0.6328382838283828, 0.5742574257425742, 0.8308580858085809, 0.6881188118811881, 0.6179867986798679, 0.6138613861386139, 0.6435643564356436, 0.6212871287128713, 0.6336633663366337, 0.6171617161716172, 0.6856435643564357, 0.6237623762376238, 0.5981848184818482, 0.6410891089108911, 0.599009900990099, 0.5717821782178217, 0.6171617161716172, 0.5701320132013201, 0.6023102310231023, 0.5957095709570958, 0.6072607260726073, 0.6072607260726073, 0.5981848184818482, 0.6394389438943895, 0.6386138613861386, 0.5882838283828383, 0.594059405940594, 0.6105610561056105, 0.6097359735973598, 0.6303630363036303, 0.6155115511551155, 0.6303630363036303, 0.6287128712871287, 0.6278877887788779, 0.6179867986798679, 0.594059405940594, 0.6476897689768977, 0.6353135313531353, 0.6443894389438944, 0.608085808580858, 0.6377887788778878, 0.6361386138613861, 0.6394389438943895, 0.5750825082508251, 0.6328382838283828, 0.608085808580858, 0.613036303630363, 0.5924092409240924, 0.6155115511551155, 0.5792079207920792, 0.6254125412541254, 0.5676567656765676, 0.6287128712871287, 0.5717821782178217, 0.5833333333333334, 0.6122112211221122, 0.6542904290429042, 0.0459983498349835, 0.0], "avg_mem": [0.011962890625, 0.03173828125, 0.029632568359375, 0.025604248046875, 0.023529052734375, 0.000301361083984375, 0.0002193450927734375, 0.028289794921875, 0.03076171875, 0.027679443359375, 0.02886962890625, 0.000270843505859375, 0.011444091796875, 0.0145721435546875, 0.0127410888671875, 0.0142669677734375, 0.0137481689453125, 0.012664794921875, 0.014007568359375, 0.0001678466796875, 0.000110626220703125, 0.00022125244140625, 0.0002231597900390625, 0.00313568115234375, 0.03076171875, 0.030517578125, 0.029266357421875, 0.0003509521484375, 0.0002288818359375, 0.023288799414348464, 0.047126647144948755, 0.044015373352855054, 0.043832357247437774, 0.043329062957540264, 0.0357796486090776, 0.0006834507686676427, 0.0003574533308931186, 0.03957723279648609, 0.04085834553440703, 0.03962298682284041, 0.04058382137628111, 0.04044655929721815, 0.04278001464128843, 0.0412701317715959, 0.04406112737920937, 0.04378660322108346, 0.043329062957540264, 0.04227672035139092, 0.04337481698389458, 0.04136163982430454, 0.042642752562225474, 0.044244143484626644, 0.039897510980966326, 0.044838945827232794, 0.04168191800878477, 0.042734260614934114, 0.04255124450951684, 0.03925695461200586, 0.04419838945827233, 0.04227672035139092, 0.04296303074670571, 0.04186493411420205, 0.038204612005856516, 0.04419838945827233, 0.040904099560761346, 0.04355783308931186, 0.04255124450951684, 0.03957723279648609, 0.046211566617862375, 0.04172767203513909, 0.042917276720351394, 0.04191068814055637, 0.039119692532942896, 0.04584553440702782, 0.03948572474377745, 0.04236822840409956, 0.043923865300146414, 0.04163616398243045, 0.044015373352855054, 0.0400805270863836, 0.04209370424597365, 0.043832357247437774, 0.03898243045387994, 0.04172767203513909, 0.0424597364568082, 0.04447291361639824, 0.044244143484626644, 0.040812591508052706, 0.040400805270863836, 0.044427159590043924, 0.043329062957540264, 0.04419838945827233, 0.04213945827232796, 0.04200219619326501, 0.04538799414348463, 0.04072108345534407, 0.04259699853587116, 0.04172767203513909, 0.03953147877013177, 0.04406112737920937, 0.04415263543191801, 0.043329062957540264, 0.040812591508052706, 0.04204795021961932, 0.04360358711566618, 0.0400805270863836, 0.04195644216691069, 0.04625732064421669, 0.04218521229868229, 0.04026354319180088, 0.043740849194729134, 0.043923865300146414, 0.04209370424597365, 0.04154465592972181, 0.041819180087847733, 0.042825768667642754, 0.041819180087847733, 0.042642752562225474, 0.04122437774524158, 0.043420571010248904, 0.04396961932650073, 0.04396961932650073, 0.04287152269399707, 0.04465592972181552, 0.043832357247437774, 0.041315885797950216, 0.045525256222547585, 0.04520497803806735, 0.04570827232796486, 0.048407759882869696, 0.04506771595900439, 0.044838945827232794, 0.043420571010248904, 0.045616764275256225, 0.043923865300146414, 0.04438140556368961, 0.04447291361639824, 0.044244143484626644, 0.0410413616398243, 0.03838762811127379, 0.0014183748169838946, 0.0005347501830161054]}