{"time": [1715.0, 1716.0, 1717.0, 1718.0, 1719.0, 1719.0, 1720.0, 1720.0, 1721.0, 1722.0, 1723.0, 1724.0, 1725.0, 1725.0, 1726.0, 1727.0, 1728.0, 1729.0, 1730.0, 1730.0, 1731.0, 1732.0, 1733.0, 1734.0, 1735.0, 1736.0, 1737.0, 1738.0, 1739.0, 1740.0, 1741.0, 1742.0, 1743.0, 1744.0, 1745.0, 1746.0, 1747.0, 1748.0, 1749.0, 1750.0, 1751.0, 1752.0, 1753.0, 1754.0, 1755.0, 1756.0, 1757.0, 1758.0, 1759.0, 1760.0, 1761.0, 1762.0, 1763.0, 1764.0, 1765.0, 1766.0, 1767.0, 1768.0, 1769.0, 1770.0, 1771.0, 1772.0, 1773.0, 1774.0, 1775.0, 1776.0, 1777.0, 1778.0, 1779.0, 1780.0, 1781.0, 1782.0, 1783.0, 1784.0, 1785.0, 1786.0, 1787.0, 1788.0, 1789.0, 1790.0, 1791.0, 1792.0, 1793.0, 1794.0, 1795.0, 1796.0, 1797.0, 1798.0, 1799.0, 1800.0, 1800.0, 1800.0, 1800.0], "avg_cpu": [0.06273674242424243, 0.07875631313131314, 0.046480429292929296, 0.1038510101010101, 0.22506313131313133, 0.24589646464646464, 0.24337121212121213, 0.413510101010101, 0.4008838383838384, 0.4034090909090909, 0.3996212121212121, 0.4034090909090909, 0.4071969696969697, 0.6180555555555556, 0.61489898989899, 0.615530303030303, 0.6218434343434344, 0.6205808080808081, 0.6212121212121212, 0.7474747474747475, 0.7436868686868687, 0.7487373737373737, 0.7588383838383839, 0.7436868686868687, 0.75, 0.7462121212121212, 0.7487373737373737, 0.73989898989899, 0.7424242424242424, 0.7487373737373737, 0.7474747474747475, 0.7487373737373737, 0.7411616161616161, 0.7436868686868687, 0.7386363636363636, 0.7449494949494949, 0.7449494949494949, 0.7449494949494949, 0.7449494949494949, 0.7474747474747475, 0.7424242424242424, 0.7411616161616161, 0.7424242424242424, 0.7386363636363636, 0.7348484848484849, 0.7411616161616161, 0.7487373737373737, 0.7348484848484849, 0.73989898989899, 0.7525252525252525, 0.7411616161616161, 0.7411616161616161, 0.7487373737373737, 0.73989898989899, 0.7411616161616161, 0.7462121212121212, 0.7348484848484849, 0.7462121212121212, 0.7449494949494949, 0.7411616161616161, 0.7487373737373737, 0.7424242424242424, 0.7436868686868687, 0.7411616161616161, 0.7335858585858586, 0.7323232323232324, 0.7386363636363636, 0.7297979797979798, 0.7310606060606061, 0.7361111111111112, 0.7373737373737373, 0.7348484848484849, 0.7386363636363636, 0.7348484848484849, 0.7436868686868687, 0.7436868686868687, 0.7373737373737373, 0.73989898989899, 0.7335858585858586, 0.7310606060606061, 0.7285353535353535, 0.7323232323232324, 0.7222222222222222, 0.7247474747474747, 0.73989898989899, 0.7297979797979798, 0.7348484848484849, 0.7386363636363636, 0.7436868686868687, 0.3503787878787879, 0.008463541666666666, 0.006510416666666667, 0.0003255208333333333], "avg_mem": [0.014778550512445095, 0.017157759882869692, 0.015533491947291362, 0.018507503660322108, 0.023609077598828698, 0.024066617862371888, 0.024707174231332358, 0.024112371888726208, 0.02397510980966325, 0.02452415812591508, 0.024341142020497804, 0.024341142020497804, 0.02502745241581259, 0.024249633967789164, 0.02388360175695461, 0.024661420204978038, 0.024295387994143484, 0.024341142020497804, 0.023746339677891654, 0.02443265007320644, 0.024249633967789164, 0.02507320644216691, 0.024798682284040995, 0.024112371888726208, 0.025256222547584188, 0.024341142020497804, 0.025256222547584188, 0.024798682284040995, 0.024615666178623718, 0.02452415812591508, 0.024249633967789164, 0.02443265007320644, 0.026537335285505125, 0.024844436310395315, 0.02443265007320644, 0.02452415812591508, 0.024203879941434848, 0.02498169838945827, 0.025164714494875548, 0.02443265007320644, 0.02452415812591508, 0.024341142020497804, 0.02452415812591508, 0.0245699121522694, 0.024661420204978038, 0.024386896046852125, 0.02498169838945827, 0.0245699121522694, 0.024752928257686678, 0.024295387994143484, 0.02443265007320644, 0.02443265007320644, 0.024707174231332358, 0.024890190336749635, 0.024798682284040995, 0.02498169838945827, 0.024707174231332358, 0.02507320644216691, 0.024752928257686678, 0.02447840409956076, 0.02443265007320644, 0.0245699121522694, 0.02452415812591508, 0.02452415812591508, 0.0245699121522694, 0.024341142020497804, 0.024798682284040995, 0.024707174231332358, 0.024249633967789164, 0.02388360175695461, 0.024158125915080528, 0.02498169838945827, 0.024752928257686678, 0.024295387994143484, 0.024386896046852125, 0.024798682284040995, 0.02447840409956076, 0.02502745241581259, 0.024890190336749635, 0.024752928257686678, 0.02452415812591508, 0.024386896046852125, 0.02447840409956076, 0.02502745241581259, 0.02452415812591508, 0.024844436310395315, 0.024661420204978038, 0.024203879941434848, 0.02452415812591508, 0.02278550512445095, 0.02061218887262079, 0.00015441983894582724, 0.00012010431918008785]}