{"time": [529.0, 530.0, 530.0, 530.0, 531.0, 531.0, 531.0, 531.0, 531.0, 558.0, 559.0, 560.0, 561.0, 562.0, 563.0, 564.0, 565.0, 566.0, 567.0, 568.0, 569.0, 570.0, 571.0, 571.0, 572.0, 572.0, 572.0, 584.0, 585.0, 586.0, 587.0, 588.0, 589.0, 590.0, 591.0, 592.0, 593.0, 594.0, 595.0, 596.0, 597.0, 598.0, 599.0, 600.0, 601.0, 602.0, 603.0, 604.0, 605.0, 606.0, 607.0, 608.0, 609.0, 610.0, 611.0, 612.0, 613.0, 614.0, 615.0, 616.0, 617.0, 618.0, 619.0, 620.0, 621.0, 622.0, 623.0, 624.0, 625.0, 626.0, 627.0, 628.0, 629.0, 629.0, 630.0, 631.0, 632.0, 633.0, 634.0, 635.0, 636.0, 637.0, 638.0, 639.0, 640.0, 641.0, 642.0, 643.0, 644.0, 645.0, 646.0, 647.0, 648.0, 649.0, 650.0, 651.0, 652.0, 653.0, 653.0, 653.0, 653.0], "avg_cpu": [0.16804407713498623, 0.27823691460055094, 0.2537878787878788, 0.24827823691460055, 0.28615702479338845, 0.2847796143250689, 0.2630853994490358, 0.001077447055785124, 0.0, 0.004479940181518152, 0.7698019801980198, 0.6468646864686468, 0.5396039603960396, 0.5783828382838284, 0.5577557755775577, 0.58003300330033, 0.5759075907590759, 0.5363036303630363, 0.5544554455445545, 0.58003300330033, 0.5841584158415841, 0.5618811881188119, 0.5453795379537953, 0.5016501650165016, 0.44554455445544555, 0.1901815181518152, 0.0, 0.6435643564356436, 0.7318481848184818, 0.6089108910891089, 0.6047854785478548, 0.5957095709570958, 0.6006600660066007, 0.6039603960396039, 0.58003300330033, 0.5726072607260726, 0.6006600660066007, 0.6122112211221122, 0.6303630363036303, 0.6023102310231023, 0.5693069306930693, 0.5808580858085809, 0.570957095709571, 0.5882838283828383, 0.5899339933993399, 0.5643564356435643, 0.5445544554455446, 0.5734323432343235, 0.58003300330033, 0.5618811881188119, 0.5536303630363036, 0.6023102310231023, 0.5478547854785478, 0.5594059405940595, 0.5602310231023102, 0.5767326732673267, 0.6262376237623762, 0.6229372937293729, 0.5973597359735974, 0.6188118811881188, 0.5866336633663366, 0.594059405940594, 0.6179867986798679, 0.5973597359735974, 0.5866336633663366, 0.6097359735973598, 0.5816831683168316, 0.5726072607260726, 0.5701320132013201, 0.5882838283828383, 0.5627062706270627, 0.6072607260726073, 0.5536303630363036, 0.6567656765676567, 0.636963696369637, 0.6542904290429042, 0.6427392739273927, 0.6501650165016502, 0.6460396039603961, 0.6196369636963697, 0.6163366336633663, 0.6262376237623762, 0.6270627062706271, 0.6452145214521452, 0.6435643564356436, 0.6658415841584159, 0.6394389438943895, 0.6328382838283828, 0.6493399339933993, 0.6485148514851485, 0.6262376237623762, 0.6171617161716172, 0.6353135313531353, 0.6386138613861386, 0.6105610561056105, 0.5981848184818482, 0.6072607260726073, 0.6353135313531353, 0.6625412541254125, 0.2367986798679868, 0.0], "avg_mem": [0.022488103953147875, 0.03298865300146413, 0.04387811127379209, 0.042230966325036604, 0.03738103953147877, 0.03289714494875549, 0.04351207906295754, 0.000334576317715959, 0.00023734901171303075, 0.005398975109809663, 0.04639458272327965, 0.04589128843338214, 0.04428989751098097, 0.043832357247437774, 0.04538799414348463, 0.04584553440702782, 0.042734260614934114, 0.044427159590043924, 0.04520497803806735, 0.04062957540263543, 0.046623352855051245, 0.04547950219619327, 0.043420571010248904, 0.034498535871156664, 0.06460468521229869, 0.0010151674597364568, 0.0005890830893118595, 0.04255124450951684, 0.04630307467057101, 0.039394216691068816, 0.036603221083455345, 0.03706076134699854, 0.037518301610541725, 0.0379300878477306, 0.03907393850658858, 0.0424597364568082, 0.044015373352855054, 0.04300878477306003, 0.0426885065885798, 0.04470168374816984, 0.04305453879941435, 0.042734260614934114, 0.04250549048316252, 0.045113469985358715, 0.04094985358711566, 0.04145314787701318, 0.043329062957540264, 0.04456442166910688, 0.04145314787701318, 0.04396961932650073, 0.04337481698389458, 0.04117862371888726, 0.037792825768667646, 0.04305453879941435, 0.04191068814055637, 0.04346632503660322, 0.04465592972181552, 0.041315885797950216, 0.04456442166910688, 0.04598279648609078, 0.04488469985358712, 0.04419838945827233, 0.04666910688140556, 0.04529648609077599, 0.04360358711566618, 0.042322474377745244, 0.04607430453879941, 0.04346632503660322, 0.0412701317715959, 0.04547950219619327, 0.04438140556368961, 0.043420571010248904, 0.04877379209370425, 0.04200219619326501, 0.04575402635431918, 0.043740849194729134, 0.04474743777452416, 0.047126647144948755, 0.045021961932650074, 0.0479502196193265, 0.04287152269399707, 0.045021961932650074, 0.04497620790629575, 0.04296303074670571, 0.042642752562225474, 0.04360358711566618, 0.04584553440702782, 0.04479319180087848, 0.044427159590043924, 0.04570827232796486, 0.0446101756954612, 0.042230966325036604, 0.045021961932650074, 0.044335651537335284, 0.04200219619326501, 0.04584553440702782, 0.04520497803806735, 0.04804172767203514, 0.04113286969253294, 0.0008207128477306003, 0.0005662060761346999]}