{"time": [1718.0, 1719.0, 1719.0, 1719.0, 1719.0, 1719.0, 1720.0, 1720.0, 1721.0, 1722.0, 1722.0, 1723.0, 1724.0, 1725.0, 1726.0, 1726.0, 1727.0, 1728.0, 1729.0, 1729.0, 1730.0, 1731.0, 1732.0, 1733.0, 1734.0, 1735.0, 1736.0, 1737.0, 1738.0, 1739.0, 1740.0, 1741.0, 1742.0, 1743.0, 1744.0, 1745.0, 1746.0, 1747.0, 1748.0, 1749.0, 1750.0, 1751.0, 1752.0, 1753.0, 1754.0, 1755.0, 1756.0, 1757.0, 1758.0, 1759.0, 1760.0, 1761.0, 1762.0, 1763.0, 1764.0, 1765.0, 1766.0, 1767.0, 1768.0, 1769.0, 1770.0, 1771.0, 1772.0, 1773.0, 1774.0, 1775.0, 1776.0, 1777.0, 1778.0, 1779.0, 1780.0, 1781.0, 1782.0, 1783.0, 1784.0, 1785.0, 1786.0, 1787.0, 1788.0, 1789.0, 1790.0, 1791.0, 1792.0, 1793.0, 1794.0, 1795.0, 1796.0, 1797.0, 1798.0, 1799.0, 1800.0, 1800.0, 1800.0], "avg_cpu": [0.43434343434343436, 0.5195707070707071, 0.5056818181818182, 0.42992424242424243, 0.4356060606060606, 0.39330808080808083, 0.3970959595959596, 0.39646464646464646, 0.4166666666666667, 0.4015151515151515, 0.5631313131313131, 0.5378787878787878, 0.5404040404040404, 0.538510101010101, 0.5965909090909091, 0.6565656565656566, 0.6527777777777778, 0.6420454545454546, 0.7045454545454546, 0.7815656565656566, 0.7664141414141414, 0.7638888888888888, 0.7967171717171717, 0.8005050505050505, 0.7929292929292929, 0.7992424242424242, 0.7916666666666666, 0.7967171717171717, 0.797979797979798, 0.773989898989899, 0.7777777777777778, 0.7929292929292929, 0.7954545454545454, 0.7967171717171717, 0.7941919191919192, 0.7941919191919192, 0.7904040404040404, 0.7992424242424242, 0.797979797979798, 0.7941919191919192, 0.7941919191919192, 0.8017676767676768, 0.7777777777777778, 0.8005050505050505, 0.803030303030303, 0.803030303030303, 0.7916666666666666, 0.8005050505050505, 0.803030303030303, 0.797979797979798, 0.7967171717171717, 0.7929292929292929, 0.8005050505050505, 0.7992424242424242, 0.7891414141414141, 0.7929292929292929, 0.7878787878787878, 0.7803030303030303, 0.8017676767676768, 0.7967171717171717, 0.7954545454545454, 0.7954545454545454, 0.797979797979798, 0.7992424242424242, 0.8005050505050505, 0.7916666666666666, 0.8017676767676768, 0.7929292929292929, 0.7929292929292929, 0.797979797979798, 0.7954545454545454, 0.7866161616161617, 0.7866161616161617, 0.7967171717171717, 0.7967171717171717, 0.7954545454545454, 0.7967171717171717, 0.797979797979798, 0.8005050505050505, 0.7916666666666666, 0.7828282828282829, 0.7664141414141414, 0.7664141414141414, 0.7904040404040404, 0.7815656565656566, 0.7752525252525253, 0.7866161616161617, 0.7803030303030303, 0.7803030303030303, 0.7765151515151515, 0.39646464646464646, 0.0013020833333333333, 0.0009765625], "avg_mem": [0.017134882869692534, 0.018804904831625183, 0.017112005856515372, 0.016402818448023427, 0.016059663250366032, 0.01734077598828697, 0.017478038067349926, 0.016562957540263542, 0.016997620790629574, 0.016608711566617862, 0.017112005856515372, 0.016974743777452415, 0.017134882869692534, 0.016928989751098095, 0.01731789897510981, 0.016700219619326502, 0.016974743777452415, 0.01718063689604685, 0.01679172767203514, 0.017523792093704246, 0.017157759882869692, 0.017523792093704246, 0.01738653001464129, 0.017546669106881404, 0.017615300146412886, 0.017089128843338214, 0.017112005856515372, 0.017363653001464127, 0.017592423133235724, 0.017157759882869692, 0.01772968521229868, 0.017546669106881404, 0.017157759882869692, 0.017203513909224012, 0.017455161054172767, 0.01683748169838946, 0.017500915080527087, 0.017478038067349926, 0.017089128843338214, 0.01729502196193265, 0.017523792093704246, 0.017043374816983894, 0.01772968521229868, 0.017043374816983894, 0.017112005856515372, 0.016974743777452415, 0.01734077598828697, 0.017638177159590044, 0.017569546120058566, 0.017523792093704246, 0.017706808199121522, 0.017363653001464127, 0.01729502196193265, 0.017455161054172767, 0.017706808199121522, 0.016860358711566617, 0.01722639092240117, 0.01731789897510981, 0.016974743777452415, 0.017089128843338214, 0.017638177159590044, 0.017523792093704246, 0.017661054172767202, 0.01731789897510981, 0.018690519765739384, 0.017249267935578332, 0.017775439238653, 0.017157759882869692, 0.017363653001464127, 0.018210102489019032, 0.017134882869692534, 0.01738653001464129, 0.01782119326500732, 0.016860358711566617, 0.017706808199121522, 0.01727214494875549, 0.017134882869692534, 0.01718063689604685, 0.016974743777452415, 0.01729502196193265, 0.01731789897510981, 0.017455161054172767, 0.017500915080527087, 0.017546669106881404, 0.01729502196193265, 0.017546669106881404, 0.018141471449487554, 0.017638177159590044, 0.01734077598828697, 0.016951866764275257, 0.015487737920937043, 0.012696742313323572, 0.00013154282576866765]}