{"time": [520.0, 521.0, 522.0, 523.0, 524.0, 525.0, 526.0, 527.0, 527.0, 527.0, 531.0, 532.0, 533.0, 534.0, 535.0, 536.0, 537.0, 538.0, 539.0, 540.0, 540.0, 541.0, 542.0, 543.0, 544.0, 545.0, 546.0, 547.0, 548.0, 549.0, 550.0, 551.0, 552.0, 553.0, 554.0, 555.0, 556.0, 556.0, 557.0, 558.0, 559.0, 560.0, 561.0, 562.0, 563.0, 564.0, 565.0, 566.0, 567.0, 568.0, 569.0, 570.0, 571.0, 572.0, 573.0, 574.0, 575.0, 576.0, 577.0, 578.0, 579.0, 580.0, 581.0, 582.0, 583.0, 584.0, 585.0, 586.0, 587.0, 588.0, 589.0, 590.0, 591.0, 592.0, 593.0, 594.0, 595.0, 596.0, 597.0, 598.0, 599.0, 600.0, 601.0, 602.0, 603.0, 604.0, 605.0, 606.0, 607.0, 608.0, 609.0, 610.0, 611.0, 612.0, 613.0, 614.0, 615.0, 616.0, 617.0, 618.0, 619.0, 619.0, 620.0, 621.0, 622.0, 623.0, 624.0, 625.0, 626.0, 627.0, 628.0, 629.0, 630.0, 631.0, 632.0, 633.0, 634.0, 635.0, 636.0, 637.0, 638.0, 639.0, 640.0, 641.0, 642.0, 643.0, 644.0, 645.0, 646.0, 647.0, 648.0, 649.0, 650.0, 651.0, 652.0, 653.0, 653.0, 653.0, 653.0, 661.0, 662.0, 663.0, 664.0, 665.0, 666.0, 667.0, 668.0, 669.0, 670.0, 671.0, 672.0, 673.0, 674.0, 675.0, 676.0, 677.0, 678.0, 679.0, 680.0, 681.0, 682.0, 683.0, 684.0, 685.0, 686.0, 687.0, 688.0, 689.0, 690.0, 691.0, 692.0, 693.0, 694.0, 695.0, 696.0, 697.0, 698.0, 699.0, 700.0, 701.0, 702.0, 703.0, 704.0, 705.0, 706.0, 707.0, 707.0, 707.0, 707.0, 709.0, 709.0, 710.0, 711.0, 712.0, 713.0, 714.0, 715.0, 716.0, 717.0, 718.0, 719.0, 720.0, 721.0, 722.0, 723.0, 724.0, 725.0, 725.0, 726.0, 727.0, 728.0, 729.0, 730.0, 731.0, 732.0, 733.0, 734.0, 735.0, 735.0, 735.0, 735.0], "avg_cpu": [0.07002887788778878, 0.11324257425742575, 0.07353547854785479, 0.0924092409240924, 0.054455445544554455, 0.03202351485148515, 0.0005108420998349834, 0.0003867574257425743, 0.00033841274752475245, 0.0001966016914191419, 0.00046249742161716173, 0.7128712871287128, 0.7805280528052805, 0.7821782178217822, 0.613036303630363, 0.5932343234323433, 0.5816831683168316, 0.6105610561056105, 0.6171617161716172, 0.5544554455445545, 0.5338283828382838, 0.5420792079207921, 0.5684818481848185, 0.5701320132013201, 0.5676567656765676, 0.5783828382838284, 0.556930693069307, 0.5899339933993399, 0.5907590759075908, 0.5577557755775577, 0.5792079207920792, 0.58003300330033, 0.58003300330033, 0.5767326732673267, 0.5618811881188119, 0.5602310231023102, 0.5396039603960396, 0.8193069306930693, 0.5437293729372937, 0.5948844884488449, 0.5618811881188119, 0.5627062706270627, 0.5643564356435643, 0.5775577557755776, 0.5907590759075908, 0.5882838283828383, 0.58003300330033, 0.5643564356435643, 0.5676567656765676, 0.5734323432343235, 0.5627062706270627, 0.5511551155115512, 0.5594059405940595, 0.7475247524752475, 0.7062706270627063, 0.6443894389438944, 0.570957095709571, 0.5759075907590759, 0.5618811881188119, 0.5503300330033003, 0.556930693069307, 0.5783828382838284, 0.5627062706270627, 0.5907590759075908, 0.5651815181518152, 0.5462046204620462, 0.5767326732673267, 0.566006600660066, 0.5759075907590759, 0.5866336633663366, 0.5627062706270627, 0.556930693069307, 0.5874587458745875, 0.5717821782178217, 0.5965346534653465, 0.5965346534653465, 0.5759075907590759, 0.5676567656765676, 0.5726072607260726, 0.5957095709570958, 0.5742574257425742, 0.5618811881188119, 0.5618811881188119, 0.5734323432343235, 0.5684818481848185, 0.5643564356435643, 0.5618811881188119, 0.5354785478547854, 0.5156765676567657, 0.5470297029702971, 0.5470297029702971, 0.5486798679867987, 0.5396039603960396, 0.5511551155115512, 0.5247524752475248, 0.556930693069307, 0.5891089108910891, 0.594059405940594, 0.5717821782178217, 0.5948844884488449, 0.5445544554455446, 0.6641914191419142, 0.5882838283828383, 0.5965346534653465, 0.5734323432343235, 0.5965346534653465, 0.6047854785478548, 0.6237623762376238, 0.6295379537953796, 0.5998349834983498, 0.6179867986798679, 0.6245874587458746, 0.655940594059406, 0.6014851485148515, 0.6146864686468647, 0.6798679867986799, 0.6023102310231023, 0.6402640264026402, 0.6542904290429042, 0.6122112211221122, 0.6295379537953796, 0.6295379537953796, 0.6311881188118812, 0.5981848184818482, 0.6641914191419142, 0.6303630363036303, 0.6476897689768977, 0.6353135313531353, 0.5742574257425742, 0.6361386138613861, 0.6501650165016502, 0.6328382838283828, 0.6402640264026402, 0.6320132013201321, 0.6072607260726073, 0.636963696369637, 0.7838283828382838, 0.18894389438943895, 0.0, 0.7706270627062707, 0.7904290429042904, 0.7995049504950495, 0.7854785478547854, 0.7112211221122112, 0.7021452145214522, 0.6749174917491749, 0.6914191419141914, 0.6089108910891089, 0.5594059405940595, 0.5742574257425742, 0.6476897689768977, 0.6600660066006601, 0.6295379537953796, 0.6278877887788779, 0.5998349834983498, 0.6344884488448845, 0.6039603960396039, 0.6105610561056105, 0.6179867986798679, 0.6311881188118812, 0.6344884488448845, 0.6278877887788779, 0.655940594059406, 0.5858085808580858, 0.6278877887788779, 0.58003300330033, 0.6518151815181518, 0.6089108910891089, 0.6320132013201321, 0.5998349834983498, 0.5759075907590759, 0.5437293729372937, 0.6155115511551155, 0.5907590759075908, 0.5561056105610561, 0.5618811881188119, 0.5577557755775577, 0.5957095709570958, 0.5594059405940595, 0.7615511551155115, 0.5783828382838284, 0.6105610561056105, 0.584983498349835, 0.6782178217821783, 0.5891089108910891, 0.641914191419142, 0.5742574257425742, 0.1582095709570957, 0.0, 0.0, 0.26031353135313534, 0.655940594059406, 0.6501650165016502, 0.6666666666666666, 0.6584158415841584, 0.6551155115511551, 0.6427392739273927, 0.6674917491749175, 0.6848184818481848, 0.6757425742574258, 0.6749174917491749, 0.6608910891089109, 0.6485148514851485, 0.6394389438943895, 0.6584158415841584, 0.6089108910891089, 0.6658415841584159, 0.6113861386138614, 0.5717821782178217, 0.6336633663366337, 0.6221122112211221, 0.6056105610561056, 0.6394389438943895, 0.6245874587458746, 0.5998349834983498, 0.6229372937293729, 0.6196369636963697, 0.6493399339933993, 0.00390625, 0.0013020833333333333, 0.0002803991336633663],