{"time": [1718.0, 1719.0, 1719.0, 1719.0, 1719.0, 1719.0, 1720.0, 1720.0, 1721.0, 1722.0, 1723.0, 1723.0, 1724.0, 1725.0, 1726.0, 1727.0, 1727.0, 1728.0, 1728.0, 1729.0, 1730.0, 1731.0, 1731.0, 1732.0, 1733.0, 1734.0, 1735.0, 1736.0, 1737.0, 1738.0, 1738.0, 1739.0, 1740.0, 1741.0, 1742.0, 1743.0, 1744.0, 1745.0, 1746.0, 1747.0, 1748.0, 1749.0, 1750.0, 1751.0, 1752.0, 1753.0, 1754.0, 1755.0, 1756.0, 1757.0, 1758.0, 1759.0, 1760.0, 1761.0, 1762.0, 1763.0, 1764.0, 1765.0, 1766.0, 1767.0, 1768.0, 1769.0, 1770.0, 1771.0, 1772.0, 1773.0, 1774.0, 1775.0, 1776.0, 1777.0, 1778.0, 1779.0, 1780.0, 1781.0, 1782.0, 1783.0, 1784.0, 1785.0, 1786.0, 1787.0, 1788.0, 1789.0, 1790.0, 1791.0, 1792.0, 1793.0, 1794.0, 1795.0, 1796.0, 1797.0, 1798.0, 1799.0, 1800.0, 1800.0, 1800.0, 1800.0], "avg_cpu": [0.028516914191419142, 0.26196369636963696, 0.30775577557755773, 0.3527227722772277, 0.34364686468646866, 0.34364686468646866, 0.30981848184818483, 0.3061056105610561, 0.35313531353135313, 0.30115511551155116, 0.3650990099009901, 0.34983498349834985, 0.34983498349834985, 0.36468646864686466, 0.40264026402640263, 0.4372937293729373, 0.4570957095709571, 0.47112211221122113, 0.5181518151815182, 0.5437293729372937, 0.5511551155115512, 0.5288778877887789, 0.5321782178217822, 0.5338283828382838, 0.533003300330033, 0.5503300330033003, 0.5544554455445545, 0.5899339933993399, 0.5924092409240924, 0.6064356435643564, 0.584983498349835, 0.5866336633663366, 0.5915841584158416, 0.5858085808580858, 0.6064356435643564, 0.5676567656765676, 0.570957095709571, 0.5957095709570958, 0.6031353135313532, 0.5833333333333334, 0.6031353135313532, 0.5511551155115512, 0.5404290429042904, 0.5511551155115512, 0.5627062706270627, 0.5602310231023102, 0.5635313531353136, 0.5866336633663366, 0.608085808580858, 0.5767326732673267, 0.570957095709571, 0.551980198019802, 0.5651815181518152, 0.5602310231023102, 0.5585808580858086, 0.5470297029702971, 0.5701320132013201, 0.5816831683168316, 0.5882838283828383, 0.5816831683168316, 0.5899339933993399, 0.6089108910891089, 0.5957095709570958, 0.5684818481848185, 0.5792079207920792, 0.5726072607260726, 0.5841584158415841, 0.6188118811881188, 0.6245874587458746, 0.6031353135313532, 0.5742574257425742, 0.5684818481848185, 0.5750825082508251, 0.5899339933993399, 0.6039603960396039, 0.6146864686468647, 0.608085808580858, 0.5973597359735974, 0.5973597359735974, 0.613036303630363, 0.6039603960396039, 0.6039603960396039, 0.58003300330033, 0.5825082508250825, 0.584983498349835, 0.5957095709570958, 0.5841584158415841, 0.5915841584158416, 0.5816831683168316, 0.5651815181518152, 0.58003300330033, 0.5734323432343235, 0.27145214521452143, 0.006510416666666667, 0.006072091584158416, 0.0006510416666666666], "avg_mem": [0.010283217423133236, 0.019170937042459736, 0.018896412884333823, 0.017592423133235724, 0.01722639092240117, 0.017500915080527087, 0.016974743777452415, 0.017546669106881404, 0.01734077598828697, 0.017409407027818447, 0.017134882869692534, 0.01731789897510981, 0.017409407027818447, 0.017752562225475842, 0.017546669106881404, 0.017661054172767202, 0.017249267935578332, 0.017706808199121522, 0.01832448755490483, 0.01798133235724744, 0.01784407027818448, 0.017912701317715957, 0.022167825768667642, 0.018347364568081993, 0.017615300146412886, 0.017638177159590044, 0.01793557833089312, 0.01784407027818448, 0.017683931185944364, 0.018141471449487554, 0.017500915080527087, 0.017958455344070277, 0.017958455344070277, 0.018187225475841874, 0.018072840409956076, 0.017958455344070277, 0.018210102489019032, 0.017661054172767202, 0.01782119326500732, 0.01786694729136164, 0.018210102489019032, 0.01782119326500732, 0.017958455344070277, 0.017661054172767202, 0.017683931185944364, 0.017798316251830162, 0.018164348462664716, 0.017912701317715957, 0.018141471449487554, 0.018118594436310396, 0.017569546120058566, 0.017958455344070277, 0.0178898243045388, 0.017661054172767202, 0.018004209370424597, 0.017752562225475842, 0.017683931185944364, 0.017523792093704246, 0.017752562225475842, 0.017912701317715957, 0.019285322108345535, 0.017569546120058566, 0.018004209370424597, 0.01772968521229868, 0.018049963396778917, 0.018210102489019032, 0.017706808199121522, 0.017912701317715957, 0.01786694729136164, 0.017478038067349926, 0.01782119326500732, 0.018255856515373352, 0.017958455344070277, 0.01782119326500732, 0.018187225475841874, 0.017775439238653, 0.017958455344070277, 0.017683931185944364, 0.01784407027818448, 0.018599011713030748, 0.01798133235724744, 0.0178898243045388, 0.0178898243045388, 0.017958455344070277, 0.01782119326500732, 0.017523792093704246, 0.018049963396778917, 0.018164348462664716, 0.017798316251830162, 0.017249267935578332, 0.017798316251830162, 0.018027086383601756, 0.016013909224011712, 0.013932101024890191, 0.00017157759882869693, 0.00013154282576866765]}