{"time": [1719.0, 1720.0, 1720.0, 1720.0, 1721.0, 1721.0, 1722.0, 1723.0, 1724.0, 1725.0, 1726.0, 1727.0, 1727.0, 1728.0, 1729.0, 1729.0, 1730.0, 1731.0, 1732.0, 1732.0, 1733.0, 1734.0, 1735.0, 1736.0, 1737.0, 1737.0, 1738.0, 1739.0, 1740.0, 1741.0, 1742.0, 1743.0, 1744.0, 1745.0, 1746.0, 1747.0, 1748.0, 1749.0, 1750.0, 1751.0, 1752.0, 1753.0, 1754.0, 1755.0, 1756.0, 1757.0, 1758.0, 1759.0, 1760.0, 1761.0, 1762.0, 1763.0, 1764.0, 1765.0, 1766.0, 1767.0, 1768.0, 1769.0, 1770.0, 1771.0, 1772.0, 1773.0, 1774.0, 1775.0, 1776.0, 1777.0, 1778.0, 1779.0, 1780.0, 1781.0, 1782.0, 1783.0, 1784.0, 1785.0, 1786.0, 1787.0, 1788.0, 1789.0, 1790.0, 1791.0, 1792.0, 1793.0, 1794.0, 1795.0, 1796.0, 1797.0, 1798.0, 1799.0, 1800.0, 1800.0, 1800.0, 1800.0], "avg_cpu": [0.010339315181518151, 0.40470297029702973, 0.4438943894389439, 0.4438943894389439, 0.4014026402640264, 0.40965346534653463, 0.38242574257425743, 0.3704620462046205, 0.36633663366336633, 0.4075907590759076, 0.44554455445544555, 0.4306930693069307, 0.5099009900990099, 0.5041254125412541, 0.5041254125412541, 0.5173267326732673, 0.5008250825082509, 0.5148514851485149, 0.523102310231023, 0.584983498349835, 0.5437293729372937, 0.5585808580858086, 0.5528052805280528, 0.5495049504950495, 0.5544554455445545, 0.6278877887788779, 0.566006600660066, 0.5965346534653465, 0.5981848184818482, 0.5676567656765676, 0.5536303630363036, 0.5478547854785478, 0.5577557755775577, 0.5684818481848185, 0.5470297029702971, 0.5924092409240924, 0.5610561056105611, 0.5668316831683168, 0.5363036303630363, 0.556930693069307, 0.5486798679867987, 0.551980198019802, 0.5891089108910891, 0.6237623762376238, 0.5511551155115512, 0.5396039603960396, 0.5544554455445545, 0.556930693069307, 0.5462046204620462, 0.5726072607260726, 0.5701320132013201, 0.5354785478547854, 0.5239273927392739, 0.5437293729372937, 0.5643564356435643, 0.5511551155115512, 0.5891089108910891, 0.5734323432343235, 0.5297029702970297, 0.556930693069307, 0.5486798679867987, 0.5462046204620462, 0.5610561056105611, 0.528052805280528, 0.5627062706270627, 0.5783828382838284, 0.5585808580858086, 0.5577557755775577, 0.5536303630363036, 0.5618811881188119, 0.5717821782178217, 0.570957095709571, 0.5651815181518152, 0.5412541254125413, 0.5536303630363036, 0.5453795379537953, 0.566006600660066, 0.551980198019802, 0.5462046204620462, 0.5594059405940595, 0.5635313531353136, 0.5561056105610561, 0.5561056105610561, 0.5610561056105611, 0.5462046204620462, 0.5627062706270627, 0.5561056105610561, 0.5577557755775577, 0.27186468646864687, 0.01128042491749175, 0.004338129125412541, 0.0], "avg_mem": [0.007652360907759883, 0.019170937042459736, 0.01837024158125915, 0.01839311859443631, 0.018599011713030748, 0.017661054172767202, 0.0178898243045388, 0.01786694729136164, 0.017706808199121522, 0.01772968521229868, 0.017706808199121522, 0.017912701317715957, 0.018095717423133234, 0.01784407027818448, 0.01798133235724744, 0.01784407027818448, 0.017569546120058566, 0.017752562225475842, 0.017683931185944364, 0.019262445095168376, 0.017683931185944364, 0.018004209370424597, 0.017798316251830162, 0.0178898243045388, 0.01786694729136164, 0.016951866764275257, 0.018072840409956076, 0.017615300146412886, 0.01784407027818448, 0.017752562225475842, 0.01782119326500732, 0.017752562225475842, 0.018004209370424597, 0.01772968521229868, 0.017638177159590044, 0.018187225475841874, 0.018255856515373352, 0.017958455344070277, 0.01798133235724744, 0.01793557833089312, 0.017775439238653, 0.017958455344070277, 0.018072840409956076, 0.017638177159590044, 0.017958455344070277, 0.017775439238653, 0.01786694729136164, 0.018027086383601756, 0.017775439238653, 0.017912701317715957, 0.01784407027818448, 0.0178898243045388, 0.01772968521229868, 0.018004209370424597, 0.018118594436310396, 0.017661054172767202, 0.017912701317715957, 0.01793557833089312, 0.017661054172767202, 0.017683931185944364, 0.018187225475841874, 0.01798133235724744, 0.01786694729136164, 0.017912701317715957, 0.018164348462664716, 0.0178898243045388, 0.018049963396778917, 0.018004209370424597, 0.0178898243045388, 0.018049963396778917, 0.01827873352855051, 0.018255856515373352, 0.01784407027818448, 0.018187225475841874, 0.017912701317715957, 0.01784407027818448, 0.018164348462664716, 0.018118594436310396, 0.018004209370424597, 0.0178898243045388, 0.01843887262079063, 0.018232979502196194, 0.018667642752562226, 0.01798133235724744, 0.018210102489019032, 0.017912701317715957, 0.018072840409956076, 0.018255856515373352, 0.016105417276720352, 0.013886346998535871, 0.013886346998535871, 0.00014870058565153734]}