{"time": [569.0, 569.0, 570.0, 570.0, 570.0, 570.0, 571.0, 572.0, 573.0, 574.0, 575.0, 576.0, 577.0, 578.0, 579.0, 580.0, 581.0, 582.0, 583.0, 584.0, 585.0, 586.0, 587.0, 588.0, 589.0, 590.0, 591.0, 592.0, 593.0, 594.0, 595.0, 596.0, 597.0, 598.0, 599.0, 600.0, 601.0, 602.0, 603.0, 604.0, 605.0, 606.0, 607.0, 608.0, 609.0, 610.0, 611.0, 612.0, 613.0, 614.0, 615.0, 616.0, 616.0, 617.0, 618.0, 619.0, 620.0, 621.0, 622.0, 623.0, 624.0, 625.0, 626.0, 627.0, 628.0, 629.0, 630.0, 631.0, 632.0, 633.0, 634.0, 635.0, 636.0, 637.0, 638.0, 639.0, 640.0, 641.0, 642.0, 643.0, 644.0, 645.0, 646.0, 647.0, 648.0, 649.0, 650.0, 651.0, 652.0, 653.0, 654.0, 655.0, 656.0, 657.0, 658.0, 659.0, 660.0, 661.0, 662.0, 662.0, 662.0, 662.0], "avg_cpu": [0.2683299389002037, 0.33859470468431774, 0.3258655804480652, 0.29989816700611, 0.0, 0.6262376237623762, 0.7541254125412541, 0.8118811881188119, 0.7194719471947195, 0.7128712871287128, 0.655940594059406, 0.6443894389438944, 0.6221122112211221, 0.5676567656765676, 0.5726072607260726, 0.5866336633663366, 0.5750825082508251, 0.5734323432343235, 0.5899339933993399, 0.5957095709570958, 0.5882838283828383, 0.6237623762376238, 0.5627062706270627, 0.5981848184818482, 0.58003300330033, 0.6047854785478548, 0.6056105610561056, 0.5693069306930693, 0.584983498349835, 0.5726072607260726, 0.5932343234323433, 0.6014851485148515, 0.5907590759075908, 0.5544554455445545, 0.5693069306930693, 0.5610561056105611, 0.5635313531353136, 0.5833333333333334, 0.5899339933993399, 0.5899339933993399, 0.5684818481848185, 0.5165016501650165, 0.5445544554455446, 0.4966996699669967, 0.5181518151815182, 0.5148514851485149, 0.5173267326732673, 0.4933993399339934, 0.5074257425742574, 0.49834983498349833, 0.5528052805280528, 0.5404290429042904, 0.6617161716171617, 0.6377887788778878, 0.6443894389438944, 0.6551155115511551, 0.6468646864686468, 0.6452145214521452, 0.6287128712871287, 0.6353135313531353, 0.6377887788778878, 0.655940594059406, 0.6584158415841584, 0.6641914191419142, 0.6551155115511551, 0.6534653465346535, 0.6542904290429042, 0.6641914191419142, 0.6575907590759076, 0.6443894389438944, 0.6287128712871287, 0.6518151815181518, 0.6270627062706271, 0.6336633663366337, 0.6518151815181518, 0.6064356435643564, 0.5767326732673267, 0.5924092409240924, 0.636963696369637, 0.5767326732673267, 0.5585808580858086, 0.5635313531353136, 0.5759075907590759, 0.5957095709570958, 0.6410891089108911, 0.6377887788778878, 0.6344884488448845, 0.6460396039603961, 0.6311881188118812, 0.6551155115511551, 0.641914191419142, 0.6402640264026402, 0.6460396039603961, 0.6534653465346535, 0.6551155115511551, 0.6377887788778878, 0.6328382838283828, 0.6410891089108911, 0.6452145214521452, 0.6534653465346535, 0.30899339933993397, 0.0], "avg_mem": [0.0131683349609375, 0.020477294921875, 0.017578125, 0.0009336471557617188, 0.00036525726318359375, 0.045342240117130304, 0.05078696925329429, 0.04625732064421669, 0.0457997803806735, 0.046440336749633965, 0.04419838945827233, 0.04355783308931186, 0.04255124450951684, 0.043420571010248904, 0.044335651537335284, 0.04346632503660322, 0.04346632503660322, 0.043146046852122984, 0.04447291361639824, 0.045937042459736455, 0.04319180087847731, 0.04236822840409956, 0.04488469985358712, 0.043237554904831624, 0.042230966325036604, 0.04085834553440703, 0.04085834553440703, 0.04067532942898975, 0.04447291361639824, 0.042917276720351394, 0.04287152269399707, 0.04410688140556369, 0.04479319180087848, 0.04163616398243045, 0.04319180087847731, 0.04250549048316252, 0.03806734992679356, 0.041407393850658857, 0.04470168374816984, 0.04479319180087848, 0.04337481698389458, 0.04177342606149341, 0.0446101756954612, 0.04259699853587116, 0.0426885065885798, 0.03898243045387994, 0.042917276720351394, 0.0414989019033675, 0.040904099560761346, 0.042917276720351394, 0.04438140556368961, 0.04355783308931186, 0.044518667642752564, 0.0426885065885798, 0.04236822840409956, 0.04406112737920937, 0.0426885065885798, 0.04278001464128843, 0.04296303074670571, 0.043420571010248904, 0.04520497803806735, 0.04525073206442167, 0.04186493411420205, 0.044427159590043924, 0.043329062957540264, 0.043146046852122984, 0.04396961932650073, 0.04218521229868229, 0.042734260614934114, 0.04584553440702782, 0.04310029282576867, 0.04204795021961932, 0.04278001464128843, 0.04378660322108346, 0.04259699853587116, 0.04250549048316252, 0.04419838945827233, 0.0424597364568082, 0.041407393850658857, 0.042825768667642754, 0.04346632503660322, 0.04213945827232796, 0.04278001464128843, 0.04195644216691069, 0.04447291361639824, 0.04154465592972181, 0.04236822840409956, 0.04177342606149341, 0.042230966325036604, 0.043237554904831624, 0.043740849194729134, 0.04300878477306003, 0.04287152269399707, 0.047035139092240115, 0.045433748169838944, 0.04410688140556369, 0.04300878477306003, 0.04547950219619327, 0.04959736456808199, 0.03925695461200586, 0.0006376967423133235, 0.0004146458638360176]}