{"time": [5756.0, 5757.0, 5757.0, 5757.0, 5758.0, 5758.0, 5758.0, 5759.0, 5760.0, 5760.0, 5761.0, 5762.0, 5763.0, 5764.0, 5765.0, 5766.0, 5766.0, 5767.0, 5768.0, 5769.0, 5769.0, 5770.0, 5771.0, 5772.0, 5773.0, 5774.0, 5774.0, 5775.0, 5776.0, 5777.0, 5778.0, 5779.0, 5780.0, 5781.0, 5782.0, 5783.0, 5784.0, 5784.0, 5785.0, 5786.0, 5787.0, 5788.0, 5789.0, 5790.0, 5791.0, 5792.0, 5793.0, 5794.0, 5795.0, 5796.0, 5797.0, 5798.0, 5799.0, 5800.0, 5801.0, 5802.0, 5803.0, 5804.0, 5805.0, 5806.0, 5807.0, 5808.0, 5809.0, 5810.0, 5811.0, 5812.0, 5813.0, 5814.0, 5815.0, 5816.0, 5817.0, 5818.0, 5819.0, 5820.0, 5821.0, 5822.0, 5823.0, 5824.0, 5825.0, 5826.0, 5827.0, 5828.0, 5829.0, 5830.0, 5831.0, 5832.0, 5833.0, 5834.0, 5835.0, 5836.0, 5837.0, 5838.0, 5839.0, 5840.0, 5841.0, 5842.0, 5843.0, 5844.0, 5845.0, 5846.0, 5846.0, 5846.0, 5846.0], "avg_cpu": [0.007632013201320132, 0.05631188118811881, 0.09735973597359736, 0.15924092409240925, 0.18007425742574257, 0.24257425742574257, 0.29414191419141916, 0.28217821782178215, 0.38283828382838286, 0.5866336633663366, 0.5734323432343235, 0.4801980198019802, 0.4265676567656766, 0.4249174917491749, 0.38696369636963696, 0.4966996699669967, 0.6047854785478548, 0.5750825082508251, 0.5181518151815182, 0.6204620462046204, 0.5693069306930693, 0.5627062706270627, 0.5684818481848185, 0.6138613861386139, 0.566006600660066, 0.5998349834983498, 0.5973597359735974, 0.5726072607260726, 0.6377887788778878, 0.683993399339934, 0.6584158415841584, 0.6575907590759076, 0.6270627062706271, 0.6344884488448845, 0.6402640264026402, 0.650990099009901, 0.6006600660066007, 0.6608910891089109, 0.6592409240924092, 0.6303630363036303, 0.6386138613861386, 0.6468646864686468, 0.6567656765676567, 0.665016501650165, 0.650990099009901, 0.6443894389438944, 0.6295379537953796, 0.6229372937293729, 0.5858085808580858, 0.5907590759075908, 0.6501650165016502, 0.6402640264026402, 0.6493399339933993, 0.6287128712871287, 0.6410891089108911, 0.6526402640264026, 0.6468646864686468, 0.6386138613861386, 0.6097359735973598, 0.6229372937293729, 0.6278877887788779, 0.6221122112211221, 0.6237623762376238, 0.6493399339933993, 0.6625412541254125, 0.679042904290429, 0.6435643564356436, 0.6377887788778878, 0.6328382838283828, 0.613036303630363, 0.6229372937293729, 0.6625412541254125, 0.6427392739273927, 0.6097359735973598, 0.6237623762376238, 0.6097359735973598, 0.6460396039603961, 0.6443894389438944, 0.6567656765676567, 0.6625412541254125, 0.6526402640264026, 0.6353135313531353, 0.6402640264026402, 0.6460396039603961, 0.6212871287128713, 0.6204620462046204, 0.6633663366336634, 0.6724422442244224, 0.6625412541254125, 0.6608910891089109, 0.6534653465346535, 0.641914191419142, 0.641914191419142, 0.6501650165016502, 0.6526402640264026, 0.6336633663366337, 0.66996699669967, 0.6270627062706271, 0.5148514851485149, 0.00027878764438943896, 0.004338129125412541, 0.0026041666666666665, 0.0017339624587458745], "avg_mem": [0.004403825036603221, 0.008167093704245974, 0.00839586383601757, 0.007858254026354318, 0.008716142020497804, 0.008189970717423133, 0.008292917276720352, 0.008247163250366032, 0.008281478770131771, 0.008224286237188872, 0.008716142020497804, 0.008533125915080528, 0.008498810395314787, 0.00837298682284041, 0.008453056368960469, 0.008350109809663251, 0.008590318448023425, 0.008658949487554905, 0.008601756954612006, 0.00837298682284041, 0.008807650073206443, 0.008807650073206443, 0.008430179355783309, 0.008773334553440702, 0.008590318448023425, 0.008475933382137629, 0.008658949487554905, 0.008475933382137629, 0.008739019033674963, 0.008693265007320644, 0.008544564421669107, 0.009082174231332358, 0.008647510980966324, 0.008841965592972182, 0.008464494875549048, 0.008624633967789166, 0.008796211566617862, 0.008544564421669107, 0.008716142020497804, 0.008487371888726208, 0.00945964494875549, 0.0088877196193265, 0.008704703513909224, 0.008704703513909224, 0.008658949487554905, 0.008693265007320644, 0.008567441434846267, 0.008636072474377745, 0.008533125915080528, 0.008750457540263544, 0.008704703513909224, 0.008716142020497804, 0.008681826500732064, 0.008601756954612006, 0.009047858711566617, 0.008899158125915081, 0.008739019033674963, 0.008636072474377745, 0.008796211566617862, 0.008796211566617862, 0.008784773060029283, 0.00886484260614934, 0.008601756954612006, 0.008601756954612006, 0.008578879941434846, 0.008750457540263544, 0.008556002928257686, 0.008590318448023425, 0.008647510980966324, 0.00893347364568082, 0.008796211566617862, 0.008841965592972182, 0.008716142020497804, 0.008636072474377745, 0.009642661054172767, 0.008716142020497804, 0.008464494875549048, 0.008556002928257686, 0.008693265007320644, 0.008819088579795022, 0.008521687408491947, 0.008624633967789166, 0.008613195461200585, 0.008716142020497804, 0.008636072474377745, 0.008853404099560761, 0.00896778916544656, 0.008716142020497804, 0.008647510980966324, 0.008716142020497804, 0.008601756954612006, 0.008624633967789166, 0.008475933382137629, 0.008624633967789166, 0.008590318448023425, 0.00844161786237189, 0.008841965592972182, 0.008533125915080528, 0.008201409224011713, 0.0064398792093704246, 0.006302617130307467, 0.006302617130307467, 8.292917276720352e-05]}