{"time": [1718.0, 1719.0, 1719.0, 1719.0, 1719.0, 1719.0, 1720.0, 1720.0, 1721.0, 1722.0, 1722.0, 1723.0, 1724.0, 1725.0, 1726.0, 1727.0, 1727.0, 1728.0, 1729.0, 1730.0, 1731.0, 1732.0, 1733.0, 1734.0, 1735.0, 1735.0, 1736.0, 1737.0, 1738.0, 1738.0, 1739.0, 1740.0, 1741.0, 1742.0, 1743.0, 1744.0, 1745.0, 1746.0, 1747.0, 1748.0, 1749.0, 1750.0, 1751.0, 1752.0, 1753.0, 1754.0, 1755.0, 1756.0, 1757.0, 1758.0, 1759.0, 1760.0, 1761.0, 1762.0, 1763.0, 1764.0, 1765.0, 1766.0, 1767.0, 1768.0, 1769.0, 1770.0, 1771.0, 1772.0, 1773.0, 1774.0, 1775.0, 1776.0, 1777.0, 1778.0, 1779.0, 1780.0, 1781.0, 1782.0, 1783.0, 1784.0, 1785.0, 1786.0, 1787.0, 1788.0, 1789.0, 1790.0, 1791.0, 1792.0, 1793.0, 1794.0, 1795.0, 1796.0, 1797.0, 1798.0, 1799.0, 1800.0, 1800.0, 1800.0, 1800.0], "avg_cpu": [0.1522038567493113, 0.3884297520661157, 0.3808539944903581, 0.36294765840220383, 0.3274793388429752, 0.37052341597796146, 0.390495867768595, 0.3712121212121212, 0.39600550964187325, 0.3925619834710744, 0.3953168044077135, 0.4035812672176309, 0.3939393939393939, 0.3953168044077135, 0.424931129476584, 0.4703856749311295, 0.5234159779614325, 0.4896694214876033, 0.5234159779614325, 0.5757575757575758, 0.5736914600550964, 0.5723140495867769, 0.5399449035812672, 0.5179063360881543, 0.48829201101928377, 0.571625344352617, 0.5847107438016529, 0.6074380165289256, 0.6074380165289256, 0.5654269972451791, 0.5275482093663911, 0.5681818181818182, 0.5495867768595041, 0.4889807162534435, 0.5420110192837465, 0.5206611570247934, 0.4731404958677686, 0.5344352617079889, 0.5103305785123967, 0.5544077134986226, 0.5, 0.5433884297520661, 0.48622589531680444, 0.5674931129476584, 0.5626721763085399, 0.5488980716253443, 0.540633608815427, 0.5626721763085399, 0.5730027548209367, 0.5544077134986226, 0.518595041322314, 0.48140495867768596, 0.5344352617079889, 0.528236914600551, 0.5068870523415978, 0.5137741046831956, 0.5213498622589532, 0.5378787878787878, 0.4931129476584022, 0.48140495867768596, 0.5757575757575758, 0.5392561983471075, 0.4965564738292011, 0.5227272727272727, 0.5661157024793388, 0.6184573002754821, 0.5482093663911846, 0.6308539944903582, 0.5847107438016529, 0.5819559228650137, 0.5619834710743802, 0.5695592286501377, 0.5661157024793388, 0.5895316804407713, 0.5991735537190083, 0.6157024793388429, 0.621900826446281, 0.6115702479338843, 0.6363636363636364, 0.6232782369146006, 0.5550964187327824, 0.5709366391184573, 0.5316804407713499, 0.5984848484848485, 0.5619834710743802, 0.5606060606060606, 0.5475206611570248, 0.5736914600550964, 0.5709366391184573, 0.5475206611570248, 0.5392561983471075, 0.2599862258953168, 0.004976971418732782, 0.004261363636363636, 0.0002838218836088154], "avg_mem": [0.006874542459736457, 0.009574030014641289, 0.009036420204978038, 0.00899066617862372, 0.009425329428989751, 0.009047858711566617, 0.009162243777452415, 0.00893347364568082, 0.008899158125915081, 0.009047858711566617, 0.008601756954612006, 0.00892203513909224, 0.008750457540263544, 0.008830527086383601, 0.0089449121522694, 0.008841965592972182, 0.008979227672035139, 0.008853404099560761, 0.008979227672035139, 0.00891059663250366, 0.0089449121522694, 0.009139366764275255, 0.009127928257686676, 0.009082174231332358, 0.009070735724743777, 0.008681826500732064, 0.008956350658857979, 0.008876281112737921, 0.008841965592972182, 0.009002104685212299, 0.009127928257686676, 0.0088877196193265, 0.009024981698389459, 0.008807650073206443, 0.008979227672035139, 0.009036420204978038, 0.009013543191800878, 0.009047858711566617, 0.009207997803806735, 0.009002104685212299, 0.009070735724743777, 0.008841965592972182, 0.0089449121522694, 0.008841965592972182, 0.008830527086383601, 0.00891059663250366, 0.00893347364568082, 0.009002104685212299, 0.00886484260614934, 0.00893347364568082, 0.0088877196193265, 0.0088877196193265, 0.00896778916544656, 0.00943676793557833, 0.008876281112737921, 0.009036420204978038, 0.00892203513909224, 0.009047858711566617, 0.008956350658857979, 0.009059297218155198, 0.00893347364568082, 0.0089449121522694, 0.008853404099560761, 0.009036420204978038, 0.009150805270863836, 0.009024981698389459, 0.009207997803806735, 0.00893347364568082, 0.009002104685212299, 0.009150805270863836, 0.00896778916544656, 0.009070735724743777, 0.008830527086383601, 0.009082174231332358, 0.00896778916544656, 0.00899066617862372, 0.009665538067349927, 0.00899066617862372, 0.00899066617862372, 0.008979227672035139, 0.00886484260614934, 0.009070735724743777, 0.008876281112737921, 0.009036420204978038, 0.00893347364568082, 0.008876281112737921, 0.00899066617862372, 0.008853404099560761, 0.00896778916544656, 0.009013543191800878, 0.008807650073206443, 0.008224286237188872, 0.007743868960468522, 0.007743868960468522, 8.578879941434847e-05]}