{"time": [1718.0, 1719.0, 1719.0, 1719.0, 1719.0, 1720.0, 1720.0, 1720.0, 1721.0, 1722.0, 1723.0, 1723.0, 1724.0, 1725.0, 1726.0, 1727.0, 1728.0, 1729.0, 1730.0, 1731.0, 1732.0, 1733.0, 1734.0, 1735.0, 1736.0, 1737.0, 1738.0, 1739.0, 1740.0, 1741.0, 1742.0, 1743.0, 1744.0, 1745.0, 1746.0, 1747.0, 1748.0, 1749.0, 1750.0, 1751.0, 1752.0, 1753.0, 1754.0, 1755.0, 1756.0, 1757.0, 1758.0, 1759.0, 1760.0, 1761.0, 1762.0, 1763.0, 1764.0, 1765.0, 1766.0, 1767.0, 1768.0, 1769.0, 1770.0, 1771.0, 1772.0, 1773.0, 1774.0, 1775.0, 1776.0, 1777.0, 1778.0, 1779.0, 1780.0, 1781.0, 1782.0, 1783.0, 1784.0, 1785.0, 1786.0, 1787.0, 1788.0, 1789.0, 1790.0, 1791.0, 1792.0, 1793.0, 1794.0, 1795.0, 1796.0, 1797.0, 1798.0, 1799.0, 1800.0, 1800.0, 1800.0], "avg_cpu": [0.307449494949495, 0.42487373737373735, 0.32702020202020204, 0.35795454545454547, 0.38825757575757575, 0.369949494949495, 0.39141414141414144, 0.38952020202020204, 0.40214646464646464, 0.4305555555555556, 0.5037878787878788, 0.6527777777777778, 0.6553030303030303, 0.6666666666666666, 0.6919191919191919, 0.6919191919191919, 0.6830808080808081, 0.6856060606060606, 0.6830808080808081, 0.6868686868686869, 0.6742424242424242, 0.601010101010101, 0.5928030303030303, 0.5972222222222222, 0.6818181818181818, 0.702020202020202, 0.6893939393939394, 0.6717171717171717, 0.6843434343434344, 0.6856060606060606, 0.6881313131313131, 0.6830808080808081, 0.6767676767676768, 0.6919191919191919, 0.6755050505050505, 0.6792929292929293, 0.6919191919191919, 0.6830808080808081, 0.696969696969697, 0.678030303030303, 0.6616161616161617, 0.6893939393939394, 0.6931818181818182, 0.6982323232323232, 0.6805555555555556, 0.696969696969697, 0.6931818181818182, 0.6868686868686869, 0.6931818181818182, 0.6931818181818182, 0.6957070707070707, 0.702020202020202, 0.6881313131313131, 0.6792929292929293, 0.6957070707070707, 0.6755050505050505, 0.6994949494949495, 0.7083333333333334, 0.6957070707070707, 0.6843434343434344, 0.6843434343434344, 0.6868686868686869, 0.6957070707070707, 0.7058080808080808, 0.6944444444444444, 0.6893939393939394, 0.648989898989899, 0.6452020202020202, 0.6540404040404041, 0.6654040404040404, 0.6843434343434344, 0.6944444444444444, 0.6931818181818182, 0.6906565656565656, 0.6957070707070707, 0.6856060606060606, 0.6906565656565656, 0.6237373737373737, 0.5928030303030303, 0.5946969696969697, 0.6117424242424242, 0.6300505050505051, 0.6174242424242424, 0.6117424242424242, 0.5827020202020202, 0.601010101010101, 0.5946969696969697, 0.5606060606060606, 0.25789141414141414, 0.0078125, 0.0], "avg_mem": [0.016105417276720352, 0.018576134699853586, 0.01727214494875549, 0.01672309663250366, 0.017363653001464127, 0.020154648609077598, 0.017043374816983894, 0.016654465592972182, 0.01683748169838946, 0.016906112737920937, 0.01679172767203514, 0.01738653001464129, 0.01727214494875549, 0.01727214494875549, 0.017409407027818447, 0.01727214494875549, 0.017112005856515372, 0.018255856515373352, 0.017478038067349926, 0.017592423133235724, 0.017409407027818447, 0.017203513909224012, 0.017066251830161056, 0.017363653001464127, 0.017089128843338214, 0.017203513909224012, 0.01784407027818448, 0.019193814055636894, 0.01718063689604685, 0.01727214494875549, 0.017043374816983894, 0.017912701317715957, 0.01722639092240117, 0.01743228404099561, 0.01722639092240117, 0.01727214494875549, 0.017066251830161056, 0.016997620790629574, 0.02127562225475842, 0.01743228404099561, 0.017546669106881404, 0.017066251830161056, 0.01718063689604685, 0.01722639092240117, 0.017500915080527087, 0.01784407027818448, 0.01738653001464129, 0.017249267935578332, 0.017043374816983894, 0.017363653001464127, 0.017043374816983894, 0.016928989751098095, 0.01731789897510981, 0.017478038067349926, 0.017523792093704246, 0.01718063689604685, 0.017569546120058566, 0.017683931185944364, 0.017157759882869692, 0.017775439238653, 0.017500915080527087, 0.016974743777452415, 0.017798316251830162, 0.017706808199121522, 0.01743228404099561, 0.017775439238653, 0.017409407027818447, 0.01743228404099561, 0.017569546120058566, 0.0178898243045388, 0.01729502196193265, 0.017638177159590044, 0.01734077598828697, 0.018187225475841874, 0.017203513909224012, 0.01738653001464129, 0.017546669106881404, 0.01738653001464129, 0.01727214494875549, 0.01738653001464129, 0.017134882869692534, 0.017478038067349926, 0.017203513909224012, 0.01718063689604685, 0.017569546120058566, 0.01743228404099561, 0.017020497803806735, 0.01718063689604685, 0.015190336749633968, 0.013863469985358711, 0.00012010431918008785]}