{"time": [530.0, 530.0, 531.0, 531.0, 531.0, 532.0, 532.0, 532.0, 552.0, 553.0, 554.0, 555.0, 556.0, 556.0, 557.0, 558.0, 559.0, 560.0, 561.0, 562.0, 563.0, 564.0, 565.0, 566.0, 567.0, 568.0, 569.0, 570.0, 571.0, 571.0, 572.0, 572.0, 572.0, 576.0, 577.0, 578.0, 579.0, 580.0, 581.0, 582.0, 583.0, 584.0, 585.0, 586.0, 587.0, 588.0, 589.0, 590.0, 591.0, 592.0, 593.0, 594.0, 595.0, 596.0, 597.0, 598.0, 599.0, 600.0, 601.0, 602.0, 603.0, 604.0, 605.0, 606.0, 607.0, 608.0, 609.0, 610.0, 611.0, 612.0, 613.0, 614.0, 615.0, 616.0, 617.0, 618.0, 619.0, 620.0, 621.0, 622.0, 623.0, 624.0, 625.0, 626.0, 626.0, 627.0, 628.0, 629.0, 630.0, 631.0, 632.0, 633.0, 634.0, 635.0, 636.0, 637.0, 638.0, 639.0, 640.0, 641.0, 642.0, 643.0, 644.0, 645.0, 646.0, 647.0, 648.0, 649.0, 650.0, 651.0, 652.0, 653.0, 653.0, 653.0, 653.0], "avg_cpu": [0.07902892561983471, 0.3877410468319559, 0.38292011019283745, 0.3526170798898072, 0.36707988980716255, 0.34607438016528924, 0.0, 0.0, 0.745049504950495, 0.698019801980198, 0.6856435643564357, 0.5973597359735974, 0.5915841584158416, 0.6204620462046204, 0.5973597359735974, 0.5775577557755776, 0.5585808580858086, 0.5585808580858086, 0.5635313531353136, 0.5561056105610561, 0.5651815181518152, 0.5742574257425742, 0.5767326732673267, 0.5833333333333334, 0.5783828382838284, 0.5701320132013201, 0.5866336633663366, 0.5866336633663366, 0.5957095709570958, 0.5668316831683168, 0.43234323432343236, 0.23803630363036304, 0.0, 0.6988448844884488, 0.5511551155115512, 0.5536303630363036, 0.5462046204620462, 0.5156765676567657, 0.5585808580858086, 0.5503300330033003, 0.5445544554455446, 0.5429042904290429, 0.5321782178217822, 0.5577557755775577, 0.5602310231023102, 0.5453795379537953, 0.5495049504950495, 0.551980198019802, 0.5486798679867987, 0.5602310231023102, 0.5412541254125413, 0.5429042904290429, 0.5255775577557755, 0.5429042904290429, 0.5552805280528053, 0.5610561056105611, 0.5544554455445545, 0.5602310231023102, 0.5462046204620462, 0.5618811881188119, 0.5742574257425742, 0.5627062706270627, 0.5676567656765676, 0.5437293729372937, 0.5948844884488449, 0.5643564356435643, 0.5412541254125413, 0.5651815181518152, 0.5305280528052805, 0.5165016501650165, 0.5453795379537953, 0.5288778877887789, 0.5734323432343235, 0.5577557755775577, 0.5470297029702971, 0.5387788778877888, 0.5371287128712872, 0.5346534653465347, 0.5544554455445545, 0.5585808580858086, 0.5462046204620462, 0.5775577557755776, 0.5742574257425742, 0.5610561056105611, 0.6427392739273927, 0.6518151815181518, 0.6212871287128713, 0.6105610561056105, 0.6468646864686468, 0.6262376237623762, 0.6344884488448845, 0.6361386138613861, 0.6278877887788779, 0.6287128712871287, 0.6526402640264026, 0.6303630363036303, 0.6427392739273927, 0.6320132013201321, 0.655940594059406, 0.6402640264026402, 0.6320132013201321, 0.6204620462046204, 0.6122112211221122, 0.636963696369637, 0.6443894389438944, 0.6485148514851485, 0.6476897689768977, 0.6435643564356436, 0.6501650165016502, 0.6460396039603961, 0.6633663366336634, 0.6782178217821783, 0.6592409240924092, 0.00037225402227722773, 0.0], "avg_mem": [0.004489613836017569, 0.01949121522693997, 0.023609077598828698, 0.020543557833089313, 0.01953696925329429, 0.018576134699853586, 0.0001844459187408492, 0.00011581487920937043, 0.044015373352855054, 0.047309663250366035, 0.04694363103953148, 0.043832357247437774, 0.044838945827232794, 0.052434114202049784, 0.04634882869692533, 0.04259699853587116, 0.04474743777452416, 0.04447291361639824, 0.04447291361639824, 0.04287152269399707, 0.04387811127379209, 0.0457997803806735, 0.04465592972181552, 0.04296303074670571, 0.04378660322108346, 0.04369509516837482, 0.04337481698389458, 0.040904099560761346, 0.0436493411420205, 0.03948572474377745, 0.03683199121522694, 0.0004861365300146413, 0.0002745241581259151, 0.04447291361639824, 0.045342240117130304, 0.04117862371888726, 0.04213945827232796, 0.043740849194729134, 0.040995607613469986, 0.04346632503660322, 0.04310029282576867, 0.04191068814055637, 0.04250549048316252, 0.0426885065885798, 0.045433748169838944, 0.04305453879941435, 0.042322474377745244, 0.045525256222547585, 0.04465592972181552, 0.042230966325036604, 0.04456442166910688, 0.04310029282576867, 0.043329062957540264, 0.045525256222547585, 0.044838945827232794, 0.04547950219619327, 0.044244143484626644, 0.04168191800878477, 0.04538799414348463, 0.042734260614934114, 0.04241398243045388, 0.04657759882869693, 0.04259699853587116, 0.04447291361639824, 0.045525256222547585, 0.04236822840409956, 0.04479319180087848, 0.04456442166910688, 0.042230966325036604, 0.0457997803806735, 0.04351207906295754, 0.04406112737920937, 0.04369509516837482, 0.04378660322108346, 0.04470168374816984, 0.04497620790629575, 0.04479319180087848, 0.04415263543191801, 0.043923865300146414, 0.04296303074670571, 0.04634882869692533, 0.04387811127379209, 0.04351207906295754, 0.046623352855051245, 0.04506771595900439, 0.04529648609077599, 0.04346632503660322, 0.044518667642752564, 0.04680636896046852, 0.044930453879941434, 0.044427159590043924, 0.047126647144948755, 0.04566251830161054, 0.046440336749633965, 0.0436493411420205, 0.044335651537335284, 0.04369509516837482, 0.04488469985358712, 0.04465592972181552, 0.04506771595900439, 0.04598279648609078, 0.04479319180087848, 0.04305453879941435, 0.043832357247437774, 0.04630307467057101, 0.04296303074670571, 0.04346632503660322, 0.04474743777452416, 0.04428989751098097, 0.04438140556368961, 0.045113469985358715, 0.040400805270863836, 0.04159040995607614, 0.0005776445827232797, 0.0003174185578330893]}