{"time": [521.0, 522.0, 523.0, 524.0, 525.0, 526.0, 527.0, 527.0, 527.0, 527.0, 536.0, 537.0, 538.0, 539.0, 540.0, 540.0, 541.0, 542.0, 543.0, 544.0, 545.0, 546.0, 547.0, 548.0, 549.0, 550.0, 551.0, 552.0, 553.0, 554.0, 555.0, 556.0, 557.0, 557.0, 558.0, 559.0, 560.0, 561.0, 562.0, 563.0, 564.0, 565.0, 566.0, 567.0, 568.0, 569.0, 570.0, 571.0, 571.0, 572.0, 572.0, 572.0, 575.0, 576.0, 577.0, 578.0, 579.0, 580.0, 581.0, 582.0, 583.0, 584.0, 585.0, 586.0, 587.0, 588.0, 589.0, 590.0, 591.0, 592.0, 593.0, 594.0, 595.0, 596.0, 597.0, 598.0, 599.0, 600.0, 601.0, 602.0, 603.0, 604.0, 605.0, 606.0, 607.0, 608.0, 609.0, 610.0, 611.0, 612.0, 613.0, 614.0, 615.0, 616.0, 617.0, 618.0, 619.0, 620.0, 621.0, 622.0, 623.0, 624.0, 625.0, 626.0, 627.0, 628.0, 629.0, 630.0, 631.0, 632.0, 633.0, 634.0, 635.0, 636.0, 637.0, 638.0, 639.0, 640.0, 641.0, 642.0, 643.0, 644.0, 645.0, 646.0, 647.0, 648.0, 649.0, 650.0, 651.0, 652.0, 653.0, 653.0, 653.0, 653.0, 709.0, 710.0, 711.0, 712.0, 713.0, 714.0, 715.0, 716.0, 717.0, 718.0, 719.0, 720.0, 721.0, 722.0, 723.0, 724.0, 725.0, 725.0, 726.0, 727.0, 728.0, 729.0, 730.0, 731.0, 732.0, 733.0, 734.0, 735.0, 735.0, 735.0, 735.0], "avg_cpu": [0.07157590759075907, 0.06487211221122112, 0.09251237623762376, 0.10746699669966997, 0.02764026402640264, 0.0005511293316831683, 0.0004915042285478548, 0.00048828125, 0.0, 0.0004995616749174917, 0.5750825082508251, 0.6047854785478548, 0.5734323432343235, 0.6064356435643564, 0.58003300330033, 0.5907590759075908, 0.5767326732673267, 0.5973597359735974, 0.5965346534653465, 0.5701320132013201, 0.5561056105610561, 0.5635313531353136, 0.5808580858085809, 0.5693069306930693, 0.5676567656765676, 0.5816831683168316, 0.5882838283828383, 0.6014851485148515, 0.5816831683168316, 0.5899339933993399, 0.6171617161716172, 0.5717821782178217, 0.58003300330033, 0.5651815181518152, 0.5643564356435643, 0.5668316831683168, 0.5635313531353136, 0.5437293729372937, 0.533003300330033, 0.5123762376237624, 0.4867986798679868, 0.4777227722772277, 0.4777227722772277, 0.5057755775577558, 0.5206270627062707, 0.5165016501650165, 0.47854785478547857, 0.504950495049505, 0.5478547854785478, 0.5148514851485149, 0.0010120152640264027, 0.0, 0.5148514851485149, 0.5882838283828383, 0.5635313531353136, 0.5759075907590759, 0.5825082508250825, 0.5156765676567657, 0.5321782178217822, 0.5453795379537953, 0.5239273927392739, 0.5396039603960396, 0.5462046204620462, 0.5363036303630363, 0.5585808580858086, 0.5610561056105611, 0.5074257425742574, 0.5775577557755776, 0.5255775577557755, 0.5585808580858086, 0.5379537953795379, 0.5396039603960396, 0.514026402640264, 0.5602310231023102, 0.584983498349835, 0.5222772277227723, 0.5701320132013201, 0.5445544554455446, 0.5198019801980198, 0.566006600660066, 0.5577557755775577, 0.5891089108910891, 0.5915841584158416, 0.5915841584158416, 0.584983498349835, 0.5561056105610561, 0.5676567656765676, 0.528052805280528, 0.5371287128712872, 0.5511551155115512, 0.5437293729372937, 0.5775577557755776, 0.5750825082508251, 0.5726072607260726, 0.5346534653465347, 0.5602310231023102, 0.5536303630363036, 0.5693069306930693, 0.5610561056105611, 0.6163366336633663, 0.5495049504950495, 0.5486798679867987, 0.5561056105610561, 0.570957095709571, 0.5750825082508251, 0.570957095709571, 0.5734323432343235, 0.5635313531353136, 0.5742574257425742, 0.6014851485148515, 0.6039603960396039, 0.5594059405940595, 0.5775577557755776, 0.5792079207920792, 0.5684818481848185, 0.5742574257425742, 0.5734323432343235, 0.5668316831683168, 0.5684818481848185, 0.5552805280528053, 0.5585808580858086, 0.6089108910891089, 0.6023102310231023, 0.5453795379537953, 0.5981848184818482, 0.5767326732673267, 0.556930693069307, 0.5726072607260726, 0.5948844884488449, 0.5866336633663366, 0.5470297029702971, 0.5561056105610561, 0.04641089108910891, 0.0, 0.3056930693069307, 0.6155115511551155, 0.6146864686468647, 0.6179867986798679, 0.6386138613861386, 0.6336633663366337, 0.6270627062706271, 0.6163366336633663, 0.6229372937293729, 0.6262376237623762, 0.6221122112211221, 0.6188118811881188, 0.6212871287128713, 0.6303630363036303, 0.6353135313531353, 0.6163366336633663, 0.6344884488448845, 0.6551155115511551, 0.6641914191419142, 0.6245874587458746, 0.6287128712871287, 0.6237623762376238, 0.6435643564356436, 0.6221122112211221, 0.6344884488448845, 0.6402640264026402, 0.14108910891089108, 0.0005221225247524753, 0.0008669812293729373, 0.0078125, 0.0003255208333333333], "avg_mem": [0.005948023426061494, 0.006588579795021962, 0.00614247803806735, 0.006211109077598829, 0.005204520497803807, 0.004735541727672035, 0.004718383967789165, 0.004718383967789165, 0.004718383967789165, 0.0003174185578330893, 0.043832357247437774, 0.043420571010248904, 0.042322474377745244, 0.046028550512445095, 0.04287152269399707, 0.03893667642752562, 0.04369509516837482, 0.04287152269399707, 0.04204795021961932, 0.04351207906295754, 0.04159040995607614, 0.04415263543191801, 0.042642752562225474, 0.04209370424597365, 0.044518667642752564, 0.04310029282576867, 0.04387811127379209, 0.042734260614934114, 0.04200219619326501, 0.044244143484626644, 0.04470168374816984, 0.042230966325036604, 0.04525073206442167, 0.044838945827232794, 0.04406112737920937, 0.04337481698389458, 0.044335651537335284, 0.044930453879941434, 0.04328330893118595, 0.04296303074670571, 0.04415263543191801, 0.04117862371888726, 0.04419838945827233, 0.04296303074670571, 0.04488469985358712, 0.0446101756954612, 0.044930453879941434, 0.04355783308931186, 0.04474743777452416, 0.046623352855051245, 0.000503294289897511, 0.0003631725841874085, 0.04186493411420205, 0.04355783308931186, 0.039714494875549046, 0.04287152269399707, 0.04305453879941435, 0.041407393850658857, 0.040995607613469986, 0.0414989019033675, 0.04310029282576867, 0.04200219619326501, 0.045021961932650074, 0.04241398243045388, 0.04072108345534407, 0.04255124450951684, 0.04177342606149341, 0.039989019033674966, 0.04154465592972181, 0.04255124450951684, 0.0410413616398243, 0.04168191800878477, 0.0412701317715959, 0.0410413616398243, 0.04122437774524158, 0.04204795021961932, 0.04094985358711566, 0.04218521229868229, 0.0412701317715959, 0.04117862371888726, 0.0412701317715959, 0.04227672035139092, 0.041407393850658857, 0.04113286969253294, 0.04113286969253294, 0.0424597364568082, 0.04094985358711566, 0.0412701317715959, 0.04204795021961932, 0.04191068814055637, 0.043146046852122984, 0.042642752562225474, 0.042642752562225474, 0.04136163982430454, 0.04255124450951684, 0.042642752562225474, 0.04113286969253294, 0.04346632503660322, 0.0446101756954612, 0.04547950219619327, 0.04296303074670571, 0.04259699853587116, 0.04250549048316252, 0.042734260614934114, 0.04278001464128843, 0.04168191800878477, 0.04058382137628111, 0.04172767203513909, 0.04200219619326501, 0.04236822840409956, 0.0424597364568082, 0.04108711566617863, 0.04076683748169839, 0.041407393850658857, 0.04108711566617863, 0.04136163982430454, 0.0426885065885798, 0.0414989019033675, 0.04145314787701318, 0.04168191800878477, 0.04044655929721815, 0.04227672035139092, 0.04209370424597365, 0.0412701317715959, 0.0412701317715959, 0.0414989019033675, 0.04186493411420205, 0.041315885797950216, 0.04236822840409956, 0.042917276720351394, 0.03225658857979502, 0.04204795021961932, 0.0005490483162518302, 0.0003402955710102489, 0.01894216691068814, 0.04634882869692533, 0.044427159590043924, 0.043832357247437774, 0.044015373352855054, 0.044838945827232794, 0.044518667642752564, 0.04515922401171303, 0.04410688140556369, 0.04538799414348463, 0.044838945827232794, 0.04465592972181552, 0.04506771595900439, 0.04419838945827233, 0.045021961932650074, 0.0436493411420205, 0.04406112737920937, 0.042917276720351394, 0.044518667642752564, 0.04470168374816984, 0.044015373352855054, 0.04369509516837482, 0.04525073206442167, 0.0446101756954612, 0.04575402635431918, 0.045342240117130304, 0.022167825768667642, 0.019308199121522693, 0.019331076134699855, 0.019331076134699855, 0.0002859626647144949]}