{"time": [529.0, 530.0, 530.0, 530.0, 531.0, 531.0, 531.0, 531.0, 531.0, 552.0, 553.0, 554.0, 554.0, 554.0, 554.0, 555.0, 556.0, 556.0, 557.0, 558.0, 559.0, 560.0, 561.0, 562.0, 563.0, 564.0, 565.0, 566.0, 567.0, 568.0, 569.0, 570.0, 571.0, 571.0, 571.0, 572.0, 577.0, 578.0, 579.0, 580.0, 581.0, 582.0, 583.0, 584.0, 585.0, 586.0, 587.0, 588.0, 589.0, 590.0, 591.0, 592.0, 593.0, 594.0, 595.0, 596.0, 597.0, 598.0, 599.0, 600.0, 601.0, 602.0, 603.0, 604.0, 605.0, 606.0, 607.0, 608.0, 609.0, 610.0, 611.0, 612.0, 613.0, 614.0, 615.0, 616.0, 616.0, 617.0, 618.0, 619.0, 620.0, 621.0, 622.0, 623.0, 624.0, 625.0, 626.0, 627.0, 628.0, 629.0, 630.0, 631.0, 632.0, 633.0, 634.0, 635.0, 636.0, 637.0, 638.0, 639.0, 640.0, 641.0, 642.0, 643.0, 644.0, 645.0, 646.0, 647.0, 648.0, 649.0, 650.0, 651.0, 652.0, 653.0, 653.0, 653.0, 653.0], "avg_cpu": [0.30303030303030304, 0.40289256198347106, 0.546831955922865, 0.48140495867768596, 0.5192837465564738, 0.5358126721763086, 0.5392561983471075, 0.00033359159779614326, 0.0, 0.22802734375, 0.33447265625, 0.31201171875, 0.32958984375, 0.0889892578125, 0.0, 0.3184818481848185, 0.6394389438943895, 0.6831683168316832, 0.6476897689768977, 0.5775577557755776, 0.5635313531353136, 0.5429042904290429, 0.5478547854785478, 0.5792079207920792, 0.5759075907590759, 0.5907590759075908, 0.5932343234323433, 0.5874587458745875, 0.5759075907590759, 0.5816831683168316, 0.5891089108910891, 0.58003300330033, 0.5816831683168316, 0.4768976897689769, 0.019054249174917492, 0.0, 0.5041254125412541, 0.5132013201320133, 0.5066006600660066, 0.5041254125412541, 0.5528052805280528, 0.5445544554455446, 0.48184818481848185, 0.5156765676567657, 0.5437293729372937, 0.533003300330033, 0.5255775577557755, 0.5420792079207921, 0.5222772277227723, 0.5123762376237624, 0.5561056105610561, 0.6031353135313532, 0.6542904290429042, 0.5404290429042904, 0.5866336633663366, 0.5313531353135313, 0.5379537953795379, 0.5033003300330033, 0.5107260726072608, 0.5173267326732673, 0.5313531353135313, 0.5486798679867987, 0.5173267326732673, 0.5247524752475248, 0.5024752475247525, 0.5008250825082509, 0.4892739273927393, 0.5173267326732673, 0.5148514851485149, 0.514026402640264, 0.5561056105610561, 0.5198019801980198, 0.5033003300330033, 0.5701320132013201, 0.5437293729372937, 0.5272277227722773, 0.6014851485148515, 0.5825082508250825, 0.5825082508250825, 0.5899339933993399, 0.5354785478547854, 0.5734323432343235, 0.5643564356435643, 0.5668316831683168, 0.5932343234323433, 0.6064356435643564, 0.6287128712871287, 0.613036303630363, 0.566006600660066, 0.58003300330033, 0.6666666666666666, 0.5866336633663366, 0.599009900990099, 0.6254125412541254, 0.6056105610561056, 0.5998349834983498, 0.5882838283828383, 0.5907590759075908, 0.6287128712871287, 0.608085808580858, 0.5891089108910891, 0.5973597359735974, 0.5816831683168316, 0.6196369636963697, 0.6386138613861386, 0.6163366336633663, 0.6064356435643564, 0.6138613861386139, 0.6039603960396039, 0.6064356435643564, 0.6146864686468647, 0.6311881188118812, 0.6113861386138614, 0.6336633663366337, 0.6155115511551155, 0.0, 0.0], "avg_mem": [0.02129849926793558, 0.0455710102489019, 0.04598279648609078, 0.039806002928257686, 0.04113286969253294, 0.042825768667642754, 0.03953147877013177, 0.0014812866032210834, 0.0006262582357247437, 0.004730224609375, 0.01519775390625, 0.012786865234375, 0.0127716064453125, 0.0001373291015625, 9.822845458984375e-05, 0.01962847730600293, 0.04749267935578331, 0.039806002928257686, 0.040812591508052706, 0.04154465592972181, 0.04506771595900439, 0.043329062957540264, 0.04159040995607614, 0.042734260614934114, 0.04204795021961932, 0.043740849194729134, 0.04159040995607614, 0.044518667642752564, 0.04515922401171303, 0.03966874084919473, 0.04415263543191801, 0.0414989019033675, 0.041819180087847733, 0.03834187408491947, 0.0009036420204978038, 0.00043752287701317717, 0.04213945827232796, 0.04108711566617863, 0.04438140556368961, 0.043329062957540264, 0.043923865300146414, 0.04250549048316252, 0.04191068814055637, 0.039806002928257686, 0.04296303074670571, 0.044518667642752564, 0.04145314787701318, 0.04241398243045388, 0.04076683748169839, 0.04236822840409956, 0.04186493411420205, 0.04218521229868229, 0.04259699853587116, 0.04159040995607614, 0.044244143484626644, 0.04218521229868229, 0.0414989019033675, 0.040492313323572476, 0.0410413616398243, 0.0410413616398243, 0.04072108345534407, 0.0410413616398243, 0.04159040995607614, 0.04259699853587116, 0.04200219619326501, 0.04191068814055637, 0.040995607613469986, 0.04094985358711566, 0.040812591508052706, 0.041407393850658857, 0.04213945827232796, 0.043237554904831624, 0.0424597364568082, 0.04250549048316252, 0.04213945827232796, 0.04117862371888726, 0.04172767203513909, 0.04351207906295754, 0.04378660322108346, 0.04259699853587116, 0.0424597364568082, 0.04415263543191801, 0.04419838945827233, 0.042230966325036604, 0.04209370424597365, 0.0426885065885798, 0.04117862371888726, 0.04204795021961932, 0.04172767203513909, 0.04117862371888726, 0.04387811127379209, 0.04227672035139092, 0.04310029282576867, 0.043420571010248904, 0.045021961932650074, 0.043329062957540264, 0.04255124450951684, 0.042734260614934114, 0.042825768667642754, 0.0424597364568082, 0.0436493411420205, 0.04300878477306003, 0.042230966325036604, 0.042917276720351394, 0.04410688140556369, 0.04250549048316252, 0.041819180087847733, 0.04177342606149341, 0.04287152269399707, 0.04213945827232796, 0.045342240117130304, 0.042322474377745244, 0.04145314787701318, 0.0343612737920937, 0.04968887262079063, 0.0011409910322108345, 0.00045468063689604686]}