{"time": [1718.0, 1718.0, 1719.0, 1719.0, 1719.0, 1719.0, 1719.0, 1720.0, 1720.0, 1720.0, 1721.0, 1722.0, 1723.0, 1724.0, 1725.0, 1726.0, 1727.0, 1728.0, 1728.0, 1729.0, 1730.0, 1731.0, 1732.0, 1733.0, 1734.0, 1735.0, 1736.0, 1737.0, 1738.0, 1739.0, 1740.0, 1741.0, 1742.0, 1743.0, 1744.0, 1745.0, 1746.0, 1747.0, 1748.0, 1749.0, 1750.0, 1751.0, 1752.0, 1753.0, 1754.0, 1755.0, 1756.0, 1757.0, 1758.0, 1759.0, 1760.0, 1761.0, 1762.0, 1763.0, 1764.0, 1765.0, 1766.0, 1767.0, 1768.0, 1769.0, 1770.0, 1771.0, 1772.0, 1773.0, 1774.0, 1775.0, 1776.0, 1777.0, 1778.0, 1779.0, 1780.0, 1781.0, 1782.0, 1783.0, 1784.0, 1785.0, 1786.0, 1787.0, 1788.0, 1789.0, 1790.0, 1791.0, 1792.0, 1793.0, 1794.0, 1795.0, 1796.0, 1797.0, 1798.0, 1799.0, 1800.0, 1800.0, 1800.0, 1800.0], "avg_cpu": [0.0, 0.005337252475247525, 0.15284653465346534, 0.31724422442244227, 0.3626237623762376, 0.3523102310231023, 0.39645214521452143, 0.429042904290429, 0.4389438943894389, 0.4612211221122112, 0.4014026402640264, 0.39067656765676567, 0.4777227722772277, 0.4372937293729373, 0.4513201320132013, 0.48102310231023104, 0.4867986798679868, 0.5866336633663366, 0.6089108910891089, 0.5915841584158416, 0.6122112211221122, 0.6047854785478548, 0.5981848184818482, 0.5924092409240924, 0.5891089108910891, 0.6105610561056105, 0.613036303630363, 0.6105610561056105, 0.6212871287128713, 0.6204620462046204, 0.6394389438943895, 0.6287128712871287, 0.6295379537953796, 0.6138613861386139, 0.6113861386138614, 0.6278877887788779, 0.6245874587458746, 0.6163366336633663, 0.6014851485148515, 0.6402640264026402, 0.6105610561056105, 0.6237623762376238, 0.6138613861386139, 0.613036303630363, 0.6377887788778878, 0.6443894389438944, 0.6476897689768977, 0.6361386138613861, 0.5948844884488449, 0.6097359735973598, 0.5981848184818482, 0.5858085808580858, 0.613036303630363, 0.6212871287128713, 0.6163366336633663, 0.6262376237623762, 0.6221122112211221, 0.6163366336633663, 0.5866336633663366, 0.5594059405940595, 0.5676567656765676, 0.6270627062706271, 0.570957095709571, 0.5338283828382838, 0.5478547854785478, 0.6237623762376238, 0.655940594059406, 0.6320132013201321, 0.5915841584158416, 0.570957095709571, 0.6006600660066007, 0.5684818481848185, 0.6105610561056105, 0.6196369636963697, 0.6287128712871287, 0.6287128712871287, 0.6237623762376238, 0.6262376237623762, 0.6278877887788779, 0.6245874587458746, 0.6163366336633663, 0.6171617161716172, 0.6245874587458746, 0.6237623762376238, 0.6320132013201321, 0.6287128712871287, 0.6097359735973598, 0.6113861386138614, 0.6311881188118812, 0.6229372937293729, 0.2916666666666667, 0.0008669812293729373, 0.0008669812293729373, 0.0012150629125412542], "avg_mem": [1.1438506588579795e-05, 0.006039531478770132, 0.015625, 0.01837024158125915, 0.016951866764275257, 0.018164348462664716, 0.01784407027818448, 0.017249267935578332, 0.01722639092240117, 0.017112005856515372, 0.017798316251830162, 0.017455161054172767, 0.01782119326500732, 0.01718063689604685, 0.017157759882869692, 0.017546669106881404, 0.01772968521229868, 0.017020497803806735, 0.019903001464128843, 0.01786694729136164, 0.017363653001464127, 0.017683931185944364, 0.017363653001464127, 0.01738653001464129, 0.017592423133235724, 0.017478038067349926, 0.01772968521229868, 0.018095717423133234, 0.01772968521229868, 0.017798316251830162, 0.01734077598828697, 0.017569546120058566, 0.017661054172767202, 0.018210102489019032, 0.017706808199121522, 0.01793557833089312, 0.017569546120058566, 0.017706808199121522, 0.017500915080527087, 0.017455161054172767, 0.017958455344070277, 0.017478038067349926, 0.017638177159590044, 0.017798316251830162, 0.017752562225475842, 0.017958455344070277, 0.017752562225475842, 0.017638177159590044, 0.01718063689604685, 0.017683931185944364, 0.017500915080527087, 0.017523792093704246, 0.01722639092240117, 0.017615300146412886, 0.017249267935578332, 0.01958272327964861, 0.017569546120058566, 0.017455161054172767, 0.01827873352855051, 0.018553257686676428, 0.01727214494875549, 0.017752562225475842, 0.017615300146412886, 0.017752562225475842, 0.017569546120058566, 0.01743228404099561, 0.017615300146412886, 0.017592423133235724, 0.017455161054172767, 0.017752562225475842, 0.017706808199121522, 0.017615300146412886, 0.017455161054172767, 0.018141471449487554, 0.017615300146412886, 0.01772968521229868, 0.017683931185944364, 0.018004209370424597, 0.017958455344070277, 0.01731789897510981, 0.017752562225475842, 0.017523792093704246, 0.017500915080527087, 0.017546669106881404, 0.017478038067349926, 0.017478038067349926, 0.018187225475841874, 0.017478038067349926, 0.017798316251830162, 0.018049963396778917, 0.015487737920937043, 0.012948389458272327, 0.012948389458272327, 0.00014298133235724744]}