{"time": [1718.0, 1719.0, 1719.0, 1719.0, 1719.0, 1719.0, 1720.0, 1721.0, 1721.0, 1722.0, 1723.0, 1723.0, 1724.0, 1725.0, 1726.0, 1727.0, 1727.0, 1728.0, 1729.0, 1729.0, 1730.0, 1731.0, 1731.0, 1732.0, 1733.0, 1734.0, 1735.0, 1736.0, 1737.0, 1738.0, 1738.0, 1739.0, 1740.0, 1741.0, 1742.0, 1743.0, 1744.0, 1745.0, 1746.0, 1747.0, 1748.0, 1749.0, 1750.0, 1751.0, 1752.0, 1753.0, 1754.0, 1755.0, 1756.0, 1757.0, 1758.0, 1759.0, 1760.0, 1761.0, 1762.0, 1763.0, 1764.0, 1765.0, 1766.0, 1767.0, 1768.0, 1769.0, 1770.0, 1771.0, 1772.0, 1773.0, 1774.0, 1775.0, 1776.0, 1777.0, 1778.0, 1779.0, 1780.0, 1781.0, 1782.0, 1783.0, 1784.0, 1785.0, 1786.0, 1787.0, 1788.0, 1789.0, 1790.0, 1791.0, 1792.0, 1793.0, 1794.0, 1795.0, 1796.0, 1797.0, 1798.0, 1799.0, 1800.0, 1800.0, 1800.0, 1800.0], "avg_cpu": [0.003932033828382839, 0.16831683168316833, 0.18646864686468648, 0.2301980198019802, 0.25742574257425743, 0.25206270627062705, 0.2665016501650165, 0.2792904290429043, 0.37376237623762376, 0.33910891089108913, 0.39686468646864687, 0.41707920792079206, 0.4042904290429043, 0.4174917491749175, 0.4315181518151815, 0.4315181518151815, 0.4867986798679868, 0.504950495049505, 0.485973597359736, 0.5198019801980198, 0.5495049504950495, 0.5643564356435643, 0.566006600660066, 0.5701320132013201, 0.5816831683168316, 0.6204620462046204, 0.6254125412541254, 0.6394389438943895, 0.66996699669967, 0.6716171617161716, 0.6518151815181518, 0.6320132013201321, 0.6245874587458746, 0.6122112211221122, 0.5973597359735974, 0.5536303630363036, 0.6072607260726073, 0.5882838283828383, 0.5858085808580858, 0.5915841584158416, 0.5957095709570958, 0.6047854785478548, 0.58003300330033, 0.6336633663366337, 0.6443894389438944, 0.6633663366336634, 0.665016501650165, 0.6386138613861386, 0.6146864686468647, 0.5957095709570958, 0.5924092409240924, 0.5858085808580858, 0.6262376237623762, 0.6303630363036303, 0.5750825082508251, 0.6097359735973598, 0.5775577557755776, 0.6031353135313532, 0.6212871287128713, 0.6006600660066007, 0.6097359735973598, 0.6014851485148515, 0.6138613861386139, 0.5783828382838284, 0.5816831683168316, 0.6155115511551155, 0.6047854785478548, 0.6245874587458746, 0.655940594059406, 0.6452145214521452, 0.5858085808580858, 0.5627062706270627, 0.6072607260726073, 0.608085808580858, 0.6014851485148515, 0.641914191419142, 0.6394389438943895, 0.6278877887788779, 0.5973597359735974, 0.6427392739273927, 0.6551155115511551, 0.6633663366336634, 0.6394389438943895, 0.6138613861386139, 0.6237623762376238, 0.6353135313531353, 0.6113861386138614, 0.6204620462046204, 0.5998349834983498, 0.6014851485148515, 0.5882838283828383, 0.5882838283828383, 0.27722772277227725, 0.007374174917491749, 0.0008669812293729373, 0.00043349061468646863], "avg_mem": [0.004403825036603221, 0.009288067349926793, 0.009013543191800878, 0.008498810395314787, 0.009139366764275255, 0.008167093704245974, 0.008624633967789166, 0.008670387994143484, 0.009082174231332358, 0.008750457540263544, 0.0088877196193265, 0.009345259882869692, 0.008716142020497804, 0.00896778916544656, 0.008487371888726208, 0.009047858711566617, 0.008773334553440702, 0.008739019033674963, 0.008830527086383601, 0.009082174231332358, 0.008750457540263544, 0.008613195461200585, 0.009036420204978038, 0.008761896046852123, 0.008956350658857979, 0.008727580527086384, 0.008647510980966324, 0.008716142020497804, 0.00899066617862372, 0.009082174231332358, 0.008796211566617862, 0.009013543191800878, 0.008819088579795022, 0.008807650073206443, 0.00891059663250366, 0.009013543191800878, 0.008784773060029283, 0.008567441434846267, 0.008727580527086384, 0.008567441434846267, 0.008807650073206443, 0.0088877196193265, 0.008533125915080528, 0.008979227672035139, 0.008636072474377745, 0.009230874816983894, 0.008796211566617862, 0.008636072474377745, 0.008704703513909224, 0.009631222547584188, 0.008761896046852123, 0.008716142020497804, 0.008819088579795022, 0.008784773060029283, 0.008796211566617862, 0.00893347364568082, 0.008819088579795022, 0.008807650073206443, 0.008704703513909224, 0.008773334553440702, 0.00893347364568082, 0.008704703513909224, 0.008784773060029283, 0.008784773060029283, 0.008578879941434846, 0.009002104685212299, 0.008716142020497804, 0.008693265007320644, 0.008658949487554905, 0.008613195461200585, 0.008830527086383601, 0.00891059663250366, 0.008841965592972182, 0.008853404099560761, 0.00899066617862372, 0.008853404099560761, 0.008670387994143484, 0.008693265007320644, 0.008796211566617862, 0.008784773060029283, 0.008681826500732064, 0.008830527086383601, 0.008979227672035139, 0.009310944363103953, 0.008716142020497804, 0.009013543191800878, 0.009105051244509516, 0.0088877196193265, 0.008841965592972182, 0.008796211566617862, 0.009082174231332358, 0.00893347364568082, 0.007926885065885798, 0.006977489019033675, 0.006977489019033675, 6.863103953147877e-05]}