{"time": [523.0, 524.0, 525.0, 526.0, 527.0, 527.0, 527.0, 527.0, 547.0, 548.0, 549.0, 549.0, 549.0, 549.0, 549.0, 550.0, 550.0, 551.0, 551.0, 551.0, 551.0, 552.0, 553.0, 554.0, 555.0, 556.0, 556.0, 557.0, 558.0, 559.0, 560.0, 561.0, 562.0, 563.0, 564.0, 565.0, 566.0, 567.0, 568.0, 569.0, 570.0, 571.0, 571.0, 572.0, 572.0, 572.0, 574.0, 575.0, 576.0, 577.0, 578.0, 579.0, 580.0, 581.0, 582.0, 583.0, 584.0, 585.0, 586.0, 587.0, 588.0, 589.0, 590.0, 591.0, 592.0, 593.0, 594.0, 595.0, 595.0, 596.0, 596.0, 596.0, 596.0, 597.0, 598.0, 599.0, 600.0, 601.0, 602.0, 603.0, 604.0, 605.0, 606.0, 607.0, 608.0, 609.0, 610.0, 611.0, 612.0, 613.0, 614.0, 615.0, 616.0, 616.0, 617.0, 618.0, 619.0, 620.0, 621.0, 622.0, 623.0, 624.0, 625.0, 626.0, 627.0, 628.0, 629.0, 630.0, 631.0, 632.0, 633.0, 634.0, 635.0, 636.0, 637.0, 638.0, 639.0, 640.0, 641.0, 642.0, 643.0, 644.0, 645.0, 646.0, 647.0, 648.0, 649.0, 650.0, 651.0, 652.0, 653.0, 653.0, 653.0, 653.0], "avg_cpu": [0.04054226069246436, 0.02335794297352342, 0.01909368635437882, 0.00036496785896130346, 0.00034806199083503055, 0.00040076852087576377, 0.0005549102596741344, 0.0, 0.2607421875, 0.37939453125, 0.37744140625, 0.37255859375, 0.01824951171875, 0.0, 0.3671875, 0.39892578125, 0.35009765625, 0.39306640625, 0.666015625, 0.0, 0.698019801980198, 0.7285478547854786, 0.6303630363036303, 0.6584158415841584, 0.6534653465346535, 0.5841584158415841, 0.6155115511551155, 0.5453795379537953, 0.5750825082508251, 0.5957095709570958, 0.6006600660066007, 0.5503300330033003, 0.5643564356435643, 0.5907590759075908, 0.5792079207920792, 0.5635313531353136, 0.5701320132013201, 0.5726072607260726, 0.5767326732673267, 0.566006600660066, 0.5957095709570958, 0.58003300330033, 0.566006600660066, 0.4777227722772277, 0.0, 0.0, 0.6905940594059405, 0.641914191419142, 0.599009900990099, 0.6212871287128713, 0.6056105610561056, 0.5759075907590759, 0.5693069306930693, 0.5635313531353136, 0.5841584158415841, 0.5948844884488449, 0.5486798679867987, 0.551980198019802, 0.5635313531353136, 0.5396039603960396, 0.566006600660066, 0.5651815181518152, 0.5305280528052805, 0.5420792079207921, 0.5866336633663366, 0.5932343234323433, 0.6014851485148515, 0.5841584158415841, 0.5775577557755776, 0.5783828382838284, 0.03846947194719472, 0.0, 0.5495049504950495, 0.566006600660066, 0.6204620462046204, 0.7211221122112211, 0.6105610561056105, 0.5750825082508251, 0.6287128712871287, 0.5453795379537953, 0.6526402640264026, 0.6031353135313532, 0.566006600660066, 0.5602310231023102, 0.5635313531353136, 0.5627062706270627, 0.5750825082508251, 0.5552805280528053, 0.5767326732673267, 0.6212871287128713, 0.613036303630363, 0.5981848184818482, 0.5635313531353136, 0.6196369636963697, 0.5866336633663366, 0.6551155115511551, 0.6600660066006601, 0.6518151815181518, 0.655940594059406, 0.6468646864686468, 0.6336633663366337, 0.6443894389438944, 0.6740924092409241, 0.6254125412541254, 0.6171617161716172, 0.6600660066006601, 0.5957095709570958, 0.6064356435643564, 0.6122112211221122, 0.5816831683168316, 0.5693069306930693, 0.6262376237623762, 0.6006600660066007, 0.5816831683168316, 0.5973597359735974, 0.6204620462046204, 0.613036303630363, 0.6551155115511551, 0.6089108910891089, 0.6287128712871287, 0.6254125412541254, 0.6278877887788779, 0.6386138613861386, 0.6658415841584159, 0.5783828382838284, 0.5734323432343235, 0.5734323432343235, 0.5882838283828383, 0.5866336633663366, 0.5717821782178217, 0.5717821782178217, 0.5907590759075908, 0.00010796978135313532, 0.0], "avg_mem": [0.00489044189453125, 0.0039825439453125, 0.003772735595703125, 0.003185272216796875, 0.003002166748046875, 0.00299072265625, 0.00260162353515625, 0.00016021728515625, 0.015472412109375, 0.03240966796875, 0.02850341796875, 0.0299072265625, 0.0005645751953125, 0.0003185272216796875, 0.027679443359375, 0.03094482421875, 0.028076171875, 0.022735595703125, 0.021820068359375, 0.00032806396484375, 0.04177342606149341, 0.043329062957540264, 0.0426885065885798, 0.042825768667642754, 0.043740849194729134, 0.041819180087847733, 0.048133235724743775, 0.04076683748169839, 0.04538799414348463, 0.04456442166910688, 0.04319180087847731, 0.04378660322108346, 0.04154465592972181, 0.04177342606149341, 0.044244143484626644, 0.04515922401171303, 0.043420571010248904, 0.045113469985358715, 0.045113469985358715, 0.04017203513909224, 0.045113469985358715, 0.04159040995607614, 0.044244143484626644, 0.06469619326500732, 0.001564215775988287, 0.0005719253294289898, 0.039302708638360176, 0.04136163982430454, 0.04319180087847731, 0.042734260614934114, 0.03724377745241581, 0.035916910688140555, 0.035916910688140555, 0.03733528550512445, 0.03916544655929722, 0.04058382137628111, 0.04154465592972181, 0.041407393850658857, 0.04172767203513909, 0.040492313323572476, 0.041819180087847733, 0.04396961932650073, 0.04094985358711566, 0.040812591508052706, 0.043832357247437774, 0.044244143484626644, 0.042322474377745244, 0.04351207906295754, 0.042917276720351394, 0.00041750549048316253, 0.00041178623718887263, 0.0002974011713030747, 0.04319180087847731, 0.04387811127379209, 0.04191068814055637, 0.045342240117130304, 0.04497620790629575, 0.04447291361639824, 0.042230966325036604, 0.04195644216691069, 0.04337481698389458, 0.04328330893118595, 0.04488469985358712, 0.04227672035139092, 0.04163616398243045, 0.04419838945827233, 0.043832357247437774, 0.04076683748169839, 0.04488469985358712, 0.044427159590043924, 0.043923865300146414, 0.04259699853587116, 0.042825768667642754, 0.041819180087847733, 0.043832357247437774, 0.043832357247437774, 0.04360358711566618, 0.0446101756954612, 0.04525073206442167, 0.04419838945827233, 0.043237554904831624, 0.04310029282576867, 0.04415263543191801, 0.045113469985358715, 0.04346632503660322, 0.04525073206442167, 0.04456442166910688, 0.04236822840409956, 0.04470168374816984, 0.04447291361639824, 0.04296303074670571, 0.044930453879941434, 0.042642752562225474, 0.044015373352855054, 0.044335651537335284, 0.04456442166910688, 0.04296303074670571, 0.04438140556368961, 0.04387811127379209, 0.04369509516837482, 0.043237554904831624, 0.04213945827232796, 0.045113469985358715, 0.045937042459736455, 0.04479319180087848, 0.043329062957540264, 0.04639458272327965, 0.043740849194729134, 0.04218521229868229, 0.04506771595900439, 0.03527635431918009, 0.04685212298682284, 0.0007978358345534407, 0.0003088396778916545]}