{"time": [1718.0, 1719.0, 1719.0, 1719.0, 1719.0, 1719.0, 1720.0, 1720.0, 1721.0, 1722.0, 1722.0, 1723.0, 1724.0, 1725.0, 1726.0, 1726.0, 1727.0, 1728.0, 1729.0, 1729.0, 1730.0, 1731.0, 1732.0, 1733.0, 1734.0, 1734.0, 1735.0, 1736.0, 1737.0, 1738.0, 1739.0, 1740.0, 1741.0, 1742.0, 1743.0, 1744.0, 1745.0, 1746.0, 1747.0, 1748.0, 1749.0, 1750.0, 1751.0, 1752.0, 1753.0, 1754.0, 1755.0, 1756.0, 1757.0, 1758.0, 1759.0, 1760.0, 1761.0, 1762.0, 1763.0, 1764.0, 1765.0, 1766.0, 1767.0, 1768.0, 1769.0, 1770.0, 1771.0, 1772.0, 1773.0, 1774.0, 1775.0, 1776.0, 1777.0, 1778.0, 1779.0, 1780.0, 1781.0, 1782.0, 1783.0, 1784.0, 1785.0, 1786.0, 1787.0, 1788.0, 1789.0, 1790.0, 1791.0, 1792.0, 1793.0, 1794.0, 1795.0, 1796.0, 1797.0, 1798.0, 1799.0, 1800.0, 1800.0, 1800.0, 1800.0], "avg_cpu": [0.08933080808080808, 0.22916666666666666, 0.2474747474747475, 0.2803030303030303, 0.36742424242424243, 0.3529040404040404, 0.3522727272727273, 0.4034090909090909, 0.40025252525252525, 0.40214646464646464, 0.5643939393939394, 0.5561868686868687, 0.5549242424242424, 0.5536616161616161, 0.5561868686868687, 0.6717171717171717, 0.6704545454545454, 0.6742424242424242, 0.6679292929292929, 0.7424242424242424, 0.7474747474747475, 0.7424242424242424, 0.7449494949494949, 0.7449494949494949, 0.7297979797979798, 0.8131313131313131, 0.8232323232323232, 0.827020202020202, 0.821969696969697, 0.8207070707070707, 0.8143939393939394, 0.8106060606060606, 0.8156565656565656, 0.8181818181818182, 0.8118686868686869, 0.8093434343434344, 0.8156565656565656, 0.8244949494949495, 0.7967171717171717, 0.7929292929292929, 0.8156565656565656, 0.8055555555555556, 0.8181818181818182, 0.8055555555555556, 0.8106060606060606, 0.8080808080808081, 0.8207070707070707, 0.8080808080808081, 0.827020202020202, 0.8068181818181818, 0.8156565656565656, 0.821969696969697, 0.827020202020202, 0.8257575757575758, 0.8194444444444444, 0.8320707070707071, 0.827020202020202, 0.8181818181818182, 0.8156565656565656, 0.8308080808080808, 0.8257575757575758, 0.8257575757575758, 0.827020202020202, 0.8333333333333334, 0.8333333333333334, 0.8282828282828283, 0.8308080808080808, 0.8194444444444444, 0.8282828282828283, 0.8282828282828283, 0.8194444444444444, 0.8257575757575758, 0.8308080808080808, 0.8308080808080808, 0.8308080808080808, 0.827020202020202, 0.8295454545454546, 0.8244949494949495, 0.8282828282828283, 0.8295454545454546, 0.8308080808080808, 0.8345959595959596, 0.8282828282828283, 0.8244949494949495, 0.8257575757575758, 0.8295454545454546, 0.8244949494949495, 0.827020202020202, 0.8232323232323232, 0.8244949494949495, 0.8295454545454546, 0.39141414141414144, 0.015625, 0.004557291666666667, 0.0], "avg_mem": [0.012147693997071742, 0.017752562225475842, 0.015876647144948755, 0.01619692532942899, 0.016425695461200585, 0.016700219619326502, 0.016151171303074672, 0.01676885065885798, 0.017066251830161056, 0.016540080527086384, 0.017089128843338214, 0.017523792093704246, 0.017066251830161056, 0.017089128843338214, 0.016357064421669107, 0.01727214494875549, 0.01722639092240117, 0.01679172767203514, 0.016608711566617862, 0.017043374816983894, 0.017066251830161056, 0.016974743777452415, 0.018027086383601756, 0.01738653001464129, 0.018118594436310396, 0.017089128843338214, 0.017615300146412886, 0.017134882869692534, 0.017112005856515372, 0.017523792093704246, 0.01798133235724744, 0.017478038067349926, 0.01722639092240117, 0.01722639092240117, 0.017546669106881404, 0.017066251830161056, 0.017478038067349926, 0.017363653001464127, 0.01731789897510981, 0.01679172767203514, 0.016974743777452415, 0.01688323572474378, 0.01731789897510981, 0.01672309663250366, 0.017478038067349926, 0.016974743777452415, 0.017546669106881404, 0.017112005856515372, 0.01734077598828697, 0.017089128843338214, 0.017523792093704246, 0.016951866764275257, 0.016974743777452415, 0.016906112737920937, 0.016814604685212297, 0.01743228404099561, 0.01729502196193265, 0.017661054172767202, 0.017157759882869692, 0.01676885065885798, 0.01722639092240117, 0.016814604685212297, 0.017089128843338214, 0.01718063689604685, 0.017409407027818447, 0.01729502196193265, 0.017638177159590044, 0.016906112737920937, 0.01738653001464129, 0.01734077598828697, 0.017249267935578332, 0.01734077598828697, 0.016928989751098095, 0.01772968521229868, 0.017043374816983894, 0.017500915080527087, 0.01688323572474378, 0.017066251830161056, 0.016997620790629574, 0.017089128843338214, 0.017249267935578332, 0.01729502196193265, 0.01731789897510981, 0.017157759882869692, 0.01729502196193265, 0.016906112737920937, 0.017020497803806735, 0.01729502196193265, 0.017500915080527087, 0.01676885065885798, 0.017043374816983894, 0.015853770131771597, 0.012399341142020497, 0.006268301610541728, 0.00011438506588579795]}