{"time": [1718.0, 1719.0, 1719.0, 1719.0, 1719.0, 1719.0, 1720.0, 1720.0, 1721.0, 1721.0, 1722.0, 1723.0, 1724.0, 1725.0, 1726.0, 1727.0, 1727.0, 1728.0, 1729.0, 1729.0, 1730.0, 1731.0, 1732.0, 1733.0, 1733.0, 1734.0, 1735.0, 1736.0, 1737.0, 1738.0, 1739.0, 1740.0, 1741.0, 1742.0, 1743.0, 1744.0, 1745.0, 1746.0, 1747.0, 1748.0, 1748.0, 1749.0, 1750.0, 1751.0, 1752.0, 1753.0, 1754.0, 1755.0, 1756.0, 1757.0, 1758.0, 1759.0, 1760.0, 1761.0, 1762.0, 1763.0, 1764.0, 1765.0, 1766.0, 1767.0, 1768.0, 1769.0, 1770.0, 1771.0, 1772.0, 1773.0, 1774.0, 1775.0, 1776.0, 1777.0, 1778.0, 1779.0, 1780.0, 1781.0, 1782.0, 1783.0, 1784.0, 1785.0, 1786.0, 1787.0, 1788.0, 1789.0, 1790.0, 1791.0, 1792.0, 1793.0, 1794.0, 1795.0, 1796.0, 1797.0, 1798.0, 1799.0, 1800.0, 1800.0, 1800.0], "avg_cpu": [0.004486386138613861, 0.2553630363036304, 0.5561056105610561, 0.5932343234323433, 0.5759075907590759, 0.3122937293729373, 0.2623762376237624, 0.3085808580858086, 0.5437293729372937, 0.5107260726072608, 0.45544554455445546, 0.33085808580858084, 0.4372937293729373, 0.43646864686468645, 0.3147689768976898, 0.5123762376237624, 0.7145214521452146, 0.5693069306930693, 0.32301980198019803, 0.48514851485148514, 0.5420792079207921, 0.5924092409240924, 0.4438943894389439, 0.6138613861386139, 0.6617161716171617, 0.6163366336633663, 0.5016501650165016, 0.7029702970297029, 0.6303630363036303, 0.49504950495049505, 0.6633663366336634, 0.6105610561056105, 0.48432343234323433, 0.698019801980198, 0.6353135313531353, 0.6551155115511551, 0.7136963696369637, 0.7112211221122112, 0.5453795379537953, 0.37334983498349833, 0.7235973597359736, 0.6707920792079208, 0.608085808580858, 0.41996699669966997, 0.6320132013201321, 0.655940594059406, 0.5165016501650165, 0.6188118811881188, 0.599009900990099, 0.4801980198019802, 0.6287128712871287, 0.6881188118811881, 0.4521452145214521, 0.6460396039603961, 0.6831683168316832, 0.429042904290429, 0.6988448844884488, 0.6914191419141914, 0.45544554455445546, 0.6328382838283828, 0.5858085808580858, 0.4034653465346535, 0.5635313531353136, 0.6204620462046204, 0.45792079207920794, 0.5420792079207921, 0.6394389438943895, 0.4752475247524752, 0.7161716171617162, 0.7021452145214522, 0.4471947194719472, 0.693069306930693, 0.7095709570957096, 0.45874587458745875, 0.7244224422442245, 0.7227722772277227, 0.4735973597359736, 0.7186468646864687, 0.716996699669967, 0.4603960396039604, 0.7186468646864687, 0.7013201320132013, 0.5371287128712872, 0.6914191419141914, 0.7046204620462047, 0.518976897689769, 0.7054455445544554, 0.7004950495049505, 0.4471947194719472, 0.6996699669966997, 0.6938943894389439, 0.4430693069306931, 0.3122937293729373, 0.001157049298679868, 0.000759011448019802], "avg_mem": [0.0061539165446559295, 0.015853770131771597, 0.019353953147877013, 0.019445461200585653, 0.01843887262079063, 0.01786694729136164, 0.01683748169838946, 0.016928989751098095, 0.01832448755490483, 0.01782119326500732, 0.018759150805270863, 0.01731789897510981, 0.017912701317715957, 0.017089128843338214, 0.01738653001464129, 0.01798133235724744, 0.017706808199121522, 0.017683931185944364, 0.016654465592972182, 0.016951866764275257, 0.01786694729136164, 0.017409407027818447, 0.017775439238653, 0.017592423133235724, 0.01772968521229868, 0.018072840409956076, 0.016974743777452415, 0.017661054172767202, 0.018118594436310396, 0.01793557833089312, 0.017569546120058566, 0.01772968521229868, 0.017775439238653, 0.01784407027818448, 0.01798133235724744, 0.017592423133235724, 0.017775439238653, 0.017615300146412886, 0.018461749633967788, 0.01743228404099561, 0.01688323572474378, 0.017409407027818447, 0.017638177159590044, 0.017775439238653, 0.01782119326500732, 0.01784407027818448, 0.018621888726207906, 0.01898792093704246, 0.0178898243045388, 0.017455161054172767, 0.017752562225475842, 0.017523792093704246, 0.017592423133235724, 0.01784407027818448, 0.017706808199121522, 0.017661054172767202, 0.017683931185944364, 0.017752562225475842, 0.017478038067349926, 0.01827873352855051, 0.018782027818448024, 0.017249267935578332, 0.017500915080527087, 0.01782119326500732, 0.0178898243045388, 0.017615300146412886, 0.017706808199121522, 0.01786694729136164, 0.018049963396778917, 0.017569546120058566, 0.01731789897510981, 0.0178898243045388, 0.017638177159590044, 0.017615300146412886, 0.017638177159590044, 0.0189650439238653, 0.017912701317715957, 0.017798316251830162, 0.017798316251830162, 0.017523792093704246, 0.017958455344070277, 0.017775439238653, 0.01903367496339678, 0.017569546120058566, 0.018072840409956076, 0.017752562225475842, 0.018049963396778917, 0.017661054172767202, 0.01729502196193265, 0.017661054172767202, 0.017615300146412886, 0.017775439238653, 0.015510614934114202, 0.013039897510980966, 0.0017443722547584187]}