{"time": [3178.0, 3179.0, 3180.0, 3181.0, 3182.0, 3183.0, 3184.0, 3185.0, 3186.0, 3187.0, 3188.0, 3189.0, 3190.0, 3191.0, 3192.0, 3192.0, 3193.0, 3194.0, 3195.0, 3196.0, 3197.0, 3198.0, 3199.0, 3200.0, 3201.0, 3202.0, 3203.0, 3204.0, 3205.0, 3206.0, 3207.0, 3208.0, 3209.0, 3209.0, 3210.0, 3211.0, 3212.0, 3213.0, 3213.0, 3214.0, 3215.0, 3216.0, 3217.0, 3218.0, 3219.0, 3220.0, 3221.0, 3221.0, 3222.0, 3223.0, 3224.0, 3225.0, 3226.0, 3227.0, 3228.0, 3229.0, 3230.0, 3231.0, 3232.0, 3233.0, 3234.0, 3235.0, 3236.0, 3237.0, 3238.0, 3239.0, 3240.0, 3241.0, 3242.0, 3243.0, 3244.0, 3245.0, 3246.0, 3247.0, 3248.0, 3249.0, 3250.0, 3251.0, 3252.0, 3253.0, 3253.0, 3254.0, 3255.0, 3255.0, 3255.0, 3256.0, 3257.0, 3258.0, 3259.0, 3260.0, 3261.0, 3262.0, 3263.0, 3264.0, 3265.0, 3266.0, 3267.0, 3268.0, 3269.0, 3270.0, 3270.0, 3271.0, 3272.0, 3273.0, 3274.0, 3275.0, 3276.0, 3277.0, 3278.0, 3279.0, 3280.0, 3281.0, 3282.0, 3283.0, 3284.0, 3285.0, 3286.0, 3287.0, 3288.0, 3289.0, 3290.0, 3291.0, 3292.0, 3293.0, 3294.0, 3295.0, 3296.0, 3296.0, 3297.0, 3298.0, 3299.0, 3300.0, 3301.0, 3301.0, 3302.0, 3303.0, 3304.0, 3305.0, 3306.0, 3307.0, 3308.0, 3309.0, 3310.0, 3311.0, 3312.0, 3312.0, 3313.0, 3314.0, 3315.0, 3316.0, 3317.0, 3318.0, 3319.0, 3320.0, 3320.0, 3321.0, 3322.0, 3323.0, 3324.0, 3325.0, 3326.0, 3327.0, 3328.0, 3329.0, 3330.0, 3330.0, 3331.0, 3332.0, 3333.0, 3334.0, 3335.0, 3336.0, 3337.0, 3338.0, 3339.0, 3340.0, 3341.0, 3342.0, 3343.0, 3344.0, 3345.0, 3346.0, 3347.0, 3348.0, 3349.0, 3350.0, 3351.0, 3352.0, 3353.0, 3354.0, 3355.0, 3356.0, 3357.0, 3358.0, 3359.0, 3360.0, 3361.0, 3362.0, 3363.0, 3364.0, 3365.0, 3366.0, 3367.0, 3368.0, 3369.0, 3370.0, 3371.0, 3372.0, 3373.0, 3374.0, 3375.0, 3376.0, 3377.0, 3378.0, 3379.0, 3380.0, 3381.0, 3382.0, 3383.0, 3384.0, 3385.0, 3386.0, 3387.0, 3388.0, 3389.0, 3390.0, 3391.0, 3392.0, 3393.0, 3394.0, 3395.0, 3396.0, 3397.0, 3398.0, 3399.0, 3400.0, 3401.0, 3402.0, 3403.0, 3404.0, 3405.0, 3406.0, 3407.0, 3408.0, 3409.0, 3410.0, 3411.0, 3412.0, 3413.0, 3414.0, 3415.0, 3416.0, 3417.0, 3418.0, 3419.0, 3420.0, 3421.0, 3422.0, 3423.0, 3424.0, 3425.0, 3426.0, 3427.0, 3428.0, 3429.0, 3430.0, 3431.0, 3432.0, 3433.0, 3434.0, 3435.0, 3436.0, 3437.0, 3438.0, 3439.0, 3440.0, 3441.0, 3442.0, 3443.0, 3444.0, 3445.0, 3446.0, 3447.0, 3448.0, 3449.0, 3450.0, 3451.0, 3452.0, 3453.0, 3454.0, 3455.0, 3456.0, 3457.0, 3458.0, 3459.0, 3460.0, 3461.0, 3462.0, 3463.0, 3464.0, 3465.0, 3466.0, 3466.0], "avg_cpu": [0.35881542699724517, 0.47520661157024796, 0.559228650137741, 0.5626721763085399, 0.5571625344352618, 0.5681818181818182, 0.5413223140495868, 0.5633608815426997, 0.5488980716253443, 0.5550964187327824, 0.5482093663911846, 0.5702479338842975, 0.5771349862258953, 0.5454545454545454, 0.465564738292011, 0.0, 0.5998349834983498, 0.6856435643564357, 0.6848184818481848, 0.7037953795379538, 0.6831683168316832, 0.6914191419141914, 0.6856435643564357, 0.7029702970297029, 0.6848184818481848, 0.6938943894389439, 0.6905940594059405, 0.6914191419141914, 0.6773927392739274, 0.6881188118811881, 0.6897689768976898, 0.6872937293729373, 0.6889438943894389, 0.683993399339934, 0.6757425742574258, 0.6691419141914191, 0.6716171617161716, 0.6914191419141914, 0.698019801980198, 0.6938943894389439, 0.6922442244224423, 0.7054455445544554, 0.7202970297029703, 0.7046204620462047, 0.6971947194719472, 0.6881188118811881, 0.6922442244224423, 0.6815181518151815, 0.66996699669967, 0.6674917491749175, 0.6864686468646864, 0.6716171617161716, 0.6757425742574258, 0.6740924092409241, 0.6740924092409241, 0.6938943894389439, 0.7046204620462047, 0.6707920792079208, 0.6683168316831684, 0.6848184818481848, 0.6732673267326733, 0.6782178217821783, 0.6773927392739274, 0.6815181518151815, 0.6716171617161716, 0.7029702970297029, 0.6823432343234324, 0.6707920792079208, 0.6815181518151815, 0.6798679867986799, 0.7046204620462047, 0.6938943894389439, 0.7004950495049505, 0.6872937293729373, 0.6996699669966997, 0.6889438943894389, 0.7136963696369637, 0.7021452145214522, 0.7013201320132013, 0.6963696369636964, 0.7070957095709571, 0.7128712871287128, 0.7103960396039604, 0.8861386138613861, 0.726897689768977, 0.7120462046204621, 0.7334983498349835, 0.7128712871287128, 0.7062706270627063, 0.7475247524752475, 0.7079207920792079, 0.7211221122112211, 0.7037953795379538, 0.7021452145214522, 0.7260726072607261, 0.7351485148514851, 0.7029702970297029, 0.7037953795379538, 0.7277227722772277, 0.6732673267326733, 0.7062706270627063, 0.6996699669966997, 0.6955445544554455, 0.7054455445544554, 0.6889438943894389, 0.7046204620462047, 0.7095709570957096, 0.7013201320132013, 0.6988448844884488, 0.6922442244224423, 0.698019801980198, 0.6971947194719472, 0.6922442244224423, 0.6914191419141914, 0.6963696369636964, 0.6955445544554455, 0.6988448844884488, 0.6938943894389439, 0.6947194719471947, 0.6922442244224423, 0.7120462046204621, 0.7103960396039604, 0.7021452145214522, 0.6955445544554455, 0.683993399339934, 0.6881188118811881, 0.6914191419141914, 0.6938943894389439, 0.6922442244224423, 0.6872937293729373, 0.6749174917491749, 0.6856435643564357, 0.6773927392739274, 0.7046204620462047, 0.6955445544554455, 0.6798679867986799, 0.6773927392739274, 0.6757425742574258, 0.6773927392739274, 0.6732673267326733, 0.6856435643564357, 0.683993399339934, 0.6881188118811881, 0.6889438943894389, 0.6773927392739274, 0.7120462046204621, 0.6782178217821783, 0.6971947194719472, 0.698019801980198, 0.683993399339934, 0.6831683168316832, 0.6798679867986799, 0.6823432343234324, 0.6749174917491749, 0.7318481848184818, 0.6922442244224423, 0.6971947194719472, 0.6988448844884488, 0.6856435643564357, 0.6914191419141914, 0.6947194719471947, 0.7062706270627063, 0.6881188118811881, 0.6897689768976898, 0.7046204620462047, 0.698019801980198, 0.7054455445544554, 0.7046204620462047, 0.7004950495049505, 0.6947194719471947, 0.7004950495049505, 0.7062706270627063, 0.7037953795379538, 0.7029702970297029, 0.7087458745874587, 0.6988448844884488, 0.7029702970297029, 0.6955445544554455, 0.7004950495049505, 0.6988448844884488, 0.7062706270627063, 0.7021452145214522, 0.6955445544554455, 0.6864686468646864, 0.6889438943894389, 0.6848184818481848, 0.693069306930693, 0.6889438943894389, 0.6971947194719472, 0.6947194719471947, 0.6897689768976898, 0.698019801980198, 0.7062706270627063, 0.698019801980198, 0.7037953795379538, 0.6955445544554455, 0.6914191419141914, 0.7037953795379538, 0.683993399339934, 0.683993399339934, 0.683993399339934, 0.6872937293729373, 0.6823432343234324, 0.6889438943894389, 0.6798679867986799, 0.6782178217821783, 0.683993399339934, 0.6740924092409241, 0.6782178217821783, 0.6831683168316832, 0.6815181518151815, 0.679042904290429, 0.6724422442244224, 0.6765676567656765, 0.66996699669967, 0.6782178217821783, 0.6666666666666666, 0.6897689768976898, 0.6806930693069307, 0.6732673267326733, 0.6815181518151815, 0.6691419141914191, 0.6773927392739274, 0.66996699669967, 0.6856435643564357, 0.6716171617161716, 0.6724422442244224, 0.6658415841584159, 0.6716171617161716, 0.6732673267326733, 0.6691419141914191, 0.679042904290429, 0.6691419141914191, 0.6658415841584159, 0.6683168316831684, 0.6691419141914191, 0.6674917491749175, 0.6617161716171617, 0.6740924092409241, 0.679042904290429, 0.6773927392739274, 0.6749174917491749, 0.6765676567656765, 0.6773927392739274, 0.6749174917491749, 0.66996699669967, 0.6749174917491749, 0.6765676567656765, 0.6757425742574258, 0.6831683168316832, 0.6848184818481848, 0.6806930693069307, 0.683993399339934, 0.6749174917491749, 0.6782178217821783, 0.6798679867986799, 0.6749174917491749, 0.6798679867986799, 0.679042904290429, 0.6806930693069307, 0.6823432343234324, 0.6872937293729373, 0.6856435643564357, 0.6963696369636964, 0.6856435643564357, 0.6831683168316832, 0.683993399339934, 0.6881188118811881, 0.6872937293729373, 0.683993399339934, 0.6848184818481848, 0.6806930693069307, 0.6831683168316832, 0.683993399339934, 0.6815181518151815, 0.6806930693069307, 0.6864686468646864, 0.683993399339934, 0.6815181518151815, 0.6856435643564357, 