{"time": [1718.0, 1719.0, 1719.0, 1719.0, 1719.0, 1719.0, 1720.0, 1720.0, 1720.0, 1721.0, 1722.0, 1723.0, 1724.0, 1725.0, 1726.0, 1727.0, 1728.0, 1728.0, 1729.0, 1729.0, 1730.0, 1731.0, 1732.0, 1733.0, 1733.0, 1734.0, 1735.0, 1736.0, 1737.0, 1737.0, 1738.0, 1739.0, 1740.0, 1741.0, 1742.0, 1743.0, 1744.0, 1745.0, 1746.0, 1747.0, 1748.0, 1749.0, 1750.0, 1751.0, 1752.0, 1753.0, 1754.0, 1755.0, 1756.0, 1757.0, 1758.0, 1759.0, 1760.0, 1761.0, 1762.0, 1763.0, 1764.0, 1765.0, 1766.0, 1767.0, 1768.0, 1769.0, 1770.0, 1771.0, 1772.0, 1773.0, 1774.0, 1775.0, 1776.0, 1777.0, 1778.0, 1779.0, 1780.0, 1781.0, 1782.0, 1783.0, 1784.0, 1785.0, 1786.0, 1787.0, 1788.0, 1789.0, 1790.0, 1791.0, 1792.0, 1793.0, 1794.0, 1795.0, 1796.0, 1797.0, 1798.0, 1799.0, 1800.0, 1800.0, 1800.0, 1800.0], "avg_cpu": [0.004763562293729373, 0.11963696369636964, 0.21245874587458746, 0.22524752475247525, 0.23886138613861385, 0.24463696369636964, 0.2632013201320132, 0.31064356435643564, 0.3481848184818482, 0.26113861386138615, 0.3139438943894389, 0.31146864686468645, 0.2863036303630363, 0.2933168316831683, 0.28052805280528054, 0.3972772277227723, 0.4504950495049505, 0.5173267326732673, 0.523102310231023, 0.528052805280528, 0.5239273927392739, 0.4991749174917492, 0.5206270627062707, 0.5371287128712872, 0.5338283828382838, 0.5932343234323433, 0.533003300330033, 0.5808580858085809, 0.6105610561056105, 0.6518151815181518, 0.683993399339934, 0.608085808580858, 0.5742574257425742, 0.584983498349835, 0.5948844884488449, 0.6171617161716172, 0.58003300330033, 0.5742574257425742, 0.5775577557755776, 0.6427392739273927, 0.6270627062706271, 0.5792079207920792, 0.5726072607260726, 0.5618811881188119, 0.5676567656765676, 0.5387788778877888, 0.5726072607260726, 0.58003300330033, 0.5577557755775577, 0.6113861386138614, 0.5552805280528053, 0.5486798679867987, 0.5759075907590759, 0.5742574257425742, 0.6089108910891089, 0.5891089108910891, 0.5676567656765676, 0.5288778877887789, 0.5486798679867987, 0.5841584158415841, 0.5816831683168316, 0.5363036303630363, 0.5503300330033003, 0.5412541254125413, 0.5561056105610561, 0.5602310231023102, 0.5808580858085809, 0.5858085808580858, 0.5948844884488449, 0.599009900990099, 0.5915841584158416, 0.5759075907590759, 0.5594059405940595, 0.5594059405940595, 0.5874587458745875, 0.6245874587458746, 0.5899339933993399, 0.5759075907590759, 0.6262376237623762, 0.6328382838283828, 0.6155115511551155, 0.6113861386138614, 0.5874587458745875, 0.5866336633663366, 0.5882838283828383, 0.5924092409240924, 0.5965346534653465, 0.5907590759075908, 0.5833333333333334, 0.5676567656765676, 0.5957095709570958, 0.5907590759075908, 0.2561881188118812, 0.008676258250825082, 0.002314098597359736, 0.0], "avg_mem": [0.0027538204612005857, 0.008578879941434846, 0.009859992679355783, 0.008830527086383601, 0.00886484260614934, 0.009299505856515374, 0.008784773060029283, 0.009082174231332358, 0.010878019765739384, 0.008876281112737921, 0.00893347364568082, 0.0088877196193265, 0.009013543191800878, 0.009127928257686676, 0.00896778916544656, 0.008784773060029283, 0.008807650073206443, 0.008841965592972182, 0.009013543191800878, 0.008841965592972182, 0.008899158125915081, 0.008853404099560761, 0.008899158125915081, 0.008796211566617862, 0.009207997803806735, 0.008899158125915081, 0.00886484260614934, 0.008979227672035139, 0.009116489751098097, 0.008498810395314787, 0.009105051244509516, 0.00899066617862372, 0.008830527086383601, 0.00893347364568082, 0.0088877196193265, 0.00893347364568082, 0.008899158125915081, 0.009585468521229868, 0.009162243777452415, 0.008956350658857979, 0.00886484260614934, 0.008876281112737921, 0.0088877196193265, 0.008739019033674963, 0.00899066617862372, 0.008807650073206443, 0.009196559297218155, 0.00886484260614934, 0.009242313323572475, 0.009150805270863836, 0.009253751830161054, 0.008899158125915081, 0.00896778916544656, 0.00893347364568082, 0.008956350658857979, 0.00893347364568082, 0.009002104685212299, 0.009676976573938506, 0.008773334553440702, 0.00896778916544656, 0.00899066617862372, 0.00899066617862372, 0.008899158125915081, 0.0089449121522694, 0.008796211566617862, 0.008750457540263544, 0.008830527086383601, 0.008899158125915081, 0.008807650073206443, 0.0088877196193265, 0.008773334553440702, 0.009356698389458273, 0.009150805270863836, 0.009024981698389459, 0.0089449121522694, 0.009002104685212299, 0.009024981698389459, 0.008819088579795022, 0.00886484260614934, 0.009105051244509516, 0.008956350658857979, 0.009059297218155198, 0.009448206442166911, 0.00896778916544656, 0.00886484260614934, 0.009116489751098097, 0.008956350658857979, 0.009059297218155198, 0.008899158125915081, 0.009047858711566617, 0.009002104685212299, 0.009047858711566617, 0.008819088579795022, 0.007137628111273792, 0.0047870150073206445, 6.577141288433382e-05]}