{"time": [530.0, 530.0, 531.0, 531.0, 532.0, 533.0, 534.0, 535.0, 536.0, 537.0, 538.0, 539.0, 540.0, 540.0, 541.0, 542.0, 543.0, 544.0, 545.0, 546.0, 547.0, 548.0, 549.0, 550.0, 551.0, 552.0, 553.0, 554.0, 555.0, 556.0, 557.0, 557.0, 558.0, 559.0, 560.0, 561.0, 562.0, 563.0, 564.0, 565.0, 566.0, 567.0, 568.0, 569.0, 570.0, 571.0, 571.0, 572.0, 572.0, 572.0, 577.0, 578.0, 579.0, 580.0, 581.0, 582.0, 583.0, 584.0, 585.0, 586.0, 587.0, 588.0, 589.0, 590.0, 591.0, 592.0, 593.0, 594.0, 595.0, 596.0, 597.0, 598.0, 599.0, 600.0, 601.0, 602.0, 603.0, 604.0, 605.0, 606.0, 607.0, 608.0, 609.0, 610.0, 611.0, 612.0, 613.0, 614.0, 615.0, 616.0, 616.0, 617.0, 618.0, 619.0, 620.0, 621.0, 622.0, 623.0, 624.0, 625.0, 626.0, 627.0, 628.0, 629.0, 630.0, 631.0, 632.0, 633.0, 634.0, 635.0, 636.0, 637.0, 638.0, 639.0, 640.0, 641.0, 642.0, 643.0, 644.0, 645.0, 646.0, 647.0, 648.0, 649.0, 650.0, 651.0, 652.0, 653.0, 653.0, 653.0, 653.0], "avg_cpu": [0.12438118811881188, 0.5924092409240924, 0.5412541254125413, 0.5338283828382838, 0.518976897689769, 0.5998349834983498, 0.6064356435643564, 0.6072607260726073, 0.5445544554455446, 0.5470297029702971, 0.5470297029702971, 0.5618811881188119, 0.5552805280528053, 0.5907590759075908, 0.5742574257425742, 0.5907590759075908, 0.5742574257425742, 0.5701320132013201, 0.5816831683168316, 0.5981848184818482, 0.5726072607260726, 0.6295379537953796, 0.5486798679867987, 0.6006600660066007, 0.5734323432343235, 0.5396039603960396, 0.5321782178217822, 0.6295379537953796, 0.5305280528052805, 0.5594059405940595, 0.4884488448844885, 0.5561056105610561, 0.5363036303630363, 0.6254125412541254, 0.6633663366336634, 0.5214521452145214, 0.5503300330033003, 0.5198019801980198, 0.566006600660066, 0.58003300330033, 0.5528052805280528, 0.5643564356435643, 0.6724422442244224, 0.6402640264026402, 0.5948844884488449, 0.6163366336633663, 0.7021452145214522, 0.6270627062706271, 0.012724319306930692, 0.0, 0.4900990099009901, 0.5891089108910891, 0.5891089108910891, 0.6237623762376238, 0.6113861386138614, 0.5825082508250825, 0.5973597359735974, 0.5973597359735974, 0.58003300330033, 0.5759075907590759, 0.5981848184818482, 0.5998349834983498, 0.5726072607260726, 0.6056105610561056, 0.5618811881188119, 0.6204620462046204, 0.5866336633663366, 0.5948844884488449, 0.5998349834983498, 0.5874587458745875, 0.6122112211221122, 0.5775577557755776, 0.5792079207920792, 0.5973597359735974, 0.5957095709570958, 0.6064356435643564, 0.5866336633663366, 0.5387788778877888, 0.5371287128712872, 0.5470297029702971, 0.584983498349835, 0.6023102310231023, 0.5965346534653465, 0.6056105610561056, 0.5924092409240924, 0.5866336633663366, 0.5965346534653465, 0.5882838283828383, 0.5915841584158416, 0.5965346534653465, 0.6963696369636964, 0.6485148514851485, 0.6394389438943895, 0.6608910891089109, 0.6534653465346535, 0.6427392739273927, 0.6452145214521452, 0.6625412541254125, 0.6633663366336634, 0.6707920792079208, 0.6608910891089109, 0.6674917491749175, 0.6534653465346535, 0.6567656765676567, 0.6518151815181518, 0.641914191419142, 0.6641914191419142, 0.6567656765676567, 0.636963696369637, 0.6410891089108911, 0.6534653465346535, 0.6443894389438944, 0.6353135313531353, 0.6501650165016502, 0.6344884488448845, 0.650990099009901, 0.6551155115511551, 0.6344884488448845, 0.641914191419142, 0.6245874587458746, 0.6295379537953796, 0.6361386138613861, 0.6443894389438944, 0.6625412541254125, 0.6551155115511551, 0.6584158415841584, 0.6551155115511551, 0.6773927392739274, 0.6526402640264026, 0.08952145214521452, 0.0], "avg_mem": [0.007537975841874085, 0.039119692532942896, 0.03573389458272328, 0.03834187408491947, 0.04300878477306003, 0.044930453879941434, 0.043923865300146414, 0.04259699853587116, 0.041407393850658857, 0.043420571010248904, 0.042322474377745244, 0.040492313323572476, 0.03783857979502196, 0.03628294289897511, 0.04117862371888726, 0.04278001464128843, 0.040995607613469986, 0.0357796486090776, 0.036923499267935575, 0.043420571010248904, 0.04337481698389458, 0.04305453879941435, 0.043923865300146414, 0.04415263543191801, 0.04570827232796486, 0.04250549048316252, 0.04438140556368961, 0.04438140556368961, 0.04465592972181552, 0.04470168374816984, 0.04072108345534407, 0.04465592972181552, 0.043832357247437774, 0.04337481698389458, 0.04337481698389458, 0.045433748169838944, 0.04236822840409956, 0.042734260614934114, 0.04186493411420205, 0.044335651537335284, 0.045937042459736455, 0.04200219619326501, 0.04419838945827233, 0.044427159590043924, 0.04351207906295754, 0.043923865300146414, 0.043923865300146414, 0.040217789165446556, 0.0007749588213762811, 0.0004575402635431918, 0.036008418740849195, 0.04213945827232796, 0.04415263543191801, 0.044015373352855054, 0.04520497803806735, 0.044015373352855054, 0.04328330893118595, 0.04259699853587116, 0.04419838945827233, 0.04470168374816984, 0.04351207906295754, 0.04625732064421669, 0.04657759882869693, 0.043329062957540264, 0.041407393850658857, 0.04396961932650073, 0.044427159590043924, 0.044015373352855054, 0.04351207906295754, 0.0436493411420205, 0.042825768667642754, 0.043146046852122984, 0.042642752562225474, 0.04213945827232796, 0.04520497803806735, 0.04378660322108346, 0.044838945827232794, 0.04415263543191801, 0.04749267935578331, 0.043146046852122984, 0.04470168374816984, 0.04406112737920937, 0.043146046852122984, 0.04465592972181552, 0.045525256222547585, 0.04419838945827233, 0.04310029282576867, 0.04259699853587116, 0.042322474377745244, 0.044244143484626644, 0.04296303074670571, 0.044244143484626644, 0.04117862371888726, 0.04300878477306003, 0.04310029282576867, 0.04310029282576867, 0.042230966325036604, 0.043923865300146414, 0.04319180087847731, 0.04241398243045388, 0.044335651537335284, 0.04177342606149341, 0.04227672035139092, 0.044518667642752564, 0.04177342606149341, 0.043146046852122984, 0.04136163982430454, 0.0446101756954612, 0.043237554904831624, 0.04191068814055637, 0.04351207906295754, 0.04346632503660322, 0.044427159590043924, 0.04406112737920937, 0.04296303074670571, 0.04259699853587116, 0.0414989019033675, 0.044015373352855054, 0.0446101756954612, 0.0414989019033675, 0.04328330893118595, 0.04305453879941435, 0.04474743777452416, 0.04575402635431918, 0.04369509516837482, 0.04310029282576867, 0.04428989751098097, 0.05380673499267936, 0.036008418740849195, 0.0006291178623718887, 0.0004861365300146413]}