{"time": [529.0, 530.0, 530.0, 530.0, 531.0, 531.0, 532.0, 533.0, 534.0, 535.0, 536.0, 537.0, 538.0, 539.0, 540.0, 540.0, 541.0, 542.0, 543.0, 544.0, 545.0, 546.0, 547.0, 548.0, 549.0, 550.0, 551.0, 552.0, 553.0, 554.0, 555.0, 556.0, 556.0, 557.0, 558.0, 559.0, 560.0, 561.0, 562.0, 563.0, 564.0, 565.0, 566.0, 567.0, 568.0, 569.0, 570.0, 571.0, 572.0, 573.0, 574.0, 575.0, 576.0, 577.0, 578.0, 579.0, 580.0, 581.0, 582.0, 583.0, 584.0, 585.0, 586.0, 587.0, 588.0, 589.0, 590.0, 591.0, 592.0, 593.0, 594.0, 595.0, 596.0, 597.0, 598.0, 599.0, 600.0, 601.0, 602.0, 603.0, 604.0, 605.0, 606.0, 607.0, 608.0, 609.0, 610.0, 611.0, 612.0, 613.0, 614.0, 615.0, 615.0, 616.0, 617.0, 618.0, 619.0, 620.0, 621.0, 622.0, 623.0, 624.0, 625.0, 626.0, 627.0, 628.0, 629.0, 630.0, 631.0, 632.0, 633.0, 634.0, 635.0, 636.0, 637.0, 638.0, 639.0, 640.0, 641.0, 642.0, 643.0, 644.0, 645.0, 646.0, 647.0, 648.0, 649.0, 650.0, 651.0, 652.0, 653.0, 654.0, 655.0, 656.0, 657.0, 658.0, 659.0, 660.0, 661.0, 662.0, 663.0, 664.0, 665.0, 666.0, 667.0, 668.0, 669.0, 670.0, 671.0, 672.0, 673.0, 674.0, 675.0, 676.0, 677.0, 678.0, 679.0, 680.0, 681.0, 682.0, 683.0, 684.0, 685.0, 686.0, 687.0, 688.0, 689.0, 690.0, 691.0, 692.0, 693.0, 694.0, 695.0, 696.0, 697.0, 698.0, 699.0, 700.0, 701.0, 702.0, 703.0, 704.0, 705.0, 706.0, 707.0, 707.0, 707.0, 707.0], "avg_cpu": [0.4752475247524752, 0.6023102310231023, 0.6122112211221122, 0.5998349834983498, 0.5924092409240924, 0.5866336633663366, 0.5932343234323433, 0.6204620462046204, 0.683993399339934, 0.768976897689769, 0.7376237623762376, 0.7755775577557755, 0.7260726072607261, 0.7367986798679867, 0.5957095709570958, 0.5717821782178217, 0.599009900990099, 0.5965346534653465, 0.599009900990099, 0.6031353135313532, 0.7821782178217822, 0.7334983498349835, 0.820957095709571, 0.7920792079207921, 0.7805280528052805, 0.8052805280528053, 0.7367986798679867, 0.7673267326732673, 0.8085808580858086, 0.655940594059406, 0.6221122112211221, 0.6567656765676567, 0.6658415841584159, 0.6575907590759076, 0.6179867986798679, 0.6773927392739274, 0.6782178217821783, 0.6336633663366337, 0.6716171617161716, 0.613036303630363, 0.6006600660066007, 0.5858085808580858, 0.6031353135313532, 0.6138613861386139, 0.6229372937293729, 0.6163366336633663, 0.6089108910891089, 0.6014851485148515, 0.641914191419142, 0.6452145214521452, 0.665016501650165, 0.665016501650165, 0.6848184818481848, 0.679042904290429, 0.7079207920792079, 0.7260726072607261, 0.7029702970297029, 0.6740924092409241, 0.7384488448844885, 0.7227722772277227, 0.6914191419141914, 0.6922442244224423, 0.7178217821782178, 0.6922442244224423, 0.7211221122112211, 0.7136963696369637, 0.7260726072607261, 0.7747524752475248, 0.778052805280528, 0.7442244224422442, 0.6881188118811881, 0.7301980198019802, 0.7367986798679867, 0.7797029702970297, 0.8077557755775577, 0.8498349834983498, 0.8844884488448845, 0.8894389438943895, 0.7013201320132013, 0.6666666666666666, 0.5750825082508251, 0.5932343234323433, 0.7491749174917491, 0.5924092409240924, 0.6476897689768977, 0.636963696369637, 0.5957095709570958, 0.6278877887788779, 0.6171617161716172, 0.6534653465346535, 0.6716171617161716, 0.6501650165016502, 0.6782178217821783, 0.6625412541254125, 0.6344884488448845, 0.6732673267326733, 0.6262376237623762, 0.6377887788778878, 0.6666666666666666, 0.6427392739273927, 0.6674917491749175, 0.66996699669967, 0.6897689768976898, 0.6815181518151815, 0.6641914191419142, 0.6740924092409241, 0.6963696369636964, 0.7128712871287128, 0.7079207920792079, 0.7178217821782178, 0.7004950495049505, 0.7021452145214522, 0.7186468646864687, 0.726897689768977, 0.7079207920792079, 0.7260726072607261, 0.7161716171617162, 0.7194719471947195, 0.6716171617161716, 0.6056105610561056, 0.5981848184818482, 0.7301980198019802, 0.7343234323432343, 0.7491749174917491, 0.6584158415841584, 0.5239273927392739, 0.6353135313531353, 0.650990099009901, 0.6542904290429042, 0.655940594059406, 0.6600660066006601, 0.6328382838283828, 0.6963696369636964, 0.7698019801980198, 0.8407590759075908, 0.8663366336633663, 0.9257425742574258, 0.9174917491749175, 0.9026402640264026, 0.9224422442244224, 0.7929042904290429, 0.6575907590759076, 0.6608910891089109, 0.6683168316831684, 0.6592409240924092, 0.6534653465346535, 0.6683168316831684, 0.6691419141914191, 0.6600660066006601, 0.6757425742574258, 0.6476897689768977, 0.6617161716171617, 0.6716171617161716, 0.6551155115511551, 0.6551155115511551, 0.6806930693069307, 0.6666666666666666, 0.6625412541254125, 0.6493399339933993, 0.7186468646864687, 0.8465346534653465, 0.9158415841584159, 0.9158415841584159, 0.8094059405940595, 0.693069306930693, 0.6567656765676567, 0.7252475247524752, 0.6625412541254125, 0.6592409240924092, 0.7351485148514851, 0.6551155115511551, 0.764026402640264, 0.858085808580858, 0.858085808580858, 0.7986798679867987, 0.7491749174917491, 0.7706270627062707, 0.7714521452145214, 0.7739273927392739, 0.7376237623762376, 0.8044554455445545, 0.6815181518151815, 0.5536303630363036, 0.5412541254125413, 0.5379537953795379, 0.6229372937293729, 0.0008669812293729373, 0.0],