{"time": [593.0, 594.0, 595.0, 595.0, 596.0, 596.0, 597.0, 598.0, 599.0, 600.0, 601.0, 602.0, 603.0, 604.0, 605.0, 606.0, 607.0, 608.0, 609.0, 610.0, 611.0, 612.0, 613.0, 614.0, 615.0, 616.0, 617.0, 618.0, 619.0, 620.0, 621.0, 622.0, 623.0, 624.0, 625.0, 626.0, 627.0, 628.0, 629.0, 630.0, 631.0, 632.0, 633.0, 634.0, 635.0, 636.0, 637.0, 638.0, 639.0, 640.0, 640.0, 641.0, 642.0, 643.0, 644.0, 645.0, 646.0, 647.0, 648.0, 649.0, 650.0, 651.0, 652.0, 653.0, 653.0, 653.0, 653.0], "avg_cpu": [0.3522727272727273, 0.4793388429752066, 0.48415977961432505, 0.4641873278236915, 0.44696969696969696, 0.0, 0.6542904290429042, 0.6493399339933993, 0.6542904290429042, 0.6542904290429042, 0.6229372937293729, 0.5693069306930693, 0.5783828382838284, 0.5734323432343235, 0.5948844884488449, 0.6468646864686468, 0.6204620462046204, 0.6171617161716172, 0.599009900990099, 0.6039603960396039, 0.5965346534653465, 0.5841584158415841, 0.599009900990099, 0.6163366336633663, 0.5651815181518152, 0.5775577557755776, 0.5891089108910891, 0.570957095709571, 0.5676567656765676, 0.5651815181518152, 0.5561056105610561, 0.5767326732673267, 0.5693069306930693, 0.5717821782178217, 0.5734323432343235, 0.556930693069307, 0.5412541254125413, 0.5693069306930693, 0.5775577557755776, 0.5775577557755776, 0.5775577557755776, 0.6031353135313532, 0.6006600660066007, 0.5965346534653465, 0.5965346534653465, 0.6039603960396039, 0.584983498349835, 0.584983498349835, 0.5841584158415841, 0.5528052805280528, 0.5808580858085809, 0.5833333333333334, 0.5734323432343235, 0.5594059405940595, 0.5453795379537953, 0.5297029702970297, 0.5123762376237624, 0.509075907590759, 0.5066006600660066, 0.4752475247524752, 0.5066006600660066, 0.5297029702970297, 0.5313531353135313, 0.5544554455445545, 0.5214521452145214, 0.06683168316831684, 0.0], "avg_mem": [0.025896778916544655, 0.04296303074670571, 0.04218521229868229, 0.038707906295754026, 0.04113286969253294, 0.0007006085285505124, 0.03843338213762811, 0.045433748169838944, 0.04300878477306003, 0.04378660322108346, 0.046440336749633965, 0.044930453879941434, 0.042642752562225474, 0.044335651537335284, 0.04378660322108346, 0.044838945827232794, 0.04566251830161054, 0.0446101756954612, 0.04616581259150805, 0.045433748169838944, 0.04351207906295754, 0.04360358711566618, 0.04447291361639824, 0.04410688140556369, 0.0446101756954612, 0.043146046852122984, 0.046211566617862375, 0.0446101756954612, 0.04213945827232796, 0.04428989751098097, 0.04575402635431918, 0.043420571010248904, 0.04346632503660322, 0.045021961932650074, 0.045433748169838944, 0.04113286969253294, 0.04520497803806735, 0.04378660322108346, 0.04236822840409956, 0.04520497803806735, 0.0436493411420205, 0.04396961932650073, 0.042230966325036604, 0.04470168374816984, 0.04410688140556369, 0.04310029282576867, 0.043329062957540264, 0.04387811127379209, 0.04360358711566618, 0.04191068814055637, 0.0424597364568082, 0.04497620790629575, 0.045616764275256225, 0.04438140556368961, 0.042322474377745244, 0.04360358711566618, 0.0426885065885798, 0.04419838945827233, 0.04369509516837482, 0.04415263543191801, 0.04378660322108346, 0.04447291361639824, 0.043923865300146414, 0.04758418740849195, 0.038296120058565156, 0.0008464494875549049, 0.0005290309297218155]}