{"time": [530.0, 530.0, 531.0, 531.0, 531.0, 532.0, 532.0, 532.0, 553.0, 554.0, 555.0, 556.0, 556.0, 557.0, 558.0, 559.0, 560.0, 561.0, 562.0, 563.0, 564.0, 565.0, 566.0, 567.0, 568.0, 569.0, 570.0, 571.0, 572.0, 573.0, 574.0, 575.0, 576.0, 577.0, 578.0, 579.0, 580.0, 581.0, 582.0, 583.0, 584.0, 585.0, 586.0, 587.0, 588.0, 589.0, 590.0, 591.0, 592.0, 593.0, 594.0, 595.0, 596.0, 597.0, 598.0, 599.0, 600.0, 601.0, 602.0, 603.0, 604.0, 605.0, 606.0, 607.0, 608.0, 609.0, 610.0, 611.0, 612.0, 613.0, 614.0, 615.0, 616.0, 616.0, 617.0, 618.0, 619.0, 620.0, 621.0, 622.0, 623.0, 624.0, 625.0, 626.0, 627.0, 628.0, 629.0, 630.0, 631.0, 632.0, 633.0, 634.0, 635.0, 636.0, 637.0, 638.0, 639.0, 640.0, 641.0, 642.0, 643.0, 644.0, 645.0, 646.0, 647.0, 648.0, 649.0, 650.0, 651.0, 652.0, 653.0, 653.0, 653.0, 653.0], "avg_cpu": [0.24917491749174916, 0.5882838283828383, 0.5354785478547854, 0.5808580858085809, 0.5635313531353136, 0.5684818481848185, 0.1841996699669967, 0.0, 0.6270627062706271, 0.6237623762376238, 0.6023102310231023, 0.570957095709571, 0.6047854785478548, 0.5610561056105611, 0.5627062706270627, 0.5742574257425742, 0.5528052805280528, 0.5453795379537953, 0.5726072607260726, 0.5478547854785478, 0.5561056105610561, 0.5693069306930693, 0.5684818481848185, 0.5643564356435643, 0.566006600660066, 0.5552805280528053, 0.5470297029702971, 0.5462046204620462, 0.6765676567656765, 0.5684818481848185, 0.6064356435643564, 0.5734323432343235, 0.5998349834983498, 0.6014851485148515, 0.613036303630363, 0.6155115511551155, 0.6097359735973598, 0.6122112211221122, 0.6212871287128713, 0.6155115511551155, 0.6155115511551155, 0.5998349834983498, 0.5693069306930693, 0.5618811881188119, 0.5717821782178217, 0.5866336633663366, 0.5618811881188119, 0.5536303630363036, 0.5354785478547854, 0.5750825082508251, 0.5684818481848185, 0.5437293729372937, 0.5552805280528053, 0.5470297029702971, 0.594059405940594, 0.556930693069307, 0.5627062706270627, 0.5643564356435643, 0.5816831683168316, 0.5816831683168316, 0.5668316831683168, 0.5792079207920792, 0.5478547854785478, 0.5247524752475248, 0.5437293729372937, 0.5453795379537953, 0.570957095709571, 0.5495049504950495, 0.5924092409240924, 0.5511551155115512, 0.5676567656765676, 0.5808580858085809, 0.5899339933993399, 0.6716171617161716, 0.6262376237623762, 0.6204620462046204, 0.5915841584158416, 0.6163366336633663, 0.5792079207920792, 0.5998349834983498, 0.5874587458745875, 0.5899339933993399, 0.6188118811881188, 0.6303630363036303, 0.641914191419142, 0.5932343234323433, 0.6188118811881188, 0.6377887788778878, 0.5858085808580858, 0.5981848184818482, 0.5816831683168316, 0.5767326732673267, 0.6344884488448845, 0.6460396039603961, 0.6278877887788779, 0.5998349834983498, 0.5957095709570958, 0.6113861386138614, 0.5816831683168316, 0.5775577557755776, 0.6270627062706271, 0.6155115511551155, 0.6023102310231023, 0.6196369636963697, 0.6006600660066007, 0.5866336633663366, 0.5932343234323433, 0.5717821782178217, 0.6014851485148515, 0.5792079207920792, 0.5957095709570958, 0.584983498349835, 0.0, 0.0], "avg_mem": [0.011964677891654465, 0.04634882869692533, 0.049505856515373356, 0.04136163982430454, 0.03623718887262079, 0.04859077598828697, 0.0010809388726207906, 0.0003803303440702782, 0.040309297218155196, 0.041407393850658857, 0.04259699853587116, 0.04209370424597365, 0.03724377745241581, 0.04035505124450952, 0.041407393850658857, 0.0426885065885798, 0.04204795021961932, 0.04117862371888726, 0.041407393850658857, 0.04227672035139092, 0.04017203513909224, 0.04209370424597365, 0.04117862371888726, 0.041407393850658857, 0.041315885797950216, 0.043146046852122984, 0.04044655929721815, 0.042230966325036604, 0.04456442166910688, 0.04287152269399707, 0.04438140556368961, 0.04369509516837482, 0.04278001464128843, 0.041407393850658857, 0.041819180087847733, 0.0424597364568082, 0.04227672035139092, 0.042230966325036604, 0.04177342606149341, 0.04227672035139092, 0.04209370424597365, 0.0426885065885798, 0.04278001464128843, 0.042917276720351394, 0.04136163982430454, 0.041819180087847733, 0.04177342606149341, 0.0412701317715959, 0.043923865300146414, 0.0414989019033675, 0.04076683748169839, 0.04145314787701318, 0.040995607613469986, 0.042642752562225474, 0.04163616398243045, 0.04163616398243045, 0.044015373352855054, 0.04250549048316252, 0.04310029282576867, 0.04236822840409956, 0.04236822840409956, 0.04255124450951684, 0.04213945827232796, 0.04035505124450952, 0.04122437774524158, 0.04278001464128843, 0.04259699853587116, 0.04470168374816984, 0.043146046852122984, 0.04172767203513909, 0.04300878477306003, 0.04360358711566618, 0.04172767203513909, 0.04740117130307467, 0.043923865300146414, 0.044930453879941434, 0.043923865300146414, 0.044427159590043924, 0.0412701317715959, 0.042230966325036604, 0.0426885065885798, 0.04328330893118595, 0.042642752562225474, 0.043329062957540264, 0.04337481698389458, 0.0426885065885798, 0.04396961932650073, 0.042642752562225474, 0.04136163982430454, 0.042825768667642754, 0.044427159590043924, 0.04346632503660322, 0.04209370424597365, 0.04209370424597365, 0.04255124450951684, 0.04200219619326501, 0.04204795021961932, 0.04241398243045388, 0.043329062957540264, 0.04213945827232796, 0.04259699853587116, 0.04319180087847731, 0.04227672035139092, 0.04227672035139092, 0.0424597364568082, 0.04154465592972181, 0.04287152269399707, 0.04310029282576867, 0.04204795021961932, 0.04204795021961932, 0.04410688140556369, 0.03646595900439239, 0.0005061539165446559, 0.00032027818448023427]}