{"time": [212.0, 212.0, 212.0, 212.0, 212.0, 212.0, 212.0, 213.0, 213.0, 214.0, 215.0, 216.0, 217.0, 218.0, 219.0, 220.0, 221.0, 222.0, 223.0, 224.0, 225.0, 226.0, 227.0, 228.0, 229.0, 230.0, 231.0, 232.0, 233.0, 234.0, 235.0, 236.0, 237.0, 238.0, 239.0, 240.0, 241.0, 242.0, 243.0, 244.0, 245.0, 246.0, 247.0, 248.0, 249.0, 250.0, 251.0, 252.0, 253.0, 254.0, 255.0, 256.0, 257.0, 258.0, 259.0, 260.0, 261.0, 262.0, 263.0, 264.0, 265.0, 266.0, 267.0, 268.0, 269.0, 270.0, 271.0, 272.0, 273.0, 274.0, 275.0, 276.0, 277.0, 278.0, 279.0, 280.0, 281.0, 282.0, 283.0, 284.0, 285.0, 286.0, 287.0, 288.0, 289.0, 290.0, 291.0, 292.0, 293.0, 294.0, 295.0, 295.0, 295.0], "avg_cpu": [0.0, 0.0, 0.38154269972451793, 0.3608815426997245, 0.00019369834710743802, 0.0, 0.3177966101694915, 0.807909604519774, 0.743879472693032, 0.7467043314500942, 0.7900188323917138, 0.7853107344632768, 0.7372881355932204, 0.7344632768361582, 0.7947269303201506, 0.8785310734463276, 0.8832391713747646, 0.876647834274953, 0.8879472693032016, 0.8804143126177024, 0.8813559322033898, 0.8822975517890772, 0.876647834274953, 0.8775894538606404, 0.8851224105461394, 0.8775894538606404, 0.879472693032015, 0.8785310734463276, 0.8832391713747646, 0.8615819209039548, 0.8747645951035782, 0.8879472693032016, 0.876647834274953, 0.879472693032015, 0.8832391713747646, 0.8775894538606404, 0.876647834274953, 0.876647834274953, 0.8813559322033898, 0.876647834274953, 0.8747645951035782, 0.867231638418079, 0.8700564971751412, 0.8634651600753296, 0.871939736346516, 0.8691148775894538, 0.864406779661017, 0.8681732580037664, 0.8747645951035782, 0.8587570621468926, 0.8578154425612052, 0.8559322033898306, 0.864406779661017, 0.8540489642184558, 0.85969868173258, 0.8427495291902072, 0.8370998116760828, 0.8455743879472694, 0.85969868173258, 0.8606403013182674, 0.8662900188323918, 0.8625235404896422, 0.8606403013182674, 0.8606403013182674, 0.8559322033898306, 0.8559322033898306, 0.8559322033898306, 0.8549905838041432, 0.8531073446327684, 0.8512241054613936, 0.8540489642184558, 0.844632768361582, 0.8502824858757062, 0.8333333333333334, 0.8248587570621468, 0.8210922787193974, 0.8370998116760828, 0.844632768361582, 0.839924670433145, 0.8361581920903954, 0.844632768361582, 0.8389830508474576, 0.8389830508474576, 0.835216572504708, 0.8361581920903954, 0.832391713747646, 0.8295668549905838, 0.8342749529190208, 0.8295668549905838, 0.8295668549905838, 0.731638418079096, 0.0009747233992467043, 0.0], "avg_mem": [1.4298133235724744e-06, 1.4298133235724744e-06, 0.0021361411054172767, 0.002233368411420205, 0.00047040858345534406, 0.0004675489568081991, 0.00445529831625183, 0.008167093704245974, 0.008178532210834553, 0.007583729868228404, 0.007904008052708638, 0.007766745973645681, 0.007995516105417277, 0.008098462664714494, 0.007961200585651538, 0.008041270131771595, 0.008189970717423133, 0.00833867130307467, 0.008201409224011713, 0.008281478770131771, 0.008292917276720352, 0.008510248901903368, 0.008350109809663251, 0.00831579428989751, 0.008270040263543192, 0.008647510980966324, 0.00836154831625183, 0.00833867130307467, 0.008407302342606148, 0.0088877196193265, 0.009299505856515374, 0.008704703513909224, 0.008521687408491947, 0.008407302342606148, 0.008292917276720352, 0.008258601756954613, 0.008281478770131771, 0.008567441434846267, 0.00836154831625183, 0.008304355783308931, 0.008292917276720352, 0.008350109809663251, 0.008327232796486091, 0.00837298682284041, 0.008350109809663251, 0.008281478770131771, 0.008453056368960469, 0.00833867130307467, 0.008350109809663251, 0.008292917276720352, 0.008292917276720352, 0.008281478770131771, 0.008327232796486091, 0.008224286237188872, 0.008258601756954613, 0.008178532210834553, 0.008109901171303075, 0.008052708638360176, 0.008052708638360176, 0.008064147144948755, 0.008064147144948755, 0.008132778184480233, 0.008167093704245974, 0.008178532210834553, 0.008693265007320644, 0.00839586383601757, 0.008270040263543192, 0.008178532210834553, 0.008212847730600293, 0.008189970717423133, 0.008189970717423133, 0.008407302342606148, 0.008350109809663251, 0.009116489751098097, 0.009322382869692532, 0.009333821376281113, 0.009173682284040996, 0.008830527086383601, 0.008624633967789166, 0.008533125915080528, 0.00838442532942899, 0.008304355783308931, 0.008270040263543192, 0.008224286237188872, 0.00838442532942899, 0.00837298682284041, 0.008327232796486091, 0.008270040263543192, 0.008304355783308931, 0.008292917276720352, 0.008270040263543192, 9.150805270863836e-05, 9.150805270863836e-05]}