{"time": [597.0, 598.0, 599.0, 600.0, 601.0, 602.0, 603.0, 604.0, 605.0, 606.0, 607.0, 608.0, 609.0, 610.0, 611.0, 612.0, 613.0, 614.0, 615.0, 616.0, 616.0, 617.0, 618.0, 619.0, 620.0, 621.0, 622.0, 623.0, 624.0, 625.0, 626.0, 627.0, 628.0, 629.0, 630.0, 631.0, 632.0, 633.0, 634.0, 635.0, 636.0, 637.0, 638.0, 639.0, 640.0, 641.0, 642.0, 643.0, 644.0, 645.0, 646.0, 647.0, 648.0, 649.0, 650.0, 651.0, 652.0, 653.0, 653.0, 653.0, 653.0], "avg_cpu": [0.8217821782178217, 0.5874587458745875, 0.5882838283828383, 0.599009900990099, 0.6171617161716172, 0.6023102310231023, 0.5825082508250825, 0.5676567656765676, 0.6171617161716172, 0.6031353135313532, 0.6171617161716172, 0.5783828382838284, 0.6056105610561056, 0.5726072607260726, 0.5635313531353136, 0.5750825082508251, 0.5371287128712872, 0.6171617161716172, 0.5701320132013201, 0.570957095709571, 0.608085808580858, 0.6262376237623762, 0.6567656765676567, 0.6361386138613861, 0.6493399339933993, 0.6468646864686468, 0.6336633663366337, 0.6534653465346535, 0.6287128712871287, 0.655940594059406, 0.6765676567656765, 0.6237623762376238, 0.641914191419142, 0.6427392739273927, 0.6551155115511551, 0.5874587458745875, 0.6427392739273927, 0.6501650165016502, 0.6443894389438944, 0.6097359735973598, 0.6295379537953796, 0.6303630363036303, 0.6633663366336634, 0.6155115511551155, 0.6567656765676567, 0.5915841584158416, 0.5750825082508251, 0.6163366336633663, 0.5874587458745875, 0.6171617161716172, 0.6006600660066007, 0.6237623762376238, 0.6311881188118812, 0.6270627062706271, 0.6336633663366337, 0.6311881188118812, 0.6328382838283828, 0.6485148514851485, 0.6608910891089109, 0.0, 0.0], "avg_mem": [0.04204795021961932, 0.04305453879941435, 0.04529648609077599, 0.043146046852122984, 0.04456442166910688, 0.04305453879941435, 0.044244143484626644, 0.0446101756954612, 0.044335651537335284, 0.04287152269399707, 0.04415263543191801, 0.04200219619326501, 0.04209370424597365, 0.042230966325036604, 0.04200219619326501, 0.04259699853587116, 0.04278001464128843, 0.04255124450951684, 0.04218521229868229, 0.04525073206442167, 0.045342240117130304, 0.043740849194729134, 0.04351207906295754, 0.04296303074670571, 0.043832357247437774, 0.04488469985358712, 0.04305453879941435, 0.04396961932650073, 0.0410413616398243, 0.043740849194729134, 0.04387811127379209, 0.04410688140556369, 0.043923865300146414, 0.042642752562225474, 0.04680636896046852, 0.04191068814055637, 0.044518667642752564, 0.04520497803806735, 0.04506771595900439, 0.04525073206442167, 0.04346632503660322, 0.045113469985358715, 0.0446101756954612, 0.0436493411420205, 0.04387811127379209, 0.043832357247437774, 0.043923865300146414, 0.04310029282576867, 0.04419838945827233, 0.042917276720351394, 0.04378660322108346, 0.043832357247437774, 0.04470168374816984, 0.04351207906295754, 0.04396961932650073, 0.04250549048316252, 0.04438140556368961, 0.03966874084919473, 0.038890922401171306, 0.00041178623718887263, 0.0002974011713030747]}