{"time": [1718.0, 1719.0, 1719.0, 1719.0, 1719.0, 1719.0, 1720.0, 1720.0, 1721.0, 1722.0, 1723.0, 1723.0, 1724.0, 1725.0, 1725.0, 1726.0, 1727.0, 1728.0, 1729.0, 1729.0, 1730.0, 1731.0, 1732.0, 1733.0, 1734.0, 1735.0, 1736.0, 1737.0, 1737.0, 1738.0, 1739.0, 1740.0, 1741.0, 1742.0, 1743.0, 1744.0, 1745.0, 1746.0, 1747.0, 1748.0, 1749.0, 1750.0, 1751.0, 1752.0, 1753.0, 1754.0, 1754.0, 1755.0, 1756.0, 1757.0, 1758.0, 1759.0, 1760.0, 1761.0, 1762.0, 1763.0, 1764.0, 1765.0, 1766.0, 1767.0, 1768.0, 1769.0, 1770.0, 1771.0, 1772.0, 1773.0, 1774.0, 1775.0, 1776.0, 1777.0, 1778.0, 1779.0, 1780.0, 1781.0, 1782.0, 1783.0, 1784.0, 1785.0, 1786.0, 1787.0, 1788.0, 1789.0, 1790.0, 1791.0, 1792.0, 1793.0, 1794.0, 1795.0, 1796.0, 1797.0, 1798.0, 1799.0, 1800.0, 1800.0, 1800.0, 1800.0], "avg_cpu": [0.1879125412541254, 0.29042904290429045, 0.2863036303630363, 0.23432343234323433, 0.2037953795379538, 0.1905940594059406, 0.24587458745874588, 0.2702145214521452, 0.2706270627062706, 0.30981848184818483, 0.3844884488448845, 0.46864686468646866, 0.4282178217821782, 0.429042904290429, 0.40470297029702973, 0.4249174917491749, 0.44966996699669964, 0.44884488448844884, 0.4909240924092409, 0.5264026402640264, 0.5123762376237624, 0.5107260726072608, 0.5173267326732673, 0.5404290429042904, 0.5057755775577558, 0.49422442244224424, 0.5132013201320133, 0.49587458745874585, 0.5544554455445545, 0.5445544554455446, 0.5420792079207921, 0.5495049504950495, 0.5503300330033003, 0.5635313531353136, 0.5585808580858086, 0.5792079207920792, 0.5701320132013201, 0.5775577557755776, 0.5511551155115512, 0.5264026402640264, 0.5255775577557755, 0.5445544554455446, 0.5495049504950495, 0.551980198019802, 0.5387788778877888, 0.5585808580858086, 0.5808580858085809, 0.5726072607260726, 0.5833333333333334, 0.5684818481848185, 0.5899339933993399, 0.5924092409240924, 0.6031353135313532, 0.5981848184818482, 0.6023102310231023, 0.6056105610561056, 0.6072607260726073, 0.5816831683168316, 0.5891089108910891, 0.5998349834983498, 0.5973597359735974, 0.613036303630363, 0.5957095709570958, 0.6023102310231023, 0.6006600660066007, 0.5973597359735974, 0.6064356435643564, 0.6089108910891089, 0.6163366336633663, 0.5899339933993399, 0.5882838283828383, 0.5825082508250825, 0.5882838283828383, 0.6072607260726073, 0.6146864686468647, 0.6122112211221122, 0.6113861386138614, 0.6138613861386139, 0.608085808580858, 0.6105610561056105, 0.6196369636963697, 0.6064356435643564, 0.5841584158415841, 0.5957095709570958, 0.6031353135313532, 0.613036303630363, 0.5874587458745875, 0.608085808580858, 0.6023102310231023, 0.6006600660066007, 0.6064356435643564, 0.6179867986798679, 0.28754125412541254, 0.000578524649339934, 0.004338129125412541, 0.0], "avg_mem": [0.008601756954612006, 0.009162243777452415, 0.008819088579795022, 0.009070735724743777, 0.009310944363103953, 0.008693265007320644, 0.008658949487554905, 0.00886484260614934, 0.009024981698389459, 0.008773334553440702, 0.008841965592972182, 0.0088877196193265, 0.009082174231332358, 0.009024981698389459, 0.008956350658857979, 0.00893347364568082, 0.009059297218155198, 0.008807650073206443, 0.009013543191800878, 0.008819088579795022, 0.00891059663250366, 0.00896778916544656, 0.009207997803806735, 0.008956350658857979, 0.00998581625183016, 0.008899158125915081, 0.009013543191800878, 0.009150805270863836, 0.009127928257686676, 0.009082174231332358, 0.00896778916544656, 0.008853404099560761, 0.009207997803806735, 0.009002104685212299, 0.009116489751098097, 0.00893347364568082, 0.008956350658857979, 0.0088877196193265, 0.00892203513909224, 0.00892203513909224, 0.008841965592972182, 0.008899158125915081, 0.009002104685212299, 0.009082174231332358, 0.008739019033674963, 0.008704703513909224, 0.00896778916544656, 0.009093612737920937, 0.009093612737920937, 0.009242313323572475, 0.009093612737920937, 0.009265190336749635, 0.008750457540263544, 0.009093612737920937, 0.00899066617862372, 0.008853404099560761, 0.009139366764275255, 0.009116489751098097, 0.008876281112737921, 0.009024981698389459, 0.009070735724743777, 0.009127928257686676, 0.009082174231332358, 0.009093612737920937, 0.0089449121522694, 0.008956350658857979, 0.008899158125915081, 0.008876281112737921, 0.009185120790629575, 0.009116489751098097, 0.008876281112737921, 0.009162243777452415, 0.00899066617862372, 0.009013543191800878, 0.009013543191800878, 0.00893347364568082, 0.008853404099560761, 0.008876281112737921, 0.009024981698389459, 0.0089449121522694, 0.0089449121522694, 0.0089449121522694, 0.009047858711566617, 0.009082174231332358, 0.00899066617862372, 0.00891059663250366, 0.008853404099560761, 0.00896778916544656, 0.009654099560761346, 0.009013543191800878, 0.00899066617862372, 0.009093612737920937, 0.007915446559297218, 0.006588579795021962, 0.0001172446925329429, 9.722730600292826e-05]}