{"time": [1718.0, 1719.0, 1719.0, 1719.0, 1719.0, 1719.0, 1720.0, 1720.0, 1721.0, 1722.0, 1723.0, 1723.0, 1724.0, 1725.0, 1726.0, 1727.0, 1727.0, 1728.0, 1728.0, 1729.0, 1730.0, 1731.0, 1731.0, 1732.0, 1733.0, 1734.0, 1735.0, 1736.0, 1737.0, 1738.0, 1739.0, 1739.0, 1740.0, 1741.0, 1742.0, 1743.0, 1744.0, 1745.0, 1746.0, 1747.0, 1748.0, 1749.0, 1750.0, 1751.0, 1752.0, 1753.0, 1754.0, 1755.0, 1756.0, 1757.0, 1758.0, 1759.0, 1760.0, 1761.0, 1762.0, 1763.0, 1764.0, 1765.0, 1766.0, 1767.0, 1768.0, 1769.0, 1770.0, 1771.0, 1772.0, 1773.0, 1774.0, 1775.0, 1776.0, 1777.0, 1778.0, 1779.0, 1780.0, 1781.0, 1782.0, 1783.0, 1784.0, 1785.0, 1786.0, 1787.0, 1788.0, 1789.0, 1790.0, 1791.0, 1792.0, 1793.0, 1794.0, 1795.0, 1796.0, 1797.0, 1798.0, 1799.0, 1800.0, 1800.0, 1800.0, 1800.0], "avg_cpu": [0.053836633663366336, 0.21617161716171618, 0.28424092409240925, 0.30033003300330036, 0.32054455445544555, 0.33003300330033003, 0.2995049504950495, 0.3110561056105611, 0.29042904290429045, 0.28506600660066006, 0.35313531353135313, 0.46782178217821785, 0.43481848184818483, 0.45627062706270627, 0.5198019801980198, 0.5957095709570958, 0.5618811881188119, 0.5198019801980198, 0.551980198019802, 0.5288778877887789, 0.5165016501650165, 0.5808580858085809, 0.6377887788778878, 0.5932343234323433, 0.5676567656765676, 0.556930693069307, 0.5602310231023102, 0.5288778877887789, 0.5437293729372937, 0.6014851485148515, 0.6089108910891089, 0.6311881188118812, 0.5899339933993399, 0.5932343234323433, 0.6534653465346535, 0.6567656765676567, 0.6460396039603961, 0.6617161716171617, 0.613036303630363, 0.6262376237623762, 0.6815181518151815, 0.6526402640264026, 0.6146864686468647, 0.6138613861386139, 0.5981848184818482, 0.5841584158415841, 0.6122112211221122, 0.6039603960396039, 0.6047854785478548, 0.6039603960396039, 0.5775577557755776, 0.5998349834983498, 0.5882838283828383, 0.6295379537953796, 0.5973597359735974, 0.5915841584158416, 0.5759075907590759, 0.584983498349835, 0.5825082508250825, 0.5924092409240924, 0.5792079207920792, 0.5717821782178217, 0.5833333333333334, 0.5924092409240924, 0.5924092409240924, 0.5701320132013201, 0.5759075907590759, 0.6394389438943895, 0.6881188118811881, 0.6295379537953796, 0.6311881188118812, 0.6245874587458746, 0.6097359735973598, 0.6188118811881188, 0.5891089108910891, 0.6212871287128713, 0.5816831683168316, 0.5915841584158416, 0.5717821782178217, 0.6443894389438944, 0.6592409240924092, 0.6683168316831684, 0.5841584158415841, 0.6155115511551155, 0.6171617161716172, 0.6237623762376238, 0.5882838283828383, 0.5858085808580858, 0.6221122112211221, 0.5915841584158416, 0.594059405940594, 0.6097359735973598, 0.27145214521452143, 0.0078125, 0.0008669812293729373, 0.0010845322813531353], "avg_mem": [0.006371248169838946, 0.009608345534407028, 0.009574030014641289, 0.009402452415812591, 0.008773334553440702, 0.008487371888726208, 0.008876281112737921, 0.008704703513909224, 0.008578879941434846, 0.008693265007320644, 0.008750457540263544, 0.008876281112737921, 0.0089449121522694, 0.008658949487554905, 0.00893347364568082, 0.008556002928257686, 0.008899158125915081, 0.008830527086383601, 0.0089449121522694, 0.008773334553440702, 0.008796211566617862, 0.00896778916544656, 0.00886484260614934, 0.008796211566617862, 0.009036420204978038, 0.009013543191800878, 0.00893347364568082, 0.009013543191800878, 0.0089449121522694, 0.008796211566617862, 0.008601756954612006, 0.008807650073206443, 0.008819088579795022, 0.00892203513909224, 0.008899158125915081, 0.008807650073206443, 0.00886484260614934, 0.009276628843338214, 0.008979227672035139, 0.009002104685212299, 0.008739019033674963, 0.00896778916544656, 0.008819088579795022, 0.00886484260614934, 0.008819088579795022, 0.008853404099560761, 0.008761896046852123, 0.0089449121522694, 0.008830527086383601, 0.008784773060029283, 0.008761896046852123, 0.008784773060029283, 0.009047858711566617, 0.009047858711566617, 0.008784773060029283, 0.008876281112737921, 0.008841965592972182, 0.008899158125915081, 0.009196559297218155, 0.008841965592972182, 0.008750457540263544, 0.008876281112737921, 0.008876281112737921, 0.0089449121522694, 0.0089449121522694, 0.008819088579795022, 0.008773334553440702, 0.0088877196193265, 0.0088877196193265, 0.00892203513909224, 0.008784773060029283, 0.008899158125915081, 0.009105051244509516, 0.008899158125915081, 0.00891059663250366, 0.008830527086383601, 0.008841965592972182, 0.008876281112737921, 0.009173682284040996, 0.00896778916544656, 0.009002104685212299, 0.008819088579795022, 0.009013543191800878, 0.008830527086383601, 0.008899158125915081, 0.008807650073206443, 0.009002104685212299, 0.00896778916544656, 0.00891059663250366, 0.008853404099560761, 0.009036420204978038, 0.008693265007320644, 0.007949762079062957, 0.006828788433382138, 0.006817349926793558, 7.720991947291362e-05]}