{"time": [564.0, 565.0, 566.0, 566.0, 566.0, 566.0, 567.0, 568.0, 568.0, 568.0, 568.0, 568.0, 569.0, 570.0, 570.0, 570.0, 570.0, 570.0, 571.0, 571.0, 571.0, 571.0, 588.0, 589.0, 590.0, 591.0, 592.0, 593.0, 594.0, 595.0, 596.0, 597.0, 598.0, 599.0, 600.0, 601.0, 602.0, 603.0, 604.0, 605.0, 606.0, 607.0, 608.0, 609.0, 610.0, 611.0, 612.0, 613.0, 614.0, 615.0, 616.0, 616.0, 617.0, 618.0, 619.0, 620.0, 621.0, 622.0, 623.0, 624.0, 625.0, 626.0, 627.0, 628.0, 629.0, 630.0, 631.0, 632.0, 633.0, 634.0, 635.0, 636.0, 637.0, 638.0, 639.0, 640.0, 641.0, 642.0, 643.0, 644.0, 645.0, 646.0, 647.0, 648.0, 649.0, 650.0, 651.0, 652.0, 653.0, 653.0, 653.0, 653.0], "avg_cpu": [0.5764462809917356, 0.5950413223140496, 0.6852617079889807, 0.6721763085399449, 0.2675619834710744, 0.0, 0.187255859375, 0.181640625, 0.189453125, 0.0233154296875, 0.0, 0.15771484375, 0.197021484375, 0.200927734375, 0.1962890625, 0.1259765625, 9.5367431640625e-07, 0.7656765676567657, 0.8514851485148515, 0.8828382838283828, 0.00010796978135313532, 0.0, 0.5264026402640264, 0.6221122112211221, 0.6526402640264026, 0.5354785478547854, 0.6245874587458746, 0.6212871287128713, 0.6452145214521452, 0.5882838283828383, 0.5915841584158416, 0.608085808580858, 0.6410891089108911, 0.5841584158415841, 0.5874587458745875, 0.5767326732673267, 0.5561056105610561, 0.5379537953795379, 0.551980198019802, 0.5585808580858086, 0.5379537953795379, 0.5453795379537953, 0.5412541254125413, 0.5602310231023102, 0.5627062706270627, 0.5585808580858086, 0.5511551155115512, 0.5495049504950495, 0.5536303630363036, 0.5899339933993399, 0.5726072607260726, 0.6460396039603961, 0.5899339933993399, 0.5825082508250825, 0.5841584158415841, 0.6336633663366337, 0.6336633663366337, 0.5915841584158416, 0.6336633663366337, 0.6212871287128713, 0.6179867986798679, 0.6188118811881188, 0.641914191419142, 0.599009900990099, 0.5965346534653465, 0.5932343234323433, 0.6163366336633663, 0.6056105610561056, 0.5651815181518152, 0.6072607260726073, 0.6105610561056105, 0.5965346534653465, 0.6031353135313532, 0.6056105610561056, 0.6072607260726073, 0.6014851485148515, 0.613036303630363, 0.5841584158415841, 0.5717821782178217, 0.5544554455445545, 0.5701320132013201, 0.6146864686468647, 0.6221122112211221, 0.6023102310231023, 0.6262376237623762, 0.5981848184818482, 0.608085808580858, 0.6113861386138614, 0.551980198019802, 0.6097359735973598, 0.048628300330033, 0.0], "avg_mem": [0.019125183016105416, 0.02168740849194729, 0.020543557833089313, 0.022716874084919472, 0.0005762147693997072, 0.00015013039897510981, 0.023193359375, 0.024658203125, 0.031158447265625, 0.0006351470947265625, 0.000274658203125, 0.020416259765625, 0.029876708984375, 0.011474609375, 0.02960205078125, 0.000244140625, 0.000194549560546875, 0.08455344070278184, 0.08473645680819912, 0.08116764275256222, 0.0019102306002928258, 0.0006920296486090776, 0.020291910688140555, 0.04163616398243045, 0.04328330893118595, 0.04108711566617863, 0.0436493411420205, 0.04168191800878477, 0.044244143484626644, 0.03943997071742313, 0.045113469985358715, 0.042734260614934114, 0.04094985358711566, 0.0455710102489019, 0.043420571010248904, 0.04525073206442167, 0.040995607613469986, 0.04145314787701318, 0.04255124450951684, 0.039989019033674966, 0.04355783308931186, 0.03934846266471449, 0.04310029282576867, 0.038113103953147875, 0.03852489019033675, 0.03943997071742313, 0.0455710102489019, 0.046531844802342605, 0.04012628111273792, 0.043329062957540264, 0.037609809663250365, 0.04094985358711566, 0.0426885065885798, 0.040812591508052706, 0.04328330893118595, 0.0414989019033675, 0.044427159590043924, 0.04076683748169839, 0.045021961932650074, 0.042734260614934114, 0.04387811127379209, 0.04241398243045388, 0.045021961932650074, 0.040217789165446556, 0.04296303074670571, 0.04328330893118595, 0.042642752562225474, 0.043420571010248904, 0.041407393850658857, 0.046531844802342605, 0.043237554904831624, 0.04278001464128843, 0.042825768667642754, 0.04415263543191801, 0.04474743777452416, 0.04360358711566618, 0.04200219619326501, 0.044015373352855054, 0.0414989019033675, 0.04419838945827233, 0.04255124450951684, 0.044838945827232794, 0.038204612005856516, 0.04053806734992679, 0.0424597364568082, 0.041407393850658857, 0.043329062957540264, 0.044244143484626644, 0.03486456808199122, 0.044518667642752564, 0.0009636941800878477, 0.00044896138360175697]}