{"time": [563.0, 564.0, 565.0, 566.0, 567.0, 567.0, 567.0, 567.0, 567.0, 568.0, 569.0, 570.0, 571.0, 571.0, 572.0, 572.0, 572.0, 589.0, 590.0, 591.0, 591.0, 592.0, 592.0, 592.0, 593.0, 593.0, 594.0, 594.0, 594.0, 594.0, 595.0, 596.0, 597.0, 598.0, 599.0, 600.0, 601.0, 602.0, 603.0, 604.0, 605.0, 606.0, 607.0, 608.0, 609.0, 610.0, 611.0, 612.0, 613.0, 614.0, 615.0, 615.0, 616.0, 617.0, 618.0, 619.0, 620.0, 621.0, 622.0, 623.0, 624.0, 625.0, 626.0, 627.0, 628.0, 629.0, 630.0, 631.0, 632.0, 633.0, 634.0, 635.0, 636.0, 637.0, 638.0, 639.0, 640.0, 641.0, 642.0, 643.0, 644.0, 645.0, 646.0, 647.0, 648.0, 649.0, 650.0, 651.0, 652.0, 653.0, 653.0, 653.0, 653.0], "avg_cpu": [0.6473829201101928, 0.6714876033057852, 0.465564738292011, 0.6039944903581267, 0.5819559228650137, 0.5475206611570248, 0.0403323002754821, 0.0, 0.5440771349862259, 0.6446280991735537, 0.4986225895316804, 0.4972451790633609, 0.5089531680440771, 0.5192837465564738, 0.6453168044077136, 0.6377410468319559, 0.012741046831955923, 0.31005859375, 0.38525390625, 0.39599609375, 0.43408203125, 0.412109375, 0.1416015625, 0.0, 0.3583984375, 0.41943359375, 0.41650390625, 0.2724609375, 0.0, 0.8745874587458746, 0.9570957095709571, 0.9587458745874587, 0.8547854785478548, 0.7623762376237624, 0.7293729372937293, 0.7211221122112211, 0.6724422442244224, 0.6881188118811881, 0.6460396039603961, 0.6047854785478548, 0.6105610561056105, 0.5858085808580858, 0.6303630363036303, 0.58003300330033, 0.599009900990099, 0.6765676567656765, 0.6683168316831684, 0.7004950495049505, 0.6749174917491749, 0.655940594059406, 0.6782178217821783, 0.7425742574257426, 0.6386138613861386, 0.6716171617161716, 0.655940594059406, 0.6955445544554455, 0.6691419141914191, 0.6138613861386139, 0.6864686468646864, 0.7087458745874587, 0.679042904290429, 0.6633663366336634, 0.6806930693069307, 0.6221122112211221, 0.6897689768976898, 0.6798679867986799, 0.6938943894389439, 0.7202970297029703, 0.7112211221122112, 0.5833333333333334, 0.6452145214521452, 0.7021452145214522, 0.6584158415841584, 0.6732673267326733, 0.6476897689768977, 0.641914191419142, 0.6534653465346535, 0.6303630363036303, 0.6452145214521452, 0.6328382838283828, 0.7202970297029703, 0.5973597359735974, 0.5981848184818482, 0.66996699669967, 0.7112211221122112, 0.6526402640264026, 0.6452145214521452, 0.6831683168316832, 0.6872937293729373, 0.7442244224422442, 0.7739273927392739, 0.00034647019389438946, 0.0], "avg_mem": [0.038113103953147875, 0.04529648609077599, 0.046211566617862375, 0.044015373352855054, 0.04406112737920937, 0.042642752562225474, 0.0006348371156661786, 0.00044896138360175697, 0.041819180087847733, 0.04566251830161054, 0.0410413616398243, 0.04305453879941435, 0.04355783308931186, 0.03916544655929722, 0.045021961932650074, 0.00042322474377745243, 0.00036603221083455345, 0.02313232421875, 0.0313720703125, 0.030731201171875, 0.03143310546875, 0.0323486328125, 0.00493621826171875, 0.0001926422119140625, 0.026611328125, 0.0289306640625, 0.0247802734375, 0.000453948974609375, 0.000263214111328125, 0.0841874084919473, 0.09306368960468521, 0.09095900439238654, 0.09150805270863836, 0.08986090775988287, 0.09013543191800878, 0.08894582723279648, 0.08793923865300146, 0.08812225475841874, 0.08848828696925329, 0.08903733528550513, 0.08519399707174231, 0.09306368960468521, 0.08839677891654465, 0.08702415812591507, 0.0904099560761347, 0.08592606149341142, 0.08857979502196194, 0.09022693997071743, 0.08775622254758418, 0.08684114202049781, 0.09242313323572475, 0.0911420204978038, 0.08482796486090775, 0.08647510980966325, 0.0865666178623719, 0.08757320644216691, 0.08757320644216691, 0.0865666178623719, 0.09059297218155198, 0.08473645680819912, 0.08647510980966325, 0.08556002928257686, 0.0841874084919473, 0.08830527086383602, 0.08711566617862372, 0.0899524158125915, 0.08766471449487555, 0.0865666178623719, 0.08839677891654465, 0.08647510980966325, 0.08903733528550513, 0.08720717423133235, 0.08501098096632503, 0.08830527086383602, 0.08620058565153733, 0.08400439238653001, 0.08958638360175696, 0.08986090775988287, 0.08775622254758418, 0.08739019033674963, 0.09288067349926793, 0.08583455344070279, 0.08601756954612005, 0.0899524158125915, 0.08967789165446559, 0.09068448023426061, 0.08720717423133235, 0.08784773060029283, 0.0899524158125915, 0.09297218155197658, 0.06881405563689605, 0.0018244418008784772, 0.0009265190336749634]}