{"time": [1718.0, 1719.0, 1719.0, 1719.0, 1719.0, 1719.0, 1720.0, 1720.0, 1721.0, 1722.0, 1723.0, 1724.0, 1725.0, 1726.0, 1727.0, 1727.0, 1728.0, 1728.0, 1729.0, 1730.0, 1731.0, 1732.0, 1732.0, 1733.0, 1734.0, 1735.0, 1736.0, 1737.0, 1738.0, 1739.0, 1740.0, 1741.0, 1742.0, 1743.0, 1744.0, 1745.0, 1746.0, 1747.0, 1748.0, 1749.0, 1750.0, 1751.0, 1752.0, 1753.0, 1754.0, 1755.0, 1756.0, 1757.0, 1758.0, 1759.0, 1760.0, 1761.0, 1762.0, 1763.0, 1764.0, 1765.0, 1766.0, 1767.0, 1768.0, 1769.0, 1770.0, 1771.0, 1772.0, 1773.0, 1774.0, 1775.0, 1776.0, 1777.0, 1778.0, 1779.0, 1780.0, 1781.0, 1782.0, 1783.0, 1784.0, 1785.0, 1786.0, 1787.0, 1788.0, 1789.0, 1790.0, 1791.0, 1792.0, 1793.0, 1794.0, 1795.0, 1796.0, 1797.0, 1798.0, 1799.0, 1800.0, 1800.0, 1800.0, 1800.0], "avg_cpu": [0.0057562396864686465, 0.27186468646864687, 0.2792904290429043, 0.28795379537953797, 0.2933168316831683, 0.283003300330033, 0.34529702970297027, 0.3803630363036304, 0.3221947194719472, 0.28135313531353134, 0.3193069306930693, 0.31353135313531355, 0.3065181518151815, 0.3122937293729373, 0.29125412541254125, 0.44884488448844884, 0.4628712871287129, 0.5495049504950495, 0.5272277227722773, 0.5222772277227723, 0.5313531353135313, 0.5181518151815182, 0.6064356435643564, 0.5792079207920792, 0.5684818481848185, 0.5792079207920792, 0.5866336633663366, 0.5750825082508251, 0.5808580858085809, 0.5635313531353136, 0.566006600660066, 0.5651815181518152, 0.556930693069307, 0.5759075907590759, 0.5808580858085809, 0.5825082508250825, 0.5750825082508251, 0.5726072607260726, 0.5453795379537953, 0.5948844884488449, 0.5833333333333334, 0.5726072607260726, 0.5973597359735974, 0.5891089108910891, 0.5486798679867987, 0.5643564356435643, 0.5618811881188119, 0.5750825082508251, 0.5453795379537953, 0.5767326732673267, 0.5874587458745875, 0.6014851485148515, 0.6221122112211221, 0.5899339933993399, 0.5693069306930693, 0.5816831683168316, 0.5577557755775577, 0.5775577557755776, 0.5321782178217822, 0.5470297029702971, 0.5618811881188119, 0.5701320132013201, 0.5858085808580858, 0.5651815181518152, 0.5841584158415841, 0.584983498349835, 0.584983498349835, 0.5783828382838284, 0.5825082508250825, 0.5668316831683168, 0.5726072607260726, 0.570957095709571, 0.5668316831683168, 0.5816831683168316, 0.5775577557755776, 0.5610561056105611, 0.5717821782178217, 0.5915841584158416, 0.5610561056105611, 0.5602310231023102, 0.5932343234323433, 0.5767326732673267, 0.5536303630363036, 0.5561056105610561, 0.5536303630363036, 0.5602310231023102, 0.5742574257425742, 0.5899339933993399, 0.5833333333333334, 0.5387788778877888, 0.28671617161716173, 0.006510416666666667, 0.0013020833333333333, 0.000759011448019802], "avg_mem": [0.008796211566617862, 0.019239568081991214, 0.01951409224011713, 0.01951409224011713, 0.017134882869692534, 0.01679172767203514, 0.016951866764275257, 0.01729502196193265, 0.01688323572474378, 0.017478038067349926, 0.01718063689604685, 0.01722639092240117, 0.016951866764275257, 0.01738653001464129, 0.016928989751098095, 0.01738653001464129, 0.017249267935578332, 0.017500915080527087, 0.017478038067349926, 0.01729502196193265, 0.01827873352855051, 0.017592423133235724, 0.017363653001464127, 0.017409407027818447, 0.01832448755490483, 0.017203513909224012, 0.017615300146412886, 0.01738653001464129, 0.017020497803806735, 0.017592423133235724, 0.01727214494875549, 0.017112005856515372, 0.017638177159590044, 0.017020497803806735, 0.018232979502196194, 0.01738653001464129, 0.01743228404099561, 0.017134882869692534, 0.017912701317715957, 0.017500915080527087, 0.01738653001464129, 0.01722639092240117, 0.017912701317715957, 0.01743228404099561, 0.01738653001464129, 0.017569546120058566, 0.017500915080527087, 0.017203513909224012, 0.017500915080527087, 0.016951866764275257, 0.017249267935578332, 0.017363653001464127, 0.01731789897510981, 0.017615300146412886, 0.017523792093704246, 0.01951409224011713, 0.01734077598828697, 0.017134882869692534, 0.01734077598828697, 0.01738653001464129, 0.017409407027818447, 0.017523792093704246, 0.01738653001464129, 0.01731789897510981, 0.018232979502196194, 0.017661054172767202, 0.017478038067349926, 0.01731789897510981, 0.017661054172767202, 0.0178898243045388, 0.017569546120058566, 0.01784407027818448, 0.017615300146412886, 0.017615300146412886, 0.017500915080527087, 0.017958455344070277, 0.017203513909224012, 0.01734077598828697, 0.017500915080527087, 0.017683931185944364, 0.017409407027818447, 0.017775439238653, 0.017752562225475842, 0.0178898243045388, 0.017661054172767202, 0.01722639092240117, 0.017912701317715957, 0.017683931185944364, 0.01743228404099561, 0.0178898243045388, 0.015876647144948755, 0.014435395314787701, 0.013131405563689604, 0.00013726207906295754]}