{"time": [530.0, 530.0, 531.0, 531.0, 532.0, 533.0, 534.0, 535.0, 536.0, 537.0, 538.0, 539.0, 540.0, 540.0, 541.0, 542.0, 543.0, 544.0, 545.0, 546.0, 547.0, 548.0, 549.0, 550.0, 551.0, 552.0, 553.0, 554.0, 555.0, 556.0, 556.0, 557.0, 558.0, 559.0, 560.0, 561.0, 562.0, 563.0, 564.0, 565.0, 566.0, 567.0, 568.0, 569.0, 570.0, 571.0, 571.0, 572.0, 572.0, 572.0, 578.0, 579.0, 580.0, 581.0, 582.0, 583.0, 584.0, 585.0, 586.0, 587.0, 588.0, 589.0, 590.0, 591.0, 592.0, 593.0, 594.0, 595.0, 596.0, 597.0, 598.0, 599.0, 600.0, 601.0, 602.0, 603.0, 604.0, 605.0, 606.0, 607.0, 608.0, 609.0, 610.0, 611.0, 612.0, 613.0, 614.0, 615.0, 616.0, 617.0, 618.0, 619.0, 620.0, 621.0, 622.0, 622.0, 623.0, 624.0, 625.0, 626.0, 627.0, 628.0, 629.0, 630.0, 631.0, 632.0, 633.0, 634.0, 635.0, 636.0, 637.0, 638.0, 639.0, 640.0, 641.0, 642.0, 643.0, 644.0, 645.0, 646.0, 647.0, 648.0, 649.0, 650.0, 651.0, 652.0, 653.0, 653.0, 653.0, 653.0], "avg_cpu": [0.1610973597359736, 0.5899339933993399, 0.5676567656765676, 0.5470297029702971, 0.5676567656765676, 0.5462046204620462, 0.5717821782178217, 0.5198019801980198, 0.514026402640264, 0.5528052805280528, 0.5338283828382838, 0.5635313531353136, 0.5701320132013201, 0.533003300330033, 0.5594059405940595, 0.5528052805280528, 0.5511551155115512, 0.5247524752475248, 0.5354785478547854, 0.5437293729372937, 0.5321782178217822, 0.5214521452145214, 0.5478547854785478, 0.5486798679867987, 0.5816831683168316, 0.5676567656765676, 0.5734323432343235, 0.5676567656765676, 0.514026402640264, 0.5511551155115512, 0.5948844884488449, 0.5445544554455446, 0.5602310231023102, 0.5792079207920792, 0.551980198019802, 0.5717821782178217, 0.5759075907590759, 0.58003300330033, 0.5816831683168316, 0.5899339933993399, 0.5874587458745875, 0.5651815181518152, 0.5734323432343235, 0.5858085808580858, 0.5750825082508251, 0.5486798679867987, 0.5775577557755776, 0.6641914191419142, 0.0, 0.0, 0.4991749174917492, 0.47854785478547857, 0.5066006600660066, 0.4991749174917492, 0.49422442244224424, 0.5676567656765676, 0.5206270627062707, 0.5222772277227723, 0.5478547854785478, 0.5561056105610561, 0.570957095709571, 0.5486798679867987, 0.6914191419141914, 0.6353135313531353, 0.5247524752475248, 0.6105610561056105, 0.5701320132013201, 0.566006600660066, 0.6476897689768977, 0.5965346534653465, 0.6625412541254125, 0.5594059405940595, 0.6056105610561056, 0.5693069306930693, 0.5288778877887789, 0.5511551155115512, 0.5536303630363036, 0.5495049504950495, 0.5247524752475248, 0.5156765676567657, 0.5429042904290429, 0.5429042904290429, 0.5577557755775577, 0.5363036303630363, 0.5321782178217822, 0.5354785478547854, 0.5181518151815182, 0.5264026402640264, 0.5618811881188119, 0.5404290429042904, 0.5396039603960396, 0.528052805280528, 0.514026402640264, 0.5305280528052805, 0.533003300330033, 0.650990099009901, 0.6072607260726073, 0.6138613861386139, 0.613036303630363, 0.6320132013201321, 0.6221122112211221, 0.6064356435643564, 0.6097359735973598, 0.5981848184818482, 0.6155115511551155, 0.5742574257425742, 0.584983498349835, 0.5511551155115512, 0.6064356435643564, 0.5899339933993399, 0.6155115511551155, 0.5874587458745875, 0.5536303630363036, 0.5759075907590759, 0.5899339933993399, 0.6501650165016502, 0.6303630363036303, 0.6163366336633663, 0.6303630363036303, 0.5899339933993399, 0.5841584158415841, 0.5445544554455446, 0.6452145214521452, 0.5717821782178217, 0.6122112211221122, 0.6113861386138614, 0.6674917491749175, 0.6526402640264026, 0.0, 0.0], "avg_mem": [0.008235724743777453, 0.047309663250366035, 0.040904099560761346, 0.04159040995607614, 0.04287152269399707, 0.04177342606149341, 0.042322474377745244, 0.045113469985358715, 0.04396961932650073, 0.043237554904831624, 0.04218521229868229, 0.042734260614934114, 0.047035139092240115, 0.04310029282576867, 0.042642752562225474, 0.04328330893118595, 0.04076683748169839, 0.043832357247437774, 0.04296303074670571, 0.042825768667642754, 0.041819180087847733, 0.04410688140556369, 0.042734260614934114, 0.046120058565153735, 0.04259699853587116, 0.04310029282576867, 0.043740849194729134, 0.04410688140556369, 0.040904099560761346, 0.04346632503660322, 0.03687774524158126, 0.04456442166910688, 0.04154465592972181, 0.04154465592972181, 0.04209370424597365, 0.04058382137628111, 0.044015373352855054, 0.043329062957540264, 0.04213945827232796, 0.04241398243045388, 0.042734260614934114, 0.04378660322108346, 0.04186493411420205, 0.04415263543191801, 0.04255124450951684, 0.043420571010248904, 0.04488469985358712, 0.028321742313323572, 0.0005776445827232797, 0.00043752287701317717, 0.043420571010248904, 0.03957723279648609, 0.048316251830161056, 0.04474743777452416, 0.04694363103953148, 0.04570827232796486, 0.043329062957540264, 0.04360358711566618, 0.0414989019033675, 0.047309663250366035, 0.038204612005856516, 0.040309297218155196, 0.03875366032210834, 0.03523060029282577, 0.04515922401171303, 0.04213945827232796, 0.046531844802342605, 0.03843338213762811, 0.044015373352855054, 0.04259699853587116, 0.04415263543191801, 0.04319180087847731, 0.04094985358711566, 0.04410688140556369, 0.042825768667642754, 0.0414989019033675, 0.044427159590043924, 0.04259699853587116, 0.042322474377745244, 0.04410688140556369, 0.0426885065885798, 0.04113286969253294, 0.043923865300146414, 0.04085834553440703, 0.04355783308931186, 0.043923865300146414, 0.04547950219619327, 0.0426885065885798, 0.04218521229868229, 0.04497620790629575, 0.04159040995607614, 0.04200219619326501, 0.04529648609077599, 0.04278001464128843, 0.04319180087847731, 0.04113286969253294, 0.04378660322108346, 0.04296303074670571, 0.04360358711566618, 0.042734260614934114, 0.041819180087847733, 0.04470168374816984, 0.04310029282576867, 0.041819180087847733, 0.04328330893118595, 0.04227672035139092, 0.044838945827232794, 0.04305453879941435, 0.04195644216691069, 0.04328330893118595, 0.041819180087847733, 0.04154465592972181, 0.04227672035139092, 0.04250549048316252, 0.042734260614934114, 0.04538799414348463, 0.0436493411420205, 0.04168191800878477, 0.04456442166910688, 0.043832357247437774, 0.041315885797950216, 0.045525256222547585, 0.043420571010248904, 0.04250549048316252, 0.045433748169838944, 0.04525073206442167, 0.06387262079062958, 0.04159040995607614, 0.000783537701317716, 0.0004632595168374817]}