{"time": [530.0, 530.0, 531.0, 531.0, 532.0, 533.0, 534.0, 535.0, 536.0, 537.0, 538.0, 539.0, 540.0, 540.0, 541.0, 542.0, 543.0, 544.0, 545.0, 546.0, 547.0, 548.0, 549.0, 550.0, 551.0, 552.0, 553.0, 554.0, 555.0, 556.0, 556.0, 557.0, 558.0, 559.0, 560.0, 561.0, 562.0, 563.0, 564.0, 565.0, 566.0, 567.0, 568.0, 569.0, 570.0, 571.0, 571.0, 572.0, 572.0, 572.0, 582.0, 583.0, 584.0, 585.0, 586.0, 587.0, 588.0, 589.0, 590.0, 591.0, 592.0, 593.0, 594.0, 595.0, 596.0, 597.0, 598.0, 599.0, 600.0, 601.0, 602.0, 603.0, 604.0, 605.0, 606.0, 607.0, 608.0, 609.0, 610.0, 611.0, 612.0, 613.0, 614.0, 615.0, 616.0, 617.0, 618.0, 619.0, 620.0, 621.0, 622.0, 623.0, 624.0, 625.0, 626.0, 627.0, 628.0, 629.0, 630.0, 631.0, 632.0, 633.0, 634.0, 635.0, 636.0, 637.0, 638.0, 639.0, 640.0, 641.0, 642.0, 643.0, 644.0, 645.0, 646.0, 647.0, 648.0, 649.0, 650.0, 651.0, 652.0, 653.0, 653.0, 653.0, 653.0], "avg_cpu": [0.25825082508250824, 0.6023102310231023, 0.6361386138613861, 0.6179867986798679, 0.6138613861386139, 0.6006600660066007, 0.5767326732673267, 0.5379537953795379, 0.5544554455445545, 0.5321782178217822, 0.5379537953795379, 0.5338283828382838, 0.518976897689769, 0.5173267326732673, 0.4966996699669967, 0.47194719471947194, 0.5973597359735974, 0.5453795379537953, 0.5148514851485149, 0.5594059405940595, 0.518976897689769, 0.5635313531353136, 0.5008250825082509, 0.6163366336633663, 0.6328382838283828, 0.5354785478547854, 0.5792079207920792, 0.5123762376237624, 0.5338283828382838, 0.570957095709571, 0.6270627062706271, 0.5462046204620462, 0.5082508250825083, 0.556930693069307, 0.5272277227722773, 0.5552805280528053, 0.5420792079207921, 0.509075907590759, 0.5981848184818482, 0.6031353135313532, 0.5462046204620462, 0.5371287128712872, 0.6196369636963697, 0.5643564356435643, 0.5734323432343235, 0.5618811881188119, 0.5437293729372937, 0.4298679867986799, 0.03181724422442244, 0.0, 0.528052805280528, 0.5643564356435643, 0.5767326732673267, 0.5651815181518152, 0.5684818481848185, 0.5907590759075908, 0.5825082508250825, 0.6122112211221122, 0.5981848184818482, 0.594059405940594, 0.6295379537953796, 0.6229372937293729, 0.6196369636963697, 0.6047854785478548, 0.6221122112211221, 0.6163366336633663, 0.5948844884488449, 0.5948844884488449, 0.6204620462046204, 0.6105610561056105, 0.6031353135313532, 0.5833333333333334, 0.5932343234323433, 0.5973597359735974, 0.6023102310231023, 0.6138613861386139, 0.5998349834983498, 0.6122112211221122, 0.5965346534653465, 0.5948844884488449, 0.5907590759075908, 0.6097359735973598, 0.5998349834983498, 0.6105610561056105, 0.5981848184818482, 0.6006600660066007, 0.599009900990099, 0.6039603960396039, 0.6155115511551155, 0.6138613861386139, 0.599009900990099, 0.6105610561056105, 0.6188118811881188, 0.6196369636963697, 0.6047854785478548, 0.6155115511551155, 0.6171617161716172, 0.5981848184818482, 0.6113861386138614, 0.5858085808580858, 0.6023102310231023, 0.6122112211221122, 0.6031353135313532, 0.613036303630363, 0.6138613861386139, 0.6105610561056105, 0.599009900990099, 0.613036303630363, 0.6097359735973598, 0.6138613861386139, 0.613036303630363, 0.6113861386138614, 0.5932343234323433, 0.6056105610561056, 0.6179867986798679, 0.6064356435643564, 0.5948844884488449, 0.6014851485148515, 0.5973597359735974, 0.6155115511551155, 0.6014851485148515, 0.6303630363036303, 0.5907590759075908, 0.0985973597359736, 0.0], "avg_mem": [0.01290263543191801, 0.053349194729136164, 0.04300878477306003, 0.04209370424597365, 0.04255124450951684, 0.04520497803806735, 0.044518667642752564, 0.0400805270863836, 0.042230966325036604, 0.042642752562225474, 0.04108711566617863, 0.04241398243045388, 0.0412701317715959, 0.04218521229868229, 0.04053806734992679, 0.04287152269399707, 0.04255124450951684, 0.04136163982430454, 0.045616764275256225, 0.043146046852122984, 0.04259699853587116, 0.045113469985358715, 0.04410688140556369, 0.043329062957540264, 0.04250549048316252, 0.04396961932650073, 0.042734260614934114, 0.04310029282576867, 0.042825768667642754, 0.04159040995607614, 0.04758418740849195, 0.04236822840409956, 0.042642752562225474, 0.04172767203513909, 0.04172767203513909, 0.04415263543191801, 0.0424597364568082, 0.04136163982430454, 0.04300878477306003, 0.042642752562225474, 0.04026354319180088, 0.042322474377745244, 0.04406112737920937, 0.04218521229868229, 0.04136163982430454, 0.04191068814055637, 0.04145314787701318, 0.05188506588579795, 0.00056048682284041, 0.0003402955710102489, 0.040812591508052706, 0.043832357247437774, 0.04236822840409956, 0.04428989751098097, 0.04428989751098097, 0.045433748169838944, 0.04415263543191801, 0.043420571010248904, 0.042322474377745244, 0.04117862371888726, 0.04387811127379209, 0.04351207906295754, 0.045113469985358715, 0.04360358711566618, 0.04566251830161054, 0.042825768667642754, 0.04396961932650073, 0.04410688140556369, 0.043237554904831624, 0.043740849194729134, 0.0426885065885798, 0.043146046852122984, 0.04387811127379209, 0.042917276720351394, 0.04328330893118595, 0.04506771595900439, 0.04209370424597365, 0.04076683748169839, 0.04250549048316252, 0.0412701317715959, 0.042917276720351394, 0.042642752562225474, 0.04227672035139092, 0.04497620790629575, 0.045113469985358715, 0.043832357247437774, 0.04113286969253294, 0.04300878477306003, 0.04346632503660322, 0.04355783308931186, 0.0426885065885798, 0.04474743777452416, 0.04259699853587116, 0.042322474377745244, 0.04076683748169839, 0.043237554904831624, 0.04300878477306003, 0.04479319180087848, 0.04447291361639824, 0.043146046852122984, 0.04227672035139092, 0.04250549048316252, 0.04287152269399707, 0.044244143484626644, 0.04300878477306003, 0.04195644216691069, 0.04255124450951684, 0.0455710102489019, 0.04456442166910688, 0.04360358711566618, 0.040812591508052706, 0.044427159590043924, 0.04470168374816984, 0.04355783308931186, 0.0412701317715959, 0.0457997803806735, 0.04378660322108346, 0.04456442166910688, 0.043237554904831624, 0.045616764275256225, 0.04355783308931186, 0.04406112737920937, 0.04094985358711566, 0.0005519079428989751, 0.00028882229136163983]}