{"time": [1718.0, 1719.0, 1719.0, 1719.0, 1719.0, 1719.0, 1720.0, 1720.0, 1721.0, 1722.0, 1722.0, 1723.0, 1724.0, 1725.0, 1726.0, 1726.0, 1727.0, 1728.0, 1728.0, 1729.0, 1730.0, 1731.0, 1732.0, 1733.0, 1734.0, 1734.0, 1735.0, 1736.0, 1737.0, 1738.0, 1738.0, 1739.0, 1740.0, 1741.0, 1742.0, 1743.0, 1744.0, 1745.0, 1746.0, 1747.0, 1748.0, 1749.0, 1750.0, 1751.0, 1752.0, 1753.0, 1754.0, 1755.0, 1756.0, 1757.0, 1758.0, 1759.0, 1760.0, 1761.0, 1762.0, 1763.0, 1764.0, 1765.0, 1766.0, 1767.0, 1768.0, 1769.0, 1770.0, 1771.0, 1772.0, 1773.0, 1774.0, 1775.0, 1776.0, 1777.0, 1778.0, 1779.0, 1780.0, 1781.0, 1782.0, 1783.0, 1784.0, 1785.0, 1786.0, 1787.0, 1788.0, 1789.0, 1790.0, 1791.0, 1792.0, 1793.0, 1794.0, 1795.0, 1796.0, 1797.0, 1798.0, 1799.0, 1800.0, 1800.0, 1800.0, 1800.0], "avg_cpu": [0.2537128712871287, 0.4933993399339934, 0.4933993399339934, 0.485973597359736, 0.4801980198019802, 0.523102310231023, 0.4612211221122112, 0.48102310231023104, 0.4397689768976898, 0.3787128712871287, 0.4042904290429043, 0.36716171617161714, 0.3816006600660066, 0.4158415841584158, 0.41171617161716173, 0.4513201320132013, 0.45792079207920794, 0.5156765676567657, 0.556930693069307, 0.5602310231023102, 0.5635313531353136, 0.5858085808580858, 0.5965346534653465, 0.5305280528052805, 0.5437293729372937, 0.5907590759075908, 0.5676567656765676, 0.6278877887788779, 0.6229372937293729, 0.58003300330033, 0.5726072607260726, 0.570957095709571, 0.6105610561056105, 0.6196369636963697, 0.641914191419142, 0.6155115511551155, 0.6014851485148515, 0.5693069306930693, 0.6402640264026402, 0.5924092409240924, 0.679042904290429, 0.6386138613861386, 0.5734323432343235, 0.5387788778877888, 0.5668316831683168, 0.5816831683168316, 0.5866336633663366, 0.6344884488448845, 0.6204620462046204, 0.6047854785478548, 0.5544554455445545, 0.6105610561056105, 0.6122112211221122, 0.5552805280528053, 0.5585808580858086, 0.6023102310231023, 0.5717821782178217, 0.6047854785478548, 0.5924092409240924, 0.5552805280528053, 0.6196369636963697, 0.58003300330033, 0.5792079207920792, 0.5841584158415841, 0.5833333333333334, 0.6031353135313532, 0.6353135313531353, 0.6278877887788779, 0.6311881188118812, 0.599009900990099, 0.6278877887788779, 0.6212871287128713, 0.584983498349835, 0.5858085808580858, 0.5924092409240924, 0.6476897689768977, 0.6072607260726073, 0.6287128712871287, 0.650990099009901, 0.6575907590759076, 0.6501650165016502, 0.6295379537953796, 0.5470297029702971, 0.584983498349835, 0.5882838283828383, 0.5759075907590759, 0.5627062706270627, 0.5651815181518152, 0.5635313531353136, 0.5635313531353136, 0.5528052805280528, 0.5775577557755776, 0.27186468646864687, 0.005640212458745875, 0.006072091584158416, 0.0001740408415841584], "avg_mem": [0.007217697657393851, 0.009551153001464129, 0.009036420204978038, 0.008796211566617862, 0.008739019033674963, 0.008841965592972182, 0.008670387994143484, 0.008819088579795022, 0.008830527086383601, 0.008739019033674963, 0.008819088579795022, 0.009024981698389459, 0.008750457540263544, 0.008521687408491947, 0.008567441434846267, 0.008841965592972182, 0.008601756954612006, 0.008704703513909224, 0.008658949487554905, 0.008716142020497804, 0.008819088579795022, 0.008773334553440702, 0.00892203513909224, 0.008773334553440702, 0.008819088579795022, 0.008647510980966324, 0.008647510980966324, 0.00886484260614934, 0.008899158125915081, 0.008796211566617862, 0.008876281112737921, 0.009082174231332358, 0.00892203513909224, 0.008647510980966324, 0.008876281112737921, 0.008841965592972182, 0.008784773060029283, 0.008899158125915081, 0.008796211566617862, 0.008681826500732064, 0.008727580527086384, 0.008727580527086384, 0.008739019033674963, 0.008841965592972182, 0.009139366764275255, 0.008727580527086384, 0.008750457540263544, 0.0089449121522694, 0.008796211566617862, 0.009036420204978038, 0.008727580527086384, 0.008841965592972182, 0.008658949487554905, 0.008761896046852123, 0.00886484260614934, 0.008750457540263544, 0.008727580527086384, 0.008727580527086384, 0.008716142020497804, 0.00891059663250366, 0.00891059663250366, 0.009024981698389459, 0.008704703513909224, 0.008739019033674963, 0.008739019033674963, 0.008750457540263544, 0.008830527086383601, 0.008670387994143484, 0.009894308199121522, 0.008796211566617862, 0.008853404099560761, 0.008716142020497804, 0.008693265007320644, 0.008636072474377745, 0.008956350658857979, 0.008807650073206443, 0.009036420204978038, 0.008876281112737921, 0.008739019033674963, 0.008841965592972182, 0.008956350658857979, 0.008841965592972182, 0.008647510980966324, 0.009310944363103953, 0.009093612737920937, 0.009013543191800878, 0.008727580527086384, 0.008876281112737921, 0.008761896046852123, 0.008784773060029283, 0.008624633967789166, 0.00899066617862372, 0.007858254026354318, 0.0066915263543191805, 0.0066800878477306005, 8.292917276720352e-05]}