{"time": [1718.0, 1719.0, 1719.0, 1719.0, 1719.0, 1719.0, 1720.0, 1720.0, 1721.0, 1721.0, 1722.0, 1723.0, 1724.0, 1725.0, 1726.0, 1727.0, 1728.0, 1728.0, 1729.0, 1729.0, 1730.0, 1731.0, 1732.0, 1733.0, 1733.0, 1734.0, 1735.0, 1736.0, 1737.0, 1738.0, 1739.0, 1740.0, 1741.0, 1742.0, 1743.0, 1744.0, 1745.0, 1745.0, 1746.0, 1747.0, 1748.0, 1749.0, 1750.0, 1751.0, 1752.0, 1753.0, 1754.0, 1755.0, 1756.0, 1757.0, 1758.0, 1759.0, 1760.0, 1761.0, 1762.0, 1763.0, 1764.0, 1765.0, 1766.0, 1767.0, 1768.0, 1769.0, 1770.0, 1771.0, 1772.0, 1773.0, 1774.0, 1775.0, 1776.0, 1777.0, 1778.0, 1779.0, 1780.0, 1781.0, 1782.0, 1783.0, 1784.0, 1785.0, 1786.0, 1787.0, 1788.0, 1789.0, 1790.0, 1791.0, 1792.0, 1793.0, 1794.0, 1795.0, 1796.0, 1797.0, 1798.0, 1799.0, 1800.0, 1800.0, 1800.0, 1800.0], "avg_cpu": [0.005762685643564356, 0.08271452145214521, 0.21575907590759075, 0.22854785478547854, 0.2396864686468647, 0.3118811881188119, 0.27516501650165015, 0.3650990099009901, 0.34364686468646866, 0.44224422442244227, 0.36468646864686466, 0.33910891089108913, 0.3589108910891089, 0.3811881188118812, 0.3510726072607261, 0.3952145214521452, 0.45544554455445546, 0.5635313531353136, 0.5726072607260726, 0.6237623762376238, 0.5668316831683168, 0.5544554455445545, 0.4933993399339934, 0.49174917491749176, 0.528052805280528, 0.5264026402640264, 0.5272277227722773, 0.5511551155115512, 0.58003300330033, 0.5354785478547854, 0.5915841584158416, 0.6485148514851485, 0.6212871287128713, 0.6435643564356436, 0.6749174917491749, 0.6468646864686468, 0.5470297029702971, 0.5668316831683168, 0.5643564356435643, 0.551980198019802, 0.5594059405940595, 0.5594059405940595, 0.5610561056105611, 0.5684818481848185, 0.5618811881188119, 0.5585808580858086, 0.5594059405940595, 0.5561056105610561, 0.5668316831683168, 0.58003300330033, 0.5602310231023102, 0.5610561056105611, 0.5627062706270627, 0.5618811881188119, 0.5701320132013201, 0.5643564356435643, 0.566006600660066, 0.5552805280528053, 0.5602310231023102, 0.5684818481848185, 0.5585808580858086, 0.5635313531353136, 0.5635313531353136, 0.5561056105610561, 0.5924092409240924, 0.570957095709571, 0.599009900990099, 0.6270627062706271, 0.7046204620462047, 0.6328382838283828, 0.570957095709571, 0.599009900990099, 0.5948844884488449, 0.5767326732673267, 0.6196369636963697, 0.58003300330033, 0.6188118811881188, 0.5948844884488449, 0.5825082508250825, 0.6138613861386139, 0.5874587458745875, 0.608085808580858, 0.5651815181518152, 0.5816831683168316, 0.5899339933993399, 0.6155115511551155, 0.5594059405940595, 0.5998349834983498, 0.5627062706270627, 0.5759075907590759, 0.6031353135313532, 0.599009900990099, 0.3032178217821782, 0.006072091584158416, 0.005208333333333333, 0.00021755105198019802], "avg_mem": [0.0025936813689604685, 0.007583729868228404, 0.009699853587115666, 0.008739019033674963, 0.009002104685212299, 0.00839586383601757, 0.009116489751098097, 0.008647510980966324, 0.008761896046852123, 0.008601756954612006, 0.008796211566617862, 0.008658949487554905, 0.008658949487554905, 0.008647510980966324, 0.0089449121522694, 0.008739019033674963, 0.008658949487554905, 0.009036420204978038, 0.008841965592972182, 0.008899158125915081, 0.008681826500732064, 0.009013543191800878, 0.008761896046852123, 0.008979227672035139, 0.008876281112737921, 0.008750457540263544, 0.008979227672035139, 0.0089449121522694, 0.008841965592972182, 0.0088877196193265, 0.008956350658857979, 0.009150805270863836, 0.00891059663250366, 0.00886484260614934, 0.008773334553440702, 0.008750457540263544, 0.008956350658857979, 0.00886484260614934, 0.008716142020497804, 0.00899066617862372, 0.009002104685212299, 0.008761896046852123, 0.008853404099560761, 0.00886484260614934, 0.00892203513909224, 0.009082174231332358, 0.008727580527086384, 0.009185120790629575, 0.008830527086383601, 0.00886484260614934, 0.008750457540263544, 0.008853404099560761, 0.00892203513909224, 0.008876281112737921, 0.008899158125915081, 0.008956350658857979, 0.0089449121522694, 0.008784773060029283, 0.009116489751098097, 0.00892203513909224, 0.00896778916544656, 0.008739019033674963, 0.0089449121522694, 0.008830527086383601, 0.008796211566617862, 0.009448206442166911, 0.009047858711566617, 0.00886484260614934, 0.008750457540263544, 0.009116489751098097, 0.008899158125915081, 0.009082174231332358, 0.009002104685212299, 0.008819088579795022, 0.008853404099560761, 0.008853404099560761, 0.00896778916544656, 0.009150805270863836, 0.0088877196193265, 0.008956350658857979, 0.008761896046852123, 0.009024981698389459, 0.00943676793557833, 0.00896778916544656, 0.009230874816983894, 0.00893347364568082, 0.008876281112737921, 0.009002104685212299, 0.009013543191800878, 0.00891059663250366, 0.00893347364568082, 0.008716142020497804, 0.008052708638360176, 0.007034681551976574, 0.007023243045387994, 7.435029282576867e-05]}