{"time": [530.0, 530.0, 531.0, 531.0, 532.0, 533.0, 534.0, 535.0, 536.0, 537.0, 538.0, 539.0, 540.0, 540.0, 541.0, 542.0, 543.0, 544.0, 545.0, 546.0, 547.0, 548.0, 549.0, 550.0, 551.0, 552.0, 553.0, 554.0, 555.0, 556.0, 556.0, 557.0, 558.0, 559.0, 560.0, 561.0, 562.0, 563.0, 564.0, 565.0, 566.0, 567.0, 568.0, 569.0, 570.0, 571.0, 571.0, 571.0, 571.0, 582.0, 583.0, 583.0, 583.0, 583.0, 583.0, 584.0, 585.0, 585.0, 585.0, 585.0, 585.0, 586.0, 586.0, 586.0, 586.0, 586.0, 586.0, 586.0, 586.0, 586.0, 587.0, 588.0, 589.0, 590.0, 591.0, 592.0, 593.0, 594.0, 595.0, 596.0, 597.0, 598.0, 599.0, 600.0, 601.0, 602.0, 603.0, 604.0, 605.0, 606.0, 607.0, 608.0, 609.0, 610.0, 611.0, 612.0, 613.0, 614.0, 615.0, 616.0, 616.0, 617.0, 618.0, 619.0, 620.0, 621.0, 622.0, 623.0, 624.0, 625.0, 626.0, 627.0, 628.0, 629.0, 630.0, 631.0, 632.0, 633.0, 634.0, 635.0, 636.0, 637.0, 638.0, 639.0, 640.0, 641.0, 642.0, 643.0, 644.0, 645.0, 646.0, 647.0, 648.0, 649.0, 650.0, 651.0, 652.0, 653.0, 654.0, 655.0, 656.0, 657.0, 658.0, 659.0, 660.0, 661.0, 662.0, 663.0, 664.0, 665.0, 666.0, 667.0, 668.0, 669.0, 670.0, 671.0, 672.0, 673.0, 674.0, 675.0, 676.0, 677.0, 678.0, 679.0, 680.0, 681.0, 682.0, 683.0, 684.0, 685.0, 686.0, 687.0, 688.0, 689.0, 690.0, 691.0, 692.0, 693.0, 694.0, 695.0, 696.0, 697.0, 698.0, 699.0, 700.0, 701.0, 702.0, 703.0, 704.0, 705.0, 706.0, 706.0, 707.0, 707.0, 707.0], "avg_cpu": [0.21163366336633663, 0.6056105610561056, 0.6212871287128713, 0.5354785478547854, 0.5321782178217822, 0.4975247524752475, 0.5676567656765676, 0.5272277227722773, 0.5866336633663366, 0.5453795379537953, 0.551980198019802, 0.5338283828382838, 0.5305280528052805, 0.5082508250825083, 0.5363036303630363, 0.5841584158415841, 0.5478547854785478, 0.5726072607260726, 0.5379537953795379, 0.5932343234323433, 0.5445544554455446, 0.5264026402640264, 0.523102310231023, 0.5272277227722773, 0.5173267326732673, 0.5453795379537953, 0.5148514851485149, 0.5371287128712872, 0.5536303630363036, 0.5478547854785478, 0.5759075907590759, 0.5404290429042904, 0.5371287128712872, 0.5742574257425742, 0.6146864686468647, 0.528052805280528, 0.5264026402640264, 0.5437293729372937, 0.5693069306930693, 0.5453795379537953, 0.5924092409240924, 0.5676567656765676, 0.5635313531353136, 0.5602310231023102, 0.5297029702970297, 0.5536303630363036, 0.5346534653465347, 0.039500825082508254, 0.0, 0.25146484375, 0.2919921875, 0.3271484375, 0.03082275390625, 0.0, 0.214111328125, 0.326171875, 0.31884765625, 0.32421875, 0.025115966796875, 2.86102294921875e-06, 0.27880859375, 0.30712890625, 0.306640625, 0.0787353515625, 9.5367431640625e-07, 0.28369140625, 0.31201171875, 0.0002384185791015625, 0.0, 0.0006558761344884488, 0.6551155115511551, 0.5841584158415841, 0.5561056105610561, 0.5511551155115512, 0.5602310231023102, 0.5866336633663366, 0.5387788778877888, 0.5701320132013201, 0.5742574257425742, 0.5676567656765676, 0.5676567656765676, 0.5585808580858086, 0.5478547854785478, 0.5792079207920792, 0.5544554455445545, 0.5528052805280528, 0.5429042904290429, 0.5734323432343235, 0.5602310231023102, 0.5734323432343235, 0.5511551155115512, 0.551980198019802, 0.5618811881188119, 0.5552805280528053, 0.5717821782178217, 0.5478547854785478, 0.5948844884488449, 0.5396039603960396, 0.5462046204620462, 0.5907590759075908, 0.5891089108910891, 0.5866336633663366, 0.6039603960396039, 0.6047854785478548, 0.599009900990099, 0.6278877887788779, 0.6155115511551155, 0.5874587458745875, 0.6014851485148515, 0.6138613861386139, 0.5998349834983498, 0.5981848184818482, 0.5932343234323433, 0.6023102310231023, 0.6039603960396039, 0.5742574257425742, 0.6320132013201321, 0.6518151815181518, 0.6212871287128713, 0.6105610561056105, 0.6204620462046204, 0.6311881188118812, 0.6336633663366337, 0.6320132013201321, 0.6146864686468647, 0.6113861386138614, 0.6303630363036303, 0.5825082508250825, 0.6196369636963697, 0.613036303630363, 0.6072607260726073, 0.6056105610561056, 0.6056105610561056, 0.6245874587458746, 0.6188118811881188, 0.6006600660066007, 0.594059405940594, 0.6163366336633663, 0.8168316831683168, 0.6732673267326733, 0.6427392739273927, 0.6056105610561056, 0.608085808580858, 0.613036303630363, 0.5874587458745875, 0.5973597359735974, 0.6452145214521452, 0.58003300330033, 0.5651815181518152, 0.5965346534653465, 0.5907590759075908, 0.5618811881188119, 0.5651815181518152, 0.5825082508250825, 0.5693069306930693, 0.5973597359735974, 0.5858085808580858, 0.5734323432343235, 0.5915841584158416, 0.6163366336633663, 0.5816831683168316, 0.6113861386138614, 0.5924092409240924, 0.5948844884488449, 0.6386138613861386, 0.6146864686468647, 0.5907590759075908, 0.6460396039603961, 0.6105610561056105, 0.5957095709570958, 0.6278877887788779, 0.5924092409240924, 0.5684818481848185, 0.5445544554455446, 0.5957095709570958, 0.5445544554455446, 0.6023102310231023, 0.5866336633663366, 0.5577557755775577, 0.556930693069307, 0.5528052805280528, 0.5676567656765676, 0.5915841584158416, 0.5412541254125413, 0.5750825082508251, 0.5676567656765676, 0.5915841584158416, 0.6097359735973598, 0.6287128712871287, 0.5742574257425742, 0.5618811881188119, 0.5891089108910891, 0.5907590759075908, 0.00390625, 0.0],