{"time": [593.0, 594.0, 595.0, 596.0, 597.0, 598.0, 599.0, 600.0, 601.0, 602.0, 603.0, 604.0, 605.0, 606.0, 607.0, 608.0, 609.0, 610.0, 611.0, 612.0, 613.0, 614.0, 615.0, 616.0, 616.0, 617.0, 618.0, 619.0, 620.0, 621.0, 622.0, 623.0, 624.0, 625.0, 626.0, 627.0, 628.0, 629.0, 630.0, 631.0, 632.0, 633.0, 634.0, 635.0, 636.0, 637.0, 638.0, 639.0, 640.0, 641.0, 642.0, 643.0, 644.0, 645.0, 646.0, 647.0, 648.0, 649.0, 650.0, 651.0, 652.0, 653.0, 653.0, 653.0, 653.0], "avg_cpu": [0.6658415841584159, 0.6782178217821783, 0.6097359735973598, 0.5981848184818482, 0.5478547854785478, 0.5717821782178217, 0.584983498349835, 0.5775577557755776, 0.584983498349835, 0.5495049504950495, 0.5346534653465347, 0.5726072607260726, 0.5924092409240924, 0.5412541254125413, 0.5552805280528053, 0.5585808580858086, 0.5717821782178217, 0.5816831683168316, 0.5882838283828383, 0.5635313531353136, 0.5503300330033003, 0.5618811881188119, 0.5445544554455446, 0.5495049504950495, 0.6320132013201321, 0.6526402640264026, 0.655940594059406, 0.6534653465346535, 0.6658415841584159, 0.6402640264026402, 0.6435643564356436, 0.655940594059406, 0.6584158415841584, 0.6641914191419142, 0.665016501650165, 0.6493399339933993, 0.5915841584158416, 0.6171617161716172, 0.6468646864686468, 0.6501650165016502, 0.6493399339933993, 0.5965346534653465, 0.6064356435643564, 0.6212871287128713, 0.5783828382838284, 0.6336633663366337, 0.6518151815181518, 0.6526402640264026, 0.5948844884488449, 0.6460396039603961, 0.6377887788778878, 0.6468646864686468, 0.599009900990099, 0.5858085808580858, 0.599009900990099, 0.6476897689768977, 0.6518151815181518, 0.6493399339933993, 0.6460396039603961, 0.6526402640264026, 0.6600660066006601, 0.6716171617161716, 0.6683168316831684, 0.08591171617161716, 0.0], "avg_mem": [0.042642752562225474, 0.04396961932650073, 0.047035139092240115, 0.042230966325036604, 0.04113286969253294, 0.04204795021961932, 0.04328330893118595, 0.043923865300146414, 0.042734260614934114, 0.04310029282576867, 0.04259699853587116, 0.04012628111273792, 0.044427159590043924, 0.04278001464128843, 0.04159040995607614, 0.04369509516837482, 0.04236822840409956, 0.043832357247437774, 0.04213945827232796, 0.044930453879941434, 0.04278001464128843, 0.04172767203513909, 0.04328330893118595, 0.040492313323572476, 0.04456442166910688, 0.04506771595900439, 0.044930453879941434, 0.04428989751098097, 0.04488469985358712, 0.04305453879941435, 0.04241398243045388, 0.04497620790629575, 0.04369509516837482, 0.04003477306002928, 0.04515922401171303, 0.04351207906295754, 0.042322474377745244, 0.045616764275256225, 0.04305453879941435, 0.04410688140556369, 0.043923865300146414, 0.04159040995607614, 0.043740849194729134, 0.042322474377745244, 0.04241398243045388, 0.044335651537335284, 0.042917276720351394, 0.044930453879941434, 0.043146046852122984, 0.04227672035139092, 0.04396961932650073, 0.04625732064421669, 0.04067532942898975, 0.046714860907759885, 0.04355783308931186, 0.04250549048316252, 0.04355783308931186, 0.04236822840409956, 0.04406112737920937, 0.04369509516837482, 0.042642752562225474, 0.04310029282576867, 0.0410413616398243, 0.0007549414348462665, 0.00040034773060029284]}