{"time": [530.0, 530.0, 531.0, 531.0, 532.0, 533.0, 534.0, 535.0, 536.0, 537.0, 538.0, 539.0, 540.0, 540.0, 541.0, 542.0, 543.0, 544.0, 545.0, 546.0, 547.0, 548.0, 549.0, 550.0, 551.0, 552.0, 553.0, 554.0, 555.0, 556.0, 556.0, 557.0, 558.0, 559.0, 560.0, 561.0, 562.0, 563.0, 564.0, 565.0, 566.0, 567.0, 568.0, 569.0, 570.0, 571.0, 571.0, 572.0, 572.0, 572.0, 578.0, 579.0, 580.0, 581.0, 582.0, 583.0, 584.0, 585.0, 586.0, 587.0, 588.0, 589.0, 590.0, 591.0, 592.0, 593.0, 594.0, 595.0, 596.0, 597.0, 598.0, 599.0, 600.0, 601.0, 602.0, 603.0, 604.0, 605.0, 606.0, 607.0, 608.0, 609.0, 610.0, 611.0, 612.0, 613.0, 614.0, 615.0, 616.0, 617.0, 618.0, 619.0, 620.0, 621.0, 622.0, 623.0, 624.0, 625.0, 626.0, 627.0, 628.0, 629.0, 630.0, 631.0, 632.0, 633.0, 634.0, 635.0, 636.0, 637.0, 638.0, 639.0, 640.0, 641.0, 642.0, 643.0, 644.0, 645.0, 646.0, 647.0, 648.0, 649.0, 650.0, 651.0, 652.0, 653.0, 653.0, 653.0, 653.0], "avg_cpu": [0.060746699669967, 0.5057755775577558, 0.4834983498349835, 0.6163366336633663, 0.5544554455445545, 0.6047854785478548, 0.5610561056105611, 0.5544554455445545, 0.5792079207920792, 0.6262376237623762, 0.650990099009901, 0.5429042904290429, 0.6518151815181518, 0.6732673267326733, 0.5775577557755776, 0.5618811881188119, 0.5503300330033003, 0.5783828382838284, 0.5536303630363036, 0.5742574257425742, 0.5882838283828383, 0.5965346534653465, 0.5973597359735974, 0.6113861386138614, 0.5594059405940595, 0.5693069306930693, 0.5792079207920792, 0.5635313531353136, 0.5503300330033003, 0.5726072607260726, 0.5973597359735974, 0.5610561056105611, 0.5503300330033003, 0.551980198019802, 0.5618811881188119, 0.5759075907590759, 0.5858085808580858, 0.5998349834983498, 0.5948844884488449, 0.5915841584158416, 0.5882838283828383, 0.5924092409240924, 0.5957095709570958, 0.5932343234323433, 0.5924092409240924, 0.5651815181518152, 0.5429042904290429, 0.4521452145214521, 0.0, 0.0, 0.5717821782178217, 0.6105610561056105, 0.6427392739273927, 0.6633663366336634, 0.6493399339933993, 0.6303630363036303, 0.6146864686468647, 0.6064356435643564, 0.5429042904290429, 0.5305280528052805, 0.5717821782178217, 0.5585808580858086, 0.5552805280528053, 0.5825082508250825, 0.566006600660066, 0.5486798679867987, 0.5981848184818482, 0.5478547854785478, 0.5651815181518152, 0.5594059405940595, 0.5486798679867987, 0.5561056105610561, 0.5412541254125413, 0.551980198019802, 0.5445544554455446, 0.5528052805280528, 0.5594059405940595, 0.5643564356435643, 0.6320132013201321, 0.6394389438943895, 0.5750825082508251, 0.6287128712871287, 0.6295379537953796, 0.6171617161716172, 0.6188118811881188, 0.6303630363036303, 0.6245874587458746, 0.584983498349835, 0.5767326732673267, 0.5577557755775577, 0.5561056105610561, 0.5866336633663366, 0.5742574257425742, 0.5981848184818482, 0.5783828382838284, 0.6047854785478548, 0.5816831683168316, 0.6105610561056105, 0.5907590759075908, 0.5693069306930693, 0.5792079207920792, 0.5726072607260726, 0.6171617161716172, 0.594059405940594, 0.6221122112211221, 0.6196369636963697, 0.6163366336633663, 0.6056105610561056, 0.5915841584158416, 0.5981848184818482, 0.5874587458745875, 0.5602310231023102, 0.5594059405940595, 0.5816831683168316, 0.5643564356435643, 0.5264026402640264, 0.5932343234323433, 0.5973597359735974, 0.5973597359735974, 0.5915841584158416, 0.5973597359735974, 0.6097359735973598, 0.5701320132013201, 0.5387788778877888, 0.5874587458745875, 0.5404290429042904, 0.5717821782178217, 0.0, 0.0], "avg_mem": [0.00836154831625183, 0.03683199121522694, 0.0593887262079063, 0.04259699853587116, 0.039714494875549046, 0.04506771595900439, 0.044930453879941434, 0.04177342606149341, 0.04378660322108346, 0.04250549048316252, 0.04378660322108346, 0.04186493411420205, 0.04438140556368961, 0.045021961932650074, 0.043740849194729134, 0.040904099560761346, 0.0414989019033675, 0.04278001464128843, 0.0412701317715959, 0.04200219619326501, 0.04177342606149341, 0.04497620790629575, 0.04570827232796486, 0.043923865300146414, 0.044427159590043924, 0.04529648609077599, 0.04396961932650073, 0.04538799414348463, 0.042230966325036604, 0.044427159590043924, 0.058931185944363106, 0.04241398243045388, 0.04479319180087848, 0.04122437774524158, 0.0457997803806735, 0.046440336749633965, 0.04035505124450952, 0.04396961932650073, 0.045937042459736455, 0.04396961932650073, 0.043329062957540264, 0.042642752562225474, 0.0457997803806735, 0.04305453879941435, 0.04355783308931186, 0.045021961932650074, 0.04351207906295754, 0.04978038067349927, 0.00048327690336749635, 0.0003231378111273792, 0.03596266471449488, 0.0424597364568082, 0.04474743777452416, 0.04396961932650073, 0.044427159590043924, 0.04259699853587116, 0.04410688140556369, 0.042642752562225474, 0.04310029282576867, 0.04213945827232796, 0.04406112737920937, 0.04287152269399707, 0.042230966325036604, 0.04259699853587116, 0.043146046852122984, 0.04296303074670571, 0.04529648609077599, 0.04488469985358712, 0.042322474377745244, 0.044427159590043924, 0.04337481698389458, 0.04328330893118595, 0.04204795021961932, 0.04497620790629575, 0.04209370424597365, 0.04204795021961932, 0.04213945827232796, 0.04360358711566618, 0.043329062957540264, 0.04387811127379209, 0.04204795021961932, 0.039851756954612, 0.04305453879941435, 0.042734260614934114, 0.045021961932650074, 0.04415263543191801, 0.04415263543191801, 0.0436493411420205, 0.04447291361639824, 0.042642752562225474, 0.045433748169838944, 0.04465592972181552, 0.0426885065885798, 0.04497620790629575, 0.0446101756954612, 0.043923865300146414, 0.04227672035139092, 0.04351207906295754, 0.043832357247437774, 0.04396961932650073, 0.042322474377745244, 0.04213945827232796, 0.046440336749633965, 0.04525073206442167, 0.04360358711566618, 0.04255124450951684, 0.04465592972181552, 0.04378660322108346, 0.04204795021961932, 0.04419838945827233, 0.04410688140556369, 0.04076683748169839, 0.044427159590043924, 0.04250549048316252, 0.04241398243045388, 0.043420571010248904, 0.04337481698389458, 0.04145314787701318, 0.04319180087847731, 0.043329062957540264, 0.043832357247437774, 0.04094985358711566, 0.04337481698389458, 0.04278001464128843, 0.04575402635431918, 0.055728404099560765, 0.04186493411420205, 0.0007406433016105417, 0.0004203651171303075]}