{"time": [1718.0, 1718.0, 1719.0, 1719.0, 1719.0, 1719.0, 1719.0, 1720.0, 1720.0, 1721.0, 1722.0, 1722.0, 1723.0, 1724.0, 1725.0, 1725.0, 1726.0, 1727.0, 1728.0, 1729.0, 1729.0, 1730.0, 1731.0, 1732.0, 1733.0, 1734.0, 1734.0, 1735.0, 1736.0, 1737.0, 1738.0, 1739.0, 1739.0, 1740.0, 1741.0, 1742.0, 1743.0, 1744.0, 1745.0, 1746.0, 1747.0, 1748.0, 1749.0, 1750.0, 1751.0, 1752.0, 1753.0, 1754.0, 1755.0, 1756.0, 1757.0, 1758.0, 1759.0, 1760.0, 1761.0, 1762.0, 1763.0, 1764.0, 1765.0, 1766.0, 1767.0, 1768.0, 1769.0, 1770.0, 1771.0, 1772.0, 1773.0, 1774.0, 1775.0, 1776.0, 1777.0, 1778.0, 1779.0, 1780.0, 1781.0, 1782.0, 1783.0, 1784.0, 1785.0, 1786.0, 1787.0, 1788.0, 1789.0, 1790.0, 1791.0, 1792.0, 1793.0, 1794.0, 1795.0, 1796.0, 1797.0, 1798.0, 1799.0, 1800.0, 1800.0, 1800.0], "avg_cpu": [0.0, 0.14212046204620463, 0.3102310231023102, 0.30115511551155116, 0.36716171617161714, 0.34075907590759075, 0.32466996699669964, 0.3118811881188119, 0.32054455445544555, 0.28094059405940597, 0.28671617161716173, 0.3915016501650165, 0.3795379537953795, 0.38242574257425743, 0.375, 0.4537953795379538, 0.4504950495049505, 0.42574257425742573, 0.4146039603960396, 0.4067656765676568, 0.5264026402640264, 0.49257425742574257, 0.509075907590759, 0.556930693069307, 0.5313531353135313, 0.485973597359736, 0.5222772277227723, 0.5181518151815182, 0.5585808580858086, 0.5594059405940595, 0.5717821782178217, 0.6221122112211221, 0.5594059405940595, 0.5891089108910891, 0.5717821782178217, 0.6155115511551155, 0.5957095709570958, 0.5808580858085809, 0.5808580858085809, 0.650990099009901, 0.6039603960396039, 0.6039603960396039, 0.5701320132013201, 0.5965346534653465, 0.5981848184818482, 0.5891089108910891, 0.58003300330033, 0.566006600660066, 0.5651815181518152, 0.5841584158415841, 0.5511551155115512, 0.5577557755775577, 0.5833333333333334, 0.5874587458745875, 0.6023102310231023, 0.5792079207920792, 0.6039603960396039, 0.5767326732673267, 0.5684818481848185, 0.5536303630363036, 0.5693069306930693, 0.5866336633663366, 0.5643564356435643, 0.566006600660066, 0.5577557755775577, 0.5726072607260726, 0.566006600660066, 0.5750825082508251, 0.5783828382838284, 0.5907590759075908, 0.5833333333333334, 0.5627062706270627, 0.5693069306930693, 0.5643564356435643, 0.5627062706270627, 0.5585808580858086, 0.5651815181518152, 0.5816831683168316, 0.5775577557755776, 0.6056105610561056, 0.6146864686468647, 0.5734323432343235, 0.5668316831683168, 0.5915841584158416, 0.5965346534653465, 0.5816831683168316, 0.5924092409240924, 0.5618811881188119, 0.5577557755775577, 0.5693069306930693, 0.566006600660066, 0.6064356435643564, 0.5816831683168316, 0.2887788778877888, 0.0013020833333333333, 0.001953125], "avg_mem": [2.859626647144949e-06, 0.007080435578330893, 0.009219436310395315, 0.00838442532942899, 0.008475933382137629, 0.009196559297218155, 0.008807650073206443, 0.008521687408491947, 0.008613195461200585, 0.008658949487554905, 0.0088877196193265, 0.00896778916544656, 0.008761896046852123, 0.008739019033674963, 0.00891059663250366, 0.008773334553440702, 0.008636072474377745, 0.008796211566617862, 0.008624633967789166, 0.008487371888726208, 0.00892203513909224, 0.008613195461200585, 0.0089449121522694, 0.008899158125915081, 0.008670387994143484, 0.009242313323572475, 0.008807650073206443, 0.008761896046852123, 0.009127928257686676, 0.008841965592972182, 0.008658949487554905, 0.009711292093704246, 0.008796211566617862, 0.008841965592972182, 0.008819088579795022, 0.0088877196193265, 0.008716142020497804, 0.008819088579795022, 0.00886484260614934, 0.00886484260614934, 0.008624633967789166, 0.008681826500732064, 0.008796211566617862, 0.00886484260614934, 0.0088877196193265, 0.008784773060029283, 0.008761896046852123, 0.008773334553440702, 0.008647510980966324, 0.009036420204978038, 0.008773334553440702, 0.008727580527086384, 0.008784773060029283, 0.00899066617862372, 0.008693265007320644, 0.008853404099560761, 0.0088877196193265, 0.008830527086383601, 0.008830527086383601, 0.008681826500732064, 0.008761896046852123, 0.009528275988286969, 0.008956350658857979, 0.008807650073206443, 0.008727580527086384, 0.008727580527086384, 0.008784773060029283, 0.008807650073206443, 0.008750457540263544, 0.009002104685212299, 0.008739019033674963, 0.008899158125915081, 0.008956350658857979, 0.008773334553440702, 0.009070735724743777, 0.00891059663250366, 0.00893347364568082, 0.008841965592972182, 0.008704703513909224, 0.009013543191800878, 0.009345259882869692, 0.008693265007320644, 0.008784773060029283, 0.008956350658857979, 0.009002104685212299, 0.009002104685212299, 0.008670387994143484, 0.0089449121522694, 0.008853404099560761, 0.008876281112737921, 0.009059297218155198, 0.00886484260614934, 0.008658949487554905, 0.008167093704245974, 0.007114751098096632, 8.578879941434847e-05]}