{"time": [526.0, 527.0, 527.0, 527.0, 527.0, 530.0, 530.0, 531.0, 531.0, 532.0, 532.0, 532.0, 532.0, 552.0, 553.0, 554.0, 555.0, 556.0, 556.0, 557.0, 558.0, 559.0, 560.0, 561.0, 562.0, 563.0, 564.0, 565.0, 566.0, 567.0, 568.0, 569.0, 570.0, 571.0, 572.0, 573.0, 574.0, 575.0, 576.0, 577.0, 578.0, 579.0, 580.0, 581.0, 582.0, 583.0, 584.0, 585.0, 586.0, 587.0, 588.0, 589.0, 590.0, 591.0, 592.0, 593.0, 594.0, 595.0, 596.0, 597.0, 598.0, 599.0, 600.0, 601.0, 602.0, 603.0, 604.0, 605.0, 606.0, 607.0, 608.0, 609.0, 610.0, 611.0, 612.0, 613.0, 614.0, 615.0, 616.0, 617.0, 617.0, 618.0, 619.0, 620.0, 621.0, 622.0, 623.0, 624.0, 625.0, 626.0, 627.0, 628.0, 629.0, 630.0, 631.0, 632.0, 633.0, 634.0, 635.0, 636.0, 637.0, 638.0, 639.0, 640.0, 641.0, 642.0, 643.0, 644.0, 645.0, 646.0, 647.0, 648.0, 649.0, 650.0, 651.0, 652.0, 653.0, 654.0, 655.0, 656.0, 657.0, 658.0, 659.0, 660.0, 661.0, 662.0, 663.0, 664.0, 665.0, 666.0, 667.0, 668.0, 669.0, 670.0, 671.0, 672.0, 673.0, 674.0, 675.0, 676.0, 677.0, 678.0, 679.0, 680.0, 681.0, 682.0, 683.0, 684.0, 685.0, 686.0, 687.0, 688.0, 689.0, 690.0, 691.0, 692.0, 693.0, 694.0, 695.0, 696.0, 697.0, 698.0, 699.0, 700.0, 701.0, 702.0, 703.0, 704.0, 705.0, 706.0, 707.0, 707.0, 707.0, 707.0], "avg_cpu": [0.0001163482666015625, 7.2479248046875e-05, 0.00024509429931640625, 0.00730133056640625, 0.0, 0.062241735537190084, 0.33987603305785125, 0.3440082644628099, 0.3615702479338843, 0.31887052341597794, 0.3484848484848485, 0.15013774104683195, 0.0, 0.5981848184818482, 0.5907590759075908, 0.5643564356435643, 0.5841584158415841, 0.5973597359735974, 0.5528052805280528, 0.5742574257425742, 0.5602310231023102, 0.5668316831683168, 0.6014851485148515, 0.58003300330033, 0.5742574257425742, 0.5627062706270627, 0.5833333333333334, 0.5932343234323433, 0.5808580858085809, 0.5808580858085809, 0.5775577557755776, 0.5833333333333334, 0.5676567656765676, 0.5635313531353136, 0.5610561056105611, 0.5503300330033003, 0.6039603960396039, 0.5915841584158416, 0.5948844884488449, 0.6039603960396039, 0.5899339933993399, 0.5882838283828383, 0.5858085808580858, 0.6039603960396039, 0.6056105610561056, 0.5915841584158416, 0.5957095709570958, 0.5833333333333334, 0.5792079207920792, 0.599009900990099, 0.5924092409240924, 0.5948844884488449, 0.5907590759075908, 0.5643564356435643, 0.584983498349835, 0.5618811881188119, 0.5841584158415841, 0.5668316831683168, 0.5825082508250825, 0.5792079207920792, 0.5808580858085809, 0.5924092409240924, 0.5841584158415841, 0.5882838283828383, 0.5825082508250825, 0.5726072607260726, 0.5767326732673267, 0.5552805280528053, 0.5264026402640264, 0.523102310231023, 0.5693069306930693, 0.5816831683168316, 0.5453795379537953, 0.5165016501650165, 0.5297029702970297, 0.5132013201320133, 0.5346534653465347, 0.5478547854785478, 0.5338283828382838, 0.5495049504950495, 0.5420792079207921, 0.5767326732673267, 0.5627062706270627, 0.594059405940594, 0.608085808580858, 0.6006600660066007, 0.636963696369637, 0.641914191419142, 0.6171617161716172, 0.6237623762376238, 0.6320132013201321, 0.6006600660066007, 0.6105610561056105, 0.6270627062706271, 0.6254125412541254, 0.6006600660066007, 0.5882838283828383, 0.6155115511551155, 0.5973597359735974, 0.6270627062706271, 0.6146864686468647, 0.6410891089108911, 0.608085808580858, 0.5932343234323433, 0.5816831683168316, 0.6039603960396039, 0.6287128712871287, 0.6113861386138614, 0.6254125412541254, 0.6311881188118812, 0.5635313531353136, 0.6089108910891089, 0.6278877887788779, 0.6287128712871287, 0.6146864686468647, 0.6006600660066007, 0.5404290429042904, 0.8729372937293729, 0.768976897689769, 0.7252475247524752, 0.6740924092409241, 0.6914191419141914, 0.6014851485148515, 0.641914191419142, 0.5965346534653465, 0.6146864686468647, 0.5750825082508251, 0.5915841584158416, 0.5965346534653465, 0.6072607260726073, 0.5726072607260726, 0.6072607260726073, 0.5833333333333334, 0.5651815181518152, 0.6056105610561056, 0.5915841584158416, 0.6245874587458746, 0.6303630363036303, 0.6229372937293729, 0.5915841584158416, 0.6006600660066007, 0.6089108910891089, 0.6138613861386139, 0.6006600660066007, 0.608085808580858, 0.5998349834983498, 0.6014851485148515, 0.6014851485148515, 0.5973597359735974, 0.6064356435643564, 0.599009900990099, 0.6179867986798679, 0.6196369636963697, 0.6146864686468647, 0.5693069306930693, 0.5907590759075908, 0.58003300330033, 0.6163366336633663, 0.5948844884488449, 0.5643564356435643, 0.6452145214521452, 0.6270627062706271, 0.5998349834983498, 0.6163366336633663, 0.6047854785478548, 0.6163366336633663, 0.5965346534653465, 0.6311881188118812, 0.5858085808580858, 0.6163366336633663, 0.5833333333333334, 0.584983498349835, 0.091996699669967, 0.0],