{"time": [5757.0, 5757.0, 5757.0, 5757.0, 5758.0, 5758.0, 5758.0, 5758.0, 5759.0, 5759.0, 5760.0, 5761.0, 5762.0, 5762.0, 5763.0, 5764.0, 5765.0, 5766.0, 5766.0, 5767.0, 5767.0, 5768.0, 5769.0, 5770.0, 5771.0, 5772.0, 5773.0, 5773.0, 5774.0, 5775.0, 5776.0, 5777.0, 5778.0, 5779.0, 5780.0, 5781.0, 5782.0, 5783.0, 5784.0, 5784.0, 5785.0, 5786.0, 5787.0, 5788.0, 5789.0, 5790.0, 5791.0, 5792.0, 5793.0, 5794.0, 5795.0, 5796.0, 5797.0, 5798.0, 5799.0, 5800.0, 5801.0, 5802.0, 5803.0, 5804.0, 5805.0, 5806.0, 5807.0, 5808.0, 5809.0, 5810.0, 5811.0, 5812.0, 5813.0, 5814.0, 5815.0, 5816.0, 5817.0, 5818.0, 5819.0, 5820.0, 5821.0, 5822.0, 5823.0, 5824.0, 5825.0, 5826.0, 5827.0, 5828.0, 5829.0, 5830.0, 5831.0, 5832.0, 5833.0, 5834.0, 5835.0, 5836.0, 5837.0, 5838.0, 5839.0, 5840.0, 5841.0, 5842.0, 5843.0, 5844.0, 5845.0, 5846.0, 5846.0, 5846.0, 5846.0], "avg_cpu": [0.007606229372937294, 0.0922029702970297, 0.1150990099009901, 0.14892739273927394, 0.18193069306930693, 0.22854785478547854, 0.24133663366336633, 0.2784653465346535, 0.3069306930693069, 0.29744224422442245, 0.34694719471947194, 0.3510726072607261, 0.3551980198019802, 0.4005775577557756, 0.3865511551155115, 0.43316831683168316, 0.3696369636963696, 0.4315181518151815, 0.466996699669967, 0.49422442244224424, 0.608085808580858, 0.5536303630363036, 0.4760726072607261, 0.5858085808580858, 0.6138613861386139, 0.5074257425742574, 0.5099009900990099, 0.5948844884488449, 0.5825082508250825, 0.5726072607260726, 0.5594059405940595, 0.5882838283828383, 0.5866336633663366, 0.5841584158415841, 0.6089108910891089, 0.5792079207920792, 0.584983498349835, 0.5825082508250825, 0.5808580858085809, 0.6443894389438944, 0.6097359735973598, 0.6039603960396039, 0.5973597359735974, 0.6221122112211221, 0.6097359735973598, 0.5783828382838284, 0.5792079207920792, 0.6188118811881188, 0.6031353135313532, 0.5957095709570958, 0.58003300330033, 0.5907590759075908, 0.6072607260726073, 0.584983498349835, 0.6163366336633663, 0.6023102310231023, 0.58003300330033, 0.6064356435643564, 0.6237623762376238, 0.613036303630363, 0.6023102310231023, 0.5866336633663366, 0.6303630363036303, 0.6188118811881188, 0.5998349834983498, 0.6171617161716172, 0.6245874587458746, 0.5858085808580858, 0.5998349834983498, 0.6113861386138614, 0.6047854785478548, 0.6014851485148515, 0.613036303630363, 0.6270627062706271, 0.6278877887788779, 0.6188118811881188, 0.6311881188118812, 0.6204620462046204, 0.6303630363036303, 0.6196369636963697, 0.6410891089108911, 0.6270627062706271, 0.6039603960396039, 0.6047854785478548, 0.6138613861386139, 0.6072607260726073, 0.6320132013201321, 0.6270627062706271, 0.6295379537953796, 0.6452145214521452, 0.6138613861386139, 0.599009900990099, 0.6072607260726073, 0.6072607260726073, 0.5973597359735974, 0.5858085808580858, 0.5808580858085809, 0.5858085808580858, 0.5684818481848185, 0.5808580858085809, 0.4933993399339934, 0.00038514593646864686, 0.003467924917491749, 0.0026041666666666665, 0.000578524649339934], "avg_mem": [0.00503294289897511, 0.008613195461200585, 0.009242313323572475, 0.008475933382137629, 0.007949762079062957, 0.007926885065885798, 0.00833867130307467, 0.008761896046852123, 0.008304355783308931, 0.008270040263543192, 0.008407302342606148, 0.008544564421669107, 0.008533125915080528, 0.008876281112737921, 0.008716142020497804, 0.008716142020497804, 0.00841874084919473, 0.008704703513909224, 0.008487371888726208, 0.008647510980966324, 0.010283217423133236, 0.00836154831625183, 0.008658949487554905, 0.008590318448023425, 0.008681826500732064, 0.00886484260614934, 0.008624633967789166, 0.008624633967789166, 0.008567441434846267, 0.008796211566617862, 0.008773334553440702, 0.008453056368960469, 0.008761896046852123, 0.00839586383601757, 0.008636072474377745, 0.008636072474377745, 0.008658949487554905, 0.008407302342606148, 0.008544564421669107, 0.008498810395314787, 0.008578879941434846, 0.008590318448023425, 0.008658949487554905, 0.00886484260614934, 0.008647510980966324, 0.008407302342606148, 0.008636072474377745, 0.008510248901903368, 0.008716142020497804, 0.008487371888726208, 0.008601756954612006, 0.008533125915080528, 0.008430179355783309, 0.008636072474377745, 0.008727580527086384, 0.009551153001464129, 0.008693265007320644, 0.008590318448023425, 0.008475933382137629, 0.008464494875549048, 0.008590318448023425, 0.008590318448023425, 0.008521687408491947, 0.008739019033674963, 0.008658949487554905, 0.008601756954612006, 0.008727580527086384, 0.008807650073206443, 0.008567441434846267, 0.008658949487554905, 0.008681826500732064, 0.008670387994143484, 0.008727580527086384, 0.008830527086383601, 0.008693265007320644, 0.008590318448023425, 0.008670387994143484, 0.008544564421669107, 0.0089449121522694, 0.008613195461200585, 0.00886484260614934, 0.008819088579795022, 0.008670387994143484, 0.008681826500732064, 0.008704703513909224, 0.008601756954612006, 0.008681826500732064, 0.008670387994143484, 0.008647510980966324, 0.008693265007320644, 0.008853404099560761, 0.008784773060029283, 0.008658949487554905, 0.008636072474377745, 0.008784773060029283, 0.00844161786237189, 0.008841965592972182, 0.008704703513909224, 0.008544564421669107, 0.008613195461200585, 0.008247163250366032, 0.006417002196193265, 0.006050969985358712, 0.006050969985358712, 7.435029282576867e-05]}