{"time": [1718.0, 1719.0, 1719.0, 1719.0, 1719.0, 1719.0, 1720.0, 1720.0, 1721.0, 1722.0, 1723.0, 1723.0, 1724.0, 1725.0, 1726.0, 1727.0, 1727.0, 1728.0, 1729.0, 1729.0, 1730.0, 1731.0, 1732.0, 1732.0, 1733.0, 1734.0, 1735.0, 1736.0, 1737.0, 1738.0, 1739.0, 1739.0, 1740.0, 1741.0, 1742.0, 1743.0, 1744.0, 1745.0, 1746.0, 1747.0, 1748.0, 1749.0, 1750.0, 1751.0, 1752.0, 1753.0, 1754.0, 1755.0, 1756.0, 1757.0, 1758.0, 1759.0, 1760.0, 1761.0, 1762.0, 1763.0, 1764.0, 1765.0, 1766.0, 1767.0, 1768.0, 1769.0, 1770.0, 1771.0, 1772.0, 1773.0, 1774.0, 1775.0, 1776.0, 1777.0, 1778.0, 1779.0, 1780.0, 1781.0, 1782.0, 1783.0, 1784.0, 1785.0, 1786.0, 1787.0, 1788.0, 1789.0, 1790.0, 1791.0, 1792.0, 1793.0, 1794.0, 1795.0, 1796.0, 1797.0, 1798.0, 1799.0, 1800.0, 1800.0, 1800.0, 1800.0], "avg_cpu": [0.019363655115511552, 0.23638613861386137, 0.22937293729372937, 0.2334983498349835, 0.27805280528052806, 0.27103960396039606, 0.2508250825082508, 0.3032178217821782, 0.2929042904290429, 0.34735973597359737, 0.32755775577557755, 0.3886138613861386, 0.3725247524752475, 0.37995049504950495, 0.40470297029702973, 0.4249174917491749, 0.5024752475247525, 0.48267326732673266, 0.49257425742574257, 0.5206270627062707, 0.4867986798679868, 0.4933993399339934, 0.5148514851485149, 0.566006600660066, 0.5544554455445545, 0.5585808580858086, 0.5264026402640264, 0.551980198019802, 0.5816831683168316, 0.5594059405940595, 0.514026402640264, 0.5750825082508251, 0.5858085808580858, 0.5891089108910891, 0.5759075907590759, 0.5602310231023102, 0.570957095709571, 0.5618811881188119, 0.5783828382838284, 0.6072607260726073, 0.5948844884488449, 0.5701320132013201, 0.5462046204620462, 0.5627062706270627, 0.5808580858085809, 0.6171617161716172, 0.6138613861386139, 0.5775577557755776, 0.5602310231023102, 0.5511551155115512, 0.5701320132013201, 0.570957095709571, 0.5726072607260726, 0.584983498349835, 0.5965346534653465, 0.5511551155115512, 0.5610561056105611, 0.5643564356435643, 0.5676567656765676, 0.5907590759075908, 0.5965346534653465, 0.5957095709570958, 0.6031353135313532, 0.551980198019802, 0.5643564356435643, 0.5899339933993399, 0.5981848184818482, 0.5808580858085809, 0.5618811881188119, 0.599009900990099, 0.5825082508250825, 0.5717821782178217, 0.5841584158415841, 0.5833333333333334, 0.5973597359735974, 0.6245874587458746, 0.6179867986798679, 0.5957095709570958, 0.594059405940594, 0.5957095709570958, 0.5676567656765676, 0.5792079207920792, 0.556930693069307, 0.5783828382838284, 0.5924092409240924, 0.5841584158415841, 0.5891089108910891, 0.5792079207920792, 0.5577557755775577, 0.5767326732673267, 0.5585808580858086, 0.5701320132013201, 0.27145214521452143, 0.0008669812293729373, 0.0017339624587458745, 0.000496338696369637], "avg_mem": [0.005164485724743777, 0.009608345534407028, 0.009574030014641289, 0.008647510980966324, 0.008830527086383601, 0.008258601756954613, 0.008556002928257686, 0.008739019033674963, 0.008658949487554905, 0.008716142020497804, 0.009139366764275255, 0.008841965592972182, 0.009024981698389459, 0.008693265007320644, 0.009047858711566617, 0.00899066617862372, 0.008796211566617862, 0.008739019033674963, 0.008750457540263544, 0.008841965592972182, 0.00899066617862372, 0.008784773060029283, 0.008899158125915081, 0.008761896046852123, 0.008956350658857979, 0.009162243777452415, 0.009505398975109809, 0.008750457540263544, 0.009070735724743777, 0.009002104685212299, 0.008647510980966324, 0.00893347364568082, 0.008773334553440702, 0.00896778916544656, 0.008956350658857979, 0.009002104685212299, 0.009013543191800878, 0.008979227672035139, 0.008899158125915081, 0.009093612737920937, 0.009299505856515374, 0.009024981698389459, 0.009116489751098097, 0.009185120790629575, 0.0088877196193265, 0.00893347364568082, 0.008876281112737921, 0.00891059663250366, 0.009047858711566617, 0.008796211566617862, 0.008773334553440702, 0.008876281112737921, 0.009036420204978038, 0.008761896046852123, 0.0089449121522694, 0.0088877196193265, 0.008853404099560761, 0.008979227672035139, 0.008853404099560761, 0.00896778916544656, 0.008841965592972182, 0.009596907027818447, 0.008750457540263544, 0.009207997803806735, 0.009162243777452415, 0.008979227672035139, 0.00899066617862372, 0.0088877196193265, 0.008750457540263544, 0.009139366764275255, 0.008876281112737921, 0.009024981698389459, 0.009002104685212299, 0.00893347364568082, 0.00893347364568082, 0.008830527086383601, 0.009105051244509516, 0.00886484260614934, 0.008773334553440702, 0.008841965592972182, 0.009265190336749635, 0.009036420204978038, 0.009116489751098097, 0.008899158125915081, 0.009093612737920937, 0.00892203513909224, 0.009105051244509516, 0.008899158125915081, 0.009299505856515374, 0.00892203513909224, 0.00886484260614934, 0.008979227672035139, 0.008189970717423133, 0.007034681551976574, 0.007011804538799415, 6.291178623718887e-05]}