{"time": [1718.0, 1719.0, 1719.0, 1719.0, 1719.0, 1719.0, 1720.0, 1720.0, 1720.0, 1721.0, 1722.0, 1723.0, 1724.0, 1725.0, 1726.0, 1727.0, 1727.0, 1728.0, 1729.0, 1729.0, 1730.0, 1731.0, 1732.0, 1732.0, 1733.0, 1734.0, 1735.0, 1736.0, 1737.0, 1737.0, 1738.0, 1739.0, 1740.0, 1741.0, 1742.0, 1743.0, 1744.0, 1745.0, 1746.0, 1747.0, 1748.0, 1749.0, 1750.0, 1751.0, 1752.0, 1753.0, 1754.0, 1755.0, 1756.0, 1757.0, 1758.0, 1759.0, 1760.0, 1761.0, 1762.0, 1763.0, 1764.0, 1765.0, 1766.0, 1767.0, 1768.0, 1769.0, 1770.0, 1771.0, 1772.0, 1773.0, 1774.0, 1775.0, 1776.0, 1777.0, 1778.0, 1779.0, 1780.0, 1781.0, 1782.0, 1783.0, 1784.0, 1785.0, 1786.0, 1787.0, 1788.0, 1789.0, 1790.0, 1791.0, 1792.0, 1793.0, 1794.0, 1795.0, 1796.0, 1797.0, 1798.0, 1799.0, 1800.0, 1800.0, 1800.0, 1800.0], "avg_cpu": [0.005227671204620462, 0.10891089108910891, 0.26196369636963696, 0.3180693069306931, 0.3320957095709571, 0.30528052805280526, 0.33044554455445546, 0.3465346534653465, 0.360973597359736, 0.320957095709571, 0.2916666666666667, 0.3164191419141914, 0.3556105610561056, 0.341996699669967, 0.3927392739273927, 0.3943894389438944, 0.5338283828382838, 0.5420792079207921, 0.5016501650165016, 0.5998349834983498, 0.6666666666666666, 0.6394389438943895, 0.5429042904290429, 0.5643564356435643, 0.5536303630363036, 0.6377887788778878, 0.5932343234323433, 0.6996699669966997, 0.6823432343234324, 0.6724422442244224, 0.6155115511551155, 0.5915841584158416, 0.5981848184818482, 0.584983498349835, 0.556930693069307, 0.5684818481848185, 0.5684818481848185, 0.5924092409240924, 0.6287128712871287, 0.5899339933993399, 0.5734323432343235, 0.613036303630363, 0.6113861386138614, 0.5874587458745875, 0.5924092409240924, 0.5841584158415841, 0.5833333333333334, 0.7087458745874587, 0.6105610561056105, 0.5783828382838284, 0.5511551155115512, 0.6460396039603961, 0.6155115511551155, 0.5552805280528053, 0.5354785478547854, 0.6072607260726073, 0.5643564356435643, 0.5882838283828383, 0.5701320132013201, 0.5528052805280528, 0.5734323432343235, 0.5734323432343235, 0.566006600660066, 0.5643564356435643, 0.5998349834983498, 0.6072607260726073, 0.6518151815181518, 0.613036303630363, 0.6163366336633663, 0.5808580858085809, 0.6072607260726073, 0.6146864686468647, 0.5750825082508251, 0.6320132013201321, 0.6674917491749175, 0.608085808580858, 0.6105610561056105, 0.5907590759075908, 0.5965346534653465, 0.6278877887788779, 0.5907590759075908, 0.6377887788778878, 0.5825082508250825, 0.5866336633663366, 0.5965346534653465, 0.5932343234323433, 0.5899339933993399, 0.5899339933993399, 0.5858085808580858, 0.5792079207920792, 0.6105610561056105, 0.608085808580858, 0.3032178217821782, 0.009540016501650164, 0.00043349061468646863, 0.0013020833333333333], "avg_mem": [0.0029682924597364568, 0.007858254026354318, 0.01006588579795022, 0.00896778916544656, 0.008258601756954613, 0.008807650073206443, 0.008739019033674963, 0.008578879941434846, 0.008521687408491947, 0.008670387994143484, 0.008761896046852123, 0.008670387994143484, 0.008773334553440702, 0.008773334553440702, 0.008567441434846267, 0.0088877196193265, 0.0089449121522694, 0.00892203513909224, 0.00892203513909224, 0.008727580527086384, 0.00891059663250366, 0.009047858711566617, 0.008727580527086384, 0.009059297218155198, 0.008773334553440702, 0.00896778916544656, 0.009013543191800878, 0.008819088579795022, 0.008750457540263544, 0.008750457540263544, 0.008693265007320644, 0.00892203513909224, 0.00892203513909224, 0.00886484260614934, 0.00886484260614934, 0.008841965592972182, 0.008704703513909224, 0.009551153001464129, 0.009036420204978038, 0.008796211566617862, 0.008727580527086384, 0.00899066617862372, 0.009116489751098097, 0.008841965592972182, 0.008899158125915081, 0.008761896046852123, 0.008704703513909224, 0.009059297218155198, 0.00886484260614934, 0.00891059663250366, 0.008899158125915081, 0.00886484260614934, 0.008876281112737921, 0.009024981698389459, 0.008739019033674963, 0.008899158125915081, 0.008670387994143484, 0.0089449121522694, 0.00886484260614934, 0.008739019033674963, 0.009219436310395315, 0.00886484260614934, 0.009002104685212299, 0.0089449121522694, 0.0089449121522694, 0.008841965592972182, 0.0088877196193265, 0.008853404099560761, 0.008807650073206443, 0.008830527086383601, 0.008979227672035139, 0.008899158125915081, 0.009059297218155198, 0.00896778916544656, 0.00896778916544656, 0.0088877196193265, 0.008819088579795022, 0.00893347364568082, 0.009070735724743777, 0.008956350658857979, 0.009139366764275255, 0.0088877196193265, 0.008796211566617862, 0.008876281112737921, 0.009196559297218155, 0.00893347364568082, 0.009059297218155198, 0.00899066617862372, 0.008876281112737921, 0.009036420204978038, 0.0088877196193265, 0.008727580527086384, 0.008178532210834553, 0.0066686493411420205, 0.0066686493411420205, 8.864842606149341e-05]}