{"time": [1718.0, 1719.0, 1719.0, 1719.0, 1719.0, 1720.0, 1721.0, 1721.0, 1722.0, 1723.0, 1723.0, 1724.0, 1725.0, 1726.0, 1727.0, 1727.0, 1728.0, 1728.0, 1729.0, 1730.0, 1731.0, 1731.0, 1732.0, 1733.0, 1734.0, 1735.0, 1736.0, 1737.0, 1738.0, 1738.0, 1739.0, 1740.0, 1741.0, 1742.0, 1743.0, 1744.0, 1745.0, 1746.0, 1747.0, 1748.0, 1749.0, 1750.0, 1751.0, 1752.0, 1753.0, 1754.0, 1755.0, 1756.0, 1757.0, 1758.0, 1759.0, 1760.0, 1761.0, 1762.0, 1763.0, 1764.0, 1765.0, 1766.0, 1767.0, 1768.0, 1769.0, 1770.0, 1771.0, 1772.0, 1773.0, 1774.0, 1775.0, 1776.0, 1777.0, 1778.0, 1779.0, 1780.0, 1781.0, 1782.0, 1783.0, 1784.0, 1785.0, 1786.0, 1787.0, 1788.0, 1789.0, 1790.0, 1791.0, 1792.0, 1793.0, 1794.0, 1795.0, 1796.0, 1797.0, 1798.0, 1799.0, 1800.0, 1800.0, 1800.0, 1800.0], "avg_cpu": [0.002955471328382838, 0.18337458745874588, 0.22978547854785478, 0.25783828382838286, 0.22318481848184818, 0.36674917491749176, 0.5008250825082509, 0.43564356435643564, 0.375, 0.3584983498349835, 0.40305280528052806, 0.46204620462046203, 0.4137788778877888, 0.3857260726072607, 0.3857260726072607, 0.4273927392739274, 0.4315181518151815, 0.4265676567656766, 0.4867986798679868, 0.49834983498349833, 0.49257425742574257, 0.523102310231023, 0.5313531353135313, 0.5363036303630363, 0.533003300330033, 0.5577557755775577, 0.5594059405940595, 0.523102310231023, 0.5206270627062707, 0.6056105610561056, 0.58003300330033, 0.5998349834983498, 0.5932343234323433, 0.5816831683168316, 0.5635313531353136, 0.5899339933993399, 0.5643564356435643, 0.5627062706270627, 0.5676567656765676, 0.5561056105610561, 0.566006600660066, 0.5577557755775577, 0.5577557755775577, 0.5561056105610561, 0.5742574257425742, 0.566006600660066, 0.5602310231023102, 0.5552805280528053, 0.5577557755775577, 0.5717821782178217, 0.5585808580858086, 0.5726072607260726, 0.5561056105610561, 0.5602310231023102, 0.5759075907590759, 0.5693069306930693, 0.5536303630363036, 0.5594059405940595, 0.5528052805280528, 0.5693069306930693, 0.5816831683168316, 0.5717821782178217, 0.5602310231023102, 0.5627062706270627, 0.566006600660066, 0.5775577557755776, 0.5726072607260726, 0.6229372937293729, 0.5759075907590759, 0.5981848184818482, 0.5816831683168316, 0.5684818481848185, 0.5627062706270627, 0.5750825082508251, 0.5775577557755776, 0.5701320132013201, 0.5775577557755776, 0.5528052805280528, 0.6031353135313532, 0.5726072607260726, 0.5816831683168316, 0.5866336633663366, 0.5775577557755776, 0.5783828382838284, 0.5767326732673267, 0.570957095709571, 0.5767326732673267, 0.5676567656765676, 0.5759075907590759, 0.5750825082508251, 0.5701320132013201, 0.26567656765676567, 0.0017339624587458745, 0.003467924917491749, 0.00014503403465346534], "avg_mem": [0.00839586383601757, 0.01784407027818448, 0.018736273792093704, 0.017752562225475842, 0.016974743777452415, 0.017752562225475842, 0.01718063689604685, 0.017249267935578332, 0.017912701317715957, 0.017706808199121522, 0.017363653001464127, 0.017569546120058566, 0.01784407027818448, 0.01731789897510981, 0.01782119326500732, 0.01722639092240117, 0.017569546120058566, 0.018255856515373352, 0.017752562225475842, 0.017455161054172767, 0.017478038067349926, 0.01841599560761347, 0.017752562225475842, 0.017706808199121522, 0.01798133235724744, 0.017546669106881404, 0.01793557833089312, 0.017912701317715957, 0.017661054172767202, 0.01743228404099561, 0.017638177159590044, 0.017615300146412886, 0.017798316251830162, 0.018232979502196194, 0.018164348462664716, 0.017523792093704246, 0.017615300146412886, 0.017912701317715957, 0.017638177159590044, 0.017775439238653, 0.017683931185944364, 0.017661054172767202, 0.017363653001464127, 0.018027086383601756, 0.01784407027818448, 0.018210102489019032, 0.01782119326500732, 0.017912701317715957, 0.017706808199121522, 0.01734077598828697, 0.018072840409956076, 0.017569546120058566, 0.017638177159590044, 0.018095717423133234, 0.017638177159590044, 0.018599011713030748, 0.018004209370424597, 0.01786694729136164, 0.017683931185944364, 0.01786694729136164, 0.017775439238653, 0.0178898243045388, 0.01784407027818448, 0.017455161054172767, 0.018141471449487554, 0.017455161054172767, 0.01832448755490483, 0.018072840409956076, 0.017706808199121522, 0.0178898243045388, 0.01887353587115666, 0.01784407027818448, 0.017958455344070277, 0.017798316251830162, 0.017523792093704246, 0.01793557833089312, 0.017638177159590044, 0.017638177159590044, 0.02001738653001464, 0.018027086383601756, 0.018232979502196194, 0.01784407027818448, 0.017958455344070277, 0.0178898243045388, 0.018027086383601756, 0.018187225475841874, 0.018072840409956076, 0.017661054172767202, 0.017775439238653, 0.017775439238653, 0.017661054172767202, 0.015945278184480233, 0.014641288433382138, 0.014641288433382138, 0.00014870058565153734]}