{"time": [1716.0, 1717.0, 1718.0, 1719.0, 1719.0, 1720.0, 1721.0, 1721.0, 1722.0, 1723.0, 1724.0, 1725.0, 1726.0, 1727.0, 1728.0, 1729.0, 1730.0, 1731.0, 1732.0, 1733.0, 1734.0, 1735.0, 1736.0, 1737.0, 1738.0, 1739.0, 1740.0, 1741.0, 1742.0, 1743.0, 1744.0, 1745.0, 1746.0, 1747.0, 1748.0, 1749.0, 1750.0, 1751.0, 1752.0, 1753.0, 1754.0, 1755.0, 1756.0, 1757.0, 1758.0, 1759.0, 1760.0, 1761.0, 1762.0, 1763.0, 1764.0, 1765.0, 1766.0, 1767.0, 1768.0, 1769.0, 1770.0, 1771.0, 1772.0, 1773.0, 1774.0, 1775.0, 1776.0, 1777.0, 1778.0, 1779.0, 1780.0, 1781.0, 1782.0, 1783.0, 1784.0, 1785.0, 1786.0, 1787.0, 1788.0, 1789.0, 1790.0, 1791.0, 1792.0, 1793.0, 1794.0, 1795.0, 1796.0, 1797.0, 1798.0, 1799.0, 1800.0, 1800.0, 1800.0, 1800.0], "avg_cpu": [0.09310263653483992, 0.06438323917137477, 0.1899717514124294, 0.4110169491525424, 0.5207156308851224, 0.4340866290018832, 0.6412429378531074, 0.6760828625235404, 0.6751412429378532, 0.5903954802259888, 0.608286252354049, 0.7495291902071564, 0.724105461393597, 0.7354048964218456, 0.7391713747645952, 0.7231638418079096, 0.7523540489642184, 0.7504708097928436, 0.7344632768361582, 0.716572504708098, 0.6807909604519774, 0.7109227871939736, 0.743879472693032, 0.7448210922787194, 0.7288135593220338, 0.6977401129943502, 0.6986817325800376, 0.6958568738229756, 0.6638418079096046, 0.6694915254237288, 0.6760828625235404, 0.7288135593220338, 0.7128060263653484, 0.7033898305084746, 0.7259887005649718, 0.7024482109227872, 0.7062146892655368, 0.6807909604519774, 0.7288135593220338, 0.7015065913370998, 0.6939736346516008, 0.7354048964218456, 0.7175141242937854, 0.7062146892655368, 0.6864406779661016, 0.6911487758945386, 0.6892655367231638, 0.7052730696798494, 0.7372881355932204, 0.6911487758945386, 0.7005649717514124, 0.7382297551789078, 0.7259887005649718, 0.7156308851224106, 0.7325800376647834, 0.7052730696798494, 0.7156308851224106, 0.6949152542372882, 0.687382297551789, 0.6789077212806026, 0.7476459510357816, 0.7278719397363466, 0.7297551789077212, 0.6892655367231638, 0.6770244821092278, 0.667608286252354, 0.699623352165725, 0.7052730696798494, 0.7090395480225988, 0.716572504708098, 0.7071563088512242, 0.7175141242937854, 0.724105461393597, 0.7090395480225988, 0.711864406779661, 0.6949152542372882, 0.7024482109227872, 0.67984934086629, 0.6930320150659134, 0.6864406779661016, 0.6986817325800376, 0.6939736346516008, 0.6836158192090396, 0.6977401129943502, 0.6892655367231638, 0.704331450094162, 0.3545197740112994, 0.001953125, 0.0029278483992467045, 0.00024276129943502826], "avg_mem": [0.014732796486090776, 0.016013909224011712, 0.01832448755490483, 0.0233803074670571, 0.0245699121522694, 0.02443265007320644, 0.024112371888726208, 0.025164714494875548, 0.02388360175695461, 0.024249633967789164, 0.023700585651537334, 0.024386896046852125, 0.024203879941434848, 0.02443265007320644, 0.024112371888726208, 0.024066617862371888, 0.023792093704245974, 0.02388360175695461, 0.024203879941434848, 0.024386896046852125, 0.024066617862371888, 0.024203879941434848, 0.024066617862371888, 0.02452415812591508, 0.023654831625183018, 0.024386896046852125, 0.02388360175695461, 0.024203879941434848, 0.024615666178623718, 0.023837847730600294, 0.02392935578330893, 0.02392935578330893, 0.024203879941434848, 0.024295387994143484, 0.024295387994143484, 0.024661420204978038, 0.024112371888726208, 0.02443265007320644, 0.02452415812591508, 0.02402086383601757, 0.02452415812591508, 0.024386896046852125, 0.02452415812591508, 0.02447840409956076, 0.024295387994143484, 0.024386896046852125, 0.024112371888726208, 0.02402086383601757, 0.02397510980966325, 0.024066617862371888, 0.02452415812591508, 0.02388360175695461, 0.02447840409956076, 0.02443265007320644, 0.024158125915080528, 0.024203879941434848, 0.024295387994143484, 0.024112371888726208, 0.02392935578330893, 0.024341142020497804, 0.024158125915080528, 0.024341142020497804, 0.02402086383601757, 0.0245699121522694, 0.023837847730600294, 0.024798682284040995, 0.02397510980966325, 0.024203879941434848, 0.024112371888726208, 0.024249633967789164, 0.02397510980966325, 0.028870790629575403, 0.024295387994143484, 0.024249633967789164, 0.024158125915080528, 0.024341142020497804, 0.024249633967789164, 0.024295387994143484, 0.02447840409956076, 0.024295387994143484, 0.024203879941434848, 0.024341142020497804, 0.026034040995607615, 0.024203879941434848, 0.024752928257686678, 0.024707174231332358, 0.022808382137628112, 0.02001738653001464, 0.010077324304538799, 0.00012010431918008785]}