{"time": [1719.0, 1720.0, 1720.0, 1720.0, 1721.0, 1721.0, 1722.0, 1723.0, 1724.0, 1725.0, 1726.0, 1727.0, 1727.0, 1728.0, 1729.0, 1729.0, 1730.0, 1731.0, 1732.0, 1732.0, 1733.0, 1734.0, 1735.0, 1736.0, 1737.0, 1737.0, 1738.0, 1739.0, 1740.0, 1741.0, 1742.0, 1743.0, 1744.0, 1745.0, 1746.0, 1747.0, 1748.0, 1749.0, 1750.0, 1751.0, 1752.0, 1753.0, 1754.0, 1755.0, 1756.0, 1757.0, 1758.0, 1759.0, 1760.0, 1761.0, 1762.0, 1763.0, 1764.0, 1765.0, 1766.0, 1767.0, 1768.0, 1769.0, 1770.0, 1771.0, 1772.0, 1773.0, 1774.0, 1775.0, 1776.0, 1777.0, 1778.0, 1779.0, 1780.0, 1781.0, 1782.0, 1783.0, 1784.0, 1785.0, 1786.0, 1787.0, 1788.0, 1789.0, 1790.0, 1791.0, 1792.0, 1793.0, 1794.0, 1795.0, 1796.0, 1797.0, 1798.0, 1799.0, 1800.0, 1800.0, 1800.0, 1800.0], "avg_cpu": [0.010042801155115511, 0.3580858085808581, 0.40965346534653463, 0.43564356435643564, 0.40924092409240925, 0.4240924092409241, 0.4240924092409241, 0.3683993399339934, 0.33374587458745875, 0.3704620462046205, 0.389026402640264, 0.3972772277227723, 0.5099009900990099, 0.4735973597359736, 0.5008250825082509, 0.4834983498349835, 0.5041254125412541, 0.5313531353135313, 0.5288778877887789, 0.551980198019802, 0.5701320132013201, 0.5396039603960396, 0.533003300330033, 0.6146864686468647, 0.5602310231023102, 0.6006600660066007, 0.599009900990099, 0.5973597359735974, 0.6179867986798679, 0.5841584158415841, 0.5552805280528053, 0.5668316831683168, 0.5742574257425742, 0.683993399339934, 0.6460396039603961, 0.6138613861386139, 0.5973597359735974, 0.5783828382838284, 0.5792079207920792, 0.5825082508250825, 0.6039603960396039, 0.5907590759075908, 0.6831683168316832, 0.7103960396039604, 0.5998349834983498, 0.5858085808580858, 0.5858085808580858, 0.6089108910891089, 0.6402640264026402, 0.6056105610561056, 0.5858085808580858, 0.570957095709571, 0.5808580858085809, 0.5965346534653465, 0.6221122112211221, 0.6452145214521452, 0.6204620462046204, 0.5693069306930693, 0.5891089108910891, 0.6212871287128713, 0.5973597359735974, 0.6138613861386139, 0.6196369636963697, 0.6188118811881188, 0.6245874587458746, 0.6072607260726073, 0.5833333333333334, 0.6262376237623762, 0.5899339933993399, 0.6361386138613861, 0.6287128712871287, 0.5808580858085809, 0.566006600660066, 0.5882838283828383, 0.5627062706270627, 0.6006600660066007, 0.7128712871287128, 0.636963696369637, 0.556930693069307, 0.6831683168316832, 0.6493399339933993, 0.6196369636963697, 0.5973597359735974, 0.58003300330033, 0.5742574257425742, 0.5635313531353136, 0.5726072607260726, 0.5478547854785478, 0.2632013201320132, 0.000578524649339934, 0.0, 0.0014455058787128713], "avg_mem": [0.006577141288433382, 0.018599011713030748, 0.018210102489019032, 0.018072840409956076, 0.017798316251830162, 0.01729502196193265, 0.017409407027818447, 0.01731789897510981, 0.0178898243045388, 0.01782119326500732, 0.017752562225475842, 0.01786694729136164, 0.017615300146412886, 0.017706808199121522, 0.017363653001464127, 0.017615300146412886, 0.01727214494875549, 0.017752562225475842, 0.017478038067349926, 0.017523792093704246, 0.01784407027818448, 0.01798133235724744, 0.01882778184480234, 0.01837024158125915, 0.01793557833089312, 0.017455161054172767, 0.01798133235724744, 0.01839311859443631, 0.017638177159590044, 0.01837024158125915, 0.017706808199121522, 0.017661054172767202, 0.01782119326500732, 0.018782027818448024, 0.01772968521229868, 0.017798316251830162, 0.017661054172767202, 0.01782119326500732, 0.017958455344070277, 0.018118594436310396, 0.018027086383601756, 0.017409407027818447, 0.018049963396778917, 0.017615300146412886, 0.017638177159590044, 0.017683931185944364, 0.01837024158125915, 0.018004209370424597, 0.017752562225475842, 0.018095717423133234, 0.017798316251830162, 0.017363653001464127, 0.017912701317715957, 0.01786694729136164, 0.018049963396778917, 0.01786694729136164, 0.01772968521229868, 0.01839311859443631, 0.017706808199121522, 0.0178898243045388, 0.017912701317715957, 0.018118594436310396, 0.01782119326500732, 0.018644765739385064, 0.02001738653001464, 0.017958455344070277, 0.018072840409956076, 0.01853038067349927, 0.017912701317715957, 0.018210102489019032, 0.018804904831625183, 0.017683931185944364, 0.01793557833089312, 0.018255856515373352, 0.018164348462664716, 0.01841599560761347, 0.017661054172767202, 0.01786694729136164, 0.018027086383601756, 0.017798316251830162, 0.01832448755490483, 0.018232979502196194, 0.017912701317715957, 0.017478038067349926, 0.017798316251830162, 0.01786694729136164, 0.017455161054172767, 0.018118594436310396, 0.015922401171303075, 0.013177159590043924, 0.004792734260614934, 0.00014298133235724744]}