{"time": [530.0, 530.0, 531.0, 531.0, 532.0, 533.0, 534.0, 535.0, 535.0, 535.0, 535.0, 536.0, 557.0, 558.0, 559.0, 560.0, 561.0, 562.0, 563.0, 563.0, 563.0, 563.0, 564.0, 564.0, 564.0, 564.0, 564.0, 564.0, 564.0, 565.0, 566.0, 567.0, 568.0, 569.0, 570.0, 571.0, 572.0, 573.0, 574.0, 575.0, 576.0, 577.0, 578.0, 579.0, 580.0, 581.0, 582.0, 583.0, 584.0, 585.0, 586.0, 587.0, 588.0, 589.0, 590.0, 591.0, 592.0, 593.0, 594.0, 595.0, 596.0, 597.0, 598.0, 599.0, 600.0, 601.0, 602.0, 603.0, 604.0, 605.0, 606.0, 607.0, 608.0, 609.0, 610.0, 611.0, 612.0, 613.0, 614.0, 615.0, 616.0, 616.0, 617.0, 618.0, 619.0, 620.0, 621.0, 622.0, 623.0, 624.0, 625.0, 626.0, 627.0, 628.0, 629.0, 630.0, 631.0, 632.0, 633.0, 634.0, 635.0, 636.0, 637.0, 638.0, 639.0, 640.0, 641.0, 642.0, 643.0, 644.0, 645.0, 646.0, 647.0, 648.0, 649.0, 650.0, 651.0, 652.0, 653.0, 654.0, 655.0, 656.0, 657.0, 658.0, 659.0, 660.0, 661.0, 662.0, 663.0, 664.0, 665.0, 666.0, 667.0, 668.0, 669.0, 670.0, 671.0, 672.0, 673.0, 674.0, 675.0, 676.0, 677.0, 678.0, 679.0, 680.0, 681.0, 682.0, 683.0, 684.0, 685.0, 686.0, 687.0, 688.0, 689.0, 690.0, 691.0, 692.0, 693.0, 694.0, 695.0, 696.0, 697.0, 698.0, 699.0, 700.0, 701.0, 702.0, 703.0, 704.0, 705.0, 706.0, 707.0, 707.0, 707.0, 707.0], "avg_cpu": [0.052495874587458746, 0.6056105610561056, 0.6105610561056105, 0.594059405940594, 0.599009900990099, 0.5874587458745875, 0.5643564356435643, 0.5981848184818482, 0.5957095709570958, 0.24174917491749176, 0.0, 0.0, 0.3427734375, 0.3115234375, 0.31005859375, 0.29931640625, 0.30126953125, 0.302734375, 0.3076171875, 0.2958984375, 0.0, 0.0, 0.2534435261707989, 0.35537190082644626, 0.0, 0.0, 0.0, 0.0, 0.47112211221122113, 0.5825082508250825, 0.5734323432343235, 0.5775577557755776, 0.6155115511551155, 0.613036303630363, 0.6006600660066007, 0.6410891089108911, 0.6518151815181518, 0.566006600660066, 0.6617161716171617, 0.6311881188118812, 0.6089108910891089, 0.641914191419142, 0.6047854785478548, 0.5676567656765676, 0.5717821782178217, 0.5866336633663366, 0.5891089108910891, 0.5891089108910891, 0.5693069306930693, 0.5610561056105611, 0.5528052805280528, 0.5552805280528053, 0.5742574257425742, 0.5866336633663366, 0.5750825082508251, 0.5594059405940595, 0.594059405940594, 0.5783828382838284, 0.5858085808580858, 0.5891089108910891, 0.5866336633663366, 0.5726072607260726, 0.5808580858085809, 0.5825082508250825, 0.5981848184818482, 0.5981848184818482, 0.5891089108910891, 0.5783828382838284, 0.5701320132013201, 0.5684818481848185, 0.5445544554455446, 0.4966996699669967, 0.5379537953795379, 0.5173267326732673, 0.5123762376237624, 0.5115511551155115, 0.5123762376237624, 0.5, 0.5379537953795379, 0.5420792079207921, 0.528052805280528, 0.5998349834983498, 0.5470297029702971, 0.5495049504950495, 0.5618811881188119, 0.556930693069307, 0.5668316831683168, 0.6278877887788779, 0.6031353135313532, 0.6287128712871287, 0.6361386138613861, 0.6410891089108911, 0.5957095709570958, 0.5767326732673267, 0.6262376237623762, 0.6064356435643564, 0.6691419141914191, 0.6592409240924092, 0.6204620462046204, 0.5602310231023102, 0.6344884488448845, 0.6270627062706271, 0.6485148514851485, 0.6262376237623762, 0.5825082508250825, 0.566006600660066, 0.6567656765676567, 0.6295379537953796, 0.5932343234323433, 0.5899339933993399, 0.5825082508250825, 0.6056105610561056, 0.6006600660066007, 0.5948844884488449, 0.5965346534653465, 0.5726072607260726, 0.5618811881188119, 0.5676567656765676, 0.6427392739273927, 0.8044554455445545, 0.6889438943894389, 0.5783828382838284, 0.6683168316831684, 0.6270627062706271, 0.6435643564356436, 0.6262376237623762, 0.6155115511551155, 0.5635313531353136, 0.6204620462046204, 0.6344884488448845, 0.6014851485148515, 0.6039603960396039, 0.6295379537953796, 0.6443894389438944, 0.6311881188118812, 0.6047854785478548, 0.6460396039603961, 0.6303630363036303, 0.6336633663366337, 0.6485148514851485, 0.6377887788778878, 0.6435643564356436, 0.6278877887788779, 0.6072607260726073, 0.5932343234323433, 0.6047854785478548, 0.6493399339933993, 0.6212871287128713, 0.6204620462046204, 0.584983498349835, 0.6155115511551155, 0.6039603960396039, 0.6031353135313532, 0.6196369636963697, 0.6278877887788779, 0.6113861386138614, 0.6064356435643564, 0.5965346534653465, 0.6262376237623762, 0.5767326732673267, 0.5965346534653465, 0.5998349834983498, 0.5792079207920792, 0.5957095709570958, 0.6179867986798679, 0.6674917491749175, 0.650990099009901, 0.6468646864686468, 0.6311881188118812, 0.6295379537953796, 0.5924092409240924, 0.6633663366336634, 0.608085808580858, 0.6336633663366337, 0.0008669812293729373, 0.0],