{"time": [1718.0, 1719.0, 1719.0, 1719.0, 1719.0, 1719.0, 1720.0, 1720.0, 1721.0, 1722.0, 1722.0, 1723.0, 1724.0, 1725.0, 1726.0, 1726.0, 1727.0, 1728.0, 1728.0, 1729.0, 1730.0, 1731.0, 1732.0, 1733.0, 1734.0, 1734.0, 1735.0, 1736.0, 1737.0, 1738.0, 1739.0, 1739.0, 1740.0, 1741.0, 1742.0, 1743.0, 1744.0, 1745.0, 1746.0, 1747.0, 1748.0, 1749.0, 1750.0, 1751.0, 1752.0, 1753.0, 1754.0, 1755.0, 1756.0, 1757.0, 1758.0, 1759.0, 1760.0, 1761.0, 1762.0, 1763.0, 1764.0, 1765.0, 1766.0, 1767.0, 1768.0, 1769.0, 1770.0, 1771.0, 1772.0, 1773.0, 1774.0, 1775.0, 1776.0, 1777.0, 1778.0, 1779.0, 1780.0, 1781.0, 1782.0, 1783.0, 1784.0, 1785.0, 1786.0, 1787.0, 1788.0, 1789.0, 1790.0, 1791.0, 1792.0, 1793.0, 1794.0, 1795.0, 1796.0, 1797.0, 1798.0, 1799.0, 1800.0, 1800.0, 1800.0, 1800.0], "avg_cpu": [0.13325082508250824, 0.2933168316831683, 0.30981848184818483, 0.3069306930693069, 0.29496699669966997, 0.31064356435643564, 0.31064356435643564, 0.3217821782178218, 0.31518151815181517, 0.33745874587458746, 0.41914191419141916, 0.38242574257425743, 0.3981023102310231, 0.40717821782178215, 0.35354785478547857, 0.43646864686468645, 0.4504950495049505, 0.4661716171617162, 0.5486798679867987, 0.533003300330033, 0.5693069306930693, 0.48184818481848185, 0.466996699669967, 0.4909240924092409, 0.4768976897689769, 0.5346534653465347, 0.5742574257425742, 0.5478547854785478, 0.518976897689769, 0.5247524752475248, 0.5074257425742574, 0.5561056105610561, 0.5684818481848185, 0.6113861386138614, 0.5957095709570958, 0.584983498349835, 0.5973597359735974, 0.5742574257425742, 0.6039603960396039, 0.5594059405940595, 0.5668316831683168, 0.5668316831683168, 0.5651815181518152, 0.5585808580858086, 0.58003300330033, 0.5528052805280528, 0.5932343234323433, 0.48102310231023104, 0.4179042904290429, 0.4933993399339934, 0.5585808580858086, 0.6047854785478548, 0.6179867986798679, 0.5841584158415841, 0.58003300330033, 0.6146864686468647, 0.5717821782178217, 0.5585808580858086, 0.5511551155115512, 0.5297029702970297, 0.5676567656765676, 0.5742574257425742, 0.5429042904290429, 0.551980198019802, 0.5288778877887789, 0.5412541254125413, 0.5767326732673267, 0.6188118811881188, 0.5825082508250825, 0.5585808580858086, 0.5924092409240924, 0.5635313531353136, 0.5594059405940595, 0.5783828382838284, 0.5907590759075908, 0.584983498349835, 0.5915841584158416, 0.6023102310231023, 0.5742574257425742, 0.556930693069307, 0.6064356435643564, 0.5841584158415841, 0.5618811881188119, 0.608085808580858, 0.5882838283828383, 0.613036303630363, 0.5767326732673267, 0.5676567656765676, 0.5453795379537953, 0.570957095709571, 0.5627062706270627, 0.6089108910891089, 0.2607260726072607, 0.0013020833333333333, 0.0008669812293729373, 0.0008669812293729373], "avg_mem": [0.007297767203513909, 0.009448206442166911, 0.008533125915080528, 0.009036420204978038, 0.008819088579795022, 0.008521687408491947, 0.008773334553440702, 0.009024981698389459, 0.008750457540263544, 0.008899158125915081, 0.008899158125915081, 0.008819088579795022, 0.009196559297218155, 0.008658949487554905, 0.009825677159590044, 0.008716142020497804, 0.008693265007320644, 0.0089449121522694, 0.00896778916544656, 0.008956350658857979, 0.008681826500732064, 0.0088877196193265, 0.00899066617862372, 0.008773334553440702, 0.008807650073206443, 0.008773334553440702, 0.008750457540263544, 0.008796211566617862, 0.008899158125915081, 0.008739019033674963, 0.008487371888726208, 0.009059297218155198, 0.009082174231332358, 0.009002104685212299, 0.00892203513909224, 0.009105051244509516, 0.0089449121522694, 0.008796211566617862, 0.009047858711566617, 0.008773334553440702, 0.00892203513909224, 0.008727580527086384, 0.008841965592972182, 0.008773334553440702, 0.009127928257686676, 0.00892203513909224, 0.009185120790629575, 0.008773334553440702, 0.008807650073206443, 0.008739019033674963, 0.009036420204978038, 0.00891059663250366, 0.008807650073206443, 0.008739019033674963, 0.00892203513909224, 0.009288067349926793, 0.008761896046852123, 0.008830527086383601, 0.008761896046852123, 0.008716142020497804, 0.009162243777452415, 0.008761896046852123, 0.009288067349926793, 0.008807650073206443, 0.008830527086383601, 0.0088877196193265, 0.00899066617862372, 0.00893347364568082, 0.009105051244509516, 0.0088877196193265, 0.008807650073206443, 0.008773334553440702, 0.009082174231332358, 0.00893347364568082, 0.008761896046852123, 0.0089449121522694, 0.009024981698389459, 0.010191709370424597, 0.008979227672035139, 0.009288067349926793, 0.00891059663250366, 0.008830527086383601, 0.009013543191800878, 0.00899066617862372, 0.00893347364568082, 0.008773334553440702, 0.008670387994143484, 0.008830527086383601, 0.009299505856515374, 0.008819088579795022, 0.00892203513909224, 0.009047858711566617, 0.008006954612005856, 0.006462756222547585, 0.006451317715959005, 7.435029282576867e-05]}