{"time": [5994.0, 5995.0, 5995.0, 5995.0, 5996.0, 5997.0, 5997.0, 5997.0, 5997.0, 5997.0, 5998.0, 5999.0, 6000.0, 6000.0, 6001.0, 6001.0, 6001.0, 6001.0, 6001.0, 6002.0, 6003.0, 6003.0, 6003.0, 6004.0, 6004.0, 6005.0, 6005.0, 6006.0, 6007.0, 6008.0, 6009.0, 6010.0, 6011.0, 6012.0, 6013.0, 6014.0, 6015.0, 6016.0, 6017.0, 6018.0, 6019.0, 6020.0, 6021.0, 6022.0, 6023.0, 6024.0, 6025.0, 6026.0, 6027.0, 6028.0, 6029.0, 6030.0, 6031.0, 6032.0, 6033.0, 6034.0, 6035.0, 6036.0, 6037.0, 6038.0, 6039.0, 6040.0, 6041.0, 6042.0, 6043.0, 6044.0, 6045.0, 6046.0, 6047.0, 6048.0, 6049.0, 6050.0, 6051.0, 6052.0, 6053.0, 6054.0, 6055.0, 6056.0, 6057.0, 6058.0, 6059.0, 6060.0, 6061.0, 6062.0, 6063.0, 6064.0, 6065.0, 6066.0, 6067.0, 6068.0, 6069.0, 6070.0, 6071.0, 6072.0, 6073.0, 6074.0, 6075.0, 6076.0, 6077.0, 6078.0, 6079.0, 6080.0, 6081.0, 6082.0, 6083.0, 6084.0, 6085.0, 6086.0, 6087.0, 6088.0, 6089.0, 6090.0, 6091.0, 6092.0, 6093.0, 6094.0, 6095.0, 6096.0, 6097.0, 6098.0, 6099.0, 6100.0, 6101.0, 6102.0, 6103.0, 6104.0, 6105.0, 6106.0, 6107.0, 6108.0, 6109.0, 6110.0, 6111.0, 6112.0, 6113.0, 6114.0, 6115.0, 6116.0, 6117.0, 6118.0, 6119.0, 6120.0, 6121.0, 6122.0, 6123.0, 6124.0, 6125.0, 6126.0, 6127.0, 6128.0, 6129.0, 6130.0, 6131.0, 6132.0, 6133.0, 6134.0, 6135.0, 6136.0, 6137.0, 6138.0, 6139.0, 6140.0, 6141.0, 6142.0, 6143.0, 6144.0, 6145.0, 6146.0, 6147.0, 6148.0, 6149.0, 6150.0, 6151.0, 6152.0, 6153.0, 6154.0, 6155.0, 6156.0, 6157.0, 6158.0, 6159.0, 6160.0, 6161.0, 6162.0, 6163.0, 6164.0, 6165.0, 6166.0, 6167.0, 6168.0, 6169.0, 6170.0, 6171.0, 6172.0, 6173.0, 6174.0, 6175.0, 6176.0, 6177.0, 6177.0, 6177.0, 6177.0], "avg_cpu": [0.0367431640625, 0.0682373046875, 0.0005559921264648438, 0.0009450912475585938, 0.00762939453125, 0.0005474090576171875, 0.0005521774291992188, 0.003376007080078125, 0.0, 0.0005326704545454545, 0.00022060089531680441, 0.04924242424242424, 0.17734159779614325, 0.20730027548209368, 0.18009641873278237, 0.08789600550964187, 0.0, 0.07153925619834711, 0.0, 0.0, 0.0, 0.0, 0.1534839924670433, 0.5150659133709982, 0.5753295668549906, 0.5753295668549906, 0.6450094161958568, 0.6337099811676082, 0.6346516007532956, 0.6506591337099812, 0.6318267419962336, 0.6318267419962336, 0.6261770244821092, 0.6299435028248588, 0.6299435028248588, 0.623352165725047, 0.6308851224105462, 0.635593220338983, 0.6308851224105462, 0.632768361581921, 0.6252354048964218, 0.6261770244821092, 0.632768361581921, 0.623352165725047, 0.6299435028248588, 0.6271186440677966, 0.6308851224105462, 0.6224105461393596, 0.6365348399246704, 0.6346516007532956, 0.632768361581921, 0.6290018832391714, 0.632768361581921, 0.6299435028248588, 0.6450094161958568, 0.6318267419962336, 0.6299435028248588, 0.6337099811676082, 0.6534839924670434, 0.6563088512241054, 0.6346516007532956, 0.6299435028248588, 0.6629001883239172, 0.6337099811676082, 0.6581920903954802, 0.6534839924670434, 0.6581920903954802, 0.6318267419962336, 0.6440677966101694, 0.635593220338983, 0.6365348399246704, 0.6779661016949152, 0.647834274952919, 0.6384180790960452, 0.6666666666666666, 0.6337099811676082, 0.6290018832391714, 0.6224105461393596, 0.6290018832391714, 0.6290018832391714, 0.6591337099811676, 0.6516007532956686, 0.6271186440677966, 0.6129943502824858, 0.6308851224105462, 0.632768361581921, 0.6421845574387948, 0.635593220338983, 0.6308851224105462, 0.6299435028248588, 0.6581920903954802, 0.6591337099811676, 0.6741996233521658, 0.6826741996233522, 0.6534839924670434, 0.6450094161958568, 0.635593220338983, 0.6440677966101694, 0.6337099811676082, 0.6318267419962336, 0.6365348399246704, 0.6412429378531074, 0.6497175141242938, 0.6346516007532956, 0.6610169491525424, 0.6384180790960452, 0.6384180790960452, 0.6308851224105462, 0.6346516007532956, 0.628060263653484, 0.635593220338983, 0.6412429378531074, 0.635593220338983, 0.635593220338983, 0.6365348399246704, 0.628060263653484, 0.6337099811676082, 0.6290018832391714, 0.632768361581921, 0.6299435028248588, 0.6497175141242938, 0.64030131826742, 0.6346516007532956, 0.64030131826742, 0.6506591337099812, 0.635593220338983, 0.635593220338983, 0.6308851224105462, 0.6384180790960452, 0.6337099811676082, 0.6431261770244822, 0.7052730696798494, 0.8192090395480226, 0.6864406779661016, 0.6685499058380414, 0.6958568738229756, 0.6685499058380414, 0.7080979284369114, 0.7269303201506592, 0.7391713747645952, 0.6694915254237288, 0.647834274952919, 0.6440677966101694, 0.6591337099811676, 0.7156308851224106, 0.7146892655367232, 0.6657250470809792, 0.6826741996233522, 0.6506591337099812, 0.7080979284369114, 0.7109227871939736, 0.6318267419962336, 0.6318267419962336, 0.6261770244821092, 0.6581920903954802, 0.628060263653484, 0.628060263653484, 0.6261770244821092, 0.632768361581921, 0.6760828625235404, 0.6704331450094162, 0.6572504708097928, 0.6666666666666666, 0.6977401129943502, 0.664783427495292, 0.6374764595103578, 0.6365348399246704, 0.6261770244821092, 0.6337099811676082, 0.6393596986817326, 0.6318267419962336, 0.6638418079096046, 0.64030131826742, 0.6318267419962336, 0.6384180790960452, 0.6346516007532956, 0.6610169491525424, 0.652542372881356, 0.6374764595103578, 0.6544256120527306, 0.628060263653484, 0.6214689265536724, 0.6252354048964218, 0.6290018832391714, 0.6308851224105462, 0.6224105461393596, 0.6224105461393596, 0.6261770244821092, 0.6308851224105462, 0.632768361581921, 0.6224105461393596, 0.623352165725047, 0.6261770244821092, 0.6308851224105462, 0.6261770244821092, 0.6497175141242938, 0.632768361581921, 0.6261770244821092, 0.6384180790960452, 0.6421845574387948, 0.64030131826742, 0.010652071563088512],