{"time": [530.0, 530.0, 531.0, 531.0, 532.0, 533.0, 534.0, 535.0, 536.0, 537.0, 538.0, 539.0, 540.0, 540.0, 541.0, 542.0, 543.0, 544.0, 545.0, 546.0, 547.0, 548.0, 549.0, 550.0, 551.0, 552.0, 553.0, 554.0, 555.0, 556.0, 556.0, 557.0, 558.0, 559.0, 560.0, 561.0, 562.0, 563.0, 564.0, 565.0, 566.0, 567.0, 568.0, 569.0, 570.0, 571.0, 571.0, 571.0, 571.0, 584.0, 585.0, 586.0, 587.0, 588.0, 589.0, 590.0, 591.0, 592.0, 593.0, 594.0, 595.0, 596.0, 597.0, 598.0, 599.0, 600.0, 601.0, 602.0, 603.0, 604.0, 605.0, 606.0, 607.0, 608.0, 609.0, 610.0, 611.0, 612.0, 613.0, 614.0, 615.0, 616.0, 617.0, 618.0, 619.0, 620.0, 621.0, 622.0, 623.0, 624.0, 625.0, 626.0, 627.0, 628.0, 629.0, 630.0, 631.0, 632.0, 633.0, 634.0, 635.0, 636.0, 637.0, 638.0, 639.0, 640.0, 641.0, 642.0, 643.0, 644.0, 645.0, 646.0, 647.0, 648.0, 649.0, 650.0, 651.0, 652.0, 653.0, 653.0, 653.0, 653.0], "avg_cpu": [0.30363036303630364, 0.698019801980198, 0.7004950495049505, 0.6773927392739274, 0.6575907590759076, 0.6410891089108911, 0.6542904290429042, 0.6848184818481848, 0.6600660066006601, 0.6674917491749175, 0.6534653465346535, 0.6716171617161716, 0.7136963696369637, 0.6922442244224423, 0.7433993399339934, 0.6724422442244224, 0.6864686468646864, 0.6724422442244224, 0.6749174917491749, 0.6856435643564357, 0.693069306930693, 0.6633663366336634, 0.6633663366336634, 0.6823432343234324, 0.6740924092409241, 0.6856435643564357, 0.6831683168316832, 0.7202970297029703, 0.5041254125412541, 0.7194719471947195, 0.6427392739273927, 0.683993399339934, 0.6773927392739274, 0.7202970297029703, 0.6914191419141914, 0.6072607260726073, 0.6765676567656765, 0.7136963696369637, 0.6971947194719472, 0.655940594059406, 0.6641914191419142, 0.6617161716171617, 0.6749174917491749, 0.6782178217821783, 0.5610561056105611, 0.5354785478547854, 0.7211221122112211, 0.0009910659034653465, 0.0, 0.16068481848184818, 0.6056105610561056, 0.5717821782178217, 0.6072607260726073, 0.5957095709570958, 0.5899339933993399, 0.6105610561056105, 0.6188118811881188, 0.650990099009901, 0.6122112211221122, 0.6204620462046204, 0.6460396039603961, 0.594059405940594, 0.6254125412541254, 0.6254125412541254, 0.49422442244224424, 0.5222772277227723, 0.5396039603960396, 0.6006600660066007, 0.6031353135313532, 0.5676567656765676, 0.5726072607260726, 0.5346534653465347, 0.5544554455445545, 0.6163366336633663, 0.6097359735973598, 0.5891089108910891, 0.5948844884488449, 0.5759075907590759, 0.5668316831683168, 0.5998349834983498, 0.5957095709570958, 0.5734323432343235, 0.5973597359735974, 0.5651815181518152, 0.5767326732673267, 0.6113861386138614, 0.5915841584158416, 0.613036303630363, 0.5627062706270627, 0.5899339933993399, 0.5783828382838284, 0.5866336633663366, 0.5726072607260726, 0.6089108910891089, 0.6105610561056105, 0.6229372937293729, 0.6031353135313532, 0.6394389438943895, 0.6344884488448845, 0.599009900990099, 0.6295379537953796, 0.5858085808580858, 0.6237623762376238, 0.6377887788778878, 0.6336633663366337, 0.5973597359735974, 0.6064356435643564, 0.5783828382838284, 0.5981848184818482, 0.6245874587458746, 0.5973597359735974, 0.6287128712871287, 0.6287128712871287, 0.5816831683168316, 0.5915841584158416, 0.6122112211221122, 0.599009900990099, 0.6105610561056105, 0.5957095709570958, 0.5932343234323433, 0.0006752140057755775, 0.0], "avg_mem": [0.030929721815519767, 0.08043557833089311, 0.07549414348462664, 0.0770497803806735, 0.0825402635431918, 0.08793923865300146, 0.08565153733528551, 0.08876281112737922, 0.09004392386530015, 0.08867130307467057, 0.08290629575402636, 0.09269765739385066, 0.09095900439238654, 0.08620058565153733, 0.07933748169838946, 0.07915446559297218, 0.082997803806735, 0.09050146412884334, 0.09288067349926793, 0.0899524158125915, 0.09169106881405564, 0.08857979502196194, 0.09004392386530015, 0.09022693997071743, 0.0911420204978038, 0.09169106881405564, 0.08848828696925329, 0.08903733528550513, 0.08775622254758418, 0.09141654465592972, 0.08976939970717424, 0.0899524158125915, 0.08839677891654465, 0.08931185944363104, 0.09288067349926793, 0.08720717423133235, 0.091599560761347, 0.09269765739385066, 0.0904099560761347, 0.08748169838945827, 0.09077598828696926, 0.09306368960468521, 0.0923316251830161, 0.09187408491947291, 0.08839677891654465, 0.08784773060029283, 0.07988653001464129, 0.0011438506588579795, 0.0006748718887262079, 0.01672309663250366, 0.09141654465592972, 0.09013543191800878, 0.08912884333821376, 0.08674963396778916, 0.08748169838945827, 0.08345534407027819, 0.09196559297218156, 0.08574304538799414, 0.08784773060029283, 0.087298682284041, 0.09196559297218156, 0.08793923865300146, 0.08748169838945827, 0.09773060029282576, 0.09388726207906296, 0.08748169838945827, 0.09663250366032211, 0.08903733528550513, 0.087298682284041, 0.08986090775988287, 0.08757320644216691, 0.08674963396778916, 0.09251464128843338, 0.0951683748169839, 0.08894582723279648, 0.08949487554904832, 0.09141654465592972, 0.08766471449487555, 0.0865666178623719, 0.09132503660322108, 0.09086749633967789, 0.09013543191800878, 0.08674963396778916, 0.08620058565153733, 0.08766471449487555, 0.09141654465592972, 0.08684114202049781, 0.08857979502196194, 0.09196559297218156, 0.08857979502196194, 0.08748169838945827, 0.08986090775988287, 0.08949487554904832, 0.08510248901903368, 0.08793923865300146, 0.08848828696925329, 0.09086749633967789, 0.08894582723279648, 0.09571742313323572, 0.08848828696925329, 0.08958638360175696, 0.0904099560761347, 0.09461932650073207, 0.09169106881405564, 0.08720717423133235, 0.08739019033674963, 0.09068448023426061, 0.08684114202049781, 0.08821376281112737, 0.0927891654465593, 0.08931185944363104, 0.08775622254758418, 0.08565153733528551, 0.08986090775988287, 0.08940336749633968, 0.0865666178623719, 0.08931185944363104, 0.08702415812591507, 0.08400439238653001, 0.08482796486090775, 0.0011838854319180087, 0.0007320644216691069]}