{"time": [530.0, 530.0, 531.0, 531.0, 532.0, 533.0, 534.0, 535.0, 536.0, 537.0, 538.0, 539.0, 540.0, 540.0, 541.0, 542.0, 543.0, 544.0, 545.0, 546.0, 547.0, 548.0, 549.0, 550.0, 551.0, 552.0, 553.0, 554.0, 555.0, 556.0, 556.0, 557.0, 558.0, 559.0, 560.0, 561.0, 562.0, 563.0, 564.0, 565.0, 566.0, 567.0, 568.0, 569.0, 570.0, 571.0, 571.0, 571.0, 571.0, 578.0, 579.0, 580.0, 581.0, 582.0, 583.0, 584.0, 585.0, 586.0, 587.0, 588.0, 589.0, 590.0, 591.0, 592.0, 593.0, 594.0, 595.0, 596.0, 597.0, 598.0, 599.0, 600.0, 601.0, 602.0, 603.0, 604.0, 605.0, 606.0, 607.0, 608.0, 609.0, 610.0, 611.0, 612.0, 613.0, 614.0, 615.0, 616.0, 617.0, 618.0, 619.0, 620.0, 621.0, 622.0, 623.0, 624.0, 625.0, 626.0, 627.0, 628.0, 629.0, 630.0, 631.0, 632.0, 633.0, 634.0, 635.0, 636.0, 637.0, 638.0, 639.0, 640.0, 641.0, 642.0, 643.0, 644.0, 645.0, 646.0, 647.0, 648.0, 649.0, 650.0, 651.0, 652.0, 653.0, 653.0, 653.0, 653.0], "avg_cpu": [0.13572607260726072, 0.5536303630363036, 0.5008250825082509, 0.5239273927392739, 0.5173267326732673, 0.5470297029702971, 0.6171617161716172, 0.5759075907590759, 0.5717821782178217, 0.6006600660066007, 0.6452145214521452, 0.5858085808580858, 0.6361386138613861, 0.5635313531353136, 0.5924092409240924, 0.5899339933993399, 0.58003300330033, 0.5610561056105611, 0.6047854785478548, 0.5726072607260726, 0.5528052805280528, 0.5759075907590759, 0.5833333333333334, 0.5503300330033003, 0.5495049504950495, 0.6047854785478548, 0.5734323432343235, 0.49174917491749176, 0.5907590759075908, 0.5264026402640264, 0.58003300330033, 0.5643564356435643, 0.5272277227722773, 0.5684818481848185, 0.6237623762376238, 0.613036303630363, 0.5973597359735974, 0.6023102310231023, 0.6072607260726073, 0.6221122112211221, 0.556930693069307, 0.5495049504950495, 0.533003300330033, 0.551980198019802, 0.5412541254125413, 0.6089108910891089, 0.5495049504950495, 0.1514026402640264, 0.0, 0.5998349834983498, 0.6443894389438944, 0.6806930693069307, 0.5462046204620462, 0.5198019801980198, 0.523102310231023, 0.518976897689769, 0.5272277227722773, 0.5156765676567657, 0.49834983498349833, 0.518976897689769, 0.5074257425742574, 0.5041254125412541, 0.5503300330033003, 0.5214521452145214, 0.599009900990099, 0.5825082508250825, 0.5742574257425742, 0.5742574257425742, 0.6625412541254125, 0.5255775577557755, 0.6443894389438944, 0.6749174917491749, 0.6344884488448845, 0.5338283828382838, 0.5371287128712872, 0.5338283828382838, 0.5354785478547854, 0.5486798679867987, 0.5148514851485149, 0.5041254125412541, 0.5099009900990099, 0.5255775577557755, 0.5841584158415841, 0.5503300330033003, 0.5321782178217822, 0.5214521452145214, 0.5486798679867987, 0.5387788778877888, 0.5206270627062707, 0.5247524752475248, 0.5074257425742574, 0.5123762376237624, 0.5008250825082509, 0.5082508250825083, 0.5371287128712872, 0.5057755775577558, 0.5156765676567657, 0.5214521452145214, 0.584983498349835, 0.5321782178217822, 0.5544554455445545, 0.528052805280528, 0.5313531353135313, 0.6031353135313532, 0.6023102310231023, 0.5610561056105611, 0.5478547854785478, 0.5643564356435643, 0.5717821782178217, 0.5891089108910891, 0.5602310231023102, 0.5552805280528053, 0.5321782178217822, 0.5577557755775577, 0.528052805280528, 0.49422442244224424, 0.5214521452145214, 0.5511551155115512, 0.5684818481848185, 0.5552805280528053, 0.5742574257425742, 0.5651815181518152, 0.5099009900990099, 0.5396039603960396, 0.7079207920792079, 0.5808580858085809, 0.0007815722978547854, 0.0], "avg_mem": [0.008590318448023425, 0.042642752562225474, 0.04117862371888726, 0.043237554904831624, 0.04236822840409956, 0.04360358711566618, 0.044335651537335284, 0.04456442166910688, 0.043146046852122984, 0.04278001464128843, 0.043740849194729134, 0.044015373352855054, 0.04200219619326501, 0.045021961932650074, 0.042230966325036604, 0.04351207906295754, 0.043832357247437774, 0.04310029282576867, 0.04310029282576867, 0.04438140556368961, 0.04438140556368961, 0.042917276720351394, 0.042642752562225474, 0.04227672035139092, 0.042917276720351394, 0.04300878477306003, 0.043740849194729134, 0.042322474377745244, 0.04337481698389458, 0.04168191800878477, 0.0570095168374817, 0.044015373352855054, 0.043923865300146414, 0.043146046852122984, 0.04328330893118595, 0.04657759882869693, 0.04328330893118595, 0.043329062957540264, 0.04410688140556369, 0.04465592972181552, 0.04255124450951684, 0.04296303074670571, 0.04575402635431918, 0.04259699853587116, 0.04396961932650073, 0.04186493411420205, 0.04122437774524158, 0.0007863973279648609, 0.0003402955710102489, 0.04259699853587116, 0.04250549048316252, 0.043923865300146414, 0.04195644216691069, 0.040217789165446556, 0.04200219619326501, 0.04227672035139092, 0.03898243045387994, 0.04346632503660322, 0.042825768667642754, 0.04085834553440703, 0.040492313323572476, 0.04191068814055637, 0.041315885797950216, 0.04035505124450952, 0.044244143484626644, 0.04177342606149341, 0.04186493411420205, 0.04287152269399707, 0.04406112737920937, 0.04213945827232796, 0.04159040995607614, 0.041407393850658857, 0.039806002928257686, 0.040217789165446556, 0.0410413616398243, 0.04200219619326501, 0.04094985358711566, 0.04369509516837482, 0.04136163982430454, 0.04360358711566618, 0.03806734992679356, 0.03875366032210834, 0.040400805270863836, 0.040812591508052706, 0.03907393850658858, 0.04241398243045388, 0.039806002928257686, 0.039302708638360176, 0.04094985358711566, 0.039897510980966326, 0.039806002928257686, 0.0412701317715959, 0.04122437774524158, 0.040995607613469986, 0.03857064421669107, 0.04191068814055637, 0.03847913616398243, 0.04259699853587116, 0.03898243045387994, 0.035001830161054175, 0.035596632503660325, 0.0424597364568082, 0.03948572474377745, 0.04044655929721815, 0.040217789165446556, 0.043329062957540264, 0.040217789165446556, 0.03317166910688141, 0.035001830161054175, 0.03413250366032211, 0.04410688140556369, 0.039211200585651536, 0.039897510980966326, 0.039989019033674966, 0.04241398243045388, 0.03884516837481698, 0.04213945827232796, 0.037106515373352855, 0.04319180087847731, 0.039302708638360176, 0.042322474377745244, 0.03847913616398243, 0.04044655929721815, 0.03884516837481698, 0.045433748169838944, 0.03847913616398243, 0.0008664668740849194, 0.0003517340775988287]}