{"time": [1718.0, 1719.0, 1719.0, 1719.0, 1719.0, 1719.0, 1720.0, 1720.0, 1721.0, 1722.0, 1723.0, 1723.0, 1724.0, 1725.0, 1726.0, 1727.0, 1728.0, 1728.0, 1729.0, 1729.0, 1730.0, 1731.0, 1732.0, 1732.0, 1733.0, 1734.0, 1735.0, 1736.0, 1737.0, 1738.0, 1739.0, 1739.0, 1740.0, 1741.0, 1742.0, 1743.0, 1744.0, 1745.0, 1746.0, 1747.0, 1748.0, 1749.0, 1750.0, 1751.0, 1752.0, 1753.0, 1754.0, 1755.0, 1756.0, 1757.0, 1758.0, 1759.0, 1760.0, 1761.0, 1762.0, 1763.0, 1764.0, 1765.0, 1766.0, 1767.0, 1768.0, 1769.0, 1770.0, 1771.0, 1772.0, 1773.0, 1774.0, 1775.0, 1776.0, 1777.0, 1778.0, 1779.0, 1780.0, 1781.0, 1782.0, 1783.0, 1784.0, 1785.0, 1786.0, 1787.0, 1788.0, 1789.0, 1790.0, 1791.0, 1792.0, 1793.0, 1794.0, 1795.0, 1796.0, 1797.0, 1798.0, 1799.0, 1800.0, 1800.0, 1800.0, 1800.0], "avg_cpu": [0.002884565800330033, 0.1778052805280528, 0.2702145214521452, 0.2400990099009901, 0.24216171617161716, 0.2466996699669967, 0.22772277227722773, 0.3325082508250825, 0.297029702970297, 0.3386963696369637, 0.43481848184818483, 0.42574257425742573, 0.39645214521452143, 0.3816006600660066, 0.4372937293729373, 0.45957095709570955, 0.4513201320132013, 0.5816831683168316, 0.6394389438943895, 0.5957095709570958, 0.5651815181518152, 0.5354785478547854, 0.6039603960396039, 0.6336633663366337, 0.5767326732673267, 0.5420792079207921, 0.5528052805280528, 0.5404290429042904, 0.5585808580858086, 0.5816831683168316, 0.6047854785478548, 0.6476897689768977, 0.6262376237623762, 0.6402640264026402, 0.6377887788778878, 0.6188118811881188, 0.6146864686468647, 0.6039603960396039, 0.6146864686468647, 0.6311881188118812, 0.6204620462046204, 0.6221122112211221, 0.6196369636963697, 0.5907590759075908, 0.6039603960396039, 0.5915841584158416, 0.6204620462046204, 0.6171617161716172, 0.6311881188118812, 0.6394389438943895, 0.641914191419142, 0.6394389438943895, 0.6204620462046204, 0.6361386138613861, 0.655940594059406, 0.6237623762376238, 0.6295379537953796, 0.5734323432343235, 0.6146864686468647, 0.6031353135313532, 0.5981848184818482, 0.5907590759075908, 0.5924092409240924, 0.6006600660066007, 0.6155115511551155, 0.6072607260726073, 0.5915841584158416, 0.5932343234323433, 0.641914191419142, 0.6014851485148515, 0.5965346534653465, 0.6493399339933993, 0.6303630363036303, 0.5965346534653465, 0.6031353135313532, 0.6658415841584159, 0.613036303630363, 0.6204620462046204, 0.5915841584158416, 0.5998349834983498, 0.6171617161716172, 0.6031353135313532, 0.5759075907590759, 0.5676567656765676, 0.5981848184818482, 0.6229372937293729, 0.6278877887788779, 0.613036303630363, 0.5998349834983498, 0.6237623762376238, 0.5907590759075908, 0.6526402640264026, 0.2887788778877888, 0.0026041666666666665, 0.0014455058787128713, 0.0010120152640264027], "avg_mem": [0.003980600292825769, 0.008453056368960469, 0.00941389092240117, 0.008681826500732064, 0.008830527086383601, 0.008807650073206443, 0.00844161786237189, 0.008727580527086384, 0.008807650073206443, 0.00886484260614934, 0.00886484260614934, 0.008578879941434846, 0.008773334553440702, 0.008899158125915081, 0.008670387994143484, 0.00886484260614934, 0.00899066617862372, 0.0088877196193265, 0.00841874084919473, 0.008681826500732064, 0.008739019033674963, 0.008784773060029283, 0.00891059663250366, 0.008647510980966324, 0.008899158125915081, 0.00899066617862372, 0.008773334553440702, 0.008670387994143484, 0.008716142020497804, 0.009047858711566617, 0.008761896046852123, 0.013131405563689604, 0.008979227672035139, 0.008830527086383601, 0.008841965592972182, 0.00893347364568082, 0.00892203513909224, 0.008784773060029283, 0.008613195461200585, 0.00886484260614934, 0.009013543191800878, 0.008876281112737921, 0.008739019033674963, 0.008784773060029283, 0.0089449121522694, 0.008750457540263544, 0.009002104685212299, 0.008830527086383601, 0.008899158125915081, 0.008658949487554905, 0.008853404099560761, 0.008693265007320644, 0.008876281112737921, 0.009127928257686676, 0.008739019033674963, 0.008750457540263544, 0.008956350658857979, 0.009059297218155198, 0.009024981698389459, 0.00896778916544656, 0.008784773060029283, 0.008670387994143484, 0.008693265007320644, 0.008841965592972182, 0.008830527086383601, 0.008853404099560761, 0.008876281112737921, 0.009173682284040996, 0.008841965592972182, 0.008761896046852123, 0.009036420204978038, 0.008716142020497804, 0.00899066617862372, 0.009024981698389459, 0.00892203513909224, 0.008899158125915081, 0.008819088579795022, 0.00896778916544656, 0.009047858711566617, 0.008773334553440702, 0.00886484260614934, 0.008807650073206443, 0.008956350658857979, 0.008761896046852123, 0.009002104685212299, 0.008693265007320644, 0.0088877196193265, 0.009036420204978038, 0.008830527086383601, 0.0088877196193265, 0.008784773060029283, 0.008784773060029283, 0.008087024158125915, 0.007240574670571011, 0.007229136163982431, 7.720991947291362e-05]}