{"time": [2195.0, 2195.0, 2195.0, 2196.0, 2196.0, 2197.0, 2198.0, 2199.0, 2200.0, 2200.0, 2201.0, 2202.0, 2203.0, 2203.0, 2204.0, 2205.0, 2206.0, 2207.0, 2208.0, 2209.0, 2210.0, 2211.0, 2211.0, 2212.0, 2213.0, 2214.0, 2215.0, 2216.0, 2217.0, 2218.0, 2219.0, 2220.0, 2221.0, 2222.0, 2223.0, 2224.0, 2225.0, 2226.0, 2226.0, 2227.0, 2228.0, 2229.0, 2230.0, 2231.0, 2232.0, 2233.0, 2234.0, 2234.0, 2235.0, 2236.0, 2237.0, 2238.0, 2239.0, 2239.0, 2239.0, 2239.0], "avg_cpu": [0.0026777306967984936, 0.2871939736346516, 0.5084745762711864, 0.4778719397363465, 0.5207156308851224, 0.5056497175141242, 0.524482109227872, 0.5451977401129944, 0.5574387947269304, 0.5546139359698682, 0.5404896421845574, 0.576271186440678, 0.5781544256120528, 0.5357815442561206, 0.449623352165725, 0.3790018832391714, 0.4312617702448211, 0.5254237288135594, 0.5527306967984934, 0.6016949152542372, 0.5932203389830508, 0.5772128060263654, 0.5772128060263654, 0.5207156308851224, 0.5160075329566854, 0.4905838041431262, 0.4830508474576271, 0.5084745762711864, 0.4769303201506591, 0.60075329566855, 0.4806967984934087, 0.3681732580037665, 0.4001883239171375, 0.5037664783427496, 0.672316384180791, 0.6864406779661016, 0.6892655367231638, 0.6807909604519774, 0.6911487758945386, 0.6958568738229756, 0.6666666666666666, 0.6836158192090396, 0.6421845574387948, 0.6854990583804144, 0.6892655367231638, 0.6779661016949152, 0.6431261770244822, 0.6393596986817326, 0.6883239171374764, 0.6101694915254238, 0.5376647834274952, 0.5706214689265536, 0.012756002824858757, 0.0009747233992467043, 0.02489406779661017, 0.002074505649717514], "avg_mem": [0.0027738378477306005, 0.006760157393850659, 0.008235724743777453, 0.00841874084919473, 0.007469344802342607, 0.00726345168374817, 0.007537975841874085, 0.007961200585651538, 0.0078125, 0.008144216691068814, 0.008052708638360176, 0.008098462664714494, 0.007995516105417277, 0.007938323572474378, 0.007949762079062957, 0.007858254026354318, 0.00780106149341142, 0.00784681551976574, 0.007949762079062957, 0.00782393850658858, 0.00780106149341142, 0.007766745973645681, 0.007755307467057101, 0.00784681551976574, 0.00783537701317716, 0.007766745973645681, 0.007755307467057101, 0.00783537701317716, 0.007778184480234261, 0.00780106149341142, 0.00783537701317716, 0.007732430453879942, 0.008212847730600293, 0.008430179355783309, 0.008098462664714494, 0.007984077598828698, 0.007938323572474378, 0.007938323572474378, 0.007915446559297218, 0.007938323572474378, 0.00836154831625183, 0.008029831625183016, 0.00831579428989751, 0.008670387994143484, 0.008670387994143484, 0.00837298682284041, 0.008064147144948755, 0.008052708638360176, 0.008029831625183016, 0.008235724743777453, 0.008670387994143484, 0.008624633967789166, 0.007583729868228404, 0.00726345168374817, 0.0038318997071742312, 0.0002688049048316252]}