{"time": [568.0, 569.0, 570.0, 571.0, 571.0, 572.0, 572.0, 572.0, 590.0, 591.0, 591.0, 592.0, 592.0, 592.0, 592.0, 593.0, 594.0, 595.0, 596.0, 597.0, 598.0, 599.0, 600.0, 601.0, 602.0, 603.0, 604.0, 605.0, 606.0, 607.0, 608.0, 609.0, 610.0, 611.0, 612.0, 613.0, 614.0, 615.0, 616.0, 617.0, 618.0, 619.0, 620.0, 621.0, 622.0, 623.0, 624.0, 625.0, 626.0, 627.0, 627.0, 627.0, 627.0, 628.0, 629.0, 630.0, 631.0, 632.0, 633.0, 634.0, 635.0, 636.0, 637.0, 638.0, 639.0, 640.0, 641.0, 642.0, 643.0, 644.0, 645.0, 646.0, 646.0, 646.0, 646.0, 646.0, 647.0, 648.0, 648.0, 648.0, 648.0, 648.0, 649.0, 650.0, 651.0, 652.0, 653.0, 654.0, 655.0, 656.0, 657.0, 657.0, 657.0, 657.0], "avg_cpu": [0.7211221122112211, 0.929042904290429, 0.8316831683168316, 0.7788778877887789, 0.8646864686468647, 0.8762376237623762, 0.7343234323432343, 0.0, 0.3642578125, 0.3828125, 0.3759765625, 0.32373046875, 0.0, 0.0, 0.7891414141414141, 0.8181818181818182, 0.8131313131313131, 0.8295454545454546, 0.797979797979798, 0.7727272727272727, 0.7664141414141414, 0.7436868686868687, 0.7436868686868687, 0.7626262626262627, 0.7992424242424242, 0.8106060606060606, 0.8181818181818182, 0.8194444444444444, 0.8194444444444444, 0.8232323232323232, 0.8181818181818182, 0.8131313131313131, 0.8093434343434344, 0.8080808080808081, 0.797979797979798, 0.8068181818181818, 0.8017676767676768, 0.7904040404040404, 0.803030303030303, 0.797979797979798, 0.7866161616161617, 0.8017676767676768, 0.7840909090909091, 0.7891414141414141, 0.7840909090909091, 0.7815656565656566, 0.7853535353535354, 0.7878787878787878, 0.7714646464646465, 0.7702020202020202, 0.7676767676767676, 0.16145833333333334, 0.0, 0.2907331975560081, 0.31771894093686354, 0.32077393075356414, 0.31568228105906315, 0.3075356415478615, 0.34164969450101834, 0.38289205702647655, 0.3574338085539715, 0.34012219959266804, 0.32331975560081466, 0.34317718940936864, 0.35030549898167007, 0.4847250509164969, 0.39613034623217924, 0.39969450101832993, 0.40376782077393075, 0.420061099796334, 0.4063136456211813, 0.40376782077393075, 0.3818737270875764, 0.26171079429735233, 0.0, 0.32382892057026474, 0.40274949083503053, 0.4394093686354379, 0.3533604887983707, 0.3920570264765784, 0.006897594195519348, 0.100830078125, 0.4013671875, 0.37451171875, 0.34375, 0.40576171875, 0.40234375, 0.384765625, 0.34765625, 0.34130859375, 0.35546875, 0.40185546875, 0.140380859375, 0.0], "avg_mem": [0.03706076134699854, 0.04589128843338214, 0.043237554904831624, 0.041819180087847733, 0.04529648609077599, 0.05096998535871157, 0.002805293740849195, 0.0009122209004392386, 0.02557373046875, 0.030029296875, 0.021759033203125, 0.01904296875, 0.00257110595703125, 0.0009250640869140625, 0.09068448023426061, 0.08830527086383602, 0.08052708638360176, 0.08739019033674963, 0.08308931185944363, 0.07732430453879942, 0.0865666178623719, 0.08409590043923865, 0.08592606149341142, 0.08748169838945827, 0.08482796486090775, 0.08080161054172767, 0.08098462664714495, 0.08446193265007321, 0.08556002928257686, 0.08116764275256222, 0.08391288433382138, 0.0734809663250366, 0.0865666178623719, 0.0837298682284041, 0.08052708638360176, 0.0832723279648609, 0.08629209370424597, 0.09004392386530015, 0.08848828696925329, 0.08473645680819912, 0.08308931185944363, 0.08446193265007321, 0.08464494875549049, 0.07686676427525622, 0.08281478770131771, 0.08427891654465593, 0.08235724743777452, 0.08976939970717424, 0.0801610541727672, 0.08830527086383602, 0.06789897510980966, 0.0008807650073206442, 0.0006291178623718887, 0.025909423828125, 0.02838134765625, 0.027923583984375, 0.028533935546875, 0.030426025390625, 0.02978515625, 0.027923583984375, 0.02886962890625, 0.029083251953125, 0.029205322265625, 0.029998779296875, 0.029693603515625, 0.03057861328125, 0.02935791015625, 0.03009033203125, 0.0283203125, 0.029449462890625, 0.029632568359375, 0.029998779296875, 0.03289794921875, 0.000640869140625, 0.0002269744873046875, 0.027313232421875, 0.031219482421875, 0.028778076171875, 0.02740478515625, 0.0004367828369140625, 0.000274658203125, 0.00241851806640625, 0.0150299072265625, 0.0148773193359375, 0.01409912109375, 0.01513671875, 0.015228271484375, 0.014801025390625, 0.01434326171875, 0.014312744140625, 0.0153656005859375, 0.01129150390625, 0.0003643035888671875, 0.00020122528076171875]}