{"time": [564.0, 565.0, 566.0, 567.0, 568.0, 569.0, 570.0, 571.0, 571.0, 571.0, 571.0, 589.0, 590.0, 591.0, 591.0, 592.0, 592.0, 592.0, 593.0, 594.0, 595.0, 595.0, 595.0, 595.0, 596.0, 597.0, 598.0, 599.0, 600.0, 601.0, 602.0, 603.0, 604.0, 605.0, 606.0, 607.0, 608.0, 609.0, 610.0, 611.0, 612.0, 613.0, 614.0, 615.0, 616.0, 616.0, 617.0, 618.0, 619.0, 620.0, 621.0, 622.0, 623.0, 624.0, 625.0, 626.0, 627.0, 628.0, 629.0, 630.0, 631.0, 632.0, 633.0, 634.0, 635.0, 636.0, 637.0, 638.0, 639.0, 640.0, 641.0, 642.0, 643.0, 644.0, 645.0, 646.0, 647.0, 648.0, 649.0, 650.0, 651.0, 652.0, 653.0, 653.0, 653.0, 653.0], "avg_cpu": [0.6301652892561983, 0.6177685950413223, 0.571625344352617, 0.5764462809917356, 0.5089531680440771, 0.506198347107438, 0.6308539944903582, 0.6460055096418733, 0.6191460055096418, 0.0, 0.0, 0.2395621181262729, 0.3874745417515275, 0.420061099796334, 0.40529531568228105, 0.44908350305498984, 0.0030788569246435844, 0.0, 0.3173828125, 0.3671875, 0.35693359375, 0.3857421875, 0.15185546875, 0.0, 0.599009900990099, 0.636963696369637, 0.6336633663366337, 0.6410891089108911, 0.636963696369637, 0.6501650165016502, 0.6328382838283828, 0.6072607260726073, 0.566006600660066, 0.5775577557755776, 0.5429042904290429, 0.5346534653465347, 0.5222772277227723, 0.5445544554455446, 0.556930693069307, 0.5057755775577558, 0.5792079207920792, 0.6047854785478548, 0.6237623762376238, 0.6196369636963697, 0.6014851485148515, 0.5957095709570958, 0.5874587458745875, 0.6452145214521452, 0.5915841584158416, 0.6113861386138614, 0.6295379537953796, 0.6336633663366337, 0.6402640264026402, 0.6023102310231023, 0.6221122112211221, 0.6278877887788779, 0.6254125412541254, 0.608085808580858, 0.6435643564356436, 0.6229372937293729, 0.6221122112211221, 0.6254125412541254, 0.6262376237623762, 0.6691419141914191, 0.608085808580858, 0.5965346534653465, 0.6163366336633663, 0.6328382838283828, 0.6122112211221122, 0.6518151815181518, 0.6476897689768977, 0.5874587458745875, 0.6955445544554455, 0.6344884488448845, 0.6221122112211221, 0.6782178217821783, 0.665016501650165, 0.6394389438943895, 0.6386138613861386, 0.6039603960396039, 0.6105610561056105, 0.6113861386138614, 0.608085808580858, 0.6526402640264026, 0.0, 0.0], "avg_mem": [0.04067532942898975, 0.04241398243045388, 0.0426885065885798, 0.043923865300146414, 0.04428989751098097, 0.0412701317715959, 0.04410688140556369, 0.0381588579795022, 0.04657759882869693, 0.0013754804172767204, 0.0005347501830161054, 0.01409912109375, 0.03228759765625, 0.030548095703125, 0.0343017578125, 0.02532958984375, 0.000438690185546875, 0.0002727508544921875, 0.0286865234375, 0.02978515625, 0.029449462890625, 0.028564453125, 0.00060272216796875, 0.0003490447998046875, 0.046120058565153735, 0.04497620790629575, 0.04200219619326501, 0.04419838945827233, 0.04547950219619327, 0.043146046852122984, 0.04255124450951684, 0.04470168374816984, 0.043146046852122984, 0.04378660322108346, 0.044518667642752564, 0.04209370424597365, 0.04616581259150805, 0.04154465592972181, 0.042825768667642754, 0.04438140556368961, 0.04346632503660322, 0.042230966325036604, 0.04465592972181552, 0.044015373352855054, 0.04351207906295754, 0.04195644216691069, 0.046714860907759885, 0.044427159590043924, 0.04227672035139092, 0.04694363103953148, 0.0457997803806735, 0.04319180087847731, 0.045021961932650074, 0.04456442166910688, 0.04172767203513909, 0.042734260614934114, 0.04346632503660322, 0.04186493411420205, 0.04186493411420205, 0.04428989751098097, 0.04479319180087848, 0.04255124450951684, 0.04506771595900439, 0.04566251830161054, 0.043329062957540264, 0.044335651537335284, 0.0426885065885798, 0.04213945827232796, 0.04410688140556369, 0.044015373352855054, 0.04168191800878477, 0.04406112737920937, 0.04456442166910688, 0.043923865300146414, 0.04328330893118595, 0.044244143484626644, 0.042825768667642754, 0.04076683748169839, 0.046623352855051245, 0.042825768667642754, 0.04227672035139092, 0.042917276720351394, 0.04195644216691069, 0.042917276720351394, 0.0007006085285505124, 0.0004403825036603221]}