{"time": [530.0, 530.0, 531.0, 531.0, 532.0, 533.0, 534.0, 535.0, 536.0, 537.0, 538.0, 539.0, 540.0, 540.0, 541.0, 542.0, 543.0, 544.0, 545.0, 546.0, 547.0, 548.0, 549.0, 550.0, 551.0, 552.0, 553.0, 554.0, 555.0, 556.0, 556.0, 557.0, 558.0, 559.0, 560.0, 561.0, 562.0, 563.0, 564.0, 565.0, 566.0, 567.0, 568.0, 569.0, 570.0, 571.0, 571.0, 572.0, 572.0, 572.0, 581.0, 581.0, 582.0, 582.0, 582.0, 582.0, 583.0, 584.0, 584.0, 584.0, 584.0, 584.0, 585.0, 586.0, 587.0, 588.0, 589.0, 590.0, 591.0, 592.0, 593.0, 594.0, 595.0, 596.0, 597.0, 598.0, 599.0, 600.0, 601.0, 602.0, 603.0, 604.0, 605.0, 606.0, 607.0, 608.0, 609.0, 610.0, 611.0, 612.0, 613.0, 614.0, 615.0, 616.0, 617.0, 618.0, 619.0, 620.0, 621.0, 622.0, 622.0, 623.0, 624.0, 625.0, 626.0, 627.0, 628.0, 629.0, 630.0, 631.0, 632.0, 633.0, 634.0, 635.0, 636.0, 637.0, 638.0, 639.0, 640.0, 641.0, 642.0, 643.0, 644.0, 645.0, 646.0, 647.0, 648.0, 649.0, 650.0, 651.0, 652.0, 653.0, 653.0, 653.0, 653.0], "avg_cpu": [0.2106023102310231, 0.5346534653465347, 0.5503300330033003, 0.5858085808580858, 0.5552805280528053, 0.5528052805280528, 0.514026402640264, 0.5429042904290429, 0.5181518151815182, 0.5066006600660066, 0.523102310231023, 0.533003300330033, 0.5082508250825083, 0.5651815181518152, 0.5511551155115512, 0.5420792079207921, 0.5635313531353136, 0.608085808580858, 0.5874587458745875, 0.5866336633663366, 0.5717821782178217, 0.5354785478547854, 0.6221122112211221, 0.566006600660066, 0.5420792079207921, 0.5734323432343235, 0.5759075907590759, 0.6278877887788779, 0.6056105610561056, 0.5288778877887789, 0.6427392739273927, 0.5899339933993399, 0.6056105610561056, 0.5668316831683168, 0.5354785478547854, 0.5536303630363036, 0.556930693069307, 0.5783828382838284, 0.5759075907590759, 0.5676567656765676, 0.5866336633663366, 0.5866336633663366, 0.6179867986798679, 0.5717821782178217, 0.5288778877887789, 0.49257425742574257, 0.5222772277227723, 0.46864686468646866, 0.0, 0.0, 0.2646484375, 0.3271484375, 0.33935546875, 0.001926422119140625, 0.0, 0.25537109375, 0.31201171875, 0.31005859375, 0.33642578125, 0.0022735595703125, 0.0, 0.6716171617161716, 0.7145214521452146, 0.6782178217821783, 0.6485148514851485, 0.6254125412541254, 0.6584158415841584, 0.6485148514851485, 0.5915841584158416, 0.5841584158415841, 0.5635313531353136, 0.5957095709570958, 0.5297029702970297, 0.599009900990099, 0.5750825082508251, 0.5693069306930693, 0.5552805280528053, 0.6006600660066007, 0.5750825082508251, 0.6064356435643564, 0.584983498349835, 0.5701320132013201, 0.5759075907590759, 0.5635313531353136, 0.6138613861386139, 0.556930693069307, 0.594059405940594, 0.5998349834983498, 0.5957095709570958, 0.5437293729372937, 0.584983498349835, 0.6757425742574258, 0.6031353135313532, 0.5404290429042904, 0.5453795379537953, 0.5610561056105611, 0.5552805280528053, 0.5618811881188119, 0.5965346534653465, 0.6188118811881188, 0.6427392739273927, 0.6608910891089109, 0.6377887788778878, 0.636963696369637, 0.6806930693069307, 0.650990099009901, 0.6575907590759076, 0.6658415841584159, 0.6988448844884488, 0.7178217821782178, 0.7186468646864687, 0.6732673267326733, 0.6344884488448845, 0.5998349834983498, 0.6072607260726073, 0.6303630363036303, 0.6270627062706271, 0.6955445544554455, 0.6575907590759076, 0.6996699669966997, 0.6097359735973598, 0.6468646864686468, 0.7087458745874587, 0.7021452145214522, 0.6625412541254125, 0.6740924092409241, 0.6683168316831684, 0.6864686468646864, 0.6212871287128713, 0.6749174917491749, 0.6897689768976898, 0.716996699669967, 0.7054455445544554, 0.00015792594884488448, 0.0], "avg_mem": [0.011346998535871157, 0.04547950219619327, 0.04776720351390922, 0.04154465592972181, 0.039989019033674966, 0.04396961932650073, 0.042734260614934114, 0.03953147877013177, 0.042230966325036604, 0.03957723279648609, 0.0446101756954612, 0.03934846266471449, 0.04406112737920937, 0.04218521229868229, 0.04278001464128843, 0.041407393850658857, 0.04488469985358712, 0.04278001464128843, 0.04195644216691069, 0.04259699853587116, 0.0414989019033675, 0.04474743777452416, 0.04319180087847731, 0.03943997071742313, 0.043146046852122984, 0.04122437774524158, 0.041407393850658857, 0.04255124450951684, 0.04159040995607614, 0.04213945827232796, 0.044518667642752564, 0.040400805270863836, 0.03866215226939971, 0.04346632503660322, 0.04094985358711566, 0.04428989751098097, 0.040492313323572476, 0.042642752562225474, 0.044427159590043924, 0.039806002928257686, 0.0436493411420205, 0.0414989019033675, 0.041407393850658857, 0.04639458272327965, 0.04017203513909224, 0.04740117130307467, 0.04200219619326501, 0.030517935578330893, 0.0004861365300146413, 0.00032599743777452417, 0.0255126953125, 0.039794921875, 0.03338623046875, 0.0014247894287109375, 0.0010700225830078125, 0.018096923828125, 0.030853271484375, 0.036376953125, 0.0335693359375, 0.0005855560302734375, 0.0002498626708984375, 0.03866215226939971, 0.04470168374816984, 0.04287152269399707, 0.04369509516837482, 0.04666910688140556, 0.04497620790629575, 0.04355783308931186, 0.04410688140556369, 0.04740117130307467, 0.04520497803806735, 0.042322474377745244, 0.044930453879941434, 0.044244143484626644, 0.043420571010248904, 0.042917276720351394, 0.04415263543191801, 0.0436493411420205, 0.04328330893118595, 0.044838945827232794, 0.04259699853587116, 0.04515922401171303, 0.04241398243045388, 0.04378660322108346, 0.04419838945827233, 0.043329062957540264, 0.04355783308931186, 0.04319180087847731, 0.04406112737920937, 0.044335651537335284, 0.04369509516837482, 0.04497620790629575, 0.04497620790629575, 0.04387811127379209, 0.04195644216691069, 0.0457997803806735, 0.045113469985358715, 0.04227672035139092, 0.0457997803806735, 0.04598279648609078, 0.04415263543191801, 0.04547950219619327, 0.043832357247437774, 0.04488469985358712, 0.044335651537335284, 0.04360358711566618, 0.046028550512445095, 0.043329062957540264, 0.04685212298682284, 0.046440336749633965, 0.044930453879941434, 0.0446101756954612, 0.04369509516837482, 0.04378660322108346, 0.04255124450951684, 0.044427159590043924, 0.04337481698389458, 0.044244143484626644, 0.045616764275256225, 0.044427159590043924, 0.04305453879941435, 0.04447291361639824, 0.044335651537335284, 0.04575402635431918, 0.04570827232796486, 0.04515922401171303, 0.047309663250366035, 0.04387811127379209, 0.04465592972181552, 0.04584553440702782, 0.0455710102489019, 0.053440702781844804, 0.04488469985358712, 0.0005747849560761347, 0.00039462847730600294]}