{"time": [6072.0, 6072.0, 6073.0, 6074.0, 6075.0, 6076.0, 6077.0, 6078.0, 6079.0, 6080.0, 6081.0, 6082.0, 6083.0, 6084.0, 6085.0, 6086.0, 6087.0, 6088.0, 6089.0, 6090.0, 6091.0, 6092.0, 6093.0, 6094.0, 6095.0, 6096.0, 6097.0, 6098.0, 6099.0, 6100.0, 6101.0, 6102.0, 6103.0, 6104.0, 6105.0, 6106.0, 6107.0, 6108.0, 6109.0, 6110.0, 6111.0, 6112.0, 6113.0, 6114.0, 6115.0, 6116.0, 6117.0, 6118.0, 6119.0, 6120.0, 6121.0, 6122.0, 6123.0, 6124.0, 6125.0, 6126.0, 6127.0, 6128.0, 6129.0, 6130.0, 6131.0, 6132.0, 6133.0, 6134.0, 6135.0, 6136.0, 6137.0, 6138.0, 6139.0, 6140.0, 6141.0, 6142.0, 6143.0, 6144.0, 6145.0, 6146.0, 6147.0, 6148.0, 6149.0, 6150.0, 6151.0, 6152.0, 6153.0, 6154.0, 6155.0, 6156.0, 6157.0, 6158.0, 6159.0, 6160.0, 6161.0, 6162.0, 6163.0, 6164.0, 6165.0, 6166.0, 6167.0, 6168.0, 6169.0, 6170.0, 6171.0, 6172.0, 6173.0, 6174.0, 6175.0, 6176.0, 6177.0, 6178.0, 6179.0, 6180.0, 6181.0, 6182.0, 6183.0, 6184.0, 6185.0, 6186.0, 6187.0, 6188.0, 6189.0, 6190.0, 6191.0, 6192.0, 6193.0, 6194.0, 6195.0, 6196.0, 6197.0, 6198.0, 6199.0, 6200.0, 6201.0, 6202.0, 6203.0, 6204.0, 6205.0, 6206.0, 6207.0, 6208.0, 6209.0, 6209.0, 6210.0, 6211.0, 6212.0, 6213.0, 6214.0, 6215.0, 6216.0, 6217.0, 6218.0, 6219.0, 6220.0, 6221.0, 6222.0, 6223.0, 6224.0, 6225.0, 6226.0, 6227.0, 6228.0, 6229.0, 6230.0, 6231.0, 6232.0, 6233.0, 6234.0, 6235.0, 6236.0, 6237.0, 6238.0, 6239.0, 6240.0, 6241.0, 6242.0, 6243.0, 6244.0, 6245.0, 6246.0, 6247.0, 6248.0, 6249.0, 6250.0, 6251.0, 6252.0, 6253.0, 6254.0, 6255.0, 6256.0, 6257.0, 6258.0, 6259.0, 6260.0, 6261.0, 6262.0, 6263.0, 6264.0, 6265.0, 6266.0, 6267.0, 6268.0, 6269.0, 6270.0, 6271.0, 6272.0, 6273.0, 6274.0, 6275.0, 6276.0, 6277.0, 6278.0, 6279.0, 6280.0, 6281.0, 6282.0, 6283.0, 6284.0, 6285.0, 6286.0, 6287.0, 6288.0, 6289.0, 6290.0, 6291.0, 6292.0, 6293.0, 6294.0, 6295.0, 6296.0, 6297.0, 6298.0, 6299.0, 6300.0, 6301.0, 6302.0, 6303.0, 6304.0, 6305.0, 6306.0, 6307.0, 6308.0, 6309.0, 6310.0, 6311.0, 6312.0, 6313.0, 6314.0, 6315.0, 6316.0, 6317.0, 6318.0, 6319.0, 6320.0, 6321.0, 6322.0, 6323.0, 6324.0, 6325.0, 6326.0, 6327.0, 6328.0, 6329.0, 6330.0, 6331.0, 6332.0, 6333.0, 6334.0, 6335.0, 6336.0, 6337.0, 6338.0, 6339.0, 6340.0, 6341.0, 6342.0, 6343.0, 6343.0, 6343.0, 6344.0, 6344.0, 6345.0, 6346.0, 6347.0, 6348.0, 6349.0, 6350.0, 6350.0, 6350.0, 6350.0, 6350.0, 6351.0, 6352.0, 6353.0, 6354.0, 6355.0, 6356.0, 6357.0, 6357.0, 6358.0, 6358.0, 6359.0, 6359.0], "avg_cpu": [1.9073486328125e-06, 0.0, 0.0, 0.026815181518151814, 0.5132013201320133, 0.7937293729372937, 0.683993399339934, 0.15552805280528054, 0.34447194719471946, 0.43564356435643564, 0.12788778877887788, 0.36386138613861385, 0.5321782178217822, 0.191006600660066, 0.39067656765676567, 0.2924917491749175, 0.39645214521452143, 0.29455445544554454, 0.5759075907590759, 0.3556105610561056, 0.3325082508250825, 0.39026402640264024, 0.26196369636963696, 0.43564356435643564, 0.6303630363036303, 0.5676567656765676, 0.46534653465346537, 0.4834983498349835, 0.3572607260726073, 0.551980198019802, 0.5198019801980198, 0.4014026402640264, 0.2693894389438944, 0.41254125412541254, 0.35932343234323433, 0.5635313531353136, 0.3617986798679868, 0.6707920792079208, 0.6914191419141914, 0.6864686468646864, 0.6905940594059405, 0.6889438943894389, 0.7112211221122112, 0.6971947194719472, 0.7070957095709571, 0.7112211221122112, 0.7079207920792079, 0.7021452145214522, 0.6897689768976898, 0.6707920792079208, 0.6353135313531353, 0.3952145214521452, 0.3510726072607261, 0.5321782178217822, 0.43234323432343236, 0.6303630363036303, 0.6435643564356436, 0.6584158415841584, 0.6773927392739274, 0.6427392739273927, 0.6881188118811881, 0.5024752475247525, 0.38696369636963696, 0.20998349834983498, 0.21245874587458746, 0.3989273927392739, 0.43316831683168316, 0.4603960396039604, 0.48184818481848185, 0.20998349834983498, 0.4603960396039604, 0.6097359735973598, 0.422029702970297, 0.5693069306930693, 0.4014026402640264, 0.4282178217821782, 0.4084158415841584, 0.4240924092409241, 0.6311881188118812, 0.6295379537953796, 0.6567656765676567, 0.5478547854785478, 0.16212871287128713, 0.2438118811881188, 0.2978547854785479, 0.42244224422442245, 0.3778877887788779, 0.46864686468646866, 0.4084158415841584, 0.48432343234323433, 0.4265676567656766, 0.6105610561056105, 0.6229372937293729, 0.6575907590759076, 0.66996699669967, 0.6740924092409241, 0.683993399339934, 0.6897689768976898, 0.6889438943894389, 0.693069306930693, 0.6443894389438944, 0.6534653465346535, 0.6476897689768977, 0.3803630363036304, 0.570957095709571, 0.6245874587458746, 0.1188118811881188, 0.04285272277227723, 0.28671617161716173, 0.21905940594059406, 0.3523102310231023, 0.41625412541254125, 0.5437293729372937, 0.47194719471947194, 0.4752475247524752, 0.38077557755775576, 0.3386963696369637, 0.2599009900990099, 0.22400990099009901, 0.4546204620462046, 0.22277227722772278, 0.46534653465346537, 0.5074257425742574, 0.6221122112211221, 0.6493399339933993, 0.6938943894389439, 0.6485148514851485, 0.6468646864686468, 0.6377887788778878, 0.37912541254125415, 0.25825082508250824, 0.5379537953795379, 0.6567656765676567, 0.6427392739273927, 0.6542904290429042, 0.6683168316831684, 0.6064356435643564, 0.4892739273927393, 0.3725247524752475, 0.4768976897689769, 0.35396039603960394, 0.3919141914191419, 0.4752475247524752, 0.290016501650165, 0.3915016501650165, 0.38531353135313534, 0.5115511551155115, 0.3943894389438944, 0.23556105610561057, 0.054352310231023104, 0.30775577557755773, 0.13098184818481848, 0.38325082508250824, 0.4282178217821782, 0.32301980198019803, 0.40305280528052806, 0.41089108910891087, 0.4744224422442244, 0.5503300330033003, 0.5825082508250825, 0.5783828382838284, 0.3263201320132013, 0.43481848184818483, 0.49587458745874585, 0.5684818481848185, 0.6674917491749175, 0.5948844884488449, 0.4203795379537954, 0.49504950495049505, 0.4137788778877888, 0.5107260726072608, 0.49174917491749176, 0.2524752475247525, 0.45957095709570955, 0.48267326732673266, 0.3448844884488449, 0.39851485148514854, 0.2768151815181518, 0.3778877887788779, 0.3688118811881188, 0.29372937293729373, 0.29207920792079206, 0.39933993399339934, 0.49422442244224424, 0.4158415841584158, 0.6320132013201321, 0.6600660066006601, 0.6443894389438944, 0.6179867986798679, 0.679042904290429, 0.66996699669967, 0.6815181518151815, 0.6798679867986799, 0.6633663366336634, 0.641914191419142, 0.6344884488448845, 0.6097359735973598, 0.5594059405940595, 0.5396039603960396, 0.5016501650165016, 0.4735973597359736, 0.6534653465346535, 0.6353135313531353, 0.6641914191419142, 0.6542904290429042, 0.650990099009901, 0.6328382838283828, 0.6798679867986799, 0.6856435643564357, 0.6641914191419142, 0.6344884488448845, 0.6666666666666666, 0.6542904290429042, 0.6757425742574258, 0.6732673267326733, 0.683993399339934, 0.6872937293729373, 0.683993399339934, 0.650990099009901, 0.6270627062706271, 0.6287128712871287, 0.6617161716171617, 0.2801155115511551, 0.17491749174917492, 0.19224422442244224, 0.24834983498349836, 0.6204620462046204, 0.641914191419142, 0.6518151815181518, 0.6427392739273927, 0.6212871287128713, 0.6328382838283828, 0.6757425742574258, 0.650990099009901, 0.655940594059406, 0.6501650165016502, 0.6518151815181518, 0.6757425742574258, 0.6757425742574258, 0.6947194719471947, 0.6765676567656765, 0.6633663366336634, 0.5998349834983498, 0.6196369636963697, 0.6526402640264026, 0.6278877887788779, 0.36922442244224424, 0.42574257425742573, 0.2590759075907591, 0.29207920792079206, 0.38778877887788776, 0.46947194719471946, 0.4793729372937294, 0.2887788778877888, 0.5041254125412541, 0.5099009900990099, 0.6105610561056105, 0.6377887788778878, 0.6608910891089109, 0.6320132013201321, 0.6823432343234324, 0.6889438943894389, 0.613036303630363, 0.599009900990099, 0.6262376237623762, 0.6740924092409241, 0.6905940594059405, 0.6872937293729373, 0.6823432343234324, 0.7153465346534653, 0.7013201320132013, 0.6963696369636964, 0.7004950495049505, 0.6848184818481848, 0.7079207920792079, 0.6806930693069307, 0.7070957095709571, 0.7095709570957096, 