{"time": [1718.0, 1719.0, 1719.0, 1719.0, 1719.0, 1719.0, 1720.0, 1720.0, 1721.0, 1722.0, 1723.0, 1723.0, 1724.0, 1725.0, 1726.0, 1726.0, 1727.0, 1728.0, 1728.0, 1729.0, 1730.0, 1731.0, 1731.0, 1732.0, 1733.0, 1734.0, 1735.0, 1736.0, 1737.0, 1738.0, 1738.0, 1739.0, 1740.0, 1741.0, 1742.0, 1743.0, 1744.0, 1745.0, 1746.0, 1747.0, 1748.0, 1749.0, 1750.0, 1751.0, 1752.0, 1753.0, 1754.0, 1755.0, 1756.0, 1757.0, 1758.0, 1759.0, 1760.0, 1761.0, 1762.0, 1763.0, 1764.0, 1765.0, 1766.0, 1767.0, 1768.0, 1769.0, 1770.0, 1771.0, 1772.0, 1773.0, 1774.0, 1775.0, 1776.0, 1777.0, 1778.0, 1779.0, 1780.0, 1781.0, 1782.0, 1783.0, 1784.0, 1785.0, 1786.0, 1787.0, 1788.0, 1789.0, 1790.0, 1791.0, 1792.0, 1793.0, 1794.0, 1795.0, 1796.0, 1797.0, 1798.0, 1799.0, 1800.0, 1800.0, 1800.0], "avg_cpu": [0.07497937293729373, 0.3778877887788779, 0.3981023102310231, 0.4265676567656766, 0.4005775577557756, 0.37995049504950495, 0.34529702970297027, 0.3580858085808581, 0.3386963696369637, 0.26278877887788776, 0.3023927392739274, 0.3518976897689769, 0.36056105610561057, 0.40016501650165015, 0.3976897689768977, 0.4793729372937294, 0.4991749174917492, 0.48102310231023104, 0.4867986798679868, 0.5462046204620462, 0.5486798679867987, 0.5363036303630363, 0.5618811881188119, 0.5313531353135313, 0.518976897689769, 0.5206270627062707, 0.5594059405940595, 0.6237623762376238, 0.5618811881188119, 0.5635313531353136, 0.5742574257425742, 0.5528052805280528, 0.5585808580858086, 0.5445544554455446, 0.5536303630363036, 0.5544554455445545, 0.5412541254125413, 0.5594059405940595, 0.5635313531353136, 0.5412541254125413, 0.5610561056105611, 0.5693069306930693, 0.5561056105610561, 0.5354785478547854, 0.5478547854785478, 0.5825082508250825, 0.5701320132013201, 0.5594059405940595, 0.5618811881188119, 0.5618811881188119, 0.5429042904290429, 0.5816831683168316, 0.5965346534653465, 0.5478547854785478, 0.5247524752475248, 0.5453795379537953, 0.5561056105610561, 0.5503300330033003, 0.5478547854785478, 0.566006600660066, 0.556930693069307, 0.570957095709571, 0.551980198019802, 0.5775577557755776, 0.5643564356435643, 0.5792079207920792, 0.566006600660066, 0.5610561056105611, 0.5602310231023102, 0.5412541254125413, 0.566006600660066, 0.5486798679867987, 0.5511551155115512, 0.6221122112211221, 0.6287128712871287, 0.6534653465346535, 0.6361386138613861, 0.6023102310231023, 0.5948844884488449, 0.6089108910891089, 0.6072607260726073, 0.5825082508250825, 0.5561056105610561, 0.5544554455445545, 0.5742574257425742, 0.5759075907590759, 0.5635313531353136, 0.5511551155115512, 0.556930693069307, 0.5635313531353136, 0.5594059405940595, 0.5668316831683168, 0.2561881188118812, 0.006652227722772277, 0.00019337871287128714], "avg_mem": [0.005879392386530014, 0.00945964494875549, 0.009402452415812591, 0.009242313323572475, 0.008567441434846267, 0.008601756954612006, 0.008475933382137629, 0.008876281112737921, 0.008899158125915081, 0.008647510980966324, 0.008590318448023425, 0.008578879941434846, 0.008647510980966324, 0.008658949487554905, 0.008956350658857979, 0.008658949487554905, 0.009093612737920937, 0.008819088579795022, 0.008841965592972182, 0.00891059663250366, 0.008658949487554905, 0.008578879941434846, 0.008647510980966324, 0.009013543191800878, 0.008567441434846267, 0.008841965592972182, 0.0089449121522694, 0.00892203513909224, 0.0089449121522694, 0.008578879941434846, 0.008681826500732064, 0.008807650073206443, 0.00886484260614934, 0.00896778916544656, 0.008658949487554905, 0.008567441434846267, 0.008739019033674963, 0.008624633967789166, 0.008739019033674963, 0.008658949487554905, 0.00891059663250366, 0.008636072474377745, 0.008853404099560761, 0.008876281112737921, 0.008670387994143484, 0.008876281112737921, 0.008658949487554905, 0.008613195461200585, 0.008853404099560761, 0.00891059663250366, 0.0088877196193265, 0.008853404099560761, 0.008796211566617862, 0.008716142020497804, 0.008761896046852123, 0.008876281112737921, 0.008647510980966324, 0.00892203513909224, 0.008636072474377745, 0.008670387994143484, 0.008647510980966324, 0.008750457540263544, 0.008704703513909224, 0.008727580527086384, 0.008761896046852123, 0.008853404099560761, 0.008716142020497804, 0.008647510980966324, 0.008853404099560761, 0.008807650073206443, 0.008613195461200585, 0.008613195461200585, 0.009002104685212299, 0.00899066617862372, 0.008750457540263544, 0.008784773060029283, 0.008636072474377745, 0.008647510980966324, 0.008784773060029283, 0.00891059663250366, 0.008853404099560761, 0.008773334553440702, 0.00891059663250366, 0.0089449121522694, 0.008761896046852123, 0.008899158125915081, 0.008784773060029283, 0.008956350658857979, 0.008853404099560761, 0.008739019033674963, 0.008807650073206443, 0.008830527086383601, 0.007789622986822841, 0.006268301610541728, 6.291178623718887e-05]}