{"time": [5757.0, 5757.0, 5757.0, 5758.0, 5758.0, 5758.0, 5759.0, 5759.0, 5760.0, 5761.0, 5762.0, 5763.0, 5764.0, 5765.0, 5766.0, 5767.0, 5768.0, 5769.0, 5770.0, 5771.0, 5772.0, 5773.0, 5774.0, 5775.0, 5776.0, 5777.0, 5778.0, 5779.0, 5780.0, 5781.0, 5782.0, 5783.0, 5784.0, 5785.0, 5786.0, 5787.0, 5788.0, 5789.0, 5790.0, 5791.0, 5792.0, 5793.0, 5794.0, 5795.0, 5796.0, 5797.0, 5798.0, 5799.0, 5800.0, 5801.0, 5802.0, 5803.0, 5804.0, 5805.0, 5806.0, 5807.0, 5808.0, 5809.0, 5810.0, 5811.0, 5812.0, 5813.0, 5814.0, 5815.0, 5816.0, 5817.0, 5818.0, 5819.0, 5820.0, 5821.0, 5822.0, 5823.0, 5824.0, 5825.0, 5826.0, 5827.0, 5828.0, 5829.0, 5830.0, 5831.0, 5832.0, 5833.0, 5834.0, 5835.0, 5836.0, 5837.0, 5838.0, 5839.0, 5840.0, 5841.0, 5842.0, 5843.0, 5844.0, 5845.0, 5846.0, 5846.0, 5846.0, 5846.0], "avg_cpu": [0.006083745291902072, 0.2236346516007533, 0.3394538606403013, 0.4185499058380414, 0.5677966101694916, 0.5922787193973634, 0.5451977401129944, 0.632768361581921, 0.6318267419962336, 0.628060263653484, 0.6129943502824858, 0.6431261770244822, 0.6450094161958568, 0.6450094161958568, 0.6412429378531074, 0.6148775894538606, 0.6064030131826742, 0.655367231638418, 0.6685499058380414, 0.664783427495292, 0.6638418079096046, 0.6610169491525424, 0.6224105461393596, 0.6572504708097928, 0.660075329566855, 0.6638418079096046, 0.655367231638418, 0.6450094161958568, 0.6468926553672316, 0.6591337099811676, 0.628060263653484, 0.6581920903954802, 0.6629001883239172, 0.6572504708097928, 0.6064030131826742, 0.6450094161958568, 0.6459510357815442, 0.6459510357815442, 0.6506591337099812, 0.6337099811676082, 0.6224105461393596, 0.632768361581921, 0.635593220338983, 0.6299435028248588, 0.628060263653484, 0.6431261770244822, 0.596045197740113, 0.5781544256120528, 0.6365348399246704, 0.596045197740113, 0.6450094161958568, 0.6374764595103578, 0.6638418079096046, 0.6666666666666666, 0.655367231638418, 0.6450094161958568, 0.6497175141242938, 0.5828625235404896, 0.6139359698681732, 0.6186440677966102, 0.6610169491525424, 0.660075329566855, 0.6563088512241054, 0.6318267419962336, 0.5941619585687382, 0.5988700564971752, 0.6139359698681732, 0.6148775894538606, 0.6346516007532956, 0.6365348399246704, 0.608286252354049, 0.6308851224105462, 0.6393596986817326, 0.6365348399246704, 0.6337099811676082, 0.6308851224105462, 0.6299435028248588, 0.6186440677966102, 0.632768361581921, 0.635593220338983, 0.6148775894538606, 0.6111111111111112, 0.6299435028248588, 0.6129943502824858, 0.591337099811676, 0.620527306967985, 0.6224105461393596, 0.5979284369114878, 0.6111111111111112, 0.6308851224105462, 0.6261770244821092, 0.6224105461393596, 0.6271186440677966, 0.5546139359698682, 0.0008275953389830508, 0.0013020833333333333, 0.0, 0.0014639241996233523], "avg_mem": [0.009356698389458273, 0.01624267935578331, 0.01621980234260615, 0.015808016105417277, 0.015899524158125913, 0.015716508052708637, 0.01578513909224012, 0.015853770131771597, 0.015899524158125913, 0.015991032210834553, 0.016013909224011712, 0.015808016105417277, 0.01621980234260615, 0.015922401171303075, 0.015853770131771597, 0.016402818448023427, 0.015876647144948755, 0.01612829428989751, 0.0157393850658858, 0.01628843338213763, 0.016494326500732064, 0.015716508052708637, 0.01564787701317716, 0.016448572474377744, 0.015716508052708637, 0.015991032210834553, 0.015808016105417277, 0.016059663250366032, 0.01612829428989751, 0.01578513909224012, 0.016105417276720352, 0.016151171303074672, 0.01619692532942899, 0.016013909224011712, 0.015625, 0.01578513909224012, 0.015968155197657395, 0.016379941434846265, 0.015830893118594435, 0.015762262079062957, 0.015808016105417277, 0.01612829428989751, 0.016013909224011712, 0.015876647144948755, 0.015625, 0.015991032210834553, 0.015945278184480233, 0.015876647144948755, 0.015945278184480233, 0.016105417276720352, 0.016013909224011712, 0.01624267935578331, 0.016105417276720352, 0.016059663250366032, 0.016105417276720352, 0.01628843338213763, 0.015716508052708637, 0.016151171303074672, 0.015830893118594435, 0.015945278184480233, 0.01667734260614934, 0.016013909224011712, 0.015991032210834553, 0.015945278184480233, 0.01619692532942899, 0.015762262079062957, 0.016425695461200585, 0.016540080527086384, 0.016379941434846265, 0.015945278184480233, 0.01564787701317716, 0.01564787701317716, 0.015830893118594435, 0.016265556368960467, 0.01617404831625183, 0.016494326500732064, 0.01624267935578331, 0.016105417276720352, 0.015991032210834553, 0.015808016105417277, 0.016059663250366032, 0.015968155197657395, 0.015853770131771597, 0.01578513909224012, 0.015556368960468522, 0.016013909224011712, 0.015625, 0.015945278184480233, 0.016425695461200585, 0.016448572474377744, 0.015991032210834553, 0.015876647144948755, 0.01679172767203514, 0.015464860907759883, 0.012033308931185944, 0.011312683016105418, 0.0071833821376281115, 0.00010866581259150806]}