{"time": [5757.0, 5757.0, 5758.0, 5758.0, 5758.0, 5759.0, 5759.0, 5760.0, 5761.0, 5762.0, 5763.0, 5764.0, 5764.0, 5765.0, 5766.0, 5767.0, 5768.0, 5768.0, 5769.0, 5770.0, 5771.0, 5772.0, 5773.0, 5773.0, 5774.0, 5775.0, 5776.0, 5777.0, 5778.0, 5779.0, 5780.0, 5781.0, 5782.0, 5782.0, 5783.0, 5784.0, 5785.0, 5786.0, 5787.0, 5788.0, 5789.0, 5790.0, 5791.0, 5792.0, 5793.0, 5794.0, 5795.0, 5796.0, 5797.0, 5798.0, 5799.0, 5800.0, 5801.0, 5802.0, 5803.0, 5804.0, 5805.0, 5806.0, 5807.0, 5808.0, 5809.0, 5810.0, 5811.0, 5812.0, 5813.0, 5814.0, 5815.0, 5816.0, 5817.0, 5818.0, 5819.0, 5820.0, 5821.0, 5822.0, 5823.0, 5824.0, 5825.0, 5826.0, 5827.0, 5828.0, 5829.0, 5830.0, 5831.0, 5832.0, 5833.0, 5834.0, 5835.0, 5836.0, 5837.0, 5838.0, 5839.0, 5840.0, 5841.0, 5842.0, 5843.0, 5844.0, 5845.0, 5846.0, 5846.0, 5846.0], "avg_cpu": [0.05053630363036304, 0.13758250825082508, 0.1511963696369637, 0.2145214521452145, 0.24174917491749176, 0.2396864686468647, 0.24587458745874588, 0.2978547854785479, 0.32466996699669964, 0.20812706270627063, 0.2838283828382838, 0.3696369636963696, 0.5033003300330033, 0.415016501650165, 0.3589108910891089, 0.42574257425742573, 0.35973597359735976, 0.5016501650165016, 0.47194719471947194, 0.49834983498349833, 0.46947194719471946, 0.5420792079207921, 0.5701320132013201, 0.5552805280528053, 0.5701320132013201, 0.5734323432343235, 0.5948844884488449, 0.584983498349835, 0.570957095709571, 0.5618811881188119, 0.5255775577557755, 0.5478547854785478, 0.5255775577557755, 0.6056105610561056, 0.5948844884488449, 0.6006600660066007, 0.6023102310231023, 0.6072607260726073, 0.6014851485148515, 0.5998349834983498, 0.5957095709570958, 0.5891089108910891, 0.5957095709570958, 0.6014851485148515, 0.5998349834983498, 0.5948844884488449, 0.5998349834983498, 0.6023102310231023, 0.5973597359735974, 0.5915841584158416, 0.5858085808580858, 0.5924092409240924, 0.5981848184818482, 0.5981848184818482, 0.5965346534653465, 0.6039603960396039, 0.6056105610561056, 0.5957095709570958, 0.6023102310231023, 0.599009900990099, 0.5924092409240924, 0.5948844884488449, 0.594059405940594, 0.594059405940594, 0.5998349834983498, 0.594059405940594, 0.5973597359735974, 0.5932343234323433, 0.5915841584158416, 0.5907590759075908, 0.5907590759075908, 0.5899339933993399, 0.5981848184818482, 0.5915841584158416, 0.6056105610561056, 0.5948844884488449, 0.594059405940594, 0.6122112211221122, 0.5998349834983498, 0.6138613861386139, 0.6097359735973598, 0.6113861386138614, 0.6155115511551155, 0.6097359735973598, 0.613036303630363, 0.6196369636963697, 0.6122112211221122, 0.613036303630363, 0.6014851485148515, 0.599009900990099, 0.5965346534653465, 0.5924092409240924, 0.5998349834983498, 0.6179867986798679, 0.6146864686468647, 0.584983498349835, 0.4801980198019802, 0.0004915042285478548, 0.0013020833333333333, 0.001157049298679868], "avg_mem": [0.007389275256222547, 0.008270040263543192, 0.008556002928257686, 0.008658949487554905, 0.008590318448023425, 0.008979227672035139, 0.008899158125915081, 0.008521687408491947, 0.008498810395314787, 0.00841874084919473, 0.008853404099560761, 0.008670387994143484, 0.008475933382137629, 0.008601756954612006, 0.008430179355783309, 0.008613195461200585, 0.008739019033674963, 0.008716142020497804, 0.008693265007320644, 0.008739019033674963, 0.008739019033674963, 0.008841965592972182, 0.008464494875549048, 0.008544564421669107, 0.008658949487554905, 0.008670387994143484, 0.008636072474377745, 0.008601756954612006, 0.008807650073206443, 0.008784773060029283, 0.008819088579795022, 0.008841965592972182, 0.009093612737920937, 0.008681826500732064, 0.008498810395314787, 0.008487371888726208, 0.008739019033674963, 0.008750457540263544, 0.008819088579795022, 0.008704703513909224, 0.008853404099560761, 0.008556002928257686, 0.008716142020497804, 0.008761896046852123, 0.009002104685212299, 0.008716142020497804, 0.008761896046852123, 0.0088877196193265, 0.008613195461200585, 0.008658949487554905, 0.008830527086383601, 0.008613195461200585, 0.008601756954612006, 0.008784773060029283, 0.008841965592972182, 0.008727580527086384, 0.008784773060029283, 0.008636072474377745, 0.008727580527086384, 0.008704703513909224, 0.008578879941434846, 0.008796211566617862, 0.00896778916544656, 0.008807650073206443, 0.009082174231332358, 0.008670387994143484, 0.008773334553440702, 0.008430179355783309, 0.00899066617862372, 0.008761896046852123, 0.008727580527086384, 0.00893347364568082, 0.008773334553440702, 0.008681826500732064, 0.00886484260614934, 0.008807650073206443, 0.0088877196193265, 0.008670387994143484, 0.008830527086383601, 0.008796211566617862, 0.00886484260614934, 0.008761896046852123, 0.008796211566617862, 0.008647510980966324, 0.008658949487554905, 0.008841965592972182, 0.00891059663250366, 0.008819088579795022, 0.008704703513909224, 0.008681826500732064, 0.008716142020497804, 0.008647510980966324, 0.008636072474377745, 0.008624633967789166, 0.008796211566617862, 0.008807650073206443, 0.008407302342606148, 0.006371248169838946, 0.006005215959004393, 7.149066617862372e-05]}