{"time": [530.0, 530.0, 531.0, 531.0, 532.0, 533.0, 534.0, 535.0, 536.0, 537.0, 538.0, 539.0, 540.0, 540.0, 541.0, 542.0, 543.0, 544.0, 545.0, 546.0, 547.0, 548.0, 549.0, 550.0, 551.0, 552.0, 553.0, 554.0, 555.0, 556.0, 557.0, 557.0, 558.0, 559.0, 560.0, 561.0, 562.0, 563.0, 564.0, 565.0, 566.0, 567.0, 568.0, 569.0, 570.0, 571.0, 571.0, 572.0, 572.0, 572.0, 580.0, 581.0, 582.0, 583.0, 584.0, 585.0, 586.0, 587.0, 588.0, 589.0, 590.0, 591.0, 592.0, 593.0, 594.0, 595.0, 596.0, 597.0, 598.0, 599.0, 600.0, 601.0, 602.0, 603.0, 604.0, 605.0, 606.0, 607.0, 608.0, 609.0, 610.0, 611.0, 612.0, 613.0, 614.0, 615.0, 616.0, 616.0, 617.0, 618.0, 619.0, 620.0, 621.0, 622.0, 623.0, 624.0, 625.0, 626.0, 627.0, 628.0, 629.0, 630.0, 631.0, 632.0, 633.0, 634.0, 635.0, 636.0, 637.0, 638.0, 639.0, 640.0, 641.0, 642.0, 643.0, 644.0, 645.0, 646.0, 647.0, 648.0, 649.0, 650.0, 651.0, 652.0, 653.0, 653.0, 653.0, 653.0], "avg_cpu": [0.21823432343234322, 0.5841584158415841, 0.5973597359735974, 0.6047854785478548, 0.6039603960396039, 0.5552805280528053, 0.5338283828382838, 0.5561056105610561, 0.5668316831683168, 0.6254125412541254, 0.6155115511551155, 0.5915841584158416, 0.5462046204620462, 0.6196369636963697, 0.6105610561056105, 0.5437293729372937, 0.594059405940594, 0.5858085808580858, 0.5783828382838284, 0.5750825082508251, 0.6097359735973598, 0.584983498349835, 0.5503300330033003, 0.5874587458745875, 0.5808580858085809, 0.5726072607260726, 0.5998349834983498, 0.5899339933993399, 0.58003300330033, 0.5627062706270627, 0.40717821782178215, 0.5165016501650165, 0.5099009900990099, 0.6254125412541254, 0.6311881188118812, 0.5346534653465347, 0.5907590759075908, 0.6237623762376238, 0.6097359735973598, 0.6056105610561056, 0.5965346534653465, 0.6122112211221122, 0.6031353135313532, 0.5965346534653465, 0.5858085808580858, 0.6146864686468647, 0.6501650165016502, 0.5173267326732673, 0.28424092409240925, 0.0, 0.6798679867986799, 0.655940594059406, 0.5965346534653465, 0.6782178217821783, 0.6749174917491749, 0.6023102310231023, 0.5726072607260726, 0.5998349834983498, 0.5915841584158416, 0.5891089108910891, 0.5998349834983498, 0.5899339933993399, 0.5808580858085809, 0.6047854785478548, 0.5882838283828383, 0.6006600660066007, 0.5858085808580858, 0.6064356435643564, 0.5965346534653465, 0.5882838283828383, 0.5816831683168316, 0.6155115511551155, 0.6072607260726073, 0.5627062706270627, 0.5874587458745875, 0.5808580858085809, 0.6155115511551155, 0.5445544554455446, 0.5767326732673267, 0.5594059405940595, 0.58003300330033, 0.6155115511551155, 0.5792079207920792, 0.58003300330033, 0.6163366336633663, 0.5899339933993399, 0.5899339933993399, 0.5957095709570958, 0.5915841584158416, 0.6171617161716172, 0.6311881188118812, 0.5965346534653465, 0.6344884488448845, 0.6179867986798679, 0.6534653465346535, 0.6691419141914191, 0.6336633663366337, 0.6435643564356436, 0.6303630363036303, 0.6452145214521452, 0.6295379537953796, 0.6336633663366337, 0.6072607260726073, 0.613036303630363, 0.7128712871287128, 0.5998349834983498, 0.6039603960396039, 0.6295379537953796, 0.6163366336633663, 0.6245874587458746, 0.6146864686468647, 0.6765676567656765, 0.6452145214521452, 0.6460396039603961, 0.6361386138613861, 0.6320132013201321, 0.6534653465346535, 0.6468646864686468, 0.66996699669967, 0.665016501650165, 0.6476897689768977, 0.6138613861386139, 0.5891089108910891, 0.6179867986798679, 0.6254125412541254, 0.608085808580858, 0.11551155115511551, 0.0], "avg_mem": [0.01226207906295754, 0.05115300146412884, 0.045113469985358715, 0.042322474377745244, 0.046440336749633965, 0.045525256222547585, 0.04337481698389458, 0.043329062957540264, 0.044838945827232794, 0.0436493411420205, 0.04396961932650073, 0.04584553440702782, 0.04355783308931186, 0.04227672035139092, 0.043146046852122984, 0.04410688140556369, 0.044427159590043924, 0.04355783308931186, 0.04213945827232796, 0.04337481698389458, 0.04456442166910688, 0.04346632503660322, 0.04497620790629575, 0.04227672035139092, 0.04470168374816984, 0.043740849194729134, 0.04415263543191801, 0.04428989751098097, 0.04529648609077599, 0.043420571010248904, 0.058931185944363106, 0.045113469985358715, 0.04177342606149341, 0.042230966325036604, 0.04589128843338214, 0.04200219619326501, 0.04570827232796486, 0.04525073206442167, 0.04570827232796486, 0.04305453879941435, 0.04241398243045388, 0.043329062957540264, 0.04369509516837482, 0.045525256222547585, 0.04227672035139092, 0.043740849194729134, 0.04369509516837482, 0.02960285505124451, 0.0005833638360175696, 0.000391768850658858, 0.04447291361639824, 0.044244143484626644, 0.040995607613469986, 0.04346632503660322, 0.0436493411420205, 0.042642752562225474, 0.0400805270863836, 0.042642752562225474, 0.04227672035139092, 0.04255124450951684, 0.04200219619326501, 0.04337481698389458, 0.043146046852122984, 0.04168191800878477, 0.04227672035139092, 0.04296303074670571, 0.04236822840409956, 0.044335651537335284, 0.04465592972181552, 0.04213945827232796, 0.042642752562225474, 0.0426885065885798, 0.0426885065885798, 0.04694363103953148, 0.044518667642752564, 0.04296303074670571, 0.046120058565153735, 0.043329062957540264, 0.0412701317715959, 0.04218521229868229, 0.04227672035139092, 0.04328330893118595, 0.043329062957540264, 0.04278001464128843, 0.042734260614934114, 0.0436493411420205, 0.044335651537335284, 0.04607430453879941, 0.04547950219619327, 0.04328330893118595, 0.04447291361639824, 0.04310029282576867, 0.045021961932650074, 0.043923865300146414, 0.0426885065885798, 0.04497620790629575, 0.04236822840409956, 0.0424597364568082, 0.04200219619326501, 0.043420571010248904, 0.043740849194729134, 0.044015373352855054, 0.043832357247437774, 0.042734260614934114, 0.04355783308931186, 0.04200219619326501, 0.044427159590043924, 0.04438140556368961, 0.043329062957540264, 0.046440336749633965, 0.044335651537335284, 0.04575402635431918, 0.04447291361639824, 0.04241398243045388, 0.04616581259150805, 0.042825768667642754, 0.04396961932650073, 0.04241398243045388, 0.0446101756954612, 0.04415263543191801, 0.044427159590043924, 0.042825768667642754, 0.04428989751098097, 0.04474743777452416, 0.05380673499267936, 0.044244143484626644, 0.0007034681551976574, 0.00038318997071742314]}