{"time": [1718.0, 1719.0, 1719.0, 1719.0, 1719.0, 1719.0, 1720.0, 1720.0, 1721.0, 1722.0, 1722.0, 1723.0, 1724.0, 1724.0, 1725.0, 1726.0, 1727.0, 1728.0, 1728.0, 1729.0, 1730.0, 1731.0, 1732.0, 1732.0, 1733.0, 1734.0, 1735.0, 1736.0, 1737.0, 1737.0, 1738.0, 1739.0, 1740.0, 1741.0, 1742.0, 1743.0, 1744.0, 1745.0, 1746.0, 1747.0, 1748.0, 1749.0, 1750.0, 1751.0, 1752.0, 1753.0, 1754.0, 1755.0, 1756.0, 1757.0, 1758.0, 1759.0, 1760.0, 1761.0, 1762.0, 1763.0, 1764.0, 1765.0, 1766.0, 1767.0, 1768.0, 1769.0, 1770.0, 1771.0, 1772.0, 1773.0, 1774.0, 1775.0, 1776.0, 1777.0, 1778.0, 1779.0, 1780.0, 1781.0, 1782.0, 1783.0, 1784.0, 1785.0, 1786.0, 1787.0, 1788.0, 1789.0, 1790.0, 1791.0, 1792.0, 1793.0, 1794.0, 1795.0, 1796.0, 1797.0, 1798.0, 1799.0, 1800.0, 1800.0, 1800.0, 1800.0], "avg_cpu": [0.2737603305785124, 0.3691460055096419, 0.38360881542699726, 0.3987603305785124, 0.4256198347107438, 0.43388429752066116, 0.40426997245179064, 0.400137741046832, 0.38980716253443526, 0.3822314049586777, 0.44214876033057854, 0.4118457300275482, 0.3739669421487603, 0.39118457300275483, 0.43112947658402206, 0.44421487603305787, 0.4641873278236915, 0.48140495867768596, 0.5144628099173554, 0.5048209366391184, 0.5661157024793388, 0.5289256198347108, 0.5117079889807162, 0.5365013774104683, 0.5833333333333334, 0.5654269972451791, 0.5909090909090909, 0.5771349862258953, 0.5867768595041323, 0.6150137741046832, 0.6074380165289256, 0.6136363636363636, 0.599862258953168, 0.5957300275482094, 0.599862258953168, 0.5895316804407713, 0.5881542699724518, 0.6101928374655647, 0.5778236914600551, 0.5915977961432507, 0.609504132231405, 0.5957300275482094, 0.5792011019283747, 0.5544077134986226, 0.5482093663911846, 0.559228650137741, 0.5867768595041323, 0.5833333333333334, 0.5702479338842975, 0.5488980716253443, 0.5902203856749312, 0.5764462809917356, 0.5516528925619835, 0.5977961432506887, 0.6019283746556474, 0.6108815426997245, 0.6046831955922864, 0.5895316804407713, 0.5578512396694215, 0.5626721763085399, 0.5977961432506887, 0.5881542699724518, 0.5433884297520661, 0.5482093663911846, 0.5578512396694215, 0.5895316804407713, 0.5681818181818182, 0.6177685950413223, 0.6225895316804407, 0.6012396694214877, 0.5537190082644629, 0.5826446280991735, 0.5798898071625345, 0.6019283746556474, 0.6074380165289256, 0.6033057851239669, 0.6074380165289256, 0.5971074380165289, 0.5991735537190083, 0.6067493112947658, 0.6081267217630854, 0.5984848484848485, 0.5303030303030303, 0.506198347107438, 0.5041322314049587, 0.509641873278237, 0.5034435261707989, 0.5130853994490359, 0.5130853994490359, 0.5179063360881543, 0.5110192837465565, 0.506198347107438, 0.2400137741046832, 0.003787878787878788, 0.004261363636363636, 0.0005326704545454545], "avg_mem": [0.008533125915080528, 0.00896778916544656, 0.008670387994143484, 0.009185120790629575, 0.008601756954612006, 0.008876281112737921, 0.00893347364568082, 0.00886484260614934, 0.008807650073206443, 0.008716142020497804, 0.009024981698389459, 0.008704703513909224, 0.008841965592972182, 0.008624633967789166, 0.008704703513909224, 0.00892203513909224, 0.008853404099560761, 0.00893347364568082, 0.008750457540263544, 0.008784773060029283, 0.008841965592972182, 0.00899066617862372, 0.00892203513909224, 0.009036420204978038, 0.009070735724743777, 0.00891059663250366, 0.00891059663250366, 0.008876281112737921, 0.009059297218155198, 0.008510248901903368, 0.008796211566617862, 0.009139366764275255, 0.00893347364568082, 0.008979227672035139, 0.008899158125915081, 0.008899158125915081, 0.008784773060029283, 0.009265190336749635, 0.008807650073206443, 0.00886484260614934, 0.00896778916544656, 0.009013543191800878, 0.009219436310395315, 0.00899066617862372, 0.008819088579795022, 0.0088877196193265, 0.009013543191800878, 0.00899066617862372, 0.008899158125915081, 0.008841965592972182, 0.008979227672035139, 0.008807650073206443, 0.008899158125915081, 0.0089449121522694, 0.008807650073206443, 0.009070735724743777, 0.009024981698389459, 0.009391013909224012, 0.008784773060029283, 0.00886484260614934, 0.00892203513909224, 0.008841965592972182, 0.008956350658857979, 0.0088877196193265, 0.009024981698389459, 0.008739019033674963, 0.008956350658857979, 0.009002104685212299, 0.008899158125915081, 0.009082174231332358, 0.00896778916544656, 0.008956350658857979, 0.010077324304538799, 0.008796211566617862, 0.009150805270863836, 0.009288067349926793, 0.008979227672035139, 0.008956350658857979, 0.009105051244509516, 0.008853404099560761, 0.00896778916544656, 0.00893347364568082, 0.00893347364568082, 0.00892203513909224, 0.008784773060029283, 0.008739019033674963, 0.00893347364568082, 0.008761896046852123, 0.009070735724743777, 0.009116489751098097, 0.008693265007320644, 0.008830527086383601, 0.008087024158125915, 0.007537975841874085, 0.0003174185578330893, 7.149066617862372e-05]}