{"time": [1718.0, 1719.0, 1719.0, 1719.0, 1719.0, 1719.0, 1720.0, 1720.0, 1721.0, 1722.0, 1722.0, 1723.0, 1724.0, 1725.0, 1726.0, 1726.0, 1727.0, 1728.0, 1728.0, 1729.0, 1730.0, 1731.0, 1731.0, 1732.0, 1733.0, 1734.0, 1735.0, 1736.0, 1737.0, 1738.0, 1738.0, 1739.0, 1740.0, 1741.0, 1742.0, 1743.0, 1744.0, 1745.0, 1746.0, 1747.0, 1748.0, 1749.0, 1750.0, 1751.0, 1752.0, 1753.0, 1754.0, 1755.0, 1756.0, 1757.0, 1758.0, 1759.0, 1760.0, 1761.0, 1762.0, 1763.0, 1764.0, 1765.0, 1766.0, 1767.0, 1768.0, 1769.0, 1770.0, 1771.0, 1772.0, 1773.0, 1774.0, 1775.0, 1776.0, 1777.0, 1778.0, 1779.0, 1780.0, 1781.0, 1782.0, 1783.0, 1784.0, 1785.0, 1786.0, 1787.0, 1788.0, 1789.0, 1790.0, 1791.0, 1792.0, 1793.0, 1794.0, 1795.0, 1796.0, 1797.0, 1798.0, 1799.0, 1800.0, 1800.0, 1800.0], "avg_cpu": [0.0028877887788778876, 0.13056930693069307, 0.2706270627062706, 0.28217821782178215, 0.2607260726072607, 0.23391089108910892, 0.17677392739273928, 0.2677392739273927, 0.2590759075907591, 0.3164191419141914, 0.43316831683168316, 0.4005775577557756, 0.36303630363036304, 0.3634488448844885, 0.3919141914191419, 0.5222772277227723, 0.5264026402640264, 0.5198019801980198, 0.5594059405940595, 0.5379537953795379, 0.5297029702970297, 0.5453795379537953, 0.5948844884488449, 0.5899339933993399, 0.5272277227722773, 0.5478547854785478, 0.5561056105610561, 0.5693069306930693, 0.5528052805280528, 0.5891089108910891, 0.5973597359735974, 0.5701320132013201, 0.599009900990099, 0.5808580858085809, 0.6014851485148515, 0.5808580858085809, 0.6443894389438944, 0.6179867986798679, 0.5833333333333334, 0.5420792079207921, 0.5932343234323433, 0.5635313531353136, 0.5668316831683168, 0.5717821782178217, 0.6064356435643564, 0.5701320132013201, 0.5948844884488449, 0.5891089108910891, 0.5363036303630363, 0.5627062706270627, 0.5932343234323433, 0.5882838283828383, 0.5594059405940595, 0.5833333333333334, 0.6089108910891089, 0.551980198019802, 0.551980198019802, 0.5618811881188119, 0.5684818481848185, 0.5734323432343235, 0.5981848184818482, 0.5932343234323433, 0.5948844884488449, 0.6014851485148515, 0.584983498349835, 0.5585808580858086, 0.5404290429042904, 0.566006600660066, 0.6353135313531353, 0.650990099009901, 0.5965346534653465, 0.5684818481848185, 0.551980198019802, 0.5618811881188119, 0.5577557755775577, 0.58003300330033, 0.608085808580858, 0.5775577557755776, 0.6056105610561056, 0.6097359735973598, 0.5726072607260726, 0.5618811881188119, 0.5363036303630363, 0.570957095709571, 0.5379537953795379, 0.5759075907590759, 0.5478547854785478, 0.5594059405940595, 0.5470297029702971, 0.5338283828382838, 0.551980198019802, 0.5396039603960396, 0.26278877887788776, 0.004918265264026403, 0.000759011448019802], "avg_mem": [0.003980600292825769, 0.008201409224011713, 0.009688415080527086, 0.008453056368960469, 0.008155655197657393, 0.009448206442166911, 0.009093612737920937, 0.008613195461200585, 0.008510248901903368, 0.008556002928257686, 0.00841874084919473, 0.008658949487554905, 0.00896778916544656, 0.008590318448023425, 0.008773334553440702, 0.009002104685212299, 0.008601756954612006, 0.008647510980966324, 0.009093612737920937, 0.008761896046852123, 0.00886484260614934, 0.008761896046852123, 0.008601756954612006, 0.008704703513909224, 0.00896778916544656, 0.008636072474377745, 0.008761896046852123, 0.008841965592972182, 0.008716142020497804, 0.00891059663250366, 0.009013543191800878, 0.008658949487554905, 0.008830527086383601, 0.008750457540263544, 0.008716142020497804, 0.00891059663250366, 0.00891059663250366, 0.00896778916544656, 0.008899158125915081, 0.008819088579795022, 0.008693265007320644, 0.008613195461200585, 0.008658949487554905, 0.008796211566617862, 0.008853404099560761, 0.008750457540263544, 0.009253751830161054, 0.008693265007320644, 0.00892203513909224, 0.008876281112737921, 0.009036420204978038, 0.008750457540263544, 0.008727580527086384, 0.008716142020497804, 0.008693265007320644, 0.008853404099560761, 0.008784773060029283, 0.0089449121522694, 0.008704703513909224, 0.008784773060029283, 0.008807650073206443, 0.008853404099560761, 0.008819088579795022, 0.00891059663250366, 0.008853404099560761, 0.0088877196193265, 0.008693265007320644, 0.00891059663250366, 0.0089449121522694, 0.00892203513909224, 0.009207997803806735, 0.009036420204978038, 0.008761896046852123, 0.00886484260614934, 0.00896778916544656, 0.009070735724743777, 0.00899066617862372, 0.008807650073206443, 0.008693265007320644, 0.00891059663250366, 0.008853404099560761, 0.00893347364568082, 0.008670387994143484, 0.00891059663250366, 0.008899158125915081, 0.00886484260614934, 0.008876281112737921, 0.009036420204978038, 0.009219436310395315, 0.00892203513909224, 0.008807650073206443, 0.008750457540263544, 0.00789256954612006, 0.006966050512445096, 9.150805270863836e-05]}