{"time": [1718.0, 1719.0, 1719.0, 1719.0, 1719.0, 1719.0, 1720.0, 1720.0, 1720.0, 1721.0, 1722.0, 1723.0, 1724.0, 1725.0, 1726.0, 1727.0, 1728.0, 1728.0, 1729.0, 1730.0, 1730.0, 1731.0, 1732.0, 1732.0, 1733.0, 1734.0, 1735.0, 1736.0, 1737.0, 1737.0, 1738.0, 1739.0, 1740.0, 1741.0, 1742.0, 1743.0, 1744.0, 1745.0, 1746.0, 1747.0, 1748.0, 1749.0, 1750.0, 1751.0, 1752.0, 1753.0, 1754.0, 1755.0, 1756.0, 1757.0, 1758.0, 1759.0, 1760.0, 1761.0, 1762.0, 1763.0, 1764.0, 1765.0, 1766.0, 1767.0, 1768.0, 1769.0, 1770.0, 1771.0, 1772.0, 1773.0, 1774.0, 1775.0, 1776.0, 1777.0, 1778.0, 1779.0, 1780.0, 1781.0, 1782.0, 1783.0, 1784.0, 1785.0, 1786.0, 1787.0, 1788.0, 1789.0, 1790.0, 1791.0, 1792.0, 1793.0, 1794.0, 1795.0, 1796.0, 1797.0, 1798.0, 1799.0, 1800.0, 1800.0, 1800.0, 1800.0], "avg_cpu": [0.006382181186868687, 0.12105429292929293, 0.24242424242424243, 0.3188131313131313, 0.37247474747474746, 0.3453282828282828, 0.33775252525252525, 0.3996212121212121, 0.45707070707070707, 0.45202020202020204, 0.4532828282828283, 0.43686868686868685, 0.4715909090909091, 0.44002525252525254, 0.4678030303030303, 0.4715909090909091, 0.5422979797979798, 0.6893939393939394, 0.6666666666666666, 0.6843434343434344, 0.7310606060606061, 0.7323232323232324, 0.7487373737373737, 0.803030303030303, 0.7853535353535354, 0.7916666666666666, 0.7777777777777778, 0.7954545454545454, 0.7878787878787878, 0.8169191919191919, 0.75, 0.7651515151515151, 0.7575757575757576, 0.7361111111111112, 0.7954545454545454, 0.7563131313131313, 0.7512626262626263, 0.7272727272727273, 0.7702020202020202, 0.7866161616161617, 0.8244949494949495, 0.7904040404040404, 0.7512626262626263, 0.7512626262626263, 0.7424242424242424, 0.7386363636363636, 0.7373737373737373, 0.7323232323232324, 0.7424242424242424, 0.75, 0.76010101010101, 0.7777777777777778, 0.7272727272727273, 0.7853535353535354, 0.75, 0.7171717171717171, 0.7474747474747475, 0.6944444444444444, 0.7361111111111112, 0.7386363636363636, 0.7790404040404041, 0.7525252525252525, 0.7095959595959596, 0.7007575757575758, 0.7184343434343434, 0.7222222222222222, 0.7474747474747475, 0.7803030303030303, 0.827020202020202, 0.8207070707070707, 0.8169191919191919, 0.821969696969697, 0.821969696969697, 0.8169191919191919, 0.8257575757575758, 0.8181818181818182, 0.8207070707070707, 0.8232323232323232, 0.8194444444444444, 0.8257575757575758, 0.821969696969697, 0.8181818181818182, 0.8232323232323232, 0.8181818181818182, 0.8207070707070707, 0.8244949494949495, 0.8194444444444444, 0.821969696969697, 0.8244949494949495, 0.8207070707070707, 0.8244949494949495, 0.827020202020202, 0.3888888888888889, 0.001953125, 0.0013020833333333333, 0.0005573311237373737], "avg_mem": [0.0056620607613469985, 0.015304721815519767, 0.01898792093704246, 0.018004209370424597, 0.016562957540263542, 0.01676885065885798, 0.016425695461200585, 0.01633418740849195, 0.015716508052708637, 0.01688323572474378, 0.01628843338213763, 0.016814604685212297, 0.016997620790629574, 0.017043374816983894, 0.016517203513909225, 0.016608711566617862, 0.01731789897510981, 0.016974743777452415, 0.017455161054172767, 0.017020497803806735, 0.01722639092240117, 0.017043374816983894, 0.016928989751098095, 0.016906112737920937, 0.01663158857979502, 0.017112005856515372, 0.016700219619326502, 0.017043374816983894, 0.017112005856515372, 0.017546669106881404, 0.01672309663250366, 0.016608711566617862, 0.016974743777452415, 0.017043374816983894, 0.016951866764275257, 0.016654465592972182, 0.017455161054172767, 0.01738653001464129, 0.01679172767203514, 0.01731789897510981, 0.017363653001464127, 0.01734077598828697, 0.016974743777452415, 0.017478038067349926, 0.016814604685212297, 0.01718063689604685, 0.017089128843338214, 0.01718063689604685, 0.017066251830161056, 0.01688323572474378, 0.016540080527086384, 0.016974743777452415, 0.016814604685212297, 0.01679172767203514, 0.017020497803806735, 0.016906112737920937, 0.017020497803806735, 0.01722639092240117, 0.016814604685212297, 0.01722639092240117, 0.017523792093704246, 0.01663158857979502, 0.016928989751098095, 0.01734077598828697, 0.017203513909224012, 0.017615300146412886, 0.01729502196193265, 0.017203513909224012, 0.017638177159590044, 0.01679172767203514, 0.01679172767203514, 0.017043374816983894, 0.01734077598828697, 0.017066251830161056, 0.017020497803806735, 0.016951866764275257, 0.01722639092240117, 0.01718063689604685, 0.017523792093704246, 0.01676885065885798, 0.016997620790629574, 0.01688323572474378, 0.017112005856515372, 0.016860358711566617, 0.017203513909224012, 0.016860358711566617, 0.016814604685212297, 0.01688323572474378, 0.017043374816983894, 0.016974743777452415, 0.016906112737920937, 0.016997620790629574, 0.015236090775988287, 0.013863469985358711, 0.010443356515373352, 0.00012582357247437775]}