{"time": [524.0, 525.0, 526.0, 527.0, 527.0, 527.0, 527.0, 529.0, 530.0, 530.0, 530.0, 531.0, 531.0, 532.0, 533.0, 534.0, 535.0, 536.0, 537.0, 538.0, 539.0, 540.0, 540.0, 541.0, 542.0, 543.0, 544.0, 545.0, 546.0, 547.0, 548.0, 549.0, 550.0, 551.0, 552.0, 553.0, 554.0, 555.0, 556.0, 556.0, 557.0, 558.0, 559.0, 560.0, 561.0, 562.0, 563.0, 564.0, 565.0, 566.0, 567.0, 568.0, 569.0, 570.0, 571.0, 571.0, 572.0, 572.0, 572.0, 575.0, 576.0, 577.0, 578.0, 579.0, 580.0, 581.0, 582.0, 583.0, 584.0, 585.0, 586.0, 587.0, 588.0, 589.0, 590.0, 591.0, 592.0, 593.0, 594.0, 595.0, 596.0, 597.0, 598.0, 599.0, 600.0, 601.0, 602.0, 603.0, 604.0, 605.0, 606.0, 607.0, 608.0, 609.0, 610.0, 611.0, 612.0, 613.0, 614.0, 615.0, 616.0, 617.0, 618.0, 619.0, 620.0, 621.0, 622.0, 623.0, 624.0, 625.0, 626.0, 627.0, 628.0, 629.0, 630.0, 631.0, 632.0, 633.0, 634.0, 635.0, 636.0, 637.0, 638.0, 639.0, 640.0, 641.0, 642.0, 643.0, 644.0, 645.0, 646.0, 647.0, 648.0, 649.0, 650.0, 651.0, 652.0, 653.0, 653.0, 653.0, 653.0], "avg_cpu": [0.07332920792079207, 0.02495874587458746, 0.0005398489067656765, 0.0004657204001650165, 0.0005559637995049504, 0.0, 0.00023044296617161716, 0.37541254125412543, 0.5717821782178217, 0.6270627062706271, 0.5915841584158416, 0.6336633663366337, 0.48184818481848185, 0.6089108910891089, 0.5247524752475248, 0.5371287128712872, 0.6493399339933993, 0.6278877887788779, 0.6270627062706271, 0.6056105610561056, 0.5841584158415841, 0.533003300330033, 0.5866336633663366, 0.5717821782178217, 0.5816831683168316, 0.5445544554455446, 0.58003300330033, 0.5701320132013201, 0.5874587458745875, 0.5767326732673267, 0.566006600660066, 0.5717821782178217, 0.570957095709571, 0.5792079207920792, 0.5618811881188119, 0.5486798679867987, 0.5412541254125413, 0.5618811881188119, 0.6344884488448845, 0.6328382838283828, 0.5594059405940595, 0.5726072607260726, 0.566006600660066, 0.6097359735973598, 0.584983498349835, 0.5899339933993399, 0.5792079207920792, 0.5594059405940595, 0.5668316831683168, 0.5668316831683168, 0.5750825082508251, 0.5734323432343235, 0.556930693069307, 0.566006600660066, 0.5701320132013201, 0.5676567656765676, 0.466996699669967, 0.004628197194719472, 0.0, 0.43399339933993397, 0.6014851485148515, 0.5841584158415841, 0.5684818481848185, 0.5783828382838284, 0.613036303630363, 0.5948844884488449, 0.5486798679867987, 0.5651815181518152, 0.566006600660066, 0.5701320132013201, 0.5503300330033003, 0.5363036303630363, 0.5470297029702971, 0.5561056105610561, 0.5726072607260726, 0.5775577557755776, 0.5511551155115512, 0.58003300330033, 0.5783828382838284, 0.5907590759075908, 0.5858085808580858, 0.6047854785478548, 0.6023102310231023, 0.6047854785478548, 0.594059405940594, 0.5924092409240924, 0.5767326732673267, 0.5915841584158416, 0.5998349834983498, 0.6064356435643564, 0.6014851485148515, 0.6089108910891089, 0.5998349834983498, 0.594059405940594, 0.5924092409240924, 0.5561056105610561, 0.5651815181518152, 0.5561056105610561, 0.5561056105610561, 0.5643564356435643, 0.5750825082508251, 0.5767326732673267, 0.5594059405940595, 0.5528052805280528, 0.5717821782178217, 0.5717821782178217, 0.5676567656765676, 0.5866336633663366, 0.5495049504950495, 0.5561056105610561, 0.5734323432343235, 0.5767326732673267, 0.5684818481848185, 0.5841584158415841, 0.5742574257425742, 0.5742574257425742, 0.5701320132013201, 0.5816831683168316, 0.5717821782178217, 0.5651815181518152, 0.570957095709571, 0.5816831683168316, 0.5792079207920792, 0.5701320132013201, 0.5717821782178217, 0.5676567656765676, 0.5775577557755776, 0.5734323432343235, 0.570957095709571, 0.5701320132013201, 0.5759075907590759, 0.5816831683168316, 0.5767326732673267, 0.5841584158415841, 0.5742574257425742, 0.5651815181518152, 0.5627062706270627, 0.5272277227722773, 0.5858085808580858, 0.15759075907590758, 0.0], "avg_mem": [0.007206259150805271, 0.0056506222547584185, 0.004278001464128843, 0.004232247437774524, 0.004157897144948755, 0.004157897144948755, 0.00029454154465592973, 0.025347730600292825, 0.05417276720351391, 0.04200219619326501, 0.039897510980966326, 0.0381588579795022, 0.04310029282576867, 0.042322474377745244, 0.04072108345534407, 0.04195644216691069, 0.042230966325036604, 0.040995607613469986, 0.04310029282576867, 0.04355783308931186, 0.042825768667642754, 0.04195644216691069, 0.04067532942898975, 0.04250549048316252, 0.042917276720351394, 0.04058382137628111, 0.0426885065885798, 0.04227672035139092, 0.04241398243045388, 0.04319180087847731, 0.042322474377745244, 0.04191068814055637, 0.04154465592972181, 0.04108711566617863, 0.041315885797950216, 0.04108711566617863, 0.04136163982430454, 0.04337481698389458, 0.04236822840409956, 0.04415263543191801, 0.042917276720351394, 0.04319180087847731, 0.0424597364568082, 0.044427159590043924, 0.042322474377745244, 0.046531844802342605, 0.04575402635431918, 0.04259699853587116, 0.04488469985358712, 0.0436493411420205, 0.04488469985358712, 0.04488469985358712, 0.045113469985358715, 0.043740849194729134, 0.04204795021961932, 0.04159040995607614, 0.046714860907759885, 0.0005147327964860908, 0.00033171669106881406, 0.027269399707174232, 0.04529648609077599, 0.044518667642752564, 0.04369509516837482, 0.04218521229868229, 0.04250549048316252, 0.04250549048316252, 0.04310029282576867, 0.04163616398243045, 0.047218155197657395, 0.04319180087847731, 0.04186493411420205, 0.04191068814055637, 0.0424597364568082, 0.04396961932650073, 0.046714860907759885, 0.042230966325036604, 0.040904099560761346, 0.04387811127379209, 0.04447291361639824, 0.04598279648609078, 0.044427159590043924, 0.04241398243045388, 0.044015373352855054, 0.0424597364568082, 0.04415263543191801, 0.04255124450951684, 0.04204795021961932, 0.04296303074670571, 0.044015373352855054, 0.04456442166910688, 0.044838945827232794, 0.04419838945827233, 0.04204795021961932, 0.042230966325036604, 0.04204795021961932, 0.04456442166910688, 0.043420571010248904, 0.041407393850658857, 0.042322474377745244, 0.042917276720351394, 0.04186493411420205, 0.04136163982430454, 0.04749267935578331, 0.04310029282576867, 0.04159040995607614, 0.044518667642752564, 0.043832357247437774, 0.041315885797950216, 0.03875366032210834, 0.04227672035139092, 0.04488469985358712, 0.04172767203513909, 0.04191068814055637, 0.04305453879941435, 0.0426885065885798, 0.04438140556368961, 0.04360358711566618, 0.04465592972181552, 0.04447291361639824, 0.04310029282576867, 0.04250549048316252, 0.042734260614934114, 0.04328330893118595, 0.04465592972181552, 0.04209370424597365, 0.04241398243045388, 0.04172767203513909, 0.044427159590043924, 0.042734260614934114, 0.04094985358711566, 0.043237554904831624, 0.039897510980966326, 0.0446101756954612, 0.03852489019033675, 0.042917276720351394, 0.04387811127379209, 0.04310029282576867, 0.04616581259150805, 0.045525256222547585, 0.0009436767935578331, 0.00044896138360175697]}