{"time": [530.0, 530.0, 530.0, 531.0, 531.0, 532.0, 533.0, 534.0, 535.0, 536.0, 537.0, 538.0, 539.0, 540.0, 540.0, 541.0, 542.0, 543.0, 544.0, 545.0, 546.0, 547.0, 548.0, 549.0, 550.0, 551.0, 552.0, 553.0, 554.0, 555.0, 556.0, 556.0, 557.0, 558.0, 559.0, 560.0, 561.0, 562.0, 563.0, 564.0, 565.0, 566.0, 567.0, 568.0, 569.0, 570.0, 571.0, 571.0, 571.0, 571.0, 578.0, 579.0, 580.0, 581.0, 582.0, 583.0, 584.0, 585.0, 586.0, 587.0, 588.0, 589.0, 590.0, 591.0, 592.0, 593.0, 594.0, 595.0, 596.0, 597.0, 598.0, 599.0, 600.0, 601.0, 602.0, 603.0, 604.0, 605.0, 606.0, 607.0, 608.0, 609.0, 610.0, 611.0, 612.0, 613.0, 614.0, 615.0, 616.0, 617.0, 618.0, 619.0, 620.0, 621.0, 622.0, 622.0, 623.0, 624.0, 625.0, 626.0, 627.0, 628.0, 629.0, 630.0, 631.0, 632.0, 633.0, 634.0, 635.0, 636.0, 637.0, 638.0, 639.0, 640.0, 641.0, 642.0, 643.0, 644.0, 645.0, 646.0, 647.0, 648.0, 649.0, 650.0, 651.0, 652.0, 653.0, 653.0, 653.0, 653.0], "avg_cpu": [0.0, 0.10829207920792079, 0.6146864686468647, 0.5750825082508251, 0.6146864686468647, 0.5998349834983498, 0.6204620462046204, 0.6064356435643564, 0.6336633663366337, 0.6542904290429042, 0.6600660066006601, 0.6006600660066007, 0.5825082508250825, 0.5998349834983498, 0.5759075907590759, 0.570957095709571, 0.5891089108910891, 0.6122112211221122, 0.6146864686468647, 0.6336633663366337, 0.6138613861386139, 0.6584158415841584, 0.6064356435643564, 0.6171617161716172, 0.608085808580858, 0.6468646864686468, 0.6113861386138614, 0.6097359735973598, 0.6270627062706271, 0.6287128712871287, 0.6171617161716172, 0.5957095709570958, 0.5528052805280528, 0.5173267326732673, 0.5561056105610561, 0.5544554455445545, 0.5833333333333334, 0.6006600660066007, 0.6039603960396039, 0.5808580858085809, 0.594059405940594, 0.5816831683168316, 0.6064356435643564, 0.5948844884488449, 0.5750825082508251, 0.5866336633663366, 0.5379537953795379, 0.5858085808580858, 0.037953795379537955, 0.0, 0.6072607260726073, 0.665016501650165, 0.721947194719472, 0.5899339933993399, 0.5750825082508251, 0.5536303630363036, 0.5363036303630363, 0.5635313531353136, 0.5338283828382838, 0.5445544554455446, 0.5412541254125413, 0.5478547854785478, 0.6773927392739274, 0.6179867986798679, 0.5363036303630363, 0.5792079207920792, 0.5610561056105611, 0.5833333333333334, 0.5618811881188119, 0.5668316831683168, 0.5676567656765676, 0.5313531353135313, 0.5924092409240924, 0.6014851485148515, 0.5858085808580858, 0.5841584158415841, 0.5635313531353136, 0.5635313531353136, 0.5412541254125413, 0.5239273927392739, 0.509075907590759, 0.5627062706270627, 0.5033003300330033, 0.509075907590759, 0.5041254125412541, 0.5379537953795379, 0.6386138613861386, 0.5528052805280528, 0.5825082508250825, 0.5354785478547854, 0.5462046204620462, 0.5214521452145214, 0.523102310231023, 0.5643564356435643, 0.5387788778877888, 0.5387788778877888, 0.5528052805280528, 0.5676567656765676, 0.6196369636963697, 0.5775577557755776, 0.5891089108910891, 0.5701320132013201, 0.6683168316831684, 0.613036303630363, 0.551980198019802, 0.650990099009901, 0.6047854785478548, 0.6254125412541254, 0.5948844884488449, 0.7054455445544554, 0.613036303630363, 0.5115511551155115, 0.6295379537953796, 0.6031353135313532, 0.6138613861386139, 0.599009900990099, 0.5957095709570958, 0.6270627062706271, 0.5354785478547854, 0.6064356435643564, 0.5610561056105611, 0.599009900990099, 0.6353135313531353, 0.5833333333333334, 0.594059405940594, 0.6155115511551155, 0.5478547854785478, 0.4768976897689769, 0.0, 0.0], "avg_mem": [0.00046039989019033676, 0.006600018301610542, 0.04749267935578331, 0.0410413616398243, 0.04470168374816984, 0.04685212298682284, 0.04456442166910688, 0.043420571010248904, 0.042734260614934114, 0.04369509516837482, 0.04474743777452416, 0.04213945827232796, 0.04236822840409956, 0.04310029282576867, 0.04310029282576867, 0.0446101756954612, 0.042825768667642754, 0.04172767203513909, 0.04346632503660322, 0.04172767203513909, 0.04396961932650073, 0.04259699853587116, 0.04310029282576867, 0.04447291361639824, 0.04396961932650073, 0.04447291361639824, 0.04255124450951684, 0.043146046852122984, 0.042642752562225474, 0.04447291361639824, 0.043420571010248904, 0.0400805270863836, 0.0424597364568082, 0.04145314787701318, 0.04204795021961932, 0.04227672035139092, 0.04250549048316252, 0.04241398243045388, 0.04255124450951684, 0.04204795021961932, 0.0426885065885798, 0.04305453879941435, 0.04186493411420205, 0.04346632503660322, 0.04227672035139092, 0.04278001464128843, 0.03962298682284041, 0.03797584187408492, 0.000391768850658858, 0.00028882229136163983, 0.04145314787701318, 0.04209370424597365, 0.04145314787701318, 0.045433748169838944, 0.03962298682284041, 0.040400805270863836, 0.04287152269399707, 0.03934846266471449, 0.04241398243045388, 0.03994326500732064, 0.04145314787701318, 0.04191068814055637, 0.04328330893118595, 0.043146046852122984, 0.04108711566617863, 0.044518667642752564, 0.04163616398243045, 0.04241398243045388, 0.04351207906295754, 0.04072108345534407, 0.045433748169838944, 0.04186493411420205, 0.04296303074670571, 0.043740849194729134, 0.03953147877013177, 0.04474743777452416, 0.04177342606149341, 0.041819180087847733, 0.043420571010248904, 0.04328330893118595, 0.04163616398243045, 0.041407393850658857, 0.042917276720351394, 0.04108711566617863, 0.0457997803806735, 0.043146046852122984, 0.04346632503660322, 0.043329062957540264, 0.04204795021961932, 0.044427159590043924, 0.0414989019033675, 0.042917276720351394, 0.0436493411420205, 0.04213945827232796, 0.0446101756954612, 0.044015373352855054, 0.040995607613469986, 0.0436493411420205, 0.040904099560761346, 0.04136163982430454, 0.042642752562225474, 0.04195644216691069, 0.04117862371888726, 0.042825768667642754, 0.04410688140556369, 0.04218521229868229, 0.04351207906295754, 0.04529648609077599, 0.041819180087847733, 0.043237554904831624, 0.04346632503660322, 0.043923865300146414, 0.04250549048316252, 0.04259699853587116, 0.04520497803806735, 0.04520497803806735, 0.0455710102489019, 0.043420571010248904, 0.04749267935578331, 0.04337481698389458, 0.042642752562225474, 0.04419838945827233, 0.04177342606149341, 0.040812591508052706, 0.045113469985358715, 0.04094985358711566, 0.03664897510980966, 0.04740117130307467, 0.0010208867130307468, 0.00041750549048316253]}