{"time": [530.0, 530.0, 531.0, 531.0, 532.0, 533.0, 534.0, 535.0, 536.0, 537.0, 538.0, 539.0, 540.0, 540.0, 541.0, 542.0, 543.0, 544.0, 545.0, 546.0, 547.0, 548.0, 549.0, 550.0, 551.0, 552.0, 553.0, 554.0, 555.0, 556.0, 556.0, 557.0, 558.0, 559.0, 560.0, 561.0, 562.0, 563.0, 564.0, 565.0, 566.0, 567.0, 568.0, 569.0, 570.0, 571.0, 572.0, 572.0, 572.0, 572.0, 584.0, 585.0, 586.0, 587.0, 588.0, 589.0, 590.0, 591.0, 592.0, 593.0, 594.0, 595.0, 596.0, 597.0, 598.0, 599.0, 600.0, 601.0, 602.0, 603.0, 604.0, 605.0, 606.0, 607.0, 608.0, 609.0, 610.0, 611.0, 612.0, 613.0, 614.0, 615.0, 616.0, 617.0, 618.0, 619.0, 620.0, 621.0, 622.0, 623.0, 624.0, 625.0, 626.0, 627.0, 628.0, 629.0, 630.0, 631.0, 632.0, 633.0, 634.0, 635.0, 636.0, 637.0, 638.0, 639.0, 640.0, 641.0, 642.0, 643.0, 644.0, 645.0, 646.0, 647.0, 648.0, 649.0, 650.0, 651.0, 652.0, 653.0, 653.0, 653.0, 653.0], "avg_cpu": [0.2132838283828383, 0.48514851485148514, 0.4735973597359736, 0.5354785478547854, 0.514026402640264, 0.4909240924092409, 0.49587458745874585, 0.5528052805280528, 0.5222772277227723, 0.48102310231023104, 0.4933993399339934, 0.5627062706270627, 0.5437293729372937, 0.6592409240924092, 0.5503300330033003, 0.5247524752475248, 0.5627062706270627, 0.5363036303630363, 0.556930693069307, 0.5181518151815182, 0.594059405940594, 0.5594059405940595, 0.5825082508250825, 0.6188118811881188, 0.5924092409240924, 0.5313531353135313, 0.5602310231023102, 0.509075907590759, 0.5429042904290429, 0.5726072607260726, 0.6427392739273927, 0.5082508250825083, 0.5082508250825083, 0.5222772277227723, 0.5651815181518152, 0.5511551155115512, 0.5288778877887789, 0.6245874587458746, 0.5198019801980198, 0.6064356435643564, 0.6377887788778878, 0.6757425742574258, 0.6518151815181518, 0.6575907590759076, 0.5264026402640264, 0.570957095709571, 0.5412541254125413, 0.608085808580858, 0.07632013201320131, 0.0, 0.44554455445544555, 0.5024752475247525, 0.4834983498349835, 0.49174917491749176, 0.4752475247524752, 0.5033003300330033, 0.5066006600660066, 0.5247524752475248, 0.5173267326732673, 0.48184818481848185, 0.5074257425742574, 0.5041254125412541, 0.5123762376237624, 0.49257425742574257, 0.5024752475247525, 0.5033003300330033, 0.5206270627062707, 0.4834983498349835, 0.5198019801980198, 0.4867986798679868, 0.5016501650165016, 0.4892739273927393, 0.49504950495049505, 0.48432343234323433, 0.48432343234323433, 0.4909240924092409, 0.49174917491749176, 0.47112211221122113, 0.4636963696369637, 0.4900990099009901, 0.4909240924092409, 0.48514851485148514, 0.4876237623762376, 0.47854785478547857, 0.4884488448844885, 0.4933993399339934, 0.5024752475247525, 0.4900990099009901, 0.5099009900990099, 0.5198019801980198, 0.5057755775577558, 0.49174917491749176, 0.5008250825082509, 0.5, 0.5099009900990099, 0.4933993399339934, 0.5165016501650165, 0.5297029702970297, 0.504950495049505, 0.4793729372937294, 0.504950495049505, 0.4834983498349835, 0.48267326732673266, 0.49174917491749176, 0.509075907590759, 0.5247524752475248, 0.49587458745874585, 0.4909240924092409, 0.47194719471947194, 0.4909240924092409, 0.4793729372937294, 0.47029702970297027, 0.5264026402640264, 0.5, 0.4884488448844885, 0.5082508250825083, 0.5453795379537953, 0.4876237623762376, 0.5486798679867987, 0.4628712871287129, 0.5057755775577558, 0.054146039603960396, 0.0], "avg_mem": [0.017203513909224012, 0.09919472913616398, 0.09992679355783309, 0.08363836017569547, 0.08702415812591507, 0.08006954612005857, 0.08620058565153733, 0.08546852122986823, 0.08217423133235725, 0.08693265007320644, 0.0820827232796486, 0.08601756954612005, 0.082997803806735, 0.08839677891654465, 0.08501098096632503, 0.0853770131771596, 0.08620058565153733, 0.08455344070278184, 0.08757320644216691, 0.08903733528550513, 0.08363836017569547, 0.08711566617862372, 0.09242313323572475, 0.08473645680819912, 0.08592606149341142, 0.09022693997071743, 0.08803074670571011, 0.08446193265007321, 0.08684114202049781, 0.0861090775988287, 0.0849194729136164, 0.0865666178623719, 0.08784773060029283, 0.091599560761347, 0.08876281112737922, 0.08711566617862372, 0.09251464128843338, 0.087298682284041, 0.08565153733528551, 0.09077598828696926, 0.0849194729136164, 0.091599560761347, 0.09050146412884334, 0.08574304538799414, 0.09068448023426061, 0.0899524158125915, 0.07869692532942898, 0.09150805270863836, 0.001893072840409956, 0.0010695003660322108, 0.08638360175695461, 0.08125915080527087, 0.08986090775988287, 0.08574304538799414, 0.08318081991215227, 0.08793923865300146, 0.0865666178623719, 0.08876281112737922, 0.0865666178623719, 0.08857979502196194, 0.08510248901903368, 0.08473645680819912, 0.08839677891654465, 0.08565153733528551, 0.08620058565153733, 0.08684114202049781, 0.08857979502196194, 0.08702415812591507, 0.07778184480234261, 0.08528550512445095, 0.08766471449487555, 0.08071010248901904, 0.09205710102489019, 0.0849194729136164, 0.08601756954612005, 0.08052708638360176, 0.08857979502196194, 0.087298682284041, 0.0841874084919473, 0.08528550512445095, 0.08354685212298682, 0.08427891654465593, 0.0813506588579795, 0.08821376281112737, 0.09269765739385066, 0.08363836017569547, 0.08748169838945827, 0.08162518301610541, 0.08848828696925329, 0.08565153733528551, 0.08098462664714495, 0.0865666178623719, 0.08775622254758418, 0.08482796486090775, 0.08684114202049781, 0.09031844802342606, 0.0841874084919473, 0.08308931185944363, 0.08546852122986823, 0.0825402635431918, 0.08226573938506589, 0.08876281112737922, 0.08848828696925329, 0.0911420204978038, 0.08931185944363104, 0.08437042459736457, 0.08382137628111273, 0.08290629575402636, 0.08473645680819912, 0.08217423133235725, 0.08427891654465593, 0.0861090775988287, 0.08391288433382138, 0.08693265007320644, 0.08437042459736457, 0.08501098096632503, 0.08510248901903368, 0.08748169838945827, 0.08336383601756954, 0.07979502196193265, 0.0734809663250366, 0.0010409040995607614, 0.0005719253294289898]}