{"time": [1718.0, 1719.0, 1719.0, 1719.0, 1719.0, 1719.0, 1720.0, 1720.0, 1721.0, 1722.0, 1723.0, 1723.0, 1724.0, 1725.0, 1725.0, 1726.0, 1727.0, 1728.0, 1729.0, 1729.0, 1730.0, 1731.0, 1732.0, 1733.0, 1733.0, 1734.0, 1735.0, 1736.0, 1737.0, 1738.0, 1738.0, 1739.0, 1740.0, 1741.0, 1742.0, 1743.0, 1744.0, 1745.0, 1746.0, 1747.0, 1748.0, 1749.0, 1750.0, 1751.0, 1752.0, 1753.0, 1754.0, 1755.0, 1756.0, 1757.0, 1758.0, 1759.0, 1760.0, 1761.0, 1762.0, 1763.0, 1764.0, 1765.0, 1766.0, 1767.0, 1768.0, 1769.0, 1770.0, 1771.0, 1772.0, 1773.0, 1774.0, 1775.0, 1776.0, 1777.0, 1778.0, 1779.0, 1780.0, 1781.0, 1782.0, 1783.0, 1784.0, 1785.0, 1786.0, 1787.0, 1788.0, 1789.0, 1790.0, 1791.0, 1792.0, 1793.0, 1794.0, 1795.0, 1796.0, 1797.0, 1798.0, 1799.0, 1800.0, 1800.0, 1800.0, 1800.0], "avg_cpu": [0.23102310231023102, 0.32301980198019803, 0.34364686468646866, 0.3981023102310231, 0.3494224422442244, 0.3127062706270627, 0.2924917491749175, 0.4141914191419142, 0.38242574257425743, 0.3655115511551155, 0.34612211221122113, 0.44471947194719474, 0.40965346534653463, 0.5115511551155115, 0.5544554455445545, 0.5132013201320133, 0.5173267326732673, 0.4991749174917492, 0.5305280528052805, 0.6056105610561056, 0.5561056105610561, 0.5651815181518152, 0.5915841584158416, 0.6105610561056105, 0.6617161716171617, 0.5998349834983498, 0.6122112211221122, 0.6295379537953796, 0.5973597359735974, 0.6674917491749175, 0.6501650165016502, 0.6608910891089109, 0.6212871287128713, 0.6122112211221122, 0.6056105610561056, 0.6344884488448845, 0.641914191419142, 0.6798679867986799, 0.6113861386138614, 0.6278877887788779, 0.5965346534653465, 0.594059405940594, 0.6212871287128713, 0.6295379537953796, 0.6204620462046204, 0.6089108910891089, 0.5379537953795379, 0.5841584158415841, 0.6031353135313532, 0.6122112211221122, 0.6221122112211221, 0.6105610561056105, 0.6039603960396039, 0.5932343234323433, 0.6113861386138614, 0.5965346534653465, 0.5998349834983498, 0.6270627062706271, 0.6320132013201321, 0.6245874587458746, 0.6179867986798679, 0.58003300330033, 0.6056105610561056, 0.6072607260726073, 0.6171617161716172, 0.6047854785478548, 0.5882838283828383, 0.613036303630363, 0.6584158415841584, 0.6617161716171617, 0.6262376237623762, 0.6221122112211221, 0.6270627062706271, 0.6551155115511551, 0.6782178217821783, 0.6724422442244224, 0.6146864686468647, 0.5998349834983498, 0.6113861386138614, 0.6006600660066007, 0.6452145214521452, 0.655940594059406, 0.6006600660066007, 0.5511551155115512, 0.5503300330033003, 0.6204620462046204, 0.5734323432343235, 0.5511551155115512, 0.5742574257425742, 0.570957095709571, 0.5726072607260726, 0.5602310231023102, 0.2367986798679868, 0.0008669812293729373, 0.0008669812293729373, 0.0006510416666666666], "avg_mem": [0.007915446559297218, 0.009448206442166911, 0.008533125915080528, 0.00844161786237189, 0.008979227672035139, 0.008601756954612006, 0.008487371888726208, 0.009036420204978038, 0.0088877196193265, 0.008624633967789166, 0.008590318448023425, 0.008727580527086384, 0.008590318448023425, 0.008876281112737921, 0.008716142020497804, 0.008624633967789166, 0.008841965592972182, 0.008521687408491947, 0.008899158125915081, 0.008704703513909224, 0.008853404099560761, 0.00886484260614934, 0.008704703513909224, 0.008590318448023425, 0.008750457540263544, 0.008647510980966324, 0.008841965592972182, 0.008704703513909224, 0.00891059663250366, 0.008647510980966324, 0.008796211566617862, 0.00896778916544656, 0.008670387994143484, 0.00886484260614934, 0.008807650073206443, 0.008613195461200585, 0.008830527086383601, 0.008761896046852123, 0.008830527086383601, 0.009059297218155198, 0.008796211566617862, 0.00886484260614934, 0.008761896046852123, 0.010271778916544657, 0.008830527086383601, 0.008693265007320644, 0.008796211566617862, 0.008784773060029283, 0.008636072474377745, 0.008773334553440702, 0.008956350658857979, 0.008956350658857979, 0.008613195461200585, 0.008876281112737921, 0.009013543191800878, 0.008841965592972182, 0.008647510980966324, 0.008761896046852123, 0.00899066617862372, 0.008784773060029283, 0.008807650073206443, 0.00886484260614934, 0.00891059663250366, 0.008807650073206443, 0.008693265007320644, 0.008670387994143484, 0.008761896046852123, 0.008796211566617862, 0.0089449121522694, 0.008784773060029283, 0.00891059663250366, 0.008830527086383601, 0.008876281112737921, 0.008841965592972182, 0.00893347364568082, 0.008853404099560761, 0.008819088579795022, 0.008704703513909224, 0.008841965592972182, 0.008853404099560761, 0.009013543191800878, 0.008956350658857979, 0.008830527086383601, 0.008750457540263544, 0.009139366764275255, 0.008784773060029283, 0.00896778916544656, 0.008704703513909224, 0.00886484260614934, 0.008784773060029283, 0.008796211566617862, 0.009528275988286969, 0.008796211566617862, 0.007389275256222547, 0.007389275256222547, 0.0009636941800878477]}