{"time": [1718.0, 1719.0, 1719.0, 1719.0, 1719.0, 1719.0, 1720.0, 1720.0, 1721.0, 1722.0, 1723.0, 1723.0, 1724.0, 1725.0, 1726.0, 1727.0, 1727.0, 1728.0, 1728.0, 1729.0, 1730.0, 1731.0, 1732.0, 1732.0, 1733.0, 1734.0, 1735.0, 1736.0, 1737.0, 1738.0, 1739.0, 1739.0, 1740.0, 1741.0, 1742.0, 1743.0, 1744.0, 1745.0, 1746.0, 1747.0, 1748.0, 1749.0, 1750.0, 1751.0, 1752.0, 1753.0, 1754.0, 1755.0, 1756.0, 1757.0, 1758.0, 1759.0, 1760.0, 1761.0, 1762.0, 1763.0, 1764.0, 1765.0, 1766.0, 1767.0, 1768.0, 1769.0, 1770.0, 1771.0, 1772.0, 1773.0, 1774.0, 1775.0, 1776.0, 1777.0, 1778.0, 1779.0, 1780.0, 1781.0, 1782.0, 1783.0, 1784.0, 1785.0, 1786.0, 1787.0, 1788.0, 1789.0, 1790.0, 1791.0, 1792.0, 1793.0, 1794.0, 1795.0, 1796.0, 1797.0, 1798.0, 1799.0, 1800.0, 1800.0, 1800.0, 1800.0], "avg_cpu": [0.027124587458745873, 0.2755775577557756, 0.31518151815181517, 0.27433993399339934, 0.257013201320132, 0.2916666666666667, 0.2702145214521452, 0.349009900990099, 0.2863036303630363, 0.3844884488448845, 0.3650990099009901, 0.4158415841584158, 0.35396039603960394, 0.4372937293729373, 0.4183168316831683, 0.3873762376237624, 0.4735973597359736, 0.5198019801980198, 0.5255775577557755, 0.5016501650165016, 0.5148514851485149, 0.5132013201320133, 0.5998349834983498, 0.6047854785478548, 0.5536303630363036, 0.5808580858085809, 0.528052805280528, 0.5420792079207921, 0.608085808580858, 0.5841584158415841, 0.5742574257425742, 0.6551155115511551, 0.5891089108910891, 0.6031353135313532, 0.6485148514851485, 0.6435643564356436, 0.5783828382838284, 0.5602310231023102, 0.6138613861386139, 0.5420792079207921, 0.6460396039603961, 0.5915841584158416, 0.5858085808580858, 0.5816831683168316, 0.5915841584158416, 0.5981848184818482, 0.6006600660066007, 0.5742574257425742, 0.5792079207920792, 0.5676567656765676, 0.5239273927392739, 0.5420792079207921, 0.5214521452145214, 0.551980198019802, 0.5635313531353136, 0.5066006600660066, 0.556930693069307, 0.5767326732673267, 0.594059405940594, 0.5321782178217822, 0.5651815181518152, 0.5396039603960396, 0.5635313531353136, 0.5354785478547854, 0.5297029702970297, 0.6056105610561056, 0.6089108910891089, 0.6493399339933993, 0.6361386138613861, 0.5833333333333334, 0.5907590759075908, 0.5651815181518152, 0.58003300330033, 0.570957095709571, 0.5882838283828383, 0.641914191419142, 0.6179867986798679, 0.5726072607260726, 0.6031353135313532, 0.6196369636963697, 0.599009900990099, 0.5866336633663366, 0.5668316831683168, 0.5552805280528053, 0.5866336633663366, 0.6039603960396039, 0.608085808580858, 0.5627062706270627, 0.5602310231023102, 0.5981848184818482, 0.6163366336633663, 0.5981848184818482, 0.264026402640264, 0.0008669812293729373, 0.0008669812293729373, 0.0010845322813531353], "avg_mem": [0.005084416178623719, 0.009802800146412884, 0.009574030014641289, 0.00886484260614934, 0.008430179355783309, 0.008521687408491947, 0.008750457540263544, 0.008876281112737921, 0.008876281112737921, 0.008841965592972182, 0.008636072474377745, 0.008876281112737921, 0.008601756954612006, 0.009928623718887261, 0.008853404099560761, 0.009047858711566617, 0.00899066617862372, 0.009253751830161054, 0.008876281112737921, 0.008841965592972182, 0.008853404099560761, 0.008739019033674963, 0.012856881405563689, 0.009379575402635431, 0.008681826500732064, 0.0089449121522694, 0.008853404099560761, 0.009173682284040996, 0.009013543191800878, 0.008853404099560761, 0.0088877196193265, 0.008636072474377745, 0.008807650073206443, 0.009013543191800878, 0.008979227672035139, 0.009608345534407028, 0.009105051244509516, 0.009105051244509516, 0.009082174231332358, 0.00886484260614934, 0.009093612737920937, 0.008841965592972182, 0.00892203513909224, 0.0089449121522694, 0.00892203513909224, 0.00891059663250366, 0.00896778916544656, 0.009024981698389459, 0.008830527086383601, 0.009425329428989751, 0.0089449121522694, 0.009139366764275255, 0.008796211566617862, 0.009070735724743777, 0.009059297218155198, 0.008853404099560761, 0.008716142020497804, 0.009024981698389459, 0.009253751830161054, 0.008979227672035139, 0.008876281112737921, 0.008773334553440702, 0.008819088579795022, 0.009059297218155198, 0.009024981698389459, 0.009047858711566617, 0.008727580527086384, 0.008819088579795022, 0.00886484260614934, 0.00886484260614934, 0.008979227672035139, 0.00891059663250366, 0.00896778916544656, 0.009047858711566617, 0.009013543191800878, 0.009082174231332358, 0.009059297218155198, 0.008876281112737921, 0.008841965592972182, 0.008819088579795022, 0.00892203513909224, 0.008830527086383601, 0.00891059663250366, 0.00899066617862372, 0.0088877196193265, 0.008750457540263544, 0.009196559297218155, 0.009002104685212299, 0.008693265007320644, 0.00899066617862372, 0.009013543191800878, 0.0088877196193265, 0.008029831625183016, 0.006817349926793558, 8.864842606149341e-05, 7.435029282576867e-05]}