{"time": [530.0, 531.0, 531.0, 532.0, 533.0, 534.0, 535.0, 536.0, 537.0, 538.0, 539.0, 540.0, 540.0, 541.0, 542.0, 543.0, 544.0, 545.0, 546.0, 547.0, 548.0, 549.0, 550.0, 551.0, 552.0, 553.0, 554.0, 555.0, 556.0, 556.0, 557.0, 558.0, 559.0, 560.0, 561.0, 562.0, 563.0, 564.0, 565.0, 566.0, 567.0, 568.0, 569.0, 570.0, 571.0, 571.0, 572.0, 572.0, 572.0, 578.0, 579.0, 580.0, 581.0, 582.0, 583.0, 584.0, 585.0, 586.0, 587.0, 588.0, 589.0, 590.0, 591.0, 592.0, 593.0, 594.0, 595.0, 596.0, 597.0, 598.0, 599.0, 600.0, 601.0, 602.0, 603.0, 604.0, 605.0, 606.0, 607.0, 608.0, 609.0, 610.0, 611.0, 612.0, 613.0, 614.0, 615.0, 616.0, 617.0, 618.0, 619.0, 620.0, 621.0, 622.0, 623.0, 624.0, 625.0, 626.0, 627.0, 628.0, 629.0, 630.0, 631.0, 632.0, 633.0, 634.0, 635.0, 636.0, 637.0, 638.0, 639.0, 640.0, 641.0, 642.0, 643.0, 644.0, 645.0, 646.0, 647.0, 648.0, 649.0, 650.0, 651.0, 652.0, 653.0, 653.0, 653.0, 653.0], "avg_cpu": [0.523102310231023, 0.5750825082508251, 0.6089108910891089, 0.6171617161716172, 0.6592409240924092, 0.6270627062706271, 0.6262376237623762, 0.6196369636963697, 0.570957095709571, 0.6188118811881188, 0.6551155115511551, 0.599009900990099, 0.5156765676567657, 0.6344884488448845, 0.6336633663366337, 0.6493399339933993, 0.5907590759075908, 0.6097359735973598, 0.5577557755775577, 0.5181518151815182, 0.5379537953795379, 0.6303630363036303, 0.594059405940594, 0.6047854785478548, 0.504950495049505, 0.5891089108910891, 0.5577557755775577, 0.5775577557755776, 0.6138613861386139, 0.6542904290429042, 0.6270627062706271, 0.5907590759075908, 0.5643564356435643, 0.5602310231023102, 0.5313531353135313, 0.5792079207920792, 0.5486798679867987, 0.5775577557755776, 0.6641914191419142, 0.5808580858085809, 0.6122112211221122, 0.6064356435643564, 0.6196369636963697, 0.6155115511551155, 0.5651815181518152, 0.7384488448844885, 0.6097359735973598, 0.0, 0.0, 0.5701320132013201, 0.6435643564356436, 0.641914191419142, 0.655940594059406, 0.6782178217821783, 0.6724422442244224, 0.6460396039603961, 0.6014851485148515, 0.5808580858085809, 0.6295379537953796, 0.6072607260726073, 0.6006600660066007, 0.6476897689768977, 0.6617161716171617, 0.6600660066006601, 0.6353135313531353, 0.6320132013201321, 0.6485148514851485, 0.6262376237623762, 0.6262376237623762, 0.5866336633663366, 0.6278877887788779, 0.6097359735973598, 0.584983498349835, 0.5412541254125413, 0.5602310231023102, 0.5610561056105611, 0.5610561056105611, 0.551980198019802, 0.5668316831683168, 0.556930693069307, 0.5396039603960396, 0.6014851485148515, 0.5998349834983498, 0.6452145214521452, 0.6740924092409241, 0.6518151815181518, 0.6287128712871287, 0.6377887788778878, 0.6551155115511551, 0.6344884488448845, 0.599009900990099, 0.599009900990099, 0.5577557755775577, 0.6287128712871287, 0.6254125412541254, 0.6113861386138614, 0.6287128712871287, 0.6608910891089109, 0.6122112211221122, 0.6171617161716172, 0.5833333333333334, 0.5552805280528053, 0.533003300330033, 0.5239273927392739, 0.5874587458745875, 0.5973597359735974, 0.6270627062706271, 0.5594059405940595, 0.6377887788778878, 0.6683168316831684, 0.6245874587458746, 0.570957095709571, 0.5536303630363036, 0.5833333333333334, 0.594059405940594, 0.6278877887788779, 0.6501650165016502, 0.6245874587458746, 0.6443894389438944, 0.6229372937293729, 0.5775577557755776, 0.58003300330033, 0.5478547854785478, 0.6344884488448845, 0.6344884488448845, 0.6278877887788779, 0.03253919141914192, 0.0], "avg_mem": [0.036923499267935575, 0.04305453879941435, 0.04227672035139092, 0.03587115666178624, 0.03715226939970717, 0.04278001464128843, 0.04259699853587116, 0.041407393850658857, 0.044427159590043924, 0.043146046852122984, 0.043146046852122984, 0.04145314787701318, 0.04634882869692533, 0.04250549048316252, 0.043420571010248904, 0.042825768667642754, 0.042825768667642754, 0.04172767203513909, 0.04113286969253294, 0.04387811127379209, 0.04209370424597365, 0.04200219619326501, 0.04287152269399707, 0.04191068814055637, 0.04213945827232796, 0.042917276720351394, 0.039806002928257686, 0.04241398243045388, 0.04355783308931186, 0.04310029282576867, 0.04346632503660322, 0.04447291361639824, 0.040995607613469986, 0.04218521229868229, 0.04117862371888726, 0.04218521229868229, 0.043420571010248904, 0.045342240117130304, 0.045525256222547585, 0.044335651537335284, 0.04378660322108346, 0.04213945827232796, 0.04072108345534407, 0.043420571010248904, 0.0424597364568082, 0.04300878477306003, 0.03847913616398243, 0.0006834507686676427, 0.0004689787701317716, 0.040400805270863836, 0.04236822840409956, 0.04300878477306003, 0.043146046852122984, 0.04076683748169839, 0.04378660322108346, 0.04360358711566618, 0.044015373352855054, 0.04351207906295754, 0.04319180087847731, 0.0426885065885798, 0.042230966325036604, 0.04154465592972181, 0.04319180087847731, 0.043832357247437774, 0.04438140556368961, 0.04566251830161054, 0.04378660322108346, 0.04154465592972181, 0.042322474377745244, 0.04278001464128843, 0.04296303074670571, 0.04369509516837482, 0.04355783308931186, 0.04406112737920937, 0.04355783308931186, 0.044335651537335284, 0.043237554904831624, 0.04154465592972181, 0.04163616398243045, 0.04058382137628111, 0.04259699853587116, 0.04465592972181552, 0.04538799414348463, 0.042917276720351394, 0.04360358711566618, 0.042734260614934114, 0.04168191800878477, 0.04200219619326501, 0.04296303074670571, 0.04241398243045388, 0.04195644216691069, 0.04195644216691069, 0.040904099560761346, 0.04250549048316252, 0.04278001464128843, 0.04163616398243045, 0.0410413616398243, 0.04255124450951684, 0.04145314787701318, 0.042917276720351394, 0.04209370424597365, 0.04186493411420205, 0.040812591508052706, 0.041315885797950216, 0.04278001464128843, 0.04172767203513909, 0.04415263543191801, 0.04191068814055637, 0.04172767203513909, 0.042642752562225474, 0.04310029282576867, 0.04328330893118595, 0.04305453879941435, 0.04300878477306003, 0.042825768667642754, 0.043237554904831624, 0.042825768667642754, 0.0414989019033675, 0.04351207906295754, 0.04278001464128843, 0.043329062957540264, 0.042230966325036604, 0.04177342606149341, 0.044015373352855054, 0.039394216691068816, 0.04387811127379209, 0.0004089266105417277, 0.0003116993045387994]}