{"time": [1718.0, 1719.0, 1719.0, 1719.0, 1719.0, 1719.0, 1720.0, 1720.0, 1721.0, 1722.0, 1722.0, 1723.0, 1724.0, 1725.0, 1726.0, 1726.0, 1727.0, 1728.0, 1729.0, 1729.0, 1730.0, 1731.0, 1732.0, 1732.0, 1733.0, 1734.0, 1735.0, 1736.0, 1737.0, 1738.0, 1739.0, 1739.0, 1740.0, 1741.0, 1742.0, 1743.0, 1744.0, 1745.0, 1746.0, 1747.0, 1748.0, 1749.0, 1750.0, 1751.0, 1752.0, 1753.0, 1754.0, 1755.0, 1756.0, 1757.0, 1758.0, 1759.0, 1760.0, 1761.0, 1762.0, 1763.0, 1764.0, 1765.0, 1766.0, 1767.0, 1768.0, 1769.0, 1770.0, 1771.0, 1772.0, 1773.0, 1774.0, 1775.0, 1776.0, 1777.0, 1778.0, 1779.0, 1780.0, 1781.0, 1782.0, 1783.0, 1784.0, 1785.0, 1786.0, 1787.0, 1788.0, 1789.0, 1790.0, 1791.0, 1792.0, 1793.0, 1794.0, 1795.0, 1796.0, 1797.0, 1798.0, 1799.0, 1800.0, 1800.0, 1800.0], "avg_cpu": [0.018667491749174918, 0.18007425742574257, 0.23473597359735973, 0.283003300330033, 0.2825907590759076, 0.23102310231023102, 0.22442244224422442, 0.29455445544554454, 0.3023927392739274, 0.2545379537953795, 0.3704620462046205, 0.39315181518151815, 0.4504950495049505, 0.42244224422442245, 0.46782178217821785, 0.47112211221122113, 0.47029702970297027, 0.4793729372937294, 0.5594059405940595, 0.5363036303630363, 0.5148514851485149, 0.5181518151815182, 0.533003300330033, 0.533003300330033, 0.5379537953795379, 0.5594059405940595, 0.5643564356435643, 0.584983498349835, 0.5816831683168316, 0.5156765676567657, 0.5, 0.5767326732673267, 0.5907590759075908, 0.5635313531353136, 0.5585808580858086, 0.5684818481848185, 0.5792079207920792, 0.5643564356435643, 0.5948844884488449, 0.5891089108910891, 0.5635313531353136, 0.5948844884488449, 0.5693069306930693, 0.570957095709571, 0.5635313531353136, 0.5651815181518152, 0.5808580858085809, 0.5816831683168316, 0.5420792079207921, 0.5734323432343235, 0.5503300330033003, 0.5759075907590759, 0.5503300330033003, 0.5478547854785478, 0.5462046204620462, 0.5759075907590759, 0.5503300330033003, 0.5511551155115512, 0.5627062706270627, 0.5767326732673267, 0.5486798679867987, 0.5742574257425742, 0.5478547854785478, 0.5816831683168316, 0.5528052805280528, 0.5495049504950495, 0.5437293729372937, 0.5742574257425742, 0.5841584158415841, 0.5717821782178217, 0.5701320132013201, 0.5651815181518152, 0.5585808580858086, 0.58003300330033, 0.5783828382838284, 0.5792079207920792, 0.5792079207920792, 0.5874587458745875, 0.5651815181518152, 0.5726072607260726, 0.5552805280528053, 0.5717821782178217, 0.5684818481848185, 0.5684818481848185, 0.5618811881188119, 0.5635313531353136, 0.5635313531353136, 0.5561056105610561, 0.5594059405940595, 0.570957095709571, 0.5750825082508251, 0.58003300330033, 0.2508250825082508, 0.002314098597359736, 0.000759011448019802], "avg_mem": [0.005524798682284041, 0.00893347364568082, 0.009596907027818447, 0.0089449121522694, 0.008304355783308931, 0.008510248901903368, 0.008155655197657393, 0.008601756954612006, 0.008876281112737921, 0.008636072474377745, 0.008830527086383601, 0.00886484260614934, 0.008773334553440702, 0.008830527086383601, 0.008841965592972182, 0.008658949487554905, 0.008830527086383601, 0.008693265007320644, 0.008647510980966324, 0.008819088579795022, 0.009105051244509516, 0.009070735724743777, 0.00891059663250366, 0.009013543191800878, 0.008773334553440702, 0.008773334553440702, 0.008693265007320644, 0.008830527086383601, 0.009127928257686676, 0.008841965592972182, 0.008761896046852123, 0.008979227672035139, 0.008830527086383601, 0.008750457540263544, 0.008807650073206443, 0.008830527086383601, 0.008979227672035139, 0.009162243777452415, 0.008693265007320644, 0.008899158125915081, 0.00891059663250366, 0.008784773060029283, 0.00896778916544656, 0.008819088579795022, 0.008773334553440702, 0.0088877196193265, 0.0088877196193265, 0.008704703513909224, 0.00886484260614934, 0.008819088579795022, 0.00892203513909224, 0.008796211566617862, 0.008727580527086384, 0.008819088579795022, 0.0088877196193265, 0.008841965592972182, 0.008841965592972182, 0.008819088579795022, 0.008739019033674963, 0.009036420204978038, 0.008899158125915081, 0.008841965592972182, 0.008727580527086384, 0.009162243777452415, 0.008956350658857979, 0.009116489751098097, 0.009825677159590044, 0.009207997803806735, 0.00893347364568082, 0.008819088579795022, 0.00896778916544656, 0.009047858711566617, 0.00891059663250366, 0.008956350658857979, 0.008739019033674963, 0.008899158125915081, 0.009002104685212299, 0.009196559297218155, 0.00886484260614934, 0.008979227672035139, 0.0088877196193265, 0.00896778916544656, 0.008899158125915081, 0.009013543191800878, 0.009242313323572475, 0.008841965592972182, 0.009139366764275255, 0.00899066617862372, 0.009013543191800878, 0.009219436310395315, 0.009036420204978038, 0.008956350658857979, 0.008041270131771595, 0.007137628111273792, 6.577141288433382e-05]}