{"time": [1718.0, 1718.0, 1719.0, 1719.0, 1719.0, 1719.0, 1719.0, 1720.0, 1720.0, 1721.0, 1722.0, 1723.0, 1723.0, 1724.0, 1725.0, 1726.0, 1727.0, 1727.0, 1728.0, 1728.0, 1729.0, 1730.0, 1731.0, 1732.0, 1732.0, 1733.0, 1734.0, 1735.0, 1736.0, 1737.0, 1738.0, 1739.0, 1739.0, 1740.0, 1741.0, 1742.0, 1743.0, 1744.0, 1745.0, 1746.0, 1747.0, 1748.0, 1749.0, 1750.0, 1751.0, 1752.0, 1753.0, 1754.0, 1755.0, 1756.0, 1757.0, 1758.0, 1759.0, 1760.0, 1761.0, 1762.0, 1763.0, 1764.0, 1765.0, 1766.0, 1767.0, 1768.0, 1769.0, 1770.0, 1771.0, 1772.0, 1773.0, 1774.0, 1775.0, 1776.0, 1777.0, 1778.0, 1779.0, 1780.0, 1781.0, 1782.0, 1783.0, 1784.0, 1785.0, 1786.0, 1787.0, 1788.0, 1789.0, 1790.0, 1791.0, 1792.0, 1793.0, 1794.0, 1795.0, 1796.0, 1797.0, 1798.0, 1799.0, 1800.0, 1800.0, 1800.0, 1800.0], "avg_cpu": [0.0, 0.02129744224422442, 0.3424092409240924, 0.334983498349835, 0.3287953795379538, 0.2962046204620462, 0.26031353135313534, 0.24834983498349836, 0.3139438943894389, 0.35066006600660066, 0.334983498349835, 0.3811881188118812, 0.4240924092409241, 0.3683993399339934, 0.39315181518151815, 0.3411716171617162, 0.35684818481848185, 0.49422442244224424, 0.5297029702970297, 0.556930693069307, 0.5313531353135313, 0.5429042904290429, 0.4909240924092409, 0.5470297029702971, 0.5742574257425742, 0.5346534653465347, 0.5412541254125413, 0.5651815181518152, 0.5907590759075908, 0.5924092409240924, 0.566006600660066, 0.5536303630363036, 0.6138613861386139, 0.5924092409240924, 0.5759075907590759, 0.58003300330033, 0.5792079207920792, 0.6402640264026402, 0.6229372937293729, 0.6089108910891089, 0.6014851485148515, 0.6361386138613861, 0.6171617161716172, 0.5858085808580858, 0.5750825082508251, 0.6056105610561056, 0.584983498349835, 0.6122112211221122, 0.6138613861386139, 0.6113861386138614, 0.5734323432343235, 0.5783828382838284, 0.5701320132013201, 0.6122112211221122, 0.599009900990099, 0.6270627062706271, 0.6163366336633663, 0.5965346534653465, 0.6476897689768977, 0.6196369636963697, 0.5610561056105611, 0.5792079207920792, 0.566006600660066, 0.5693069306930693, 0.5891089108910891, 0.5676567656765676, 0.5734323432343235, 0.6138613861386139, 0.608085808580858, 0.5891089108910891, 0.5783828382838284, 0.5858085808580858, 0.5825082508250825, 0.608085808580858, 0.5651815181518152, 0.650990099009901, 0.6311881188118812, 0.6287128712871287, 0.6138613861386139, 0.6188118811881188, 0.655940594059406, 0.6056105610561056, 0.594059405940594, 0.5915841584158416, 0.6006600660066007, 0.6097359735973598, 0.6056105610561056, 0.6303630363036303, 0.5948844884488449, 0.599009900990099, 0.6006600660066007, 0.6427392739273927, 0.641914191419142, 0.2747524752475248, 0.000578524649339934, 0.006072091584158416, 0.0], "avg_mem": [2.859626647144949e-06, 0.005198801244509517, 0.009665538067349927, 0.0100201317715959, 0.00892203513909224, 0.008453056368960469, 0.008544564421669107, 0.008761896046852123, 0.008716142020497804, 0.008773334553440702, 0.009059297218155198, 0.00891059663250366, 0.009230874816983894, 0.00886484260614934, 0.008693265007320644, 0.008807650073206443, 0.008750457540263544, 0.00886484260614934, 0.00899066617862372, 0.008956350658857979, 0.008807650073206443, 0.008658949487554905, 0.00893347364568082, 0.009002104685212299, 0.008716142020497804, 0.009105051244509516, 0.00896778916544656, 0.008681826500732064, 0.00892203513909224, 0.009013543191800878, 0.008876281112737921, 0.008739019033674963, 0.008567441434846267, 0.008773334553440702, 0.008716142020497804, 0.008956350658857979, 0.009070735724743777, 0.009116489751098097, 0.00886484260614934, 0.00886484260614934, 0.00893347364568082, 0.00896778916544656, 0.00896778916544656, 0.008658949487554905, 0.009059297218155198, 0.008658949487554905, 0.009196559297218155, 0.009047858711566617, 0.0089449121522694, 0.008841965592972182, 0.009127928257686676, 0.00886484260614934, 0.00892203513909224, 0.009162243777452415, 0.0088877196193265, 0.008807650073206443, 0.00891059663250366, 0.00891059663250366, 0.008773334553440702, 0.008761896046852123, 0.008807650073206443, 0.00892203513909224, 0.00892203513909224, 0.008819088579795022, 0.008841965592972182, 0.00899066617862372, 0.00892203513909224, 0.008876281112737921, 0.008841965592972182, 0.008876281112737921, 0.008899158125915081, 0.009013543191800878, 0.008899158125915081, 0.008853404099560761, 0.008830527086383601, 0.009093612737920937, 0.008830527086383601, 0.009047858711566617, 0.0089449121522694, 0.0089449121522694, 0.008853404099560761, 0.008841965592972182, 0.009105051244509516, 0.009002104685212299, 0.008784773060029283, 0.00893347364568082, 0.00899066617862372, 0.00886484260614934, 0.0089449121522694, 0.009082174231332358, 0.010123078330893119, 0.009036420204978038, 0.008773334553440702, 0.007915446559297218, 0.006634333821376281, 0.006634333821376281, 7.435029282576867e-05]}