{"time": [1718.0, 1719.0, 1719.0, 1720.0, 1721.0, 1721.0, 1722.0, 1723.0, 1724.0, 1724.0, 1725.0, 1726.0, 1727.0, 1727.0, 1728.0, 1728.0, 1729.0, 1730.0, 1731.0, 1732.0, 1732.0, 1733.0, 1734.0, 1735.0, 1736.0, 1737.0, 1738.0, 1739.0, 1739.0, 1740.0, 1741.0, 1742.0, 1743.0, 1744.0, 1745.0, 1746.0, 1747.0, 1748.0, 1749.0, 1750.0, 1751.0, 1752.0, 1753.0, 1754.0, 1755.0, 1756.0, 1757.0, 1758.0, 1759.0, 1760.0, 1761.0, 1762.0, 1763.0, 1764.0, 1765.0, 1766.0, 1767.0, 1768.0, 1769.0, 1770.0, 1771.0, 1772.0, 1773.0, 1774.0, 1775.0, 1776.0, 1777.0, 1778.0, 1779.0, 1780.0, 1781.0, 1782.0, 1783.0, 1784.0, 1785.0, 1786.0, 1787.0, 1788.0, 1789.0, 1790.0, 1791.0, 1792.0, 1793.0, 1794.0, 1795.0, 1796.0, 1797.0, 1798.0, 1799.0, 1800.0, 1800.0, 1800.0, 1800.0], "avg_cpu": [0.00813479785478548, 0.16068481848184818, 0.1813118811881188, 0.21864686468646866, 0.26897689768976896, 0.2933168316831683, 0.3102310231023102, 0.3069306930693069, 0.3155940594059406, 0.28506600660066006, 0.35973597359735976, 0.41006600660066006, 0.4876237623762376, 0.4768976897689769, 0.4867986798679868, 0.5008250825082509, 0.49834983498349833, 0.5239273927392739, 0.5544554455445545, 0.5165016501650165, 0.556930693069307, 0.48432343234323433, 0.5651815181518152, 0.509075907590759, 0.5239273927392739, 0.5891089108910891, 0.4991749174917492, 0.48514851485148514, 0.5181518151815182, 0.5734323432343235, 0.5437293729372937, 0.5948844884488449, 0.5668316831683168, 0.5907590759075908, 0.5734323432343235, 0.566006600660066, 0.5561056105610561, 0.5668316831683168, 0.5701320132013201, 0.5610561056105611, 0.5924092409240924, 0.5808580858085809, 0.5907590759075908, 0.5668316831683168, 0.5420792079207921, 0.551980198019802, 0.5437293729372937, 0.5808580858085809, 0.5594059405940595, 0.556930693069307, 0.5536303630363036, 0.6122112211221122, 0.5511551155115512, 0.5693069306930693, 0.5899339933993399, 0.6039603960396039, 0.5470297029702971, 0.5594059405940595, 0.5495049504950495, 0.570957095709571, 0.5462046204620462, 0.5750825082508251, 0.5552805280528053, 0.6262376237623762, 0.6740924092409241, 0.6773927392739274, 0.5792079207920792, 0.5643564356435643, 0.5808580858085809, 0.5503300330033003, 0.5701320132013201, 0.5651815181518152, 0.6221122112211221, 0.5585808580858086, 0.5528052805280528, 0.5528052805280528, 0.5684818481848185, 0.5684818481848185, 0.5651815181518152, 0.5643564356435643, 0.5643564356435643, 0.5577557755775577, 0.5792079207920792, 0.5907590759075908, 0.5684818481848185, 0.5618811881188119, 0.5643564356435643, 0.5792079207920792, 0.5717821782178217, 0.29414191419141916, 0.0008669812293729373, 0.0020240305280528055, 0.0], "avg_mem": [0.0049814696193265, 0.009688415080527086, 0.008819088579795022, 0.008716142020497804, 0.008601756954612006, 0.0088877196193265, 0.008556002928257686, 0.008647510980966324, 0.009116489751098097, 0.008841965592972182, 0.009196559297218155, 0.00899066617862372, 0.008979227672035139, 0.00886484260614934, 0.009310944363103953, 0.009047858711566617, 0.008773334553440702, 0.009013543191800878, 0.00891059663250366, 0.009036420204978038, 0.00893347364568082, 0.0089449121522694, 0.008819088579795022, 0.008796211566617862, 0.00892203513909224, 0.00893347364568082, 0.008830527086383601, 0.008784773060029283, 0.008533125915080528, 0.00899066617862372, 0.008750457540263544, 0.009150805270863836, 0.008830527086383601, 0.008979227672035139, 0.0088877196193265, 0.008796211566617862, 0.00891059663250366, 0.00891059663250366, 0.008750457540263544, 0.008727580527086384, 0.00899066617862372, 0.008876281112737921, 0.008979227672035139, 0.0088877196193265, 0.008784773060029283, 0.00893347364568082, 0.00886484260614934, 0.008830527086383601, 0.00949396046852123, 0.008876281112737921, 0.008807650073206443, 0.008853404099560761, 0.00891059663250366, 0.008784773060029283, 0.008819088579795022, 0.00892203513909224, 0.009105051244509516, 0.008727580527086384, 0.00891059663250366, 0.00886484260614934, 0.008830527086383601, 0.00891059663250366, 0.00891059663250366, 0.009036420204978038, 0.008853404099560761, 0.009070735724743777, 0.00892203513909224, 0.00896778916544656, 0.008899158125915081, 0.008750457540263544, 0.008716142020497804, 0.008807650073206443, 0.008876281112737921, 0.008956350658857979, 0.00892203513909224, 0.008750457540263544, 0.008761896046852123, 0.008750457540263544, 0.009024981698389459, 0.008899158125915081, 0.00896778916544656, 0.009127928257686676, 0.009002104685212299, 0.008796211566617862, 0.0089449121522694, 0.009448206442166911, 0.008841965592972182, 0.009185120790629575, 0.008796211566617862, 0.008064147144948755, 0.006622895314787701, 0.00444385980966325, 7.149066617862372e-05]}