{"time": [525.0, 526.0, 527.0, 527.0, 527.0, 529.0, 530.0, 530.0, 530.0, 531.0, 531.0, 532.0, 533.0, 534.0, 535.0, 536.0, 537.0, 538.0, 539.0, 540.0, 540.0, 541.0, 542.0, 543.0, 544.0, 545.0, 546.0, 547.0, 548.0, 549.0, 550.0, 551.0, 552.0, 553.0, 554.0, 555.0, 556.0, 556.0, 557.0, 558.0, 559.0, 560.0, 561.0, 562.0, 563.0, 564.0, 565.0, 566.0, 567.0, 568.0, 569.0, 570.0, 571.0, 571.0, 572.0, 572.0, 572.0, 575.0, 576.0, 577.0, 578.0, 579.0, 580.0, 581.0, 582.0, 583.0, 584.0, 585.0, 586.0, 587.0, 588.0, 589.0, 590.0, 591.0, 592.0, 593.0, 594.0, 595.0, 596.0, 597.0, 598.0, 599.0, 600.0, 601.0, 602.0, 603.0, 604.0, 605.0, 606.0, 607.0, 608.0, 609.0, 610.0, 611.0, 612.0, 613.0, 614.0, 615.0, 616.0, 617.0, 618.0, 619.0, 620.0, 621.0, 622.0, 623.0, 624.0, 625.0, 626.0, 627.0, 628.0, 629.0, 630.0, 631.0, 632.0, 633.0, 634.0, 635.0, 636.0, 637.0, 638.0, 639.0, 640.0, 641.0, 642.0, 643.0, 644.0, 645.0, 646.0, 647.0, 648.0, 649.0, 650.0, 651.0, 652.0, 653.0, 653.0, 653.0, 653.0], "avg_cpu": [0.01817759900990099, 0.003442141089108911, 0.00036903104372937296, 0.0004157642326732673, 4.9956167491749176e-05, 0.46204620462046203, 0.5561056105610561, 0.6575907590759076, 0.6493399339933993, 0.6056105610561056, 0.5462046204620462, 0.584983498349835, 0.5742574257425742, 0.6146864686468647, 0.5998349834983498, 0.5874587458745875, 0.6146864686468647, 0.5932343234323433, 0.5717821782178217, 0.5750825082508251, 0.6122112211221122, 0.584983498349835, 0.5272277227722773, 0.5792079207920792, 0.566006600660066, 0.5924092409240924, 0.5866336633663366, 0.5701320132013201, 0.5759075907590759, 0.5610561056105611, 0.5833333333333334, 0.58003300330033, 0.5495049504950495, 0.5198019801980198, 0.5198019801980198, 0.5478547854785478, 0.523102310231023, 0.5792079207920792, 0.5363036303630363, 0.5528052805280528, 0.5932343234323433, 0.6592409240924092, 0.6105610561056105, 0.5486798679867987, 0.5577557755775577, 0.6072607260726073, 0.5924092409240924, 0.5668316831683168, 0.5552805280528053, 0.6353135313531353, 0.5866336633663366, 0.5891089108910891, 0.5577557755775577, 0.6905940594059405, 0.6485148514851485, 0.001518022896039604, 0.0, 0.408003300330033, 0.5973597359735974, 0.5577557755775577, 0.5272277227722773, 0.566006600660066, 0.584983498349835, 0.5453795379537953, 0.5750825082508251, 0.5932343234323433, 0.5445544554455446, 0.528052805280528, 0.5717821782178217, 0.5651815181518152, 0.5486798679867987, 0.5412541254125413, 0.636963696369637, 0.6485148514851485, 0.6328382838283828, 0.6179867986798679, 0.5462046204620462, 0.5717821782178217, 0.6567656765676567, 0.6608910891089109, 0.6179867986798679, 0.6344884488448845, 0.6394389438943895, 0.6105610561056105, 0.5594059405940595, 0.504950495049505, 0.5684818481848185, 0.5288778877887789, 0.6452145214521452, 0.6056105610561056, 0.650990099009901, 0.6336633663366337, 0.6163366336633663, 0.5981848184818482, 0.6476897689768977, 0.6394389438943895, 0.6328382838283828, 0.6518151815181518, 0.6344884488448845, 0.6485148514851485, 0.6683168316831684, 0.6394389438943895, 0.6765676567656765, 0.6600660066006601, 0.6526402640264026, 0.6485148514851485, 0.66996699669967, 0.6427392739273927, 0.6617161716171617, 0.6584158415841584, 0.6674917491749175, 0.6435643564356436, 0.6278877887788779, 0.6361386138613861, 0.66996699669967, 0.6749174917491749, 0.6633663366336634, 0.6938943894389439, 0.6608910891089109, 0.6600660066006601, 0.6526402640264026, 0.636963696369637, 0.6245874587458746, 0.6501650165016502, 0.6287128712871287, 0.6064356435643564, 0.6089108910891089, 0.6031353135313532, 0.594059405940594, 0.5998349834983498, 0.584983498349835, 0.570957095709571, 0.599009900990099, 0.5924092409240924, 0.6245874587458746, 0.6443894389438944, 0.6221122112211221, 0.014490511551155116, 0.0], "avg_mem": [0.004895680819912152, 0.004335193997071742, 0.004300878477306003, 0.004306597730600293, 0.0002745241581259151, 0.02630856515373353, 0.054630307467057104, 0.04607430453879941, 0.045113469985358715, 0.039851756954612, 0.04474743777452416, 0.045616764275256225, 0.044015373352855054, 0.044015373352855054, 0.04236822840409956, 0.043832357247437774, 0.042230966325036604, 0.04172767203513909, 0.04515922401171303, 0.04488469985358712, 0.04598279648609078, 0.04278001464128843, 0.04447291361639824, 0.04300878477306003, 0.04680636896046852, 0.04305453879941435, 0.04355783308931186, 0.042917276720351394, 0.044930453879941434, 0.043740849194729134, 0.04278001464128843, 0.044335651537335284, 0.044015373352855054, 0.04488469985358712, 0.04410688140556369, 0.04470168374816984, 0.04396961932650073, 0.04168191800878477, 0.0424597364568082, 0.04351207906295754, 0.04241398243045388, 0.043832357247437774, 0.04598279648609078, 0.042734260614934114, 0.040812591508052706, 0.04680636896046852, 0.043740849194729134, 0.04227672035139092, 0.04447291361639824, 0.043740849194729134, 0.0424597364568082, 0.043740849194729134, 0.04378660322108346, 0.04694363103953148, 0.05618594436310395, 0.0008493091142020497, 0.0005833638360175696, 0.05179355783308931, 0.08620058565153733, 0.08739019033674963, 0.08446193265007321, 0.08409590043923865, 0.08171669106881406, 0.08739019033674963, 0.08601756954612005, 0.08702415812591507, 0.08958638360175696, 0.079703513909224, 0.08711566617862372, 0.08592606149341142, 0.08464494875549049, 0.08272327964860908, 0.08263177159590043, 0.08894582723279648, 0.08638360175695461, 0.08473645680819912, 0.08638360175695461, 0.08354685212298682, 0.08583455344070279, 0.08931185944363104, 0.08565153733528551, 0.08391288433382138, 0.08931185944363104, 0.0861090775988287, 0.08244875549048317, 0.0837298682284041, 0.08446193265007321, 0.08510248901903368, 0.08720717423133235, 0.08574304538799414, 0.08546852122986823, 0.08821376281112737, 0.0849194729136164, 0.08720717423133235, 0.08601756954612005, 0.08665812591508053, 0.08638360175695461, 0.08876281112737922, 0.09132503660322108, 0.09050146412884334, 0.08427891654465593, 0.08949487554904832, 0.08949487554904832, 0.08830527086383602, 0.08894582723279648, 0.08912884333821376, 0.08912884333821376, 0.08793923865300146, 0.087298682284041, 0.08857979502196194, 0.0865666178623719, 0.08784773060029283, 0.08684114202049781, 0.08940336749633968, 0.08592606149341142, 0.08739019033674963, 0.08940336749633968, 0.09187408491947291, 0.0865666178623719, 0.08739019033674963, 0.09169106881405564, 0.08876281112737922, 0.08546852122986823, 0.08693265007320644, 0.0911420204978038, 0.0892203513909224, 0.08665812591508053, 0.08757320644216691, 0.0892203513909224, 0.08894582723279648, 0.0904099560761347, 0.09205710102489019, 0.08748169838945827, 0.08665812591508053, 0.08885431918008785, 0.08290629575402636, 0.08940336749633968, 0.0011838854319180087, 0.0006634333821376281]}