{"time": [1718.0, 1719.0, 1719.0, 1719.0, 1719.0, 1720.0, 1720.0, 1720.0, 1721.0, 1722.0, 1723.0, 1723.0, 1724.0, 1725.0, 1726.0, 1726.0, 1727.0, 1728.0, 1729.0, 1730.0, 1731.0, 1732.0, 1733.0, 1734.0, 1735.0, 1736.0, 1737.0, 1738.0, 1739.0, 1740.0, 1741.0, 1742.0, 1743.0, 1744.0, 1745.0, 1746.0, 1747.0, 1748.0, 1749.0, 1750.0, 1751.0, 1752.0, 1753.0, 1754.0, 1755.0, 1756.0, 1757.0, 1758.0, 1759.0, 1760.0, 1761.0, 1762.0, 1763.0, 1764.0, 1765.0, 1766.0, 1767.0, 1768.0, 1769.0, 1770.0, 1771.0, 1772.0, 1773.0, 1774.0, 1775.0, 1776.0, 1777.0, 1778.0, 1779.0, 1780.0, 1781.0, 1782.0, 1783.0, 1784.0, 1785.0, 1786.0, 1787.0, 1788.0, 1789.0, 1790.0, 1791.0, 1792.0, 1793.0, 1793.0, 1793.0, 1793.0, 1793.0, 1793.0, 1793.0, 1793.0, 1793.0, 1794.0, 1795.0, 1796.0, 1797.0, 1798.0, 1799.0, 1800.0, 1800.0, 1800.0, 1800.0], "avg_cpu": [0.08680555555555555, 0.29198232323232326, 0.2758838383838384, 0.30934343434343436, 0.29797979797979796, 0.2784090909090909, 0.3907828282828283, 0.3686868686868687, 0.37436868686868685, 0.3838383838383838, 0.4930555555555556, 0.5858585858585859, 0.5643939393939394, 0.5517676767676768, 0.5555555555555556, 0.6654040404040404, 0.6527777777777778, 0.6603535353535354, 0.6641414141414141, 0.6603535353535354, 0.6590909090909091, 0.6641414141414141, 0.6590909090909091, 0.6628787878787878, 0.6628787878787878, 0.6515151515151515, 0.6553030303030303, 0.7095959595959596, 0.7209595959595959, 0.6881313131313131, 0.6628787878787878, 0.6717171717171717, 0.6755050505050505, 0.6931818181818182, 0.7449494949494949, 0.7045454545454546, 0.6414141414141414, 0.6616161616161617, 0.6830808080808081, 0.7234848484848485, 0.6919191919191919, 0.6628787878787878, 0.6982323232323232, 0.6982323232323232, 0.6641414141414141, 0.6458333333333334, 0.6445707070707071, 0.6944444444444444, 0.702020202020202, 0.6527777777777778, 0.6578282828282829, 0.6515151515151515, 0.6527777777777778, 0.6426767676767676, 0.6502525252525253, 0.7222222222222222, 0.6357323232323232, 0.6590909090909091, 0.7058080808080808, 0.6515151515151515, 0.6281565656565656, 0.6742424242424242, 0.6906565656565656, 0.6603535353535354, 0.6704545454545454, 0.726010101010101, 0.6117424242424242, 0.7525252525252525, 0.7638888888888888, 0.7537878787878788, 0.7575757575757576, 0.7537878787878788, 0.7676767676767676, 0.76010101010101, 0.7626262626262627, 0.7727272727272727, 0.7765151515151515, 0.7449494949494949, 0.6982323232323232, 0.6275252525252525, 0.5852272727272727, 0.5934343434343434, 0.5820707070707071, 0.0, 0.0, 0.0, 0.06352588383838384, 0.0026041666666666665, 0.0, 0.0, 0.03558349609375, 0.37548828125, 0.3603515625, 0.35498046875, 0.37060546875, 0.38232421875, 0.36669921875, 0.17236328125, 0.0007677078247070312, 0.0011157989501953125, 0.00029850006103515625], "avg_mem": [0.011244051976573938, 0.018255856515373352, 0.016471449487554905, 0.016402818448023427, 0.016517203513909225, 0.016379941434846265, 0.01667734260614934, 0.015853770131771597, 0.01633418740849195, 0.016928989751098095, 0.016402818448023427, 0.016471449487554905, 0.016608711566617862, 0.016540080527086384, 0.016585834553440704, 0.016585834553440704, 0.016951866764275257, 0.01672309663250366, 0.016517203513909225, 0.01676885065885798, 0.017134882869692534, 0.01676885065885798, 0.017500915080527087, 0.01683748169838946, 0.016540080527086384, 0.01672309663250366, 0.017134882869692534, 0.01683748169838946, 0.016448572474377744, 0.017157759882869692, 0.017020497803806735, 0.017089128843338214, 0.01718063689604685, 0.017043374816983894, 0.017363653001464127, 0.018004209370424597, 0.01772968521229868, 0.017089128843338214, 0.016814604685212297, 0.01688323572474378, 0.017134882869692534, 0.016814604685212297, 0.016585834553440704, 0.01734077598828697, 0.016814604685212297, 0.017089128843338214, 0.01722639092240117, 0.016860358711566617, 0.01674597364568082, 0.01676885065885798, 0.016608711566617862, 0.017409407027818447, 0.017020497803806735, 0.01722639092240117, 0.017157759882869692, 0.01624267935578331, 0.01674597364568082, 0.01688323572474378, 0.01731789897510981, 0.01683748169838946, 0.016654465592972182, 0.01663158857979502, 0.017134882869692534, 0.016585834553440704, 0.016311310395314787, 0.017409407027818447, 0.016517203513909225, 0.016425695461200585, 0.017020497803806735, 0.01738653001464129, 0.01688323572474378, 0.017020497803806735, 0.01683748169838946, 0.017134882869692534, 0.016700219619326502, 0.016700219619326502, 0.017249267935578332, 0.016860358711566617, 0.016997620790629574, 0.01743228404099561, 0.017203513909224012, 0.016951866764275257, 0.016265556368960467, 1.9073486328125e-06, 0.015190336749633968, 1.9073486328125e-06, 0.014298133235724745, 0.00012582357247437775, 0.00010866581259150806, 1.9073486328125e-06, 0.003627777099609375, 0.0065765380859375, 0.00640106201171875, 0.0062103271484375, 0.0062103271484375, 0.0062713623046875, 0.00638580322265625, 0.005615234375, 0.0045623779296875, 0.00455474853515625, 8.20159912109375e-05]}