{"time": [2195.0, 2195.0, 2195.0, 2195.0, 2196.0, 2196.0, 2197.0, 2198.0, 2199.0, 2200.0, 2201.0, 2202.0, 2202.0, 2203.0, 2203.0, 2204.0, 2205.0, 2206.0, 2207.0, 2208.0, 2209.0, 2210.0, 2211.0, 2211.0, 2212.0, 2213.0, 2214.0, 2215.0, 2216.0, 2217.0, 2218.0, 2218.0, 2219.0, 2220.0, 2221.0, 2222.0, 2223.0, 2224.0, 2225.0, 2226.0, 2226.0, 2227.0, 2228.0, 2229.0, 2230.0, 2231.0, 2232.0, 2233.0, 2234.0, 2234.0, 2235.0, 2236.0, 2237.0, 2238.0, 2239.0, 2239.0], "avg_cpu": [0.0, 0.0025710628531073446, 0.3366290018832392, 0.6431261770244822, 0.6026365348399246, 0.6450094161958568, 0.7005649717514124, 0.4185499058380414, 0.3352165725047081, 0.3832391713747646, 0.632768361581921, 0.6713747645951036, 0.6629001883239172, 0.5499058380414312, 0.507532956685499, 0.5790960451977402, 0.551789077212806, 0.608286252354049, 0.5423728813559322, 0.4971751412429379, 0.632768361581921, 0.6770244821092278, 0.628060263653484, 0.6346516007532956, 0.6544256120527306, 0.6760828625235404, 0.696798493408663, 0.7344632768361582, 0.7947269303201506, 0.6836158192090396, 0.6299435028248588, 0.583804143126177, 0.6807909604519774, 0.7655367231638418, 0.7184557438794726, 0.736346516007533, 0.7627118644067796, 0.7909604519774012, 0.82015065913371, 0.8088512241054614, 0.7768361581920904, 0.474105461393597, 0.4317325800376648, 0.4453860640301318, 0.6629001883239172, 0.7419962335216572, 0.4166666666666667, 0.3799435028248588, 0.4990583804143126, 0.7109227871939736, 0.7354048964218456, 0.7495291902071564, 0.7495291902071564, 0.551789077212806, 0.011402424670433144, 0.00024276129943502826], "avg_mem": [5.719253294289898e-06, 0.002625137262079063, 0.00727489019033675, 0.008796211566617862, 0.008796211566617862, 0.00789256954612006, 0.007560852855051245, 0.008041270131771595, 0.007881131039531478, 0.007961200585651538, 0.008270040263543192, 0.008178532210834553, 0.008144216691068814, 0.008853404099560761, 0.00886484260614934, 0.008658949487554905, 0.00837298682284041, 0.008544564421669107, 0.008556002928257686, 0.008350109809663251, 0.008235724743777453, 0.008121339677891654, 0.008087024158125915, 0.008075585651537336, 0.008041270131771595, 0.008453056368960469, 0.008658949487554905, 0.008670387994143484, 0.00833867130307467, 0.008212847730600293, 0.00839586383601757, 0.00899066617862372, 0.008704703513909224, 0.008773334553440702, 0.009105051244509516, 0.00892203513909224, 0.008876281112737921, 0.009070735724743777, 0.008807650073206443, 0.008773334553440702, 0.009265190336749635, 0.009116489751098097, 0.008876281112737921, 0.009173682284040996, 0.009116489751098097, 0.008899158125915081, 0.008716142020497804, 0.008670387994143484, 0.008670387994143484, 0.008670387994143484, 0.008670387994143484, 0.008670387994143484, 0.008681826500732064, 0.008681826500732064, 0.008167093704245974, 8.578879941434847e-05]}