{"time": [1716.0, 1717.0, 1718.0, 1719.0, 1719.0, 1720.0, 1721.0, 1721.0, 1722.0, 1723.0, 1724.0, 1725.0, 1726.0, 1727.0, 1728.0, 1729.0, 1730.0, 1731.0, 1732.0, 1733.0, 1734.0, 1735.0, 1736.0, 1737.0, 1738.0, 1739.0, 1740.0, 1741.0, 1742.0, 1743.0, 1744.0, 1745.0, 1746.0, 1747.0, 1748.0, 1749.0, 1750.0, 1751.0, 1752.0, 1753.0, 1754.0, 1755.0, 1756.0, 1757.0, 1758.0, 1759.0, 1760.0, 1761.0, 1762.0, 1763.0, 1764.0, 1765.0, 1766.0, 1767.0, 1768.0, 1769.0, 1770.0, 1771.0, 1772.0, 1773.0, 1774.0, 1775.0, 1776.0, 1777.0, 1778.0, 1779.0, 1780.0, 1781.0, 1782.0, 1783.0, 1784.0, 1785.0, 1786.0, 1787.0, 1788.0, 1789.0, 1790.0, 1791.0, 1792.0, 1793.0, 1794.0, 1795.0, 1796.0, 1797.0, 1798.0, 1799.0, 1800.0, 1800.0, 1800.0, 1800.0], "avg_cpu": [0.09828154425612053, 0.05037664783427495, 0.1596045197740113, 0.504708097928437, 0.6290018832391714, 0.4971751412429379, 0.480225988700565, 0.6431261770244822, 0.7429378531073446, 0.6290018832391714, 0.6120527306967984, 0.6459510357815442, 0.660075329566855, 0.6572504708097928, 0.5847457627118644, 0.6242937853107344, 0.6751412429378532, 0.6704331450094162, 0.6779661016949152, 0.5932203389830508, 0.5979284369114878, 0.6148775894538606, 0.6685499058380414, 0.6195856873822976, 0.6290018832391714, 0.5969868173258004, 0.5583804143126178, 0.6186440677966102, 0.664783427495292, 0.6195856873822976, 0.6101694915254238, 0.6299435028248588, 0.6431261770244822, 0.5602636534839924, 0.5480225988700564, 0.5348399246704332, 0.5706214689265536, 0.64030131826742, 0.5056497175141242, 0.6111111111111112, 0.5451977401129944, 0.6064030131826742, 0.5659133709981168, 0.5348399246704332, 0.6026365348399246, 0.5291902071563088, 0.532015065913371, 0.5329566854990584, 0.6779661016949152, 0.6054613935969868, 0.6186440677966102, 0.4971751412429379, 0.5056497175141242, 0.551789077212806, 0.6290018832391714, 0.512241054613936, 0.512241054613936, 0.5376647834274952, 0.532015065913371, 0.6252354048964218, 0.591337099811676, 0.5546139359698682, 0.5819209039548022, 0.5734463276836158, 0.652542372881356, 0.6214689265536724, 0.620527306967985, 0.6148775894538606, 0.6195856873822976, 0.6337099811676082, 0.6026365348399246, 0.6167608286252354, 0.6506591337099812, 0.6450094161958568, 0.628060263653484, 0.623352165725047, 0.6054613935969868, 0.632768361581921, 0.6318267419962336, 0.64030131826742, 0.6224105461393596, 0.615819209039548, 0.608286252354049, 0.608286252354049, 0.5894538606403014, 0.5856873822975518, 0.2669491525423729, 0.010740348399246704, 0.004391772598870056, 0.0], "avg_mem": [0.015716508052708637, 0.01619692532942899, 0.018347364568081993, 0.023243045387994144, 0.02397510980966325, 0.024112371888726208, 0.023700585651537334, 0.024890190336749635, 0.024158125915080528, 0.024249633967789164, 0.024249633967789164, 0.024295387994143484, 0.024066617862371888, 0.024341142020497804, 0.02388360175695461, 0.024112371888726208, 0.02443265007320644, 0.024203879941434848, 0.023837847730600294, 0.02402086383601757, 0.023837847730600294, 0.023517569546120057, 0.024661420204978038, 0.02402086383601757, 0.023746339677891654, 0.02388360175695461, 0.024066617862371888, 0.023700585651537334, 0.024066617862371888, 0.023654831625183018, 0.024158125915080528, 0.02402086383601757, 0.02452415812591508, 0.024066617862371888, 0.02392935578330893, 0.023563323572474378, 0.027177891654465592, 0.024112371888726208, 0.02388360175695461, 0.024341142020497804, 0.02392935578330893, 0.02402086383601757, 0.024066617862371888, 0.02340318448023426, 0.02402086383601757, 0.02392935578330893, 0.024112371888726208, 0.02342606149341142, 0.02388360175695461, 0.023700585651537334, 0.023746339677891654, 0.023609077598828698, 0.024066617862371888, 0.02397510980966325, 0.02388360175695461, 0.02388360175695461, 0.02388360175695461, 0.02397510980966325, 0.024112371888726208, 0.02392935578330893, 0.024341142020497804, 0.024066617862371888, 0.02402086383601757, 0.023792093704245974, 0.024158125915080528, 0.024295387994143484, 0.02452415812591508, 0.02397510980966325, 0.02443265007320644, 0.024158125915080528, 0.024798682284040995, 0.024066617862371888, 0.023837847730600294, 0.024112371888726208, 0.02402086383601757, 0.024112371888726208, 0.023792093704245974, 0.023837847730600294, 0.023837847730600294, 0.024112371888726208, 0.02452415812591508, 0.024158125915080528, 0.024112371888726208, 0.024341142020497804, 0.023700585651537334, 0.0245699121522694, 0.022259333821376282, 0.020406295754026353, 0.020406295754026353, 0.0002916819180087848]}