{"time": [1718.0, 1719.0, 1719.0, 1719.0, 1719.0, 1719.0, 1720.0, 1720.0, 1721.0, 1722.0, 1723.0, 1723.0, 1724.0, 1725.0, 1726.0, 1727.0, 1727.0, 1728.0, 1728.0, 1729.0, 1730.0, 1731.0, 1732.0, 1732.0, 1733.0, 1734.0, 1735.0, 1736.0, 1737.0, 1738.0, 1739.0, 1739.0, 1740.0, 1741.0, 1742.0, 1743.0, 1744.0, 1745.0, 1746.0, 1747.0, 1748.0, 1749.0, 1750.0, 1751.0, 1752.0, 1753.0, 1754.0, 1755.0, 1756.0, 1757.0, 1758.0, 1759.0, 1760.0, 1761.0, 1762.0, 1763.0, 1764.0, 1765.0, 1766.0, 1767.0, 1768.0, 1769.0, 1770.0, 1771.0, 1772.0, 1773.0, 1774.0, 1775.0, 1776.0, 1777.0, 1778.0, 1779.0, 1780.0, 1781.0, 1782.0, 1783.0, 1784.0, 1785.0, 1786.0, 1787.0, 1788.0, 1789.0, 1790.0, 1791.0, 1792.0, 1793.0, 1794.0, 1795.0, 1796.0, 1797.0, 1798.0, 1799.0, 1800.0, 1800.0, 1800.0, 1800.0], "avg_cpu": [0.002978032178217822, 0.1582095709570957, 0.27351485148514854, 0.3127062706270627, 0.29042904290429045, 0.2561881188118812, 0.26443894389438943, 0.2660891089108911, 0.3065181518151815, 0.36014851485148514, 0.3320957095709571, 0.422029702970297, 0.3915016501650165, 0.41254125412541254, 0.45627062706270627, 0.4628712871287129, 0.49587458745874585, 0.4744224422442244, 0.49257425742574257, 0.4793729372937294, 0.514026402640264, 0.49174917491749176, 0.49422442244224424, 0.5264026402640264, 0.523102310231023, 0.5495049504950495, 0.5544554455445545, 0.5717821782178217, 0.5734323432343235, 0.5255775577557755, 0.6014851485148515, 0.6212871287128713, 0.5767326732673267, 0.5783828382838284, 0.594059405940594, 0.5965346534653465, 0.641914191419142, 0.608085808580858, 0.6320132013201321, 0.5891089108910891, 0.6534653465346535, 0.6014851485148515, 0.5948844884488449, 0.5676567656765676, 0.5783828382838284, 0.5742574257425742, 0.566006600660066, 0.5767326732673267, 0.5503300330033003, 0.5610561056105611, 0.5816831683168316, 0.5511551155115512, 0.5552805280528053, 0.5693069306930693, 0.5651815181518152, 0.5734323432343235, 0.5511551155115512, 0.5495049504950495, 0.556930693069307, 0.5544554455445545, 0.5544554455445545, 0.5462046204620462, 0.5404290429042904, 0.5354785478547854, 0.5610561056105611, 0.5701320132013201, 0.6039603960396039, 0.6212871287128713, 0.6270627062706271, 0.5973597359735974, 0.5915841584158416, 0.6014851485148515, 0.5833333333333334, 0.6023102310231023, 0.6245874587458746, 0.6113861386138614, 0.6278877887788779, 0.6006600660066007, 0.5833333333333334, 0.5882838283828383, 0.6039603960396039, 0.5907590759075908, 0.5924092409240924, 0.5833333333333334, 0.5899339933993399, 0.6542904290429042, 0.5981848184818482, 0.570957095709571, 0.5478547854785478, 0.6146864686468647, 0.5948844884488449, 0.5841584158415841, 0.2747524752475248, 0.0008669812293729373, 0.0008669812293729373, 0.00043349061468646863], "avg_mem": [0.003746110907759883, 0.008178532210834553, 0.009711292093704246, 0.009230874816983894, 0.008784773060029283, 0.008693265007320644, 0.008590318448023425, 0.008578879941434846, 0.008624633967789166, 0.008681826500732064, 0.008739019033674963, 0.009105051244509516, 0.008750457540263544, 0.008899158125915081, 0.008853404099560761, 0.009036420204978038, 0.00893347364568082, 0.0088877196193265, 0.008807650073206443, 0.009002104685212299, 0.008658949487554905, 0.008819088579795022, 0.00886484260614934, 0.008979227672035139, 0.00899066617862372, 0.008876281112737921, 0.008624633967789166, 0.009013543191800878, 0.009093612737920937, 0.008841965592972182, 0.008716142020497804, 0.008544564421669107, 0.008807650073206443, 0.009013543191800878, 0.008761896046852123, 0.008956350658857979, 0.00892203513909224, 0.009448206442166911, 0.009150805270863836, 0.008796211566617862, 0.008853404099560761, 0.008727580527086384, 0.0088877196193265, 0.008807650073206443, 0.009139366764275255, 0.009013543191800878, 0.009036420204978038, 0.009013543191800878, 0.009230874816983894, 0.009013543191800878, 0.008750457540263544, 0.008956350658857979, 0.009002104685212299, 0.00891059663250366, 0.008796211566617862, 0.009002104685212299, 0.0089449121522694, 0.009265190336749635, 0.009024981698389459, 0.009127928257686676, 0.008819088579795022, 0.008819088579795022, 0.008853404099560761, 0.0088877196193265, 0.008830527086383601, 0.009047858711566617, 0.009185120790629575, 0.009116489751098097, 0.008727580527086384, 0.008773334553440702, 0.0088877196193265, 0.008899158125915081, 0.008739019033674963, 0.008841965592972182, 0.0089449121522694, 0.009082174231332358, 0.009002104685212299, 0.008841965592972182, 0.009013543191800878, 0.009150805270863836, 0.00886484260614934, 0.008899158125915081, 0.0089449121522694, 0.0089449121522694, 0.00891059663250366, 0.0089449121522694, 0.008830527086383601, 0.008830527086383601, 0.0089449121522694, 0.00886484260614934, 0.00899066617862372, 0.00886484260614934, 0.008041270131771595, 0.007103312591508053, 0.007103312591508053, 6.577141288433382e-05]}