{"time": [565.0, 566.0, 567.0, 568.0, 569.0, 570.0, 571.0, 571.0, 572.0, 572.0, 572.0, 589.0, 590.0, 591.0, 592.0, 593.0, 594.0, 595.0, 596.0, 597.0, 598.0, 599.0, 600.0, 601.0, 602.0, 603.0, 604.0, 605.0, 606.0, 607.0, 608.0, 609.0, 610.0, 611.0, 612.0, 613.0, 614.0, 615.0, 616.0, 616.0, 617.0, 618.0, 619.0, 620.0, 621.0, 622.0, 623.0, 624.0, 625.0, 626.0, 627.0, 628.0, 629.0, 630.0, 631.0, 632.0, 633.0, 634.0, 635.0, 636.0, 637.0, 638.0, 639.0, 640.0, 641.0, 642.0, 643.0, 644.0, 645.0, 646.0, 647.0, 648.0, 649.0, 650.0, 651.0, 652.0, 653.0, 653.0, 653.0, 653.0], "avg_cpu": [0.4146039603960396, 0.6526402640264026, 0.6146864686468647, 0.5717821782178217, 0.5915841584158416, 0.5726072607260726, 0.6014851485148515, 0.5470297029702971, 0.3386963696369637, 0.00795431105610561, 0.0, 0.7953795379537953, 0.759075907590759, 0.6848184818481848, 0.6848184818481848, 0.6476897689768977, 0.6072607260726073, 0.6245874587458746, 0.5874587458745875, 0.650990099009901, 0.6287128712871287, 0.5957095709570958, 0.5981848184818482, 0.5891089108910891, 0.5907590759075908, 0.58003300330033, 0.5767326732673267, 0.5965346534653465, 0.570957095709571, 0.5693069306930693, 0.5726072607260726, 0.5734323432343235, 0.5651815181518152, 0.5651815181518152, 0.5495049504950495, 0.5775577557755776, 0.608085808580858, 0.5701320132013201, 0.5627062706270627, 0.6229372937293729, 0.6006600660066007, 0.5841584158415841, 0.6204620462046204, 0.6377887788778878, 0.6295379537953796, 0.6270627062706271, 0.636963696369637, 0.6394389438943895, 0.6179867986798679, 0.6163366336633663, 0.641914191419142, 0.5965346534653465, 0.5874587458745875, 0.5924092409240924, 0.6138613861386139, 0.6254125412541254, 0.5965346534653465, 0.6146864686468647, 0.6641914191419142, 0.6122112211221122, 0.6534653465346535, 0.6402640264026402, 0.6122112211221122, 0.613036303630363, 0.5973597359735974, 0.6089108910891089, 0.6212871287128713, 0.5676567656765676, 0.5668316831683168, 0.6146864686468647, 0.599009900990099, 0.6014851485148515, 0.5948844884488449, 0.5726072607260726, 0.599009900990099, 0.5717821782178217, 0.5932343234323433, 0.5907590759075908, 0.0078125, 0.0], "avg_mem": [0.024798682284040995, 0.046440336749633965, 0.04200219619326501, 0.04003477306002928, 0.04154465592972181, 0.04236822840409956, 0.04053806734992679, 0.04195644216691069, 0.027589677891654465, 0.0017014778550512445, 0.0005261713030746706, 0.04227672035139092, 0.04360358711566618, 0.04360358711566618, 0.04474743777452416, 0.04227672035139092, 0.04598279648609078, 0.04296303074670571, 0.04287152269399707, 0.04406112737920937, 0.0446101756954612, 0.04428989751098097, 0.04346632503660322, 0.046440336749633965, 0.04387811127379209, 0.04287152269399707, 0.0436493411420205, 0.046440336749633965, 0.042825768667642754, 0.04136163982430454, 0.04369509516837482, 0.04474743777452416, 0.041407393850658857, 0.046120058565153735, 0.04470168374816984, 0.043923865300146414, 0.043146046852122984, 0.043740849194729134, 0.04996339677891654, 0.042642752562225474, 0.04319180087847731, 0.04310029282576867, 0.04410688140556369, 0.04479319180087848, 0.045616764275256225, 0.04319180087847731, 0.04287152269399707, 0.043740849194729134, 0.044427159590043924, 0.042322474377745244, 0.04415263543191801, 0.04589128843338214, 0.043923865300146414, 0.04584553440702782, 0.043832357247437774, 0.043146046852122984, 0.04396961932650073, 0.04470168374816984, 0.046028550512445095, 0.04305453879941435, 0.04310029282576867, 0.04470168374816984, 0.04191068814055637, 0.04387811127379209, 0.042825768667642754, 0.04410688140556369, 0.04506771595900439, 0.04195644216691069, 0.04470168374816984, 0.039714494875549046, 0.04520497803806735, 0.04241398243045388, 0.04351207906295754, 0.043740849194729134, 0.04470168374816984, 0.04355783308931186, 0.035505124450951685, 0.04525073206442167, 0.0004032073572474378, 0.0002745241581259151]}