{"time": [567.0, 568.0, 569.0, 570.0, 571.0, 571.0, 571.0, 571.0, 589.0, 590.0, 591.0, 592.0, 593.0, 594.0, 595.0, 596.0, 597.0, 598.0, 599.0, 600.0, 601.0, 602.0, 603.0, 604.0, 605.0, 606.0, 607.0, 608.0, 609.0, 610.0, 611.0, 612.0, 613.0, 614.0, 615.0, 616.0, 616.0, 617.0, 618.0, 619.0, 620.0, 621.0, 622.0, 623.0, 624.0, 625.0, 626.0, 627.0, 628.0, 629.0, 630.0, 631.0, 632.0, 633.0, 634.0, 635.0, 636.0, 637.0, 638.0, 639.0, 640.0, 641.0, 642.0, 643.0, 644.0, 645.0, 646.0, 647.0, 648.0, 649.0, 650.0, 651.0, 652.0, 653.0, 653.0, 653.0, 653.0], "avg_cpu": [0.5075757575757576, 0.6391184573002755, 0.4951790633608815, 0.4931129476584022, 0.45661157024793386, 0.44421487603305787, 0.6480716253443526, 0.0, 0.001711401608910891, 0.7706270627062707, 0.7722772277227723, 0.6221122112211221, 0.6221122112211221, 0.6014851485148515, 0.6122112211221122, 0.5816831683168316, 0.5651815181518152, 0.58003300330033, 0.5808580858085809, 0.5957095709570958, 0.6014851485148515, 0.6014851485148515, 0.5759075907590759, 0.5676567656765676, 0.5775577557755776, 0.5833333333333334, 0.5726072607260726, 0.5759075907590759, 0.5750825082508251, 0.5841584158415841, 0.5676567656765676, 0.5825082508250825, 0.5684818481848185, 0.5627062706270627, 0.5627062706270627, 0.5882838283828383, 0.6361386138613861, 0.5965346534653465, 0.6262376237623762, 0.6023102310231023, 0.6204620462046204, 0.6212871287128713, 0.6204620462046204, 0.6245874587458746, 0.6113861386138614, 0.6204620462046204, 0.613036303630363, 0.6452145214521452, 0.6386138613861386, 0.641914191419142, 0.6179867986798679, 0.6089108910891089, 0.636963696369637, 0.6105610561056105, 0.6105610561056105, 0.6551155115511551, 0.6386138613861386, 0.6105610561056105, 0.6229372937293729, 0.6163366336633663, 0.6460396039603961, 0.613036303630363, 0.6072607260726073, 0.613036303630363, 0.5973597359735974, 0.6113861386138614, 0.6089108910891089, 0.6072607260726073, 0.6386138613861386, 0.641914191419142, 0.6410891089108911, 0.6179867986798679, 0.6155115511551155, 0.6196369636963697, 0.6171617161716172, 0.0, 0.0], "avg_mem": [0.009574030014641289, 0.021504392386530014, 0.020543557833089313, 0.020657942898975108, 0.02102397510980966, 0.016928989751098095, 0.02189330161054173, 0.0002444980783308931, 0.0022591050512445095, 0.04456442166910688, 0.04296303074670571, 0.0436493411420205, 0.04447291361639824, 0.043832357247437774, 0.042917276720351394, 0.04145314787701318, 0.04419838945827233, 0.04305453879941435, 0.043420571010248904, 0.044335651537335284, 0.04406112737920937, 0.041315885797950216, 0.04447291361639824, 0.043146046852122984, 0.044838945827232794, 0.04072108345534407, 0.0436493411420205, 0.04200219619326501, 0.04113286969253294, 0.04296303074670571, 0.04310029282576867, 0.04117862371888726, 0.04241398243045388, 0.04145314787701318, 0.04159040995607614, 0.043740849194729134, 0.04360358711566618, 0.04177342606149341, 0.042230966325036604, 0.04250549048316252, 0.044335651537335284, 0.04287152269399707, 0.04255124450951684, 0.04200219619326501, 0.045021961932650074, 0.04236822840409956, 0.042642752562225474, 0.042734260614934114, 0.04520497803806735, 0.04428989751098097, 0.04575402635431918, 0.042322474377745244, 0.04300878477306003, 0.04218521229868229, 0.04355783308931186, 0.04410688140556369, 0.04387811127379209, 0.044427159590043924, 0.04396961932650073, 0.04369509516837482, 0.04209370424597365, 0.04310029282576867, 0.04241398243045388, 0.043740849194729134, 0.042642752562225474, 0.04255124450951684, 0.04351207906295754, 0.04378660322108346, 0.04300878477306003, 0.04447291361639824, 0.04387811127379209, 0.043237554904831624, 0.0424597364568082, 0.031707540263543194, 0.04337481698389458, 0.0008092743411420205, 0.0005147327964860908]}