{"time": [1718.0, 1719.0, 1719.0, 1719.0, 1719.0, 1719.0, 1720.0, 1720.0, 1721.0, 1722.0, 1723.0, 1723.0, 1724.0, 1725.0, 1726.0, 1727.0, 1727.0, 1728.0, 1728.0, 1729.0, 1730.0, 1731.0, 1731.0, 1732.0, 1733.0, 1734.0, 1735.0, 1736.0, 1737.0, 1738.0, 1738.0, 1739.0, 1740.0, 1741.0, 1742.0, 1743.0, 1744.0, 1745.0, 1746.0, 1747.0, 1748.0, 1749.0, 1750.0, 1751.0, 1752.0, 1753.0, 1754.0, 1755.0, 1756.0, 1757.0, 1758.0, 1759.0, 1760.0, 1761.0, 1762.0, 1763.0, 1764.0, 1765.0, 1766.0, 1767.0, 1768.0, 1769.0, 1770.0, 1771.0, 1772.0, 1773.0, 1774.0, 1775.0, 1776.0, 1777.0, 1778.0, 1779.0, 1780.0, 1781.0, 1782.0, 1783.0, 1784.0, 1785.0, 1786.0, 1787.0, 1788.0, 1789.0, 1790.0, 1791.0, 1792.0, 1793.0, 1794.0, 1795.0, 1796.0, 1797.0, 1798.0, 1799.0, 1800.0, 1800.0, 1800.0], "avg_cpu": [0.07487623762376237, 0.33127062706270627, 0.39603960396039606, 0.37334983498349833, 0.3358085808580858, 0.36468646864686466, 0.3333333333333333, 0.3122937293729373, 0.2999174917491749, 0.28465346534653463, 0.3015676567656766, 0.3778877887788779, 0.3865511551155115, 0.35767326732673266, 0.37541254125412543, 0.37293729372937295, 0.4628712871287129, 0.44471947194719474, 0.4876237623762376, 0.4975247524752475, 0.49587458745874585, 0.5041254125412541, 0.5412541254125413, 0.5313531353135313, 0.5528052805280528, 0.5354785478547854, 0.5247524752475248, 0.5239273927392739, 0.5693069306930693, 0.5453795379537953, 0.6097359735973598, 0.5651815181518152, 0.599009900990099, 0.5759075907590759, 0.5899339933993399, 0.5676567656765676, 0.5833333333333334, 0.599009900990099, 0.5759075907590759, 0.5594059405940595, 0.5676567656765676, 0.5882838283828383, 0.5610561056105611, 0.5618811881188119, 0.5528052805280528, 0.5511551155115512, 0.5577557755775577, 0.5750825082508251, 0.5544554455445545, 0.5478547854785478, 0.5701320132013201, 0.5552805280528053, 0.5561056105610561, 0.5891089108910891, 0.5858085808580858, 0.5651815181518152, 0.5511551155115512, 0.5833333333333334, 0.594059405940594, 0.5643564356435643, 0.5742574257425742, 0.566006600660066, 0.5783828382838284, 0.5651815181518152, 0.5676567656765676, 0.5907590759075908, 0.6518151815181518, 0.6064356435643564, 0.5816831683168316, 0.58003300330033, 0.5775577557755776, 0.5676567656765676, 0.5701320132013201, 0.566006600660066, 0.5676567656765676, 0.5767326732673267, 0.5635313531353136, 0.5676567656765676, 0.5841584158415841, 0.5882838283828383, 0.5874587458745875, 0.5635313531353136, 0.5808580858085809, 0.5684818481848185, 0.5627062706270627, 0.5627062706270627, 0.5726072607260726, 0.5668316831683168, 0.5676567656765676, 0.5618811881188119, 0.58003300330033, 0.5594059405940595, 0.2817656765676568, 0.005491955445544554, 0.0], "avg_mem": [0.006039531478770132, 0.010340409956076135, 0.009699853587115666, 0.009322382869692532, 0.00844161786237189, 0.00836154831625183, 0.008567441434846267, 0.008658949487554905, 0.008796211566617862, 0.008453056368960469, 0.008556002928257686, 0.008876281112737921, 0.008750457540263544, 0.009036420204978038, 0.008773334553440702, 0.008578879941434846, 0.008750457540263544, 0.008704703513909224, 0.0089449121522694, 0.008956350658857979, 0.008819088579795022, 0.008853404099560761, 0.009654099560761346, 0.008819088579795022, 0.008876281112737921, 0.008796211566617862, 0.008899158125915081, 0.008636072474377745, 0.0088877196193265, 0.00899066617862372, 0.008430179355783309, 0.00893347364568082, 0.0088877196193265, 0.0089449121522694, 0.008899158125915081, 0.008739019033674963, 0.00891059663250366, 0.00891059663250366, 0.0089449121522694, 0.0088877196193265, 0.008830527086383601, 0.008796211566617862, 0.008979227672035139, 0.008841965592972182, 0.008750457540263544, 0.008899158125915081, 0.008750457540263544, 0.00896778916544656, 0.008716142020497804, 0.00893347364568082, 0.008876281112737921, 0.008761896046852123, 0.00886484260614934, 0.00892203513909224, 0.009013543191800878, 0.0088877196193265, 0.008796211566617862, 0.008807650073206443, 0.008830527086383601, 0.00896778916544656, 0.00899066617862372, 0.008819088579795022, 0.008819088579795022, 0.009024981698389459, 0.00892203513909224, 0.008773334553440702, 0.008830527086383601, 0.009036420204978038, 0.008853404099560761, 0.009139366764275255, 0.00893347364568082, 0.00891059663250366, 0.008819088579795022, 0.008716142020497804, 0.009036420204978038, 0.008750457540263544, 0.0088877196193265, 0.00896778916544656, 0.0089449121522694, 0.009024981698389459, 0.009333821376281113, 0.008853404099560761, 0.008979227672035139, 0.008807650073206443, 0.009002104685212299, 0.009150805270863836, 0.008979227672035139, 0.008819088579795022, 0.0088877196193265, 0.008727580527086384, 0.00893347364568082, 0.0089449121522694, 0.007766745973645681, 0.006451317715959005, 7.149066617862372e-05]}