{"time": [593.0, 594.0, 595.0, 596.0, 597.0, 598.0, 599.0, 600.0, 601.0, 602.0, 603.0, 604.0, 605.0, 606.0, 607.0, 608.0, 609.0, 610.0, 611.0, 612.0, 613.0, 614.0, 615.0, 616.0, 617.0, 618.0, 619.0, 620.0, 621.0, 622.0, 623.0, 624.0, 625.0, 626.0, 627.0, 628.0, 629.0, 630.0, 631.0, 632.0, 633.0, 634.0, 635.0, 636.0, 637.0, 638.0, 639.0, 640.0, 641.0, 642.0, 643.0, 644.0, 645.0, 646.0, 647.0, 648.0, 649.0, 650.0, 651.0, 652.0, 653.0, 653.0, 653.0, 653.0], "avg_cpu": [0.4884488448844885, 0.7755775577557755, 0.764026402640264, 0.6452145214521452, 0.613036303630363, 0.5924092409240924, 0.518976897689769, 0.5899339933993399, 0.5717821782178217, 0.5536303630363036, 0.5610561056105611, 0.5288778877887789, 0.5082508250825083, 0.485973597359736, 0.5816831683168316, 0.5239273927392739, 0.5206270627062707, 0.523102310231023, 0.5024752475247525, 0.5354785478547854, 0.4834983498349835, 0.5288778877887789, 0.570957095709571, 0.5338283828382838, 0.523102310231023, 0.5445544554455446, 0.5767326732673267, 0.5099009900990099, 0.5247524752475248, 0.5346534653465347, 0.5866336633663366, 0.566006600660066, 0.5676567656765676, 0.5561056105610561, 0.570957095709571, 0.5528052805280528, 0.5610561056105611, 0.5470297029702971, 0.5577557755775577, 0.599009900990099, 0.528052805280528, 0.5478547854785478, 0.5577557755775577, 0.5247524752475248, 0.5635313531353136, 0.5874587458745875, 0.5742574257425742, 0.5651815181518152, 0.5610561056105611, 0.5536303630363036, 0.5602310231023102, 0.5775577557755776, 0.5618811881188119, 0.5627062706270627, 0.5701320132013201, 0.5602310231023102, 0.5618811881188119, 0.5684818481848185, 0.5643564356435643, 0.5627062706270627, 0.5643564356435643, 0.5717821782178217, 0.00093949824669967, 0.0], "avg_mem": [0.04154465592972181, 0.09288067349926793, 0.09022693997071743, 0.08720717423133235, 0.0899524158125915, 0.09031844802342606, 0.08583455344070279, 0.0841874084919473, 0.0853770131771596, 0.08556002928257686, 0.08290629575402636, 0.0849194729136164, 0.08363836017569547, 0.08793923865300146, 0.08427891654465593, 0.09013543191800878, 0.08217423133235725, 0.0865666178623719, 0.09059297218155198, 0.08903733528550513, 0.08684114202049781, 0.08382137628111273, 0.08620058565153733, 0.09388726207906296, 0.08848828696925329, 0.08711566617862372, 0.09095900439238654, 0.08501098096632503, 0.08821376281112737, 0.087298682284041, 0.0837298682284041, 0.08821376281112737, 0.08409590043923865, 0.0861090775988287, 0.09150805270863836, 0.08501098096632503, 0.087298682284041, 0.08748169838945827, 0.08885431918008785, 0.08894582723279648, 0.09461932650073207, 0.0849194729136164, 0.09022693997071743, 0.08674963396778916, 0.09004392386530015, 0.08674963396778916, 0.08665812591508053, 0.087298682284041, 0.09004392386530015, 0.0899524158125915, 0.08702415812591507, 0.09288067349926793, 0.08528550512445095, 0.09214860907759882, 0.08665812591508053, 0.08592606149341142, 0.08812225475841874, 0.08748169838945827, 0.08894582723279648, 0.0861090775988287, 0.082997803806735, 0.09480234260614934, 0.0013039897510980967, 0.0007435029282576867]}