{"time": [1718.0, 1718.0, 1719.0, 1719.0, 1719.0, 1720.0, 1721.0, 1721.0, 1722.0, 1722.0, 1723.0, 1724.0, 1725.0, 1726.0, 1726.0, 1727.0, 1728.0, 1728.0, 1729.0, 1730.0, 1731.0, 1731.0, 1732.0, 1733.0, 1734.0, 1735.0, 1736.0, 1737.0, 1738.0, 1738.0, 1739.0, 1740.0, 1741.0, 1742.0, 1743.0, 1744.0, 1745.0, 1746.0, 1747.0, 1748.0, 1749.0, 1750.0, 1751.0, 1752.0, 1753.0, 1754.0, 1755.0, 1756.0, 1757.0, 1758.0, 1759.0, 1760.0, 1761.0, 1762.0, 1763.0, 1764.0, 1765.0, 1766.0, 1767.0, 1768.0, 1769.0, 1770.0, 1771.0, 1772.0, 1773.0, 1774.0, 1775.0, 1776.0, 1777.0, 1778.0, 1779.0, 1780.0, 1781.0, 1782.0, 1783.0, 1784.0, 1785.0, 1786.0, 1787.0, 1788.0, 1789.0, 1790.0, 1791.0, 1792.0, 1793.0, 1794.0, 1795.0, 1796.0, 1797.0, 1798.0, 1799.0, 1800.0, 1800.0, 1800.0, 1800.0], "avg_cpu": [0.0, 0.0020981590346534655, 0.1573844884488449, 0.15594059405940594, 0.23473597359735973, 0.41006600660066006, 0.58003300330033, 0.5816831683168316, 0.4273927392739274, 0.36303630363036304, 0.3976897689768977, 0.4042904290429043, 0.42244224422442245, 0.5016501650165016, 0.5057755775577558, 0.5082508250825083, 0.5445544554455446, 0.5338283828382838, 0.5412541254125413, 0.5297029702970297, 0.5173267326732673, 0.5396039603960396, 0.5552805280528053, 0.5247524752475248, 0.5684818481848185, 0.5701320132013201, 0.5783828382838284, 0.5915841584158416, 0.6716171617161716, 0.6328382838283828, 0.5726072607260726, 0.5734323432343235, 0.5676567656765676, 0.5932343234323433, 0.5536303630363036, 0.5924092409240924, 0.5874587458745875, 0.6039603960396039, 0.613036303630363, 0.6262376237623762, 0.5544554455445545, 0.5462046204620462, 0.5561056105610561, 0.5610561056105611, 0.5354785478547854, 0.5651815181518152, 0.6006600660066007, 0.5693069306930693, 0.5651815181518152, 0.5503300330033003, 0.5750825082508251, 0.5874587458745875, 0.5693069306930693, 0.5404290429042904, 0.5585808580858086, 0.5717821782178217, 0.5412541254125413, 0.5676567656765676, 0.5552805280528053, 0.5486798679867987, 0.5321782178217822, 0.5643564356435643, 0.5123762376237624, 0.5503300330033003, 0.5915841584158416, 0.6386138613861386, 0.6056105610561056, 0.6221122112211221, 0.5998349834983498, 0.5841584158415841, 0.5635313531353136, 0.584983498349835, 0.5750825082508251, 0.608085808580858, 0.5792079207920792, 0.5742574257425742, 0.5816831683168316, 0.5759075907590759, 0.599009900990099, 0.5973597359735974, 0.5759075907590759, 0.5726072607260726, 0.5602310231023102, 0.5594059405940595, 0.5841584158415841, 0.5726072607260726, 0.5503300330033003, 0.551980198019802, 0.5907590759075908, 0.6155115511551155, 0.6608910891089109, 0.2924917491749175, 0.0017339624587458745, 0.0013020833333333333, 0.000578524649339934], "avg_mem": [2.859626647144949e-06, 0.0038261804538799416, 0.008544564421669107, 0.00953971449487555, 0.008453056368960469, 0.008716142020497804, 0.009047858711566617, 0.008693265007320644, 0.008773334553440702, 0.009505398975109809, 0.008716142020497804, 0.008613195461200585, 0.008590318448023425, 0.009105051244509516, 0.008807650073206443, 0.009779923133235724, 0.00891059663250366, 0.009196559297218155, 0.008750457540263544, 0.009002104685212299, 0.008739019033674963, 0.008841965592972182, 0.008727580527086384, 0.008624633967789166, 0.008841965592972182, 0.008773334553440702, 0.008876281112737921, 0.008784773060029283, 0.008876281112737921, 0.008704703513909224, 0.009288067349926793, 0.008704703513909224, 0.008647510980966324, 0.0089449121522694, 0.00892203513909224, 0.008876281112737921, 0.008876281112737921, 0.008727580527086384, 0.008681826500732064, 0.008979227672035139, 0.008876281112737921, 0.008899158125915081, 0.00899066617862372, 0.008761896046852123, 0.008693265007320644, 0.00893347364568082, 0.009116489751098097, 0.008761896046852123, 0.008761896046852123, 0.009059297218155198, 0.008739019033674963, 0.008761896046852123, 0.008979227672035139, 0.008750457540263544, 0.008773334553440702, 0.008784773060029283, 0.008853404099560761, 0.008807650073206443, 0.0089449121522694, 0.008876281112737921, 0.00899066617862372, 0.00899066617862372, 0.008727580527086384, 0.00896778916544656, 0.008841965592972182, 0.008841965592972182, 0.008819088579795022, 0.00886484260614934, 0.00886484260614934, 0.008899158125915081, 0.008807650073206443, 0.008979227672035139, 0.008956350658857979, 0.00896778916544656, 0.009002104685212299, 0.008739019033674963, 0.008876281112737921, 0.008761896046852123, 0.009047858711566617, 0.00892203513909224, 0.008819088579795022, 0.00892203513909224, 0.0088877196193265, 0.009070735724743777, 0.00892203513909224, 0.008979227672035139, 0.0089449121522694, 0.008773334553440702, 0.009036420204978038, 0.00896778916544656, 0.008716142020497804, 0.008109901171303075, 0.006851665446559297, 0.006851665446559297, 7.435029282576867e-05]}