{"time": [591.0, 592.0, 593.0, 594.0, 595.0, 596.0, 596.0, 596.0, 596.0, 597.0, 598.0, 599.0, 600.0, 601.0, 602.0, 603.0, 604.0, 605.0, 606.0, 607.0, 607.0, 607.0, 607.0, 607.0, 608.0, 609.0, 610.0, 611.0, 612.0, 613.0, 614.0, 615.0, 616.0, 617.0, 618.0, 619.0, 619.0, 620.0, 621.0, 622.0, 623.0, 624.0, 625.0, 626.0, 627.0, 628.0, 629.0, 630.0, 631.0, 632.0, 633.0, 634.0, 635.0, 636.0, 637.0, 638.0, 639.0, 640.0, 641.0, 642.0, 643.0, 644.0, 645.0, 646.0, 647.0, 648.0, 649.0, 650.0, 651.0, 652.0, 653.0, 653.0, 653.0, 653.0], "avg_cpu": [0.37947658402203854, 0.5027548209366391, 0.5922865013774105, 0.5984848484848485, 0.599862258953168, 0.6411845730027548, 0.6253443526170799, 0.33298898071625344, 0.0, 0.5488980716253443, 0.5902203856749312, 0.5853994490358126, 0.5792011019283747, 0.5730027548209367, 0.5674931129476584, 0.5633608815426997, 0.5647382920110193, 0.5537190082644629, 0.5971074380165289, 0.5619834710743802, 0.5399449035812672, 0.0, 0.0, 0.4180440771349862, 0.5571625344352618, 0.5626721763085399, 0.581267217630854, 0.5881542699724518, 0.6184573002754821, 0.6067493112947658, 0.6060606060606061, 0.6129476584022039, 0.5929752066115702, 0.5895316804407713, 0.6274104683195593, 0.6136363636363636, 0.6473829201101928, 0.6301652892561983, 0.6122589531680441, 0.6108815426997245, 0.5929752066115702, 0.5785123966942148, 0.5647382920110193, 0.5681818181818182, 0.5984848484848485, 0.6033057851239669, 0.6088154269972452, 0.6019283746556474, 0.5991735537190083, 0.6026170798898072, 0.5971074380165289, 0.628099173553719, 0.6157024793388429, 0.6150137741046832, 0.6074380165289256, 0.6053719008264463, 0.599862258953168, 0.6177685950413223, 0.6033057851239669, 0.6019283746556474, 0.5819559228650137, 0.6074380165289256, 0.6033057851239669, 0.5771349862258953, 0.5695592286501377, 0.5895316804407713, 0.5902203856749312, 0.5943526170798898, 0.5895316804407713, 0.6260330578512396, 0.5440771349862259, 0.6570247933884298, 0.004616477272727273, 0.0], "avg_mem": [0.0381588579795022, 0.04396961932650073, 0.04525073206442167, 0.04319180087847731, 0.042825768667642754, 0.04351207906295754, 0.042322474377745244, 0.0006777315153733528, 0.0003231378111273792, 0.04378660322108346, 0.044930453879941434, 0.042917276720351394, 0.04259699853587116, 0.04456442166910688, 0.04209370424597365, 0.043146046852122984, 0.04648609077598829, 0.04465592972181552, 0.04685212298682284, 0.04470168374816984, 0.04108711566617863, 0.0005204520497803807, 0.00030026079795021963, 0.024249633967789164, 0.04259699853587116, 0.04085834553440703, 0.043923865300146414, 0.043329062957540264, 0.043923865300146414, 0.04488469985358712, 0.04378660322108346, 0.04520497803806735, 0.043237554904831624, 0.04328330893118595, 0.043923865300146414, 0.04465592972181552, 0.04035505124450952, 0.04378660322108346, 0.04337481698389458, 0.04346632503660322, 0.043740849194729134, 0.045113469985358715, 0.0457997803806735, 0.04474743777452416, 0.043740849194729134, 0.044015373352855054, 0.04328330893118595, 0.04520497803806735, 0.04639458272327965, 0.04438140556368961, 0.044518667642752564, 0.04328330893118595, 0.04410688140556369, 0.047218155197657395, 0.045021961932650074, 0.04387811127379209, 0.04419838945827233, 0.04378660322108346, 0.0446101756954612, 0.04346632503660322, 0.04387811127379209, 0.04355783308931186, 0.04470168374816984, 0.0446101756954612, 0.04396961932650073, 0.04346632503660322, 0.04470168374816984, 0.04470168374816984, 0.04515922401171303, 0.045342240117130304, 0.05115300146412884, 0.04694363103953148, 0.0013240071376281113, 0.0005833638360175696]}