{"time": [602.0, 603.0, 603.0, 604.0, 604.0, 604.0, 611.0, 612.0, 613.0, 614.0, 615.0, 616.0, 616.0, 617.0, 618.0, 619.0, 620.0, 621.0, 622.0, 623.0, 624.0, 625.0, 626.0, 627.0, 628.0, 629.0, 630.0, 631.0, 632.0, 633.0, 634.0, 635.0, 636.0, 637.0, 638.0, 639.0, 640.0, 641.0, 642.0, 643.0, 644.0, 645.0, 646.0, 647.0, 648.0, 649.0, 650.0, 651.0, 652.0, 653.0, 653.0, 653.0, 653.0], "avg_cpu": [0.224853515625, 0.2353515625, 0.23583984375, 0.26220703125, 0.0063629150390625, 9.5367431640625e-07, 0.38696369636963696, 0.7128712871287128, 0.6625412541254125, 0.5536303630363036, 0.6105610561056105, 0.5429042904290429, 0.6757425742574258, 0.5833333333333334, 0.5866336633663366, 0.5965346534653465, 0.6493399339933993, 0.6171617161716172, 0.6155115511551155, 0.6501650165016502, 0.6064356435643564, 0.6113861386138614, 0.6485148514851485, 0.650990099009901, 0.6353135313531353, 0.6674917491749175, 0.6584158415841584, 0.6163366336633663, 0.6460396039603961, 0.6122112211221122, 0.608085808580858, 0.6089108910891089, 0.6097359735973598, 0.6344884488448845, 0.6344884488448845, 0.6485148514851485, 0.6353135313531353, 0.6237623762376238, 0.5948844884488449, 0.5882838283828383, 0.6212871287128713, 0.6072607260726073, 0.6328382838283828, 0.636963696369637, 0.6402640264026402, 0.6278877887788779, 0.6518151815181518, 0.6386138613861386, 0.5932343234323433, 0.5783828382838284, 0.5668316831683168, 0.0002884565800330033, 0.0], "avg_mem": [0.022125244140625, 0.029541015625, 0.026397705078125, 0.0289306640625, 0.0002689361572265625, 0.00018310546875, 0.01569363103953148, 0.04465592972181552, 0.04278001464128843, 0.042230966325036604, 0.04062957540263543, 0.04396961932650073, 0.0424597364568082, 0.04369509516837482, 0.04227672035139092, 0.04351207906295754, 0.04410688140556369, 0.042734260614934114, 0.04145314787701318, 0.04369509516837482, 0.04396961932650073, 0.042642752562225474, 0.04300878477306003, 0.04259699853587116, 0.04227672035139092, 0.04369509516837482, 0.043329062957540264, 0.042825768667642754, 0.04319180087847731, 0.04360358711566618, 0.04396961932650073, 0.04241398243045388, 0.041819180087847733, 0.045021961932650074, 0.044838945827232794, 0.04213945827232796, 0.04465592972181552, 0.042734260614934114, 0.04346632503660322, 0.04177342606149341, 0.04278001464128843, 0.04547950219619327, 0.04419838945827233, 0.043146046852122984, 0.047126647144948755, 0.043329062957540264, 0.04305453879941435, 0.04410688140556369, 0.043329062957540264, 0.040309297218155196, 0.03966874084919473, 0.001123833272327965, 0.0003574533308931186]}