{"time": [1718.0, 1719.0, 1719.0, 1719.0, 1719.0, 1719.0, 1720.0, 1720.0, 1721.0, 1722.0, 1723.0, 1723.0, 1724.0, 1725.0, 1726.0, 1727.0, 1727.0, 1728.0, 1728.0, 1729.0, 1730.0, 1731.0, 1731.0, 1732.0, 1733.0, 1734.0, 1735.0, 1736.0, 1737.0, 1738.0, 1739.0, 1739.0, 1740.0, 1741.0, 1742.0, 1743.0, 1744.0, 1745.0, 1746.0, 1747.0, 1748.0, 1749.0, 1750.0, 1751.0, 1752.0, 1753.0, 1754.0, 1755.0, 1756.0, 1757.0, 1758.0, 1759.0, 1760.0, 1761.0, 1762.0, 1763.0, 1764.0, 1765.0, 1766.0, 1767.0, 1768.0, 1769.0, 1770.0, 1771.0, 1772.0, 1773.0, 1774.0, 1775.0, 1776.0, 1777.0, 1778.0, 1779.0, 1780.0, 1781.0, 1782.0, 1783.0, 1784.0, 1785.0, 1786.0, 1787.0, 1788.0, 1789.0, 1790.0, 1791.0, 1792.0, 1793.0, 1794.0, 1795.0, 1796.0, 1797.0, 1798.0, 1799.0, 1800.0, 1800.0, 1800.0, 1800.0], "avg_cpu": [0.09189356435643564, 0.33127062706270627, 0.2731023102310231, 0.28754125412541254, 0.26897689768976896, 0.20255775577557755, 0.19389438943894388, 0.2537128712871287, 0.35602310231023104, 0.32136963696369636, 0.3523102310231023, 0.3972772277227723, 0.3849009900990099, 0.3424092409240924, 0.40305280528052806, 0.47112211221122113, 0.509075907590759, 0.44884488448844884, 0.46864686468646866, 0.5321782178217822, 0.58003300330033, 0.5379537953795379, 0.5470297029702971, 0.5627062706270627, 0.48514851485148514, 0.5618811881188119, 0.5255775577557755, 0.5437293729372937, 0.6023102310231023, 0.5214521452145214, 0.48432343234323433, 0.5792079207920792, 0.594059405940594, 0.533003300330033, 0.5973597359735974, 0.6311881188118812, 0.6221122112211221, 0.6014851485148515, 0.6163366336633663, 0.6518151815181518, 0.6493399339933993, 0.5899339933993399, 0.5321782178217822, 0.509075907590759, 0.5132013201320133, 0.5041254125412541, 0.5206270627062707, 0.6105610561056105, 0.5717821782178217, 0.5775577557755776, 0.5866336633663366, 0.5882838283828383, 0.5701320132013201, 0.5181518151815182, 0.5841584158415841, 0.556930693069307, 0.5561056105610561, 0.570957095709571, 0.6105610561056105, 0.6138613861386139, 0.6014851485148515, 0.5511551155115512, 0.5412541254125413, 0.5313531353135313, 0.5222772277227723, 0.4892739273927393, 0.5841584158415841, 0.5981848184818482, 0.6188118811881188, 0.5998349834983498, 0.5470297029702971, 0.556930693069307, 0.5750825082508251, 0.5924092409240924, 0.5701320132013201, 0.5882838283828383, 0.6023102310231023, 0.5973597359735974, 0.6146864686468647, 0.6023102310231023, 0.5891089108910891, 0.6047854785478548, 0.5882838283828383, 0.5726072607260726, 0.6122112211221122, 0.594059405940594, 0.5833333333333334, 0.5957095709570958, 0.5825082508250825, 0.5866336633663366, 0.6254125412541254, 0.6270627062706271, 0.29826732673267325, 0.0008669812293729373, 0.0008669812293729373, 0.00037225402227722773], "avg_mem": [0.006039531478770132, 0.009219436310395315, 0.00892203513909224, 0.008716142020497804, 0.008487371888726208, 0.008475933382137629, 0.008853404099560761, 0.00891059663250366, 0.008658949487554905, 0.008601756954612006, 0.008681826500732064, 0.008876281112737921, 0.0089449121522694, 0.008533125915080528, 0.008624633967789166, 0.008853404099560761, 0.008761896046852123, 0.008750457540263544, 0.008761896046852123, 0.008979227672035139, 0.00899066617862372, 0.00886484260614934, 0.008876281112737921, 0.008704703513909224, 0.008841965592972182, 0.008773334553440702, 0.008956350658857979, 0.00886484260614934, 0.008556002928257686, 0.008693265007320644, 0.008716142020497804, 0.00899066617862372, 0.008853404099560761, 0.008796211566617862, 0.008956350658857979, 0.008853404099560761, 0.0088877196193265, 0.008841965592972182, 0.009024981698389459, 0.009002104685212299, 0.00892203513909224, 0.008658949487554905, 0.008761896046852123, 0.008727580527086384, 0.00947108345534407, 0.008739019033674963, 0.008670387994143484, 0.00893347364568082, 0.00886484260614934, 0.008739019033674963, 0.008784773060029283, 0.009002104685212299, 0.0089449121522694, 0.009368136896046852, 0.008876281112737921, 0.00896778916544656, 0.009139366764275255, 0.00892203513909224, 0.009699853587115666, 0.008784773060029283, 0.008876281112737921, 0.00899066617862372, 0.008716142020497804, 0.0088877196193265, 0.008739019033674963, 0.008807650073206443, 0.008853404099560761, 0.008784773060029283, 0.008956350658857979, 0.008876281112737921, 0.00892203513909224, 0.008956350658857979, 0.009116489751098097, 0.009070735724743777, 0.009127928257686676, 0.0088877196193265, 0.00899066617862372, 0.009002104685212299, 0.009013543191800878, 0.009162243777452415, 0.009024981698389459, 0.008853404099560761, 0.008807650073206443, 0.009024981698389459, 0.008841965592972182, 0.009002104685212299, 0.009162243777452415, 0.009013543191800878, 0.00899066617862372, 0.00893347364568082, 0.00886484260614934, 0.00896778916544656, 0.008098462664714494, 0.007229136163982431, 0.0036546028550512445, 6.577141288433382e-05]}