{"time": [530.0, 530.0, 531.0, 531.0, 532.0, 533.0, 534.0, 535.0, 536.0, 537.0, 538.0, 539.0, 540.0, 540.0, 541.0, 542.0, 543.0, 544.0, 545.0, 546.0, 547.0, 548.0, 549.0, 550.0, 551.0, 552.0, 553.0, 554.0, 555.0, 556.0, 556.0, 557.0, 558.0, 559.0, 560.0, 561.0, 562.0, 563.0, 564.0, 565.0, 566.0, 567.0, 568.0, 569.0, 570.0, 571.0, 571.0, 571.0, 571.0, 578.0, 579.0, 580.0, 581.0, 582.0, 583.0, 584.0, 585.0, 586.0, 587.0, 588.0, 589.0, 590.0, 591.0, 592.0, 593.0, 594.0, 595.0, 596.0, 597.0, 598.0, 599.0, 600.0, 601.0, 602.0, 603.0, 604.0, 605.0, 606.0, 607.0, 608.0, 609.0, 610.0, 611.0, 612.0, 613.0, 614.0, 615.0, 616.0, 617.0, 618.0, 619.0, 620.0, 621.0, 622.0, 623.0, 624.0, 625.0, 626.0, 627.0, 628.0, 629.0, 630.0, 631.0, 632.0, 633.0, 634.0, 635.0, 636.0, 637.0, 638.0, 639.0, 640.0, 641.0, 642.0, 643.0, 644.0, 645.0, 646.0, 647.0, 648.0, 649.0, 650.0, 651.0, 652.0, 653.0, 653.0, 653.0, 653.0], "avg_cpu": [0.25495049504950495, 0.594059405940594, 0.6006600660066007, 0.5915841584158416, 0.5750825082508251, 0.5750825082508251, 0.5915841584158416, 0.58003300330033, 0.5973597359735974, 0.5627062706270627, 0.5998349834983498, 0.6031353135313532, 0.584983498349835, 0.5858085808580858, 0.6138613861386139, 0.6023102310231023, 0.5396039603960396, 0.566006600660066, 0.5486798679867987, 0.6047854785478548, 0.5924092409240924, 0.5486798679867987, 0.5618811881188119, 0.5264026402640264, 0.5891089108910891, 0.5750825082508251, 0.5635313531353136, 0.5429042904290429, 0.5453795379537953, 0.5503300330033003, 0.5775577557755776, 0.5404290429042904, 0.5206270627062707, 0.5420792079207921, 0.5610561056105611, 0.5247524752475248, 0.5297029702970297, 0.5742574257425742, 0.4991749174917492, 0.5404290429042904, 0.5594059405940595, 0.566006600660066, 0.5610561056105611, 0.5775577557755776, 0.5585808580858086, 0.566006600660066, 0.6221122112211221, 0.23391089108910892, 0.0, 0.6600660066006601, 0.7384488448844885, 0.7021452145214522, 0.731023102310231, 0.7483498349834984, 0.759075907590759, 0.7574257425742574, 0.7343234323432343, 0.6806930693069307, 0.6526402640264026, 0.5453795379537953, 0.6311881188118812, 0.6938943894389439, 0.650990099009901, 0.5668316831683168, 0.5346534653465347, 0.613036303630363, 0.6089108910891089, 0.6270627062706271, 0.5965346534653465, 0.6534653465346535, 0.5445544554455446, 0.5429042904290429, 0.5528052805280528, 0.5066006600660066, 0.5206270627062707, 0.514026402640264, 0.5247524752475248, 0.5041254125412541, 0.5470297029702971, 0.5, 0.5024752475247525, 0.4909240924092409, 0.49587458745874585, 0.5453795379537953, 0.5024752475247525, 0.5717821782178217, 0.5783828382838284, 0.5445544554455446, 0.5396039603960396, 0.5008250825082509, 0.5148514851485149, 0.5371287128712872, 0.5132013201320133, 0.5594059405940595, 0.5387788778877888, 0.5759075907590759, 0.6047854785478548, 0.7244224422442245, 0.5511551155115512, 0.5965346534653465, 0.7194719471947195, 0.6006600660066007, 0.6963696369636964, 0.6188118811881188, 0.5891089108910891, 0.5544554455445545, 0.641914191419142, 0.6732673267326733, 0.5998349834983498, 0.5338283828382838, 0.6163366336633663, 0.6905940594059405, 0.5437293729372937, 0.6311881188118812, 0.6914191419141914, 0.6815181518151815, 0.6353135313531353, 0.58003300330033, 0.6996699669966997, 0.6798679867986799, 0.6138613861386139, 0.5684818481848185, 0.6031353135313532, 0.5437293729372937, 0.5965346534653465, 0.7615511551155115, 0.0028910117574257425, 0.0], "avg_mem": [0.011530014641288434, 0.04209370424597365, 0.048133235724743775, 0.04195644216691069, 0.04172767203513909, 0.04310029282576867, 0.04200219619326501, 0.04186493411420205, 0.04154465592972181, 0.042734260614934114, 0.04465592972181552, 0.041819180087847733, 0.0414989019033675, 0.040812591508052706, 0.042642752562225474, 0.045113469985358715, 0.04154465592972181, 0.044015373352855054, 0.04515922401171303, 0.04300878477306003, 0.04355783308931186, 0.0426885065885798, 0.04072108345534407, 0.043329062957540264, 0.04209370424597365, 0.043329062957540264, 0.04159040995607614, 0.04191068814055637, 0.04456442166910688, 0.0412701317715959, 0.04378660322108346, 0.04369509516837482, 0.044244143484626644, 0.04250549048316252, 0.04465592972181552, 0.042642752562225474, 0.040492313323572476, 0.04346632503660322, 0.04369509516837482, 0.04474743777452416, 0.044335651537335284, 0.04607430453879941, 0.04209370424597365, 0.0446101756954612, 0.04378660322108346, 0.04287152269399707, 0.03875366032210834, 0.0004889961566617862, 0.00022591050512445096, 0.08437042459736457, 0.08857979502196194, 0.08684114202049781, 0.08711566617862372, 0.09077598828696926, 0.08894582723279648, 0.08757320644216691, 0.0865666178623719, 0.08702415812591507, 0.08702415812591507, 0.08455344070278184, 0.08711566617862372, 0.09269765739385066, 0.09425329428989751, 0.08967789165446559, 0.08674963396778916, 0.08830527086383602, 0.08739019033674963, 0.08867130307467057, 0.08784773060029283, 0.08601756954612005, 0.095900439238653, 0.08812225475841874, 0.08638360175695461, 0.08620058565153733, 0.08903733528550513, 0.08601756954612005, 0.08720717423133235, 0.08857979502196194, 0.0865666178623719, 0.09004392386530015, 0.08674963396778916, 0.08647510980966325, 0.09013543191800878, 0.09123352855051245, 0.08839677891654465, 0.09068448023426061, 0.08574304538799414, 0.08592606149341142, 0.08647510980966325, 0.08601756954612005, 0.08574304538799414, 0.08510248901903368, 0.08912884333821376, 0.09498535871156662, 0.08821376281112737, 0.07338945827232797, 0.08391288433382138, 0.08931185944363104, 0.09342972181551977, 0.087298682284041, 0.0904099560761347, 0.08812225475841874, 0.09031844802342606, 0.08766471449487555, 0.09242313323572475, 0.08684114202049781, 0.08766471449487555, 0.08912884333821376, 0.0861090775988287, 0.087298682284041, 0.08848828696925329, 0.09361273792093704, 0.0911420204978038, 0.08757320644216691, 0.09169106881405564, 0.08885431918008785, 0.09059297218155198, 0.08620058565153733, 0.08931185944363104, 0.08931185944363104, 0.08784773060029283, 0.08620058565153733, 0.08510248901903368, 0.08775622254758418, 0.08272327964860908, 0.08638360175695461, 0.0010923773792093703, 0.0007034681551976574]}