{"time": [1718.0, 1719.0, 1719.0, 1719.0, 1719.0, 1719.0, 1720.0, 1720.0, 1721.0, 1722.0, 1723.0, 1724.0, 1724.0, 1725.0, 1726.0, 1727.0, 1727.0, 1728.0, 1729.0, 1729.0, 1730.0, 1731.0, 1732.0, 1732.0, 1733.0, 1734.0, 1735.0, 1736.0, 1737.0, 1738.0, 1739.0, 1739.0, 1740.0, 1741.0, 1742.0, 1743.0, 1744.0, 1745.0, 1746.0, 1747.0, 1748.0, 1749.0, 1750.0, 1751.0, 1752.0, 1753.0, 1754.0, 1755.0, 1756.0, 1757.0, 1758.0, 1759.0, 1760.0, 1761.0, 1762.0, 1763.0, 1764.0, 1765.0, 1766.0, 1767.0, 1768.0, 1769.0, 1770.0, 1771.0, 1772.0, 1773.0, 1774.0, 1775.0, 1776.0, 1777.0, 1778.0, 1779.0, 1780.0, 1781.0, 1782.0, 1783.0, 1784.0, 1785.0, 1786.0, 1787.0, 1788.0, 1789.0, 1790.0, 1791.0, 1792.0, 1793.0, 1794.0, 1795.0, 1796.0, 1797.0, 1798.0, 1799.0, 1800.0, 1800.0, 1800.0, 1800.0], "avg_cpu": [0.03439562706270627, 0.34612211221122113, 0.3626237623762376, 0.3613861386138614, 0.32054455445544555, 0.2768151815181518, 0.32384488448844884, 0.31683168316831684, 0.29372937293729373, 0.2978547854785479, 0.4777227722772277, 0.49587458745874585, 0.4752475247524752, 0.3910891089108911, 0.4034653465346535, 0.3972772277227723, 0.46947194719471946, 0.4389438943894389, 0.5181518151815182, 0.5264026402640264, 0.518976897689769, 0.5099009900990099, 0.5478547854785478, 0.5973597359735974, 0.5750825082508251, 0.556930693069307, 0.5371287128712872, 0.5882838283828383, 0.5965346534653465, 0.5214521452145214, 0.5115511551155115, 0.6072607260726073, 0.5874587458745875, 0.5693069306930693, 0.6014851485148515, 0.5767326732673267, 0.5907590759075908, 0.5882838283828383, 0.5775577557755776, 0.5957095709570958, 0.5998349834983498, 0.5915841584158416, 0.5998349834983498, 0.6039603960396039, 0.5915841584158416, 0.5833333333333334, 0.6056105610561056, 0.6089108910891089, 0.608085808580858, 0.5998349834983498, 0.6097359735973598, 0.6204620462046204, 0.5957095709570958, 0.6056105610561056, 0.6039603960396039, 0.5866336633663366, 0.6113861386138614, 0.6056105610561056, 0.6014851485148515, 0.6031353135313532, 0.6245874587458746, 0.6039603960396039, 0.5858085808580858, 0.5932343234323433, 0.6023102310231023, 0.6196369636963697, 0.6262376237623762, 0.6427392739273927, 0.6155115511551155, 0.5932343234323433, 0.5907590759075908, 0.570957095709571, 0.6155115511551155, 0.6262376237623762, 0.5932343234323433, 0.6212871287128713, 0.594059405940594, 0.5965346534653465, 0.599009900990099, 0.5825082508250825, 0.6047854785478548, 0.5907590759075908, 0.528052805280528, 0.5305280528052805, 0.5404290429042904, 0.523102310231023, 0.5066006600660066, 0.5107260726072608, 0.5239273927392739, 0.5222772277227723, 0.5082508250825083, 0.5041254125412541, 0.257013201320132, 0.0008669812293729373, 0.002314098597359736, 0.0], "avg_mem": [0.005164485724743777, 0.009505398975109809, 0.009711292093704246, 0.00896778916544656, 0.00891059663250366, 0.00837298682284041, 0.008647510980966324, 0.008761896046852123, 0.008533125915080528, 0.009002104685212299, 0.00892203513909224, 0.008841965592972182, 0.008658949487554905, 0.008453056368960469, 0.008899158125915081, 0.008716142020497804, 0.008693265007320644, 0.008658949487554905, 0.008807650073206443, 0.008784773060029283, 0.009082174231332358, 0.008704703513909224, 0.008819088579795022, 0.008510248901903368, 0.008658949487554905, 0.008727580527086384, 0.008716142020497804, 0.008853404099560761, 0.00886484260614934, 0.008796211566617862, 0.008727580527086384, 0.00896778916544656, 0.008636072474377745, 0.0088877196193265, 0.009047858711566617, 0.008556002928257686, 0.008784773060029283, 0.008681826500732064, 0.008841965592972182, 0.008807650073206443, 0.0089449121522694, 0.009082174231332358, 0.008819088579795022, 0.008819088579795022, 0.008761896046852123, 0.008773334553440702, 0.008819088579795022, 0.008784773060029283, 0.00899066617862372, 0.0088877196193265, 0.008853404099560761, 0.008784773060029283, 0.008876281112737921, 0.008841965592972182, 0.0088877196193265, 0.00892203513909224, 0.008727580527086384, 0.008750457540263544, 0.009047858711566617, 0.008750457540263544, 0.008681826500732064, 0.008761896046852123, 0.008784773060029283, 0.008807650073206443, 0.008670387994143484, 0.008647510980966324, 0.008796211566617862, 0.008704703513909224, 0.008899158125915081, 0.008899158125915081, 0.0089449121522694, 0.009013543191800878, 0.008761896046852123, 0.00891059663250366, 0.008979227672035139, 0.008853404099560761, 0.008830527086383601, 0.009116489751098097, 0.008727580527086384, 0.008819088579795022, 0.009024981698389459, 0.008876281112737921, 0.008853404099560761, 0.00892203513909224, 0.009013543191800878, 0.008704703513909224, 0.008601756954612006, 0.008601756954612006, 0.008876281112737921, 0.008704703513909224, 0.008578879941434846, 0.0088877196193265, 0.007926885065885798, 0.006908857979502196, 0.006874542459736457, 6.291178623718887e-05]}