{"time": [6073.0, 6074.0, 6075.0, 6076.0, 6077.0, 6078.0, 6079.0, 6080.0, 6081.0, 6082.0, 6083.0, 6084.0, 6085.0, 6086.0, 6087.0, 6088.0, 6089.0, 6090.0, 6091.0, 6092.0, 6093.0, 6094.0, 6095.0, 6096.0, 6097.0, 6098.0, 6099.0, 6100.0, 6101.0, 6102.0, 6103.0, 6104.0, 6105.0, 6106.0, 6107.0, 6108.0, 6109.0, 6110.0, 6111.0, 6112.0, 6113.0, 6114.0, 6115.0, 6116.0, 6117.0, 6118.0, 6119.0, 6120.0, 6121.0, 6122.0, 6123.0, 6124.0, 6125.0, 6126.0, 6127.0, 6128.0, 6129.0, 6130.0, 6131.0, 6132.0, 6133.0, 6134.0, 6135.0, 6136.0, 6137.0, 6138.0, 6139.0, 6140.0, 6141.0, 6142.0, 6143.0, 6144.0, 6145.0, 6146.0, 6147.0, 6148.0, 6149.0, 6150.0, 6151.0, 6152.0, 6153.0, 6154.0, 6155.0, 6156.0, 6157.0, 6158.0, 6159.0, 6160.0, 6161.0, 6162.0, 6163.0, 6164.0, 6165.0, 6166.0, 6167.0, 6168.0, 6169.0, 6170.0, 6171.0, 6172.0, 6173.0, 6174.0, 6175.0, 6176.0, 6177.0, 6178.0, 6179.0, 6180.0, 6181.0, 6182.0, 6183.0, 6184.0, 6185.0, 6186.0, 6187.0, 6188.0, 6189.0, 6190.0, 6191.0, 6192.0, 6193.0, 6194.0, 6195.0, 6196.0, 6197.0, 6198.0, 6199.0, 6200.0, 6201.0, 6202.0, 6203.0, 6204.0, 6205.0, 6206.0, 6207.0, 6208.0, 6209.0, 6209.0, 6210.0, 6211.0, 6212.0, 6213.0, 6214.0, 6215.0, 6216.0, 6217.0, 6218.0, 6219.0, 6220.0, 6221.0, 6222.0, 6223.0, 6224.0, 6225.0, 6226.0, 6227.0, 6228.0, 6229.0, 6230.0, 6231.0, 6232.0, 6233.0, 6234.0, 6235.0, 6236.0, 6237.0, 6238.0, 6239.0, 6240.0, 6241.0, 6242.0, 6243.0, 6244.0, 6245.0, 6246.0, 6247.0, 6248.0, 6249.0, 6250.0, 6251.0, 6252.0, 6253.0, 6254.0, 6255.0, 6256.0, 6257.0, 6258.0, 6259.0, 6260.0, 6261.0, 6262.0, 6263.0, 6264.0, 6265.0, 6266.0, 6267.0, 6268.0, 6269.0, 6270.0, 6271.0, 6272.0, 6273.0, 6274.0, 6275.0, 6276.0, 6277.0, 6278.0, 6279.0, 6280.0, 6281.0, 6282.0, 6283.0, 6284.0, 6285.0, 6286.0, 6287.0, 6288.0, 6289.0, 6290.0, 6291.0, 6292.0, 6293.0, 6294.0, 6295.0, 6296.0, 6297.0, 6298.0, 6299.0, 6300.0, 6301.0, 6302.0, 6303.0, 6304.0, 6305.0, 6306.0, 6307.0, 6308.0, 6309.0, 6310.0, 6311.0, 6312.0, 6313.0, 6314.0, 6315.0, 6316.0, 6317.0, 6318.0, 6319.0, 6320.0, 6321.0, 6322.0, 6323.0, 6324.0, 6325.0, 6326.0, 6327.0, 6328.0, 6329.0, 6330.0, 6331.0, 6332.0, 6333.0, 6334.0, 6335.0, 6336.0, 6337.0, 6338.0, 6339.0, 6340.0, 6341.0, 6342.0, 6343.0, 6343.0, 6344.0, 6344.0, 6345.0, 6346.0, 6347.0, 6348.0, 6349.0, 6350.0, 6351.0, 6352.0, 6353.0, 6354.0, 6354.0, 6354.0, 6355.0, 6355.0, 6356.0, 6357.0, 6358.0, 6358.0, 6359.0, 6359.0, 6359.0], "avg_cpu": [0.0, 0.0, 4.028723184818482e-05, 0.4298679867986799, 0.21905940594059406, 0.6196369636963697, 0.6732673267326733, 0.6864686468646864, 0.5783828382838284, 0.5891089108910891, 0.6881188118811881, 0.5618811881188119, 0.613036303630363, 0.5874587458745875, 0.5462046204620462, 0.6608910891089109, 0.5924092409240924, 0.6683168316831684, 0.5693069306930693, 0.693069306930693, 0.6179867986798679, 0.6881188118811881, 0.6806930693069307, 0.6584158415841584, 0.6402640264026402, 0.665016501650165, 0.5618811881188119, 0.6757425742574258, 0.6905940594059405, 0.6683168316831684, 0.6823432343234324, 0.7013201320132013, 0.6782178217821783, 0.6757425742574258, 0.6823432343234324, 0.6798679867986799, 0.6740924092409241, 0.5511551155115512, 0.5924092409240924, 0.5288778877887789, 0.683993399339934, 0.6633663366336634, 0.6493399339933993, 0.6798679867986799, 0.6633663366336634, 0.6427392739273927, 0.6221122112211221, 0.665016501650165, 0.6608910891089109, 0.6707920792079208, 0.6683168316831684, 0.6823432343234324, 0.6922442244224423, 0.6476897689768977, 0.6732673267326733, 0.6815181518151815, 0.6732673267326733, 0.6567656765676567, 0.6806930693069307, 0.6138613861386139, 0.6394389438943895, 0.6674917491749175, 0.5965346534653465, 0.6782178217821783, 0.6823432343234324, 0.6427392739273927, 0.6518151815181518, 0.6485148514851485, 0.6460396039603961, 0.6526402640264026, 0.5693069306930693, 0.6518151815181518, 0.6765676567656765, 0.6707920792079208, 0.5602310231023102, 0.6188118811881188, 0.6806930693069307, 0.5462046204620462, 0.5693069306930693, 0.636963696369637, 0.6798679867986799, 0.6922442244224423, 0.6724422442244224, 0.7244224422442245, 0.698019801980198, 0.7021452145214522, 0.6971947194719472, 0.6996699669966997, 0.6971947194719472, 0.6971947194719472, 0.693069306930693, 0.698019801980198, 0.698019801980198, 0.698019801980198, 0.6988448844884488, 0.7013201320132013, 0.6955445544554455, 0.6724422442244224, 0.6955445544554455, 0.6996699669966997, 0.6996699669966997, 0.6897689768976898, 0.7054455445544554, 0.6955445544554455, 0.6963696369636964, 0.6856435643564357, 0.6757425742574258, 0.6765676567656765, 0.6955445544554455, 0.683993399339934, 0.7021452145214522, 0.6856435643564357, 0.698019801980198, 0.6848184818481848, 0.6749174917491749, 0.6872937293729373, 0.5371287128712872, 0.6872937293729373, 0.6798679867986799, 0.6872937293729373, 0.6716171617161716, 0.6806930693069307, 0.650990099009901, 0.650990099009901, 0.6782178217821783, 0.6278877887788779, 0.36014851485148514, 0.24546204620462045, 0.4777227722772277, 0.6163366336633663, 0.566006600660066, 0.4471947194719472, 0.5618811881188119, 0.2693894389438944, 0.2136963696369637, 0.6518151815181518, 0.6658415841584159, 0.6245874587458746, 0.6666666666666666, 0.6353135313531353, 0.6344884488448845, 0.43646864686468645, 0.4909240924092409, 0.6600660066006601, 0.6295379537953796, 0.5272277227722773, 0.44554455445544555, 0.43316831683168316, 0.6113861386138614, 0.4405940594059406, 0.4793729372937294, 0.4298679867986799, 0.3147689768976898, 0.44224422442244227, 0.4777227722772277, 0.5173267326732673, 0.6435643564356436, 0.6584158415841584, 0.6732673267326733, 0.6848184818481848, 0.6592409240924092, 0.6707920792079208, 0.66996699669967, 0.6353135313531353, 0.665016501650165, 0.6716171617161716, 0.6575907590759076, 0.58003300330033, 0.5981848184818482, 0.6155115511551155, 0.6386138613861386, 0.665016501650165, 0.6897689768976898, 0.6600660066006601, 0.6806930693069307, 0.6782178217821783, 0.6815181518151815, 0.6905940594059405, 0.6798679867986799, 0.6963696369636964, 0.693069306930693, 0.693069306930693, 0.6938943894389439, 0.6674917491749175, 0.735973597359736, 0.7054455445544554, 0.7070957095709571, 0.7013201320132013, 0.693069306930693, 0.6996699669966997, 0.7004950495049505, 0.6955445544554455, 0.6947194719471947, 0.6856435643564357, 0.5346534653465347, 0.44224422442244227, 0.650990099009901, 0.6881188118811881, 0.6526402640264026, 0.6476897689768977, 0.6872937293729373, 0.6905940594059405, 0.726897689768977, 0.6633663366336634, 0.7087458745874587, 0.6988448844884488, 0.6955445544554455, 0.7103960396039604, 0.7095709570957096, 0.7285478547854786, 0.6608910891089109, 0.7863036303630363, 0.7351485148514851, 0.6914191419141914, 0.7318481848184818, 0.7029702970297029, 0.693069306930693, 0.7202970297029703, 0.693069306930693, 0.6947194719471947, 0.6971947194719472, 0.6996699669966997, 0.698019801980198, 0.6897689768976898, 0.7087458745874587, 0.6971947194719472, 0.6955445544554455, 0.7120462046204621, 0.6988448844884488, 0.7433993399339934, 0.6996699669966997, 0.6947194719471947, 0.6971947194719472, 0.6996699669966997, 0.6963696369636964, 0.6963696369636964, 0.6955445544554455, 0.6988448844884488, 0.7153465346534653, 0.6707920792079208, 0.7334983498349835, 0.5486798679867987, 0.9125412541254125, 0.6955445544554455, 0.7037953795379538, 0.6947194719471947, 0.5346534653465347, 0.9537953795379538, 0.7186468646864687, 0.7095709570957096, 0.6971947194719472, 0.7392739273927392, 0.6914191419141914, 0.6732673267326733, 0.6501650165016502, 0.6353135313531353, 0.6320132013201321, 0.6724422442244224, 0.6798679867986799, 0.6872937293729373, 0.6716171617161716, 0.6897689768976898, 0.6633663366336634, 0.6757425742574258, 0.6938943894389439, 0.7013201320132013, 0.6971947194719472, 0.7021452145214522, 0.6881188118811881, 0.66996699669967, 0.6856435643564357, 0.7029702970297029, 0.34364686468646866, 1.0478547854785478, 0.7136963696369637, 0.6897689768976898, 0.7054455445544554, 0.6707920792079208, 0.783003300330033, 0.7087458745874587, 0.6996699669966997, 0.6963696369636964, 0.6064356435643564, 