{"time": [530.0, 530.0, 531.0, 531.0, 532.0, 533.0, 534.0, 535.0, 536.0, 537.0, 538.0, 539.0, 540.0, 540.0, 541.0, 542.0, 543.0, 544.0, 545.0, 546.0, 547.0, 548.0, 549.0, 550.0, 551.0, 552.0, 553.0, 554.0, 555.0, 556.0, 556.0, 557.0, 558.0, 559.0, 560.0, 561.0, 562.0, 563.0, 564.0, 565.0, 566.0, 567.0, 568.0, 569.0, 570.0, 571.0, 571.0, 571.0, 571.0, 580.0, 581.0, 582.0, 583.0, 584.0, 585.0, 586.0, 587.0, 588.0, 589.0, 590.0, 591.0, 592.0, 593.0, 594.0, 595.0, 596.0, 597.0, 598.0, 599.0, 600.0, 601.0, 602.0, 602.0, 602.0, 602.0, 602.0, 602.0, 602.0, 603.0, 604.0, 605.0, 606.0, 607.0, 608.0, 609.0, 610.0, 611.0, 612.0, 613.0, 614.0, 615.0, 616.0, 616.0, 617.0, 618.0, 619.0, 620.0, 621.0, 622.0, 623.0, 624.0, 625.0, 626.0, 627.0, 628.0, 629.0, 630.0, 631.0, 632.0, 633.0, 634.0, 635.0, 636.0, 637.0, 638.0, 639.0, 640.0, 641.0, 642.0, 643.0, 644.0, 645.0, 646.0, 647.0, 648.0, 649.0, 650.0, 651.0, 652.0, 653.0, 653.0, 653.0, 653.0], "avg_cpu": [0.018951113861386138, 0.5198019801980198, 0.5651815181518152, 0.528052805280528, 0.5429042904290429, 0.533003300330033, 0.5717821782178217, 0.5486798679867987, 0.5511551155115512, 0.5363036303630363, 0.5024752475247525, 0.5115511551155115, 0.509075907590759, 0.4975247524752475, 0.5074257425742574, 0.5643564356435643, 0.5099009900990099, 0.4760726072607261, 0.5495049504950495, 0.48267326732673266, 0.5165016501650165, 0.5024752475247525, 0.5099009900990099, 0.5214521452145214, 0.5486798679867987, 0.5313531353135313, 0.5717821782178217, 0.5478547854785478, 0.566006600660066, 0.49834983498349833, 0.5998349834983498, 0.5594059405940595, 0.551980198019802, 0.5602310231023102, 0.5602310231023102, 0.5470297029702971, 0.5396039603960396, 0.551980198019802, 0.5594059405940595, 0.5651815181518152, 0.5379537953795379, 0.5627062706270627, 0.5701320132013201, 0.5792079207920792, 0.5503300330033003, 0.5891089108910891, 0.5594059405940595, 0.0006510416666666666, 0.0, 0.7202970297029703, 0.726897689768977, 0.7046204620462047, 0.613036303630363, 0.6344884488448845, 0.6303630363036303, 0.5816831683168316, 0.566006600660066, 0.5891089108910891, 0.5528052805280528, 0.5858085808580858, 0.6105610561056105, 0.6188118811881188, 0.6047854785478548, 0.5635313531353136, 0.5792079207920792, 0.6097359735973598, 0.6229372937293729, 0.5891089108910891, 0.5841584158415841, 0.5891089108910891, 0.5973597359735974, 0.6014851485148515, 0.5767326732673267, 0.007477310231023103, 0.0, 0.0, 0.0, 0.5181518151815182, 0.5643564356435643, 0.5420792079207921, 0.5354785478547854, 0.5693069306930693, 0.5544554455445545, 0.5453795379537953, 0.5577557755775577, 0.5486798679867987, 0.5495049504950495, 0.5783828382838284, 0.5684818481848185, 0.5816831683168316, 0.5610561056105611, 0.5495049504950495, 0.6089108910891089, 0.6047854785478548, 0.5767326732673267, 0.6171617161716172, 0.6410891089108911, 0.6006600660066007, 0.5899339933993399, 0.6287128712871287, 0.6196369636963697, 0.6171617161716172, 0.6427392739273927, 0.6493399339933993, 0.599009900990099, 0.6097359735973598, 0.5651815181518152, 0.7013201320132013, 0.6014851485148515, 0.6460396039603961, 0.6600660066006601, 0.6039603960396039, 0.5759075907590759, 0.6023102310231023, 0.6204620462046204, 0.5915841584158416, 0.5759075907590759, 0.5816831683168316, 0.5874587458745875, 0.5643564356435643, 0.5882838283828383, 0.5907590759075908, 0.5891089108910891, 0.5684818481848185, 0.6320132013201321, 0.6014851485148515, 0.5808580858085809, 0.5610561056105611, 0.5767326732673267, 0.528052805280528, 0.6138613861386139, 0.0, 0.0], "avg_mem": [0.006050969985358712, 0.04758418740849195, 0.05536237188872621, 0.04351207906295754, 0.0479502196193265, 0.04680636896046852, 0.043740849194729134, 0.04387811127379209, 0.04529648609077599, 0.04387811127379209, 0.045113469985358715, 0.045021961932650074, 0.04360358711566618, 0.04328330893118595, 0.04547950219619327, 0.04625732064421669, 0.04355783308931186, 0.04250549048316252, 0.044838945827232794, 0.04447291361639824, 0.046623352855051245, 0.045113469985358715, 0.0424597364568082, 0.04474743777452416, 0.04319180087847731, 0.0426885065885798, 0.04337481698389458, 0.04346632503660322, 0.04419838945827233, 0.044427159590043924, 0.04177342606149341, 0.04419838945827233, 0.04447291361639824, 0.04575402635431918, 0.04062957540263543, 0.045342240117130304, 0.043146046852122984, 0.04406112737920937, 0.04396961932650073, 0.04570827232796486, 0.043740849194729134, 0.04410688140556369, 0.0457997803806735, 0.04387811127379209, 0.04470168374816984, 0.04122437774524158, 0.03564238653001464, 0.0009236594070278184, 0.0006148197291361639, 0.04241398243045388, 0.04470168374816984, 0.04300878477306003, 0.043832357247437774, 0.04406112737920937, 0.043146046852122984, 0.04200219619326501, 0.043146046852122984, 0.042322474377745244, 0.04241398243045388, 0.04300878477306003, 0.043146046852122984, 0.044015373352855054, 0.04387811127379209, 0.046623352855051245, 0.04396961932650073, 0.04428989751098097, 0.04305453879941435, 0.043237554904831624, 0.04168191800878477, 0.04328330893118595, 0.04378660322108346, 0.04895680819912152, 0.041407393850658857, 0.0004947154099560761, 0.00032027818448023427, 0.0002916819180087848, 0.0002916819180087848, 0.04236822840409956, 0.04195644216691069, 0.04506771595900439, 0.04355783308931186, 0.04296303074670571, 0.046120058565153735, 0.04186493411420205, 0.043237554904831624, 0.042917276720351394, 0.0426885065885798, 0.044930453879941434, 0.04200219619326501, 0.04250549048316252, 0.04310029282576867, 0.04108711566617863, 0.04694363103953148, 0.04278001464128843, 0.044427159590043924, 0.043832357247437774, 0.0446101756954612, 0.04200219619326501, 0.04369509516837482, 0.044335651537335284, 0.04410688140556369, 0.0412701317715959, 0.046440336749633965, 0.04474743777452416, 0.04204795021961932, 0.044930453879941434, 0.04250549048316252, 0.04177342606149341, 0.04607430453879941, 0.04310029282576867, 0.04278001464128843, 0.04213945827232796, 0.043146046852122984, 0.039989019033674966, 0.04346632503660322, 0.0412701317715959, 0.04236822840409956, 0.04406112737920937, 0.04566251830161054, 0.045021961932650074, 0.04419838945827233, 0.043420571010248904, 0.04296303074670571, 0.04355783308931186, 0.04360358711566618, 0.04337481698389458, 0.044015373352855054, 0.04172767203513909, 0.04575402635431918, 0.032210834553440704, 0.04255124450951684, 0.0007778184480234261, 0.0004260843704245974]}