{"time": [1718.0, 1718.0, 1719.0, 1719.0, 1719.0, 1719.0, 1719.0, 1720.0, 1720.0, 1721.0, 1722.0, 1723.0, 1723.0, 1724.0, 1724.0, 1725.0, 1726.0, 1727.0, 1728.0, 1729.0, 1729.0, 1730.0, 1731.0, 1732.0, 1733.0, 1733.0, 1734.0, 1735.0, 1736.0, 1737.0, 1738.0, 1738.0, 1739.0, 1740.0, 1741.0, 1742.0, 1743.0, 1744.0, 1745.0, 1746.0, 1747.0, 1748.0, 1749.0, 1750.0, 1751.0, 1752.0, 1753.0, 1754.0, 1755.0, 1756.0, 1757.0, 1758.0, 1759.0, 1760.0, 1761.0, 1762.0, 1763.0, 1764.0, 1765.0, 1766.0, 1767.0, 1768.0, 1769.0, 1770.0, 1771.0, 1772.0, 1773.0, 1774.0, 1775.0, 1776.0, 1777.0, 1778.0, 1779.0, 1780.0, 1781.0, 1782.0, 1783.0, 1784.0, 1785.0, 1786.0, 1787.0, 1788.0, 1789.0, 1790.0, 1791.0, 1792.0, 1793.0, 1794.0, 1795.0, 1796.0, 1797.0, 1798.0, 1799.0, 1800.0, 1800.0, 1800.0, 1800.0], "avg_cpu": [0.0, 0.12788778877887788, 0.25041254125412543, 0.2508250825082508, 0.26196369636963696, 0.341996699669967, 0.34447194719471946, 0.34034653465346537, 0.31353135313531355, 0.2990924092409241, 0.3184818481848185, 0.32136963696369636, 0.39067656765676567, 0.3886138613861386, 0.41872937293729373, 0.4628712871287129, 0.5074257425742574, 0.514026402640264, 0.4744224422442244, 0.5965346534653465, 0.556930693069307, 0.5536303630363036, 0.5899339933993399, 0.5288778877887789, 0.566006600660066, 0.6138613861386139, 0.6064356435643564, 0.5816831683168316, 0.5874587458745875, 0.6155115511551155, 0.6749174917491749, 0.7112211221122112, 0.6773927392739274, 0.6188118811881188, 0.6262376237623762, 0.608085808580858, 0.5833333333333334, 0.6460396039603961, 0.6501650165016502, 0.5874587458745875, 0.5833333333333334, 0.599009900990099, 0.6155115511551155, 0.6056105610561056, 0.6229372937293729, 0.5891089108910891, 0.5924092409240924, 0.6122112211221122, 0.6097359735973598, 0.6171617161716172, 0.6237623762376238, 0.613036303630363, 0.6501650165016502, 0.6155115511551155, 0.6344884488448845, 0.6171617161716172, 0.6551155115511551, 0.6476897689768977, 0.6006600660066007, 0.6047854785478548, 0.6064356435643564, 0.5965346534653465, 0.5957095709570958, 0.5981848184818482, 0.6064356435643564, 0.6146864686468647, 0.6361386138613861, 0.6270627062706271, 0.6600660066006601, 0.6336633663366337, 0.5981848184818482, 0.5643564356435643, 0.5759075907590759, 0.5841584158415841, 0.5882838283828383, 0.6584158415841584, 0.6031353135313532, 0.6047854785478548, 0.6179867986798679, 0.6221122112211221, 0.6402640264026402, 0.6287128712871287, 0.6188118811881188, 0.6014851485148515, 0.5767326732673267, 0.6320132013201321, 0.6353135313531353, 0.6460396039603961, 0.5701320132013201, 0.594059405940594, 0.5858085808580858, 0.6237623762376238, 0.5948844884488449, 0.29207920792079206, 0.012144183168316832, 0.0008669812293729373, 0.0008669812293729373], "avg_mem": [2.859626647144949e-06, 0.007938323572474378, 0.008830527086383601, 0.008521687408491947, 0.009402452415812591, 0.00891059663250366, 0.00838442532942899, 0.00886484260614934, 0.00891059663250366, 0.008487371888726208, 0.008727580527086384, 0.008613195461200585, 0.008556002928257686, 0.008750457540263544, 0.010134516837481698, 0.009562591508052708, 0.008784773060029283, 0.008750457540263544, 0.009047858711566617, 0.0088877196193265, 0.0088877196193265, 0.009013543191800878, 0.009093612737920937, 0.009070735724743777, 0.008830527086383601, 0.009024981698389459, 0.00886484260614934, 0.008841965592972182, 0.009024981698389459, 0.008693265007320644, 0.008899158125915081, 0.009345259882869692, 0.008784773060029283, 0.008876281112737921, 0.008796211566617862, 0.008876281112737921, 0.00893347364568082, 0.00893347364568082, 0.008796211566617862, 0.008853404099560761, 0.008670387994143484, 0.008899158125915081, 0.008807650073206443, 0.009002104685212299, 0.00899066617862372, 0.008876281112737921, 0.00892203513909224, 0.0089449121522694, 0.00892203513909224, 0.008727580527086384, 0.0088877196193265, 0.009036420204978038, 0.009013543191800878, 0.008853404099560761, 0.00896778916544656, 0.009002104685212299, 0.008773334553440702, 0.008704703513909224, 0.0089449121522694, 0.009002104685212299, 0.0089449121522694, 0.009345259882869692, 0.008853404099560761, 0.009059297218155198, 0.009024981698389459, 0.0089449121522694, 0.00896778916544656, 0.00886484260614934, 0.00891059663250366, 0.008807650073206443, 0.008807650073206443, 0.008899158125915081, 0.008853404099560761, 0.008876281112737921, 0.008841965592972182, 0.008853404099560761, 0.00892203513909224, 0.008876281112737921, 0.0088877196193265, 0.008716142020497804, 0.008819088579795022, 0.009070735724743777, 0.009047858711566617, 0.0088877196193265, 0.0089449121522694, 0.00891059663250366, 0.009024981698389459, 0.0088877196193265, 0.009105051244509516, 0.009070735724743777, 0.008773334553440702, 0.008796211566617862, 0.0089449121522694, 0.007984077598828698, 0.006771595900439239, 0.006302617130307467, 7.435029282576867e-05]}