{"time": [6914.0, 6914.0, 6914.0, 6915.0, 6916.0, 6917.0, 6918.0, 6919.0, 6920.0, 6921.0, 6922.0, 6923.0, 6924.0, 6925.0, 6926.0, 6927.0, 6928.0, 6929.0, 6930.0, 6931.0, 6932.0, 6933.0, 6934.0, 6935.0, 6936.0, 6937.0, 6938.0, 6939.0, 6940.0, 6941.0, 6942.0, 6943.0, 6944.0, 6945.0, 6946.0, 6947.0, 6948.0, 6949.0, 6950.0, 6951.0, 6952.0, 6953.0, 6954.0, 6955.0, 6956.0, 6957.0, 6958.0, 6959.0, 6960.0, 6961.0, 6962.0, 6963.0, 6964.0, 6965.0, 6966.0, 6967.0, 6968.0, 6969.0, 6970.0, 6971.0, 6972.0, 6973.0, 6974.0, 6975.0, 6976.0, 6977.0, 6978.0, 6979.0, 6980.0, 6981.0, 6982.0, 6983.0, 6983.0, 6983.0], "avg_cpu": [0.0, 0.0, 0.5696798493408662, 0.6817325800376648, 0.6591337099811676, 0.8286252354048964, 0.8634651600753296, 0.8681732580037664, 0.8983050847457628, 0.9105461393596986, 0.9096045197740112, 0.9416195856873822, 0.8945386064030132, 0.8559322033898306, 0.8662900188323918, 0.7655367231638418, 0.871939736346516, 0.879472693032015, 0.884180790960452, 0.871939736346516, 0.884180790960452, 0.8851224105461394, 0.8775894538606404, 0.8870056497175142, 0.8587570621468926, 0.8785310734463276, 0.8888888888888888, 0.879472693032015, 0.884180790960452, 0.8926553672316384, 0.8700564971751412, 0.8945386064030132, 0.8342749529190208, 0.8691148775894538, 0.8700564971751412, 0.8662900188323918, 0.8709981167608286, 0.8860640301318268, 0.8785310734463276, 0.8983050847457628, 0.7740112994350282, 0.7909604519774012, 0.8041431261770244, 0.8436911487758946, 0.532015065913371, 0.8888888888888888, 0.9077212806026366, 0.9143126177024482, 0.908662900188324, 0.9067796610169492, 0.9058380414312618, 0.9048964218455744, 0.89924670433145, 0.8898305084745762, 0.8907721280602636, 0.8926553672316384, 0.9152542372881356, 0.9218455743879472, 0.9020715630885122, 0.903954802259887, 0.9096045197740112, 0.9105461393596986, 0.9067796610169492, 0.9011299435028248, 0.9011299435028248, 0.9077212806026366, 0.911487758945386, 0.9133709981167608, 0.8568738229755178, 0.903954802259887, 0.8229755178907722, 0.07015065913370998, 0.0004892008003766478, 0.0], "avg_mem": [5.719253294289898e-06, 5.719253294289898e-06, 0.28184480234260617, 0.36530014641288433, 0.36530014641288433, 0.3711566617862372, 0.37701317715959004, 0.3850658857979502, 0.390190336749634, 0.3931185944363104, 0.3916544655929722, 0.3967789165446559, 0.39970717423133234, 0.38799414348462663, 0.3671303074670571, 0.37225475841874084, 0.3762811127379209, 0.3814055636896047, 0.38726207906295756, 0.390190336749634, 0.3923865300146413, 0.39751098096632503, 0.40483162518301613, 0.40775988286969256, 0.41215226939970717, 0.41800878477306, 0.4224011713030747, 0.4260614934114202, 0.42972181551976574, 0.4341142020497804, 0.438506588579795, 0.44143484626647145, 0.43191800878477304, 0.42093704245973645, 0.42093704245973645, 0.4224011713030747, 0.4238653001464129, 0.4260614934114202, 0.42752562225475843, 0.42972181551976574, 0.40995607613469986, 0.3806734992679356, 0.3649341142020498, 0.3528550512445095, 0.37701317715959004, 0.42093704245973645, 0.4260614934114202, 0.43191800878477304, 0.4355783308931186, 0.44216691068814057, 0.4494875549048316, 0.45314787701317716, 0.4663250366032211, 0.5058565153733529, 0.527086383601757, 0.5161054172767203, 0.5124450951683748, 0.513909224011713, 0.5161054172767203, 0.5204978038067349, 0.5241581259150805, 0.5263543191800878, 0.527086383601757, 0.5219619326500732, 0.5168374816983895, 0.5219619326500732, 0.5263543191800878, 0.5307467057101025, 0.5344070278184481, 0.54099560761347, 0.5314787701317716, 0.23718887262079064, 0.0007377836749633968, 0.0007206259150805271]}