{"time": [530.0, 530.0, 531.0, 531.0, 532.0, 533.0, 534.0, 535.0, 536.0, 537.0, 538.0, 539.0, 540.0, 540.0, 541.0, 542.0, 543.0, 544.0, 545.0, 546.0, 547.0, 548.0, 549.0, 550.0, 551.0, 552.0, 553.0, 554.0, 555.0, 556.0, 556.0, 557.0, 558.0, 559.0, 560.0, 561.0, 562.0, 563.0, 564.0, 565.0, 566.0, 567.0, 568.0, 569.0, 570.0, 571.0, 571.0, 571.0, 571.0, 578.0, 579.0, 580.0, 581.0, 582.0, 583.0, 584.0, 585.0, 586.0, 587.0, 588.0, 589.0, 590.0, 591.0, 592.0, 593.0, 594.0, 595.0, 596.0, 597.0, 598.0, 599.0, 600.0, 601.0, 602.0, 603.0, 604.0, 605.0, 606.0, 607.0, 608.0, 609.0, 610.0, 611.0, 612.0, 613.0, 614.0, 615.0, 616.0, 616.0, 617.0, 618.0, 619.0, 620.0, 621.0, 622.0, 623.0, 624.0, 625.0, 626.0, 627.0, 628.0, 629.0, 630.0, 631.0, 632.0, 633.0, 634.0, 635.0, 636.0, 637.0, 638.0, 639.0, 640.0, 641.0, 642.0, 643.0, 644.0, 645.0, 646.0, 647.0, 648.0, 649.0, 650.0, 651.0, 652.0, 653.0, 653.0, 653.0, 653.0], "avg_cpu": [0.38531353135313534, 0.5767326732673267, 0.5858085808580858, 0.6113861386138614, 0.6064356435643564, 0.6023102310231023, 0.5594059405940595, 0.5891089108910891, 0.6097359735973598, 0.5701320132013201, 0.5915841584158416, 0.5726072607260726, 0.5858085808580858, 0.5750825082508251, 0.5726072607260726, 0.5676567656765676, 0.584983498349835, 0.5965346534653465, 0.5825082508250825, 0.49422442244224424, 0.6039603960396039, 0.5503300330033003, 0.551980198019802, 0.5198019801980198, 0.6171617161716172, 0.6031353135313532, 0.5948844884488449, 0.5305280528052805, 0.5462046204620462, 0.551980198019802, 0.6584158415841584, 0.5783828382838284, 0.608085808580858, 0.6006600660066007, 0.6006600660066007, 0.49587458745874585, 0.5775577557755776, 0.570957095709571, 0.5825082508250825, 0.5354785478547854, 0.5206270627062707, 0.5808580858085809, 0.6105610561056105, 0.570957095709571, 0.5792079207920792, 0.5371287128712872, 0.5544554455445545, 0.10200082508250825, 0.0, 0.7442244224422442, 0.7937293729372937, 0.6955445544554455, 0.75, 0.6229372937293729, 0.5750825082508251, 0.5635313531353136, 0.5907590759075908, 0.6056105610561056, 0.599009900990099, 0.5816831683168316, 0.58003300330033, 0.5833333333333334, 0.5734323432343235, 0.5750825082508251, 0.5577557755775577, 0.551980198019802, 0.5957095709570958, 0.5759075907590759, 0.594059405940594, 0.6138613861386139, 0.6064356435643564, 0.599009900990099, 0.6006600660066007, 0.5742574257425742, 0.5552805280528053, 0.5602310231023102, 0.5412541254125413, 0.5379537953795379, 0.5536303630363036, 0.5041254125412541, 0.5511551155115512, 0.5305280528052805, 0.5264026402640264, 0.5792079207920792, 0.533003300330033, 0.6229372937293729, 0.5511551155115512, 0.5668316831683168, 0.5957095709570958, 0.6023102310231023, 0.6056105610561056, 0.5858085808580858, 0.6122112211221122, 0.6287128712871287, 0.5948844884488449, 0.6262376237623762, 0.6377887788778878, 0.6254125412541254, 0.6798679867986799, 0.6221122112211221, 0.6485148514851485, 0.6361386138613861, 0.6146864686468647, 0.6468646864686468, 0.594059405940594, 0.6575907590759076, 0.6138613861386139, 0.7367986798679867, 0.5924092409240924, 0.6006600660066007, 0.6666666666666666, 0.6386138613861386, 0.636963696369637, 0.641914191419142, 0.6287128712871287, 0.6171617161716172, 0.6435643564356436, 0.6122112211221122, 0.6097359735973598, 0.6320132013201321, 0.5915841584158416, 0.6179867986798679, 0.5816831683168316, 0.566006600660066, 0.5775577557755776, 0.5825082508250825, 0.6229372937293729, 0.0002884565800330033, 0.0], "avg_mem": [0.017798316251830162, 0.04804172767203514, 0.049414348462664716, 0.04346632503660322, 0.04259699853587116, 0.04396961932650073, 0.04346632503660322, 0.04406112737920937, 0.04758418740849195, 0.041819180087847733, 0.04209370424597365, 0.042917276720351394, 0.04296303074670571, 0.04076683748169839, 0.04209370424597365, 0.04191068814055637, 0.04360358711566618, 0.042322474377745244, 0.042322474377745244, 0.04255124450951684, 0.043420571010248904, 0.04195644216691069, 0.042917276720351394, 0.042642752562225474, 0.04195644216691069, 0.043329062957540264, 0.042322474377745244, 0.04447291361639824, 0.04305453879941435, 0.04172767203513909, 0.046028550512445095, 0.04177342606149341, 0.04195644216691069, 0.04186493411420205, 0.04305453879941435, 0.04241398243045388, 0.04337481698389458, 0.04328330893118595, 0.04300878477306003, 0.042642752562225474, 0.042642752562225474, 0.04218521229868229, 0.04310029282576867, 0.042734260614934114, 0.04186493411420205, 0.04406112737920937, 0.045342240117130304, 0.001009448206442167, 0.00043752287701317717, 0.04136163982430454, 0.046028550512445095, 0.046440336749633965, 0.04488469985358712, 0.04172767203513909, 0.044930453879941434, 0.04305453879941435, 0.04241398243045388, 0.043329062957540264, 0.04415263543191801, 0.044427159590043924, 0.04465592972181552, 0.043420571010248904, 0.042734260614934114, 0.04387811127379209, 0.043420571010248904, 0.04191068814055637, 0.044335651537335284, 0.04497620790629575, 0.04488469985358712, 0.04657759882869693, 0.04804172767203514, 0.04849926793557833, 0.04415263543191801, 0.04515922401171303, 0.04319180087847731, 0.04191068814055637, 0.04479319180087848, 0.04067532942898975, 0.046531844802342605, 0.04506771595900439, 0.042230966325036604, 0.04310029282576867, 0.04259699853587116, 0.046714860907759885, 0.04694363103953148, 0.04296303074670571, 0.046120058565153735, 0.043420571010248904, 0.04547950219619327, 0.04287152269399707, 0.047035139092240115, 0.044838945827232794, 0.043740849194729134, 0.04497620790629575, 0.04415263543191801, 0.045342240117130304, 0.04410688140556369, 0.044335651537335284, 0.04456442166910688, 0.04387811127379209, 0.04566251830161054, 0.04319180087847731, 0.04410688140556369, 0.044518667642752564, 0.044427159590043924, 0.046028550512445095, 0.044838945827232794, 0.04529648609077599, 0.043237554904831624, 0.04387811127379209, 0.043832357247437774, 0.04396961932650073, 0.046120058565153735, 0.043923865300146414, 0.045616764275256225, 0.04474743777452416, 0.04300878477306003, 0.046531844802342605, 0.04296303074670571, 0.044015373352855054, 0.04589128843338214, 0.042917276720351394, 0.042825768667642754, 0.04488469985358712, 0.04410688140556369, 0.03486456808199122, 0.04346632503660322, 0.0006805911420204978, 0.00038318997071742314]}