{"time": [530.0, 530.0, 531.0, 531.0, 532.0, 533.0, 534.0, 535.0, 536.0, 537.0, 538.0, 539.0, 540.0, 540.0, 541.0, 542.0, 543.0, 544.0, 545.0, 546.0, 547.0, 548.0, 549.0, 550.0, 551.0, 552.0, 553.0, 554.0, 555.0, 556.0, 556.0, 557.0, 558.0, 559.0, 560.0, 561.0, 562.0, 563.0, 564.0, 565.0, 566.0, 567.0, 568.0, 569.0, 570.0, 571.0, 571.0, 571.0, 571.0, 582.0, 583.0, 584.0, 585.0, 586.0, 587.0, 588.0, 589.0, 590.0, 591.0, 592.0, 593.0, 594.0, 595.0, 596.0, 597.0, 598.0, 599.0, 600.0, 601.0, 602.0, 603.0, 604.0, 605.0, 606.0, 607.0, 608.0, 609.0, 610.0, 611.0, 612.0, 613.0, 614.0, 615.0, 616.0, 616.0, 617.0, 618.0, 619.0, 620.0, 621.0, 622.0, 623.0, 624.0, 625.0, 626.0, 627.0, 628.0, 629.0, 630.0, 631.0, 632.0, 633.0, 634.0, 635.0, 636.0, 637.0, 638.0, 639.0, 640.0, 641.0, 642.0, 643.0, 644.0, 645.0, 646.0, 647.0, 648.0, 649.0, 650.0, 651.0, 652.0, 653.0, 653.0, 653.0, 653.0], "avg_cpu": [0.32054455445544555, 0.5577557755775577, 0.5148514851485149, 0.5346534653465347, 0.5255775577557755, 0.509075907590759, 0.5255775577557755, 0.5305280528052805, 0.5924092409240924, 0.6204620462046204, 0.6344884488448845, 0.5536303630363036, 0.5255775577557755, 0.6600660066006601, 0.5957095709570958, 0.5313531353135313, 0.5453795379537953, 0.5561056105610561, 0.5099009900990099, 0.5544554455445545, 0.5932343234323433, 0.5, 0.5965346534653465, 0.5627062706270627, 0.5866336633663366, 0.5561056105610561, 0.6031353135313532, 0.5371287128712872, 0.6105610561056105, 0.5618811881188119, 0.6039603960396039, 0.6262376237623762, 0.5767326732673267, 0.5750825082508251, 0.5627062706270627, 0.5577557755775577, 0.6204620462046204, 0.5684818481848185, 0.5635313531353136, 0.566006600660066, 0.6501650165016502, 0.5783828382838284, 0.641914191419142, 0.5816831683168316, 0.6336633663366337, 0.6823432343234324, 0.6278877887788779, 0.04465759075907591, 0.0, 0.6311881188118812, 0.7384488448844885, 0.6798679867986799, 0.5717821782178217, 0.5948844884488449, 0.5907590759075908, 0.5907590759075908, 0.5635313531353136, 0.6188118811881188, 0.6113861386138614, 0.594059405940594, 0.5957095709570958, 0.594059405940594, 0.5816831683168316, 0.5891089108910891, 0.5478547854785478, 0.5775577557755776, 0.5866336633663366, 0.5882838283828383, 0.5643564356435643, 0.551980198019802, 0.5486798679867987, 0.5453795379537953, 0.5552805280528053, 0.5429042904290429, 0.5305280528052805, 0.528052805280528, 0.5173267326732673, 0.5247524752475248, 0.5495049504950495, 0.5610561056105611, 0.5577557755775577, 0.5544554455445545, 0.556930693069307, 0.5346534653465347, 0.5907590759075908, 0.5561056105610561, 0.5610561056105611, 0.5635313531353136, 0.594059405940594, 0.594059405940594, 0.5676567656765676, 0.608085808580858, 0.570957095709571, 0.5536303630363036, 0.5874587458745875, 0.5651815181518152, 0.5915841584158416, 0.6476897689768977, 0.6097359735973598, 0.6295379537953796, 0.599009900990099, 0.5924092409240924, 0.6394389438943895, 0.6179867986798679, 0.6039603960396039, 0.5932343234323433, 0.6155115511551155, 0.613036303630363, 0.6245874587458746, 0.6254125412541254, 0.6435643564356436, 0.6320132013201321, 0.6526402640264026, 0.6245874587458746, 0.6204620462046204, 0.5618811881188119, 0.5734323432343235, 0.5759075907590759, 0.5792079207920792, 0.5775577557755776, 0.5693069306930693, 0.6361386138613861, 0.5585808580858086, 0.0, 0.0], "avg_mem": [0.0189650439238653, 0.04584553440702782, 0.04287152269399707, 0.04094985358711566, 0.042734260614934114, 0.042825768667642754, 0.04241398243045388, 0.041315885797950216, 0.04346632503660322, 0.043146046852122984, 0.04396961932650073, 0.04062957540263543, 0.04117862371888726, 0.03797584187408492, 0.044838945827232794, 0.04259699853587116, 0.039851756954612, 0.042917276720351394, 0.04003477306002928, 0.043740849194729134, 0.04369509516837482, 0.04145314787701318, 0.041407393850658857, 0.0412701317715959, 0.04241398243045388, 0.0410413616398243, 0.044518667642752564, 0.04218521229868229, 0.04259699853587116, 0.04218521229868229, 0.03893667642752562, 0.043146046852122984, 0.0436493411420205, 0.04369509516837482, 0.04145314787701318, 0.04547950219619327, 0.045525256222547585, 0.04465592972181552, 0.043146046852122984, 0.04346632503660322, 0.044015373352855054, 0.042917276720351394, 0.04278001464128843, 0.04250549048316252, 0.04191068814055637, 0.04355783308931186, 0.0424597364568082, 0.0006605737554904831, 0.000280243411420205, 0.04145314787701318, 0.04250549048316252, 0.045021961932650074, 0.04749267935578331, 0.04204795021961932, 0.04378660322108346, 0.04337481698389458, 0.03948572474377745, 0.048407759882869696, 0.043420571010248904, 0.04255124450951684, 0.045342240117130304, 0.045433748169838944, 0.04474743777452416, 0.04415263543191801, 0.04369509516837482, 0.04287152269399707, 0.04438140556368961, 0.04369509516837482, 0.04351207906295754, 0.0436493411420205, 0.04259699853587116, 0.043146046852122984, 0.04346632503660322, 0.04406112737920937, 0.044015373352855054, 0.041407393850658857, 0.044930453879941434, 0.040904099560761346, 0.04447291361639824, 0.04410688140556369, 0.04278001464128843, 0.04456442166910688, 0.043146046852122984, 0.0629575402635432, 0.04378660322108346, 0.043832357247437774, 0.04387811127379209, 0.042322474377745244, 0.041315885797950216, 0.045342240117130304, 0.04415263543191801, 0.04200219619326501, 0.04191068814055637, 0.043329062957540264, 0.04300878477306003, 0.044930453879941434, 0.043740849194729134, 0.04378660322108346, 0.04122437774524158, 0.04575402635431918, 0.045616764275256225, 0.04387811127379209, 0.044930453879941434, 0.042825768667642754, 0.04191068814055637, 0.04319180087847731, 0.04470168374816984, 0.04351207906295754, 0.04337481698389458, 0.043923865300146414, 0.04305453879941435, 0.04570827232796486, 0.043923865300146414, 0.042825768667642754, 0.044335651537335284, 0.042322474377745244, 0.04310029282576867, 0.04584553440702782, 0.04113286969253294, 0.04447291361639824, 0.04319180087847731, 0.037518301610541725, 0.04525073206442167, 0.0009722730600292826, 0.00044324213030746707]}