{"time": [525.0, 526.0, 527.0, 527.0, 527.0, 527.0, 530.0, 530.0, 531.0, 531.0, 532.0, 533.0, 534.0, 535.0, 536.0, 536.0, 536.0, 536.0, 550.0, 551.0, 551.0, 551.0, 551.0, 551.0, 551.0, 551.0, 552.0, 552.0, 552.0, 552.0, 552.0, 553.0, 554.0, 555.0, 556.0, 556.0, 557.0, 558.0, 559.0, 560.0, 561.0, 562.0, 563.0, 564.0, 565.0, 566.0, 567.0, 568.0, 569.0, 570.0, 571.0, 572.0, 573.0, 574.0, 575.0, 576.0, 577.0, 578.0, 579.0, 580.0, 581.0, 582.0, 583.0, 584.0, 585.0, 586.0, 587.0, 588.0, 589.0, 590.0, 591.0, 592.0, 593.0, 594.0, 595.0, 596.0, 597.0, 598.0, 599.0, 600.0, 601.0, 602.0, 603.0, 604.0, 605.0, 606.0, 607.0, 608.0, 609.0, 610.0, 611.0, 612.0, 613.0, 614.0, 615.0, 616.0, 616.0, 617.0, 618.0, 619.0, 620.0, 621.0, 622.0, 623.0, 624.0, 625.0, 626.0, 627.0, 628.0, 629.0, 630.0, 631.0, 632.0, 633.0, 634.0, 635.0, 636.0, 637.0, 638.0, 639.0, 640.0, 641.0, 642.0, 643.0, 644.0, 645.0, 646.0, 647.0, 648.0, 649.0, 650.0, 651.0, 652.0, 653.0, 653.0, 653.0, 653.0], "avg_cpu": [0.019028465346534653, 0.0004496055074257426, 0.00041737572194719473, 0.00026106126237623764, 0.0008524778259075907, 0.0, 0.2365702479338843, 0.42699724517906334, 0.4331955922865014, 0.43732782369146006, 0.43870523415977963, 0.4462809917355372, 0.47107438016528924, 0.4931129476584022, 0.4476584022038568, 0.4903581267217631, 0.0, 0.0, 0.15427698574338086, 0.3869653767820774, 0.28818737270875766, 0.06619144602851323, 0.0, 0.0, 0.0, 0.248291015625, 0.36181640625, 0.31591796875, 0.18701171875, 0.0123443603515625, 0.6245874587458746, 0.5948844884488449, 0.5759075907590759, 0.6567656765676567, 0.6047854785478548, 0.6592409240924092, 0.5792079207920792, 0.5891089108910891, 0.5808580858085809, 0.5841584158415841, 0.5816831683168316, 0.6056105610561056, 0.5932343234323433, 0.5932343234323433, 0.5998349834983498, 0.5552805280528053, 0.7574257425742574, 0.6897689768976898, 0.5767326732673267, 0.5891089108910891, 0.6394389438943895, 0.7491749174917491, 0.6757425742574258, 0.5511551155115512, 0.518976897689769, 0.6716171617161716, 0.6617161716171617, 0.6212871287128713, 0.5866336633663366, 0.594059405940594, 0.5676567656765676, 0.5503300330033003, 0.5693069306930693, 0.5602310231023102, 0.5759075907590759, 0.5726072607260726, 0.6064356435643564, 0.599009900990099, 0.5272277227722773, 0.6394389438943895, 0.594059405940594, 0.6105610561056105, 0.6270627062706271, 0.650990099009901, 0.5759075907590759, 0.5973597359735974, 0.5907590759075908, 0.5693069306930693, 0.5948844884488449, 0.6270627062706271, 0.6031353135313532, 0.6072607260726073, 0.5899339933993399, 0.5717821782178217, 0.5841584158415841, 0.5717821782178217, 0.5759075907590759, 0.5998349834983498, 0.5858085808580858, 0.5750825082508251, 0.5734323432343235, 0.6014851485148515, 0.5915841584158416, 0.6105610561056105, 0.6155115511551155, 0.6097359735973598, 0.6394389438943895, 0.6353135313531353, 0.6386138613861386, 0.6344884488448845, 0.6353135313531353, 0.6410891089108911, 0.6303630363036303, 0.66996699669967, 0.6724422442244224, 0.6856435643564357, 0.6740924092409241, 0.6864686468646864, 0.6476897689768977, 0.6732673267326733, 0.6353135313531353, 0.7161716171617162, 0.735973597359736, 0.6938943894389439, 0.6443894389438944, 0.7079207920792079, 0.665016501650165, 0.6485148514851485, 0.6625412541254125, 0.6468646864686468, 0.6394389438943895, 0.7062706270627063, 0.6534653465346535, 0.6674917491749175, 0.6460396039603961, 0.599009900990099, 0.6427392739273927, 0.6320132013201321, 0.6724422442244224, 0.636963696369637, 0.5998349834983498, 0.6138613861386139, 0.6336633663366337, 0.641914191419142, 0.6287128712871287, 0.016579001650165015, 0.0], "avg_mem": [0.005370378843338214, 0.00392340775988287, 0.0038948114934114204, 0.00390053074670571, 0.0027137856881405565, 0.00027738378477306004, 0.005398975109809663, 0.023243045387994144, 0.023151537335285504, 0.019925878477306, 0.020452049780380673, 0.021321376281112737, 0.02063506588579795, 0.020337664714494875, 0.02168740849194729, 0.019674231332357246, 0.00027166453147877014, 0.00017729685212298683, 0.003116607666015625, 0.0100860595703125, 0.0135650634765625, 0.0011157989501953125, 0.0006313323974609375, 0.0002040863037109375, 0.00020599365234375, 0.0140533447265625, 0.028717041015625, 0.031158447265625, 0.02154541015625, 0.001316070556640625, 0.04191068814055637, 0.04117862371888726, 0.041407393850658857, 0.04547950219619327, 0.043923865300146414, 0.035550878477306, 0.044427159590043924, 0.0426885065885798, 0.04296303074670571, 0.044015373352855054, 0.04287152269399707, 0.0426885065885798, 0.043420571010248904, 0.04310029282576867, 0.0414989019033675, 0.04479319180087848, 0.04589128843338214, 0.04447291361639824, 0.042734260614934114, 0.04241398243045388, 0.043832357247437774, 0.044427159590043924, 0.043146046852122984, 0.04300878477306003, 0.044427159590043924, 0.04639458272327965, 0.04415263543191801, 0.0457997803806735, 0.04410688140556369, 0.04355783308931186, 0.04419838945827233, 0.04415263543191801, 0.043329062957540264, 0.046440336749633965, 0.045525256222547585, 0.04740117130307467, 0.042230966325036604, 0.04598279648609078, 0.04287152269399707, 0.045616764275256225, 0.04438140556368961, 0.044015373352855054, 0.044244143484626644, 0.0455710102489019, 0.04355783308931186, 0.043740849194729134, 0.04506771595900439, 0.04360358711566618, 0.04209370424597365, 0.04447291361639824, 0.043237554904831624, 0.04250549048316252, 0.045616764275256225, 0.042825768667642754, 0.04570827232796486, 0.04625732064421669, 0.04438140556368961, 0.04419838945827233, 0.0457997803806735, 0.04406112737920937, 0.04410688140556369, 0.04396961932650073, 0.043146046852122984, 0.0446101756954612, 0.04488469985358712, 0.04195644216691069, 0.043146046852122984, 0.04406112737920937, 0.04406112737920937, 0.04209370424597365, 0.044518667642752564, 0.0446101756954612, 0.04328330893118595, 0.044244143484626644, 0.04415263543191801, 0.044838945827232794, 0.04538799414348463, 0.043832357247437774, 0.043420571010248904, 0.045616764275256225, 0.04419838945827233, 0.04172767203513909, 0.04360358711566618, 0.04657759882869693, 0.0455710102489019, 0.045342240117130304, 0.04529648609077599, 0.046211566617862375, 0.045433748169838944, 0.044427159590043924, 0.04456442166910688, 0.04657759882869693, 0.045113469985358715, 0.04470168374816984, 0.047035139092240115, 0.04447291361639824, 0.04305453879941435, 0.04259699853587116, 0.044930453879941434, 0.04465592972181552, 0.0446101756954612, 0.046120058565153735, 0.04470168374816984, 0.0446101756954612, 0.040904099560761346, 0.00044324213030746707, 0.00034887445095168376]}