{"time": [1718.0, 1718.0, 1719.0, 1719.0, 1719.0, 1719.0, 1719.0, 1720.0, 1720.0, 1721.0, 1722.0, 1723.0, 1723.0, 1724.0, 1725.0, 1726.0, 1726.0, 1727.0, 1728.0, 1729.0, 1729.0, 1730.0, 1731.0, 1732.0, 1732.0, 1733.0, 1734.0, 1735.0, 1736.0, 1737.0, 1738.0, 1739.0, 1739.0, 1740.0, 1741.0, 1742.0, 1743.0, 1744.0, 1745.0, 1746.0, 1747.0, 1748.0, 1749.0, 1750.0, 1751.0, 1752.0, 1753.0, 1754.0, 1755.0, 1756.0, 1757.0, 1758.0, 1759.0, 1760.0, 1761.0, 1762.0, 1763.0, 1764.0, 1765.0, 1766.0, 1767.0, 1768.0, 1769.0, 1770.0, 1771.0, 1772.0, 1773.0, 1774.0, 1775.0, 1776.0, 1777.0, 1778.0, 1779.0, 1780.0, 1781.0, 1782.0, 1783.0, 1784.0, 1785.0, 1786.0, 1787.0, 1788.0, 1789.0, 1790.0, 1791.0, 1792.0, 1793.0, 1794.0, 1795.0, 1796.0, 1797.0, 1798.0, 1799.0, 1800.0, 1800.0, 1800.0, 1800.0], "avg_cpu": [0.0, 0.024752475247524754, 0.35973597359735976, 0.33003300330033003, 0.3617986798679868, 0.3122937293729373, 0.28465346534653463, 0.24587458745874588, 0.29372937293729373, 0.34034653465346537, 0.33127062706270627, 0.34405940594059403, 0.4471947194719472, 0.4405940594059406, 0.38242574257425743, 0.3865511551155115, 0.44471947194719474, 0.4471947194719472, 0.44884488448844884, 0.4389438943894389, 0.46947194719471946, 0.485973597359736, 0.4876237623762376, 0.4760726072607261, 0.533003300330033, 0.5511551155115512, 0.6542904290429042, 0.6171617161716172, 0.6221122112211221, 0.6031353135313532, 0.533003300330033, 0.5957095709570958, 0.6584158415841584, 0.6188118811881188, 0.5825082508250825, 0.5808580858085809, 0.6707920792079208, 0.58003300330033, 0.6031353135313532, 0.5783828382838284, 0.5734323432343235, 0.5684818481848185, 0.5643564356435643, 0.5602310231023102, 0.5577557755775577, 0.5701320132013201, 0.6402640264026402, 0.58003300330033, 0.5610561056105611, 0.6006600660066007, 0.5783828382838284, 0.5561056105610561, 0.5841584158415841, 0.5693069306930693, 0.5701320132013201, 0.5981848184818482, 0.5915841584158416, 0.5693069306930693, 0.5742574257425742, 0.5676567656765676, 0.5594059405940595, 0.5536303630363036, 0.5585808580858086, 0.594059405940594, 0.5668316831683168, 0.5643564356435643, 0.5693069306930693, 0.5627062706270627, 0.5866336633663366, 0.5957095709570958, 0.665016501650165, 0.6047854785478548, 0.5899339933993399, 0.5734323432343235, 0.6608910891089109, 0.6641914191419142, 0.7046204620462047, 0.6328382838283828, 0.5734323432343235, 0.5643564356435643, 0.5561056105610561, 0.6047854785478548, 0.5907590759075908, 0.5783828382838284, 0.5825082508250825, 0.5891089108910891, 0.6031353135313532, 0.6089108910891089, 0.5915841584158416, 0.5676567656765676, 0.556930693069307, 0.6501650165016502, 0.5965346534653465, 0.25412541254125415, 0.0013020833333333333, 0.0008669812293729373, 0.0005430718853135314], "avg_mem": [2.859626647144949e-06, 0.004758418740849195, 0.009917185212298682, 0.00949396046852123, 0.009207997803806735, 0.008658949487554905, 0.00844161786237189, 0.00836154831625183, 0.00844161786237189, 0.008841965592972182, 0.008693265007320644, 0.009070735724743777, 0.0088877196193265, 0.008876281112737921, 0.00899066617862372, 0.008727580527086384, 0.008601756954612006, 0.008784773060029283, 0.008739019033674963, 0.008727580527086384, 0.008876281112737921, 0.008647510980966324, 0.009002104685212299, 0.008853404099560761, 0.0088877196193265, 0.009688415080527086, 0.008899158125915081, 0.008956350658857979, 0.009688415080527086, 0.00892203513909224, 0.00899066617862372, 0.008658949487554905, 0.009150805270863836, 0.00891059663250366, 0.009024981698389459, 0.008830527086383601, 0.00892203513909224, 0.008693265007320644, 0.008647510980966324, 0.008830527086383601, 0.008956350658857979, 0.0088877196193265, 0.0089449121522694, 0.00892203513909224, 0.009082174231332358, 0.0088877196193265, 0.00896778916544656, 0.008899158125915081, 0.008681826500732064, 0.008658949487554905, 0.008956350658857979, 0.008876281112737921, 0.008841965592972182, 0.008899158125915081, 0.009036420204978038, 0.0088877196193265, 0.008761896046852123, 0.008876281112737921, 0.008784773060029283, 0.009059297218155198, 0.0088877196193265, 0.008979227672035139, 0.0088877196193265, 0.0088877196193265, 0.008819088579795022, 0.009013543191800878, 0.009047858711566617, 0.008830527086383601, 0.008853404099560761, 0.008819088579795022, 0.008876281112737921, 0.008773334553440702, 0.009059297218155198, 0.008830527086383601, 0.008819088579795022, 0.008830527086383601, 0.009116489751098097, 0.008899158125915081, 0.008807650073206443, 0.008796211566617862, 0.008750457540263544, 0.009173682284040996, 0.00886484260614934, 0.008784773060029283, 0.009162243777452415, 0.00886484260614934, 0.00886484260614934, 0.008830527086383601, 0.008819088579795022, 0.008761896046852123, 0.008784773060029283, 0.009070735724743777, 0.009082174231332358, 0.007881131039531478, 0.006920296486090776, 0.006908857979502196, 6.863103953147877e-05]}