{"time": [1718.0, 1719.0, 1719.0, 1719.0, 1720.0, 1720.0, 1721.0, 1722.0, 1723.0, 1724.0, 1725.0, 1726.0, 1727.0, 1728.0, 1729.0, 1730.0, 1731.0, 1732.0, 1733.0, 1734.0, 1735.0, 1736.0, 1737.0, 1738.0, 1739.0, 1740.0, 1741.0, 1742.0, 1743.0, 1744.0, 1745.0, 1746.0, 1747.0, 1748.0, 1749.0, 1750.0, 1751.0, 1752.0, 1753.0, 1754.0, 1755.0, 1756.0, 1757.0, 1758.0, 1759.0, 1760.0, 1761.0, 1762.0, 1763.0, 1764.0, 1765.0, 1766.0, 1767.0, 1768.0, 1769.0, 1770.0, 1771.0, 1772.0, 1773.0, 1774.0, 1775.0, 1776.0, 1777.0, 1778.0, 1779.0, 1780.0, 1781.0, 1782.0, 1783.0, 1784.0, 1785.0, 1786.0, 1787.0, 1788.0, 1789.0, 1790.0, 1791.0, 1792.0, 1793.0, 1794.0, 1795.0, 1796.0, 1797.0, 1798.0, 1799.0, 1800.0, 1800.0, 1800.0, 1800.0], "avg_cpu": [0.06320621468926553, 0.3535781544256121, 0.3808851224105461, 0.4566854990583804, 0.5263653483992468, 0.628060263653484, 0.5875706214689266, 0.6195856873822976, 0.6139359698681732, 0.6129943502824858, 0.660075329566855, 0.615819209039548, 0.5819209039548022, 0.5612052730696798, 0.5677966101694916, 0.6177024482109228, 0.7071563088512242, 0.6704331450094162, 0.5800376647834274, 0.5875706214689266, 0.6657250470809792, 0.588512241054614, 0.5612052730696798, 0.6271186440677966, 0.6064030131826742, 0.5489642184557438, 0.5772128060263654, 0.6242937853107344, 0.6271186440677966, 0.6186440677966102, 0.6045197740112994, 0.5480225988700564, 0.5291902071563088, 0.5348399246704332, 0.5734463276836158, 0.4858757062146893, 0.5386064030131826, 0.5263653483992468, 0.4943502824858757, 0.5141242937853108, 0.5207156308851224, 0.5103578154425612, 0.5414312617702448, 0.5922787193973634, 0.5423728813559322, 0.527306967984934, 0.5555555555555556, 0.5338983050847458, 0.5696798493408662, 0.5527306967984934, 0.5235404896421846, 0.571563088512241, 0.507532956685499, 0.5188323917137476, 0.5781544256120528, 0.559322033898305, 0.4981167608286252, 0.4971751412429379, 0.5028248587570622, 0.5037664783427496, 0.556497175141243, 0.5602636534839924, 0.5847457627118644, 0.6195856873822976, 0.6148775894538606, 0.6064030131826742, 0.6064030131826742, 0.6111111111111112, 0.6214689265536724, 0.6252354048964218, 0.628060263653484, 0.6346516007532956, 0.6242937853107344, 0.615819209039548, 0.615819209039548, 0.5856873822975518, 0.596045197740113, 0.6148775894538606, 0.6026365348399246, 0.6139359698681732, 0.5969868173258004, 0.5941619585687382, 0.5969868173258004, 0.60075329566855, 0.603578154425612, 0.2928436911487759, 0.00390625, 0.00390625, 0.0], "avg_mem": [0.011575768667642752, 0.018095717423133234, 0.01848462664714495, 0.01617404831625183, 0.016448572474377744, 0.017615300146412886, 0.016357064421669107, 0.01674597364568082, 0.016059663250366032, 0.01718063689604685, 0.016517203513909225, 0.01633418740849195, 0.016974743777452415, 0.01688323572474378, 0.01624267935578331, 0.016494326500732064, 0.016059663250366032, 0.01621980234260615, 0.01663158857979502, 0.016471449487554905, 0.017134882869692534, 0.016448572474377744, 0.016540080527086384, 0.016311310395314787, 0.016517203513909225, 0.016517203513909225, 0.016540080527086384, 0.016906112737920937, 0.016425695461200585, 0.01663158857979502, 0.01734077598828697, 0.016402818448023427, 0.016151171303074672, 0.01718063689604685, 0.016860358711566617, 0.017089128843338214, 0.016928989751098095, 0.01676885065885798, 0.01619692532942899, 0.01628843338213763, 0.016036786237188873, 0.016036786237188873, 0.016013909224011712, 0.016357064421669107, 0.016562957540263542, 0.01674597364568082, 0.01624267935578331, 0.016974743777452415, 0.016311310395314787, 0.016562957540263542, 0.016997620790629574, 0.016654465592972182, 0.01624267935578331, 0.01624267935578331, 0.015808016105417277, 0.016402818448023427, 0.01676885065885798, 0.01619692532942899, 0.01612829428989751, 0.01628843338213763, 0.016471449487554905, 0.016562957540263542, 0.016311310395314787, 0.01621980234260615, 0.016471449487554905, 0.01679172767203514, 0.01663158857979502, 0.016105417276720352, 0.01621980234260615, 0.01679172767203514, 0.017066251830161056, 0.01674597364568082, 0.016540080527086384, 0.016540080527086384, 0.016471449487554905, 0.016654465592972182, 0.01617404831625183, 0.01676885065885798, 0.016425695461200585, 0.016448572474377744, 0.016357064421669107, 0.016517203513909225, 0.01683748169838946, 0.016860358711566617, 0.01667734260614934, 0.014801427525622255, 0.01340592972181552, 0.01340592972181552, 0.00012010431918008785]}