{"time": [1716.0, 1717.0, 1718.0, 1719.0, 1719.0, 1720.0, 1720.0, 1721.0, 1722.0, 1723.0, 1724.0, 1725.0, 1726.0, 1727.0, 1728.0, 1729.0, 1730.0, 1731.0, 1732.0, 1733.0, 1734.0, 1735.0, 1736.0, 1737.0, 1738.0, 1739.0, 1740.0, 1741.0, 1742.0, 1743.0, 1744.0, 1745.0, 1746.0, 1747.0, 1748.0, 1749.0, 1750.0, 1751.0, 1752.0, 1753.0, 1754.0, 1755.0, 1756.0, 1757.0, 1758.0, 1759.0, 1760.0, 1761.0, 1762.0, 1763.0, 1764.0, 1765.0, 1766.0, 1767.0, 1768.0, 1769.0, 1770.0, 1771.0, 1772.0, 1773.0, 1774.0, 1775.0, 1776.0, 1777.0, 1778.0, 1779.0, 1780.0, 1781.0, 1782.0, 1783.0, 1784.0, 1785.0, 1786.0, 1787.0, 1788.0, 1789.0, 1790.0, 1791.0, 1792.0, 1793.0, 1794.0, 1795.0, 1796.0, 1797.0, 1798.0, 1799.0, 1800.0, 1800.0, 1800.0], "avg_cpu": [0.089924670433145, 0.07427024482109228, 0.24199623352165725, 0.5141242937853108, 0.6713747645951036, 0.5451977401129944, 0.5932203389830508, 0.5941619585687382, 0.6129943502824858, 0.6657250470809792, 0.6619585687382298, 0.6252354048964218, 0.6129943502824858, 0.7909604519774012, 0.7702448210922788, 0.7608286252354048, 0.7815442561205274, 0.7203389830508474, 0.7947269303201506, 0.7212806026365348, 0.800376647834275, 0.7080979284369114, 0.696798493408663, 0.7231638418079096, 0.6760828625235404, 0.6902071563088512, 0.6666666666666666, 0.6393596986817326, 0.660075329566855, 0.6318267419962336, 0.6224105461393596, 0.6290018832391714, 0.6685499058380414, 0.6497175141242938, 0.672316384180791, 0.6016949152542372, 0.5866290018832392, 0.5819209039548022, 0.591337099811676, 0.6431261770244822, 0.5809792843691148, 0.632768361581921, 0.6299435028248588, 0.5894538606403014, 0.5819209039548022, 0.571563088512241, 0.5743879472693032, 0.5743879472693032, 0.632768361581921, 0.655367231638418, 0.588512241054614, 0.576271186440678, 0.5743879472693032, 0.5753295668549906, 0.5894538606403014, 0.6290018832391714, 0.6195856873822976, 0.5809792843691148, 0.5781544256120528, 0.5951035781544256, 0.5941619585687382, 0.596045197740113, 0.6657250470809792, 0.620527306967985, 0.6101694915254238, 0.620527306967985, 0.6346516007532956, 0.6694915254237288, 0.6629001883239172, 0.6534839924670434, 0.6393596986817326, 0.6393596986817326, 0.64030131826742, 0.6713747645951036, 0.6939736346516008, 0.6544256120527306, 0.6064030131826742, 0.53954802259887, 0.5188323917137476, 0.4971751412429379, 0.5018832391713748, 0.5, 0.4952919020715631, 0.5028248587570622, 0.4952919020715631, 0.4839924670433145, 0.23469868173258004, 0.0024423258003766477, 0.0006510416666666666], "avg_mem": [0.014366764275256223, 0.01667734260614934, 0.019216691068814056, 0.02392935578330893, 0.024203879941434848, 0.02388360175695461, 0.024066617862371888, 0.024158125915080528, 0.02511896046852123, 0.024386896046852125, 0.024615666178623718, 0.024752928257686678, 0.02452415812591508, 0.02392935578330893, 0.024341142020497804, 0.023746339677891654, 0.02443265007320644, 0.02447840409956076, 0.02447840409956076, 0.024249633967789164, 0.024615666178623718, 0.024935944363103955, 0.024935944363103955, 0.024112371888726208, 0.02452415812591508, 0.024112371888726208, 0.024158125915080528, 0.02402086383601757, 0.02452415812591508, 0.024707174231332358, 0.02447840409956076, 0.024844436310395315, 0.024615666178623718, 0.024615666178623718, 0.024249633967789164, 0.023746339677891654, 0.023746339677891654, 0.02447840409956076, 0.024615666178623718, 0.024615666178623718, 0.024615666178623718, 0.02447840409956076, 0.024203879941434848, 0.024066617862371888, 0.024203879941434848, 0.024341142020497804, 0.024066617862371888, 0.024203879941434848, 0.024752928257686678, 0.024295387994143484, 0.02452415812591508, 0.024249633967789164, 0.024341142020497804, 0.02392935578330893, 0.02388360175695461, 0.024615666178623718, 0.024158125915080528, 0.02443265007320644, 0.024112371888726208, 0.02388360175695461, 0.024890190336749635, 0.023792093704245974, 0.024249633967789164, 0.027635431918008786, 0.024707174231332358, 0.024112371888726208, 0.02443265007320644, 0.024112371888726208, 0.024066617862371888, 0.024066617862371888, 0.025164714494875548, 0.024386896046852125, 0.02452415812591508, 0.02447840409956076, 0.024386896046852125, 0.0245699121522694, 0.024066617862371888, 0.02392935578330893, 0.02443265007320644, 0.024158125915080528, 0.024341142020497804, 0.02397510980966325, 0.024295387994143484, 0.02402086383601757, 0.02443265007320644, 0.024112371888726208, 0.02285413616398243, 0.020154648609077598, 0.00014298133235724744]}