{"time": [530.0, 530.0, 531.0, 531.0, 532.0, 533.0, 534.0, 535.0, 536.0, 537.0, 538.0, 539.0, 540.0, 540.0, 541.0, 542.0, 543.0, 544.0, 545.0, 546.0, 547.0, 548.0, 549.0, 550.0, 551.0, 552.0, 553.0, 554.0, 555.0, 556.0, 556.0, 557.0, 558.0, 559.0, 560.0, 561.0, 562.0, 563.0, 564.0, 565.0, 566.0, 567.0, 568.0, 569.0, 570.0, 571.0, 571.0, 572.0, 572.0, 572.0, 577.0, 578.0, 579.0, 580.0, 581.0, 582.0, 583.0, 584.0, 585.0, 586.0, 587.0, 588.0, 589.0, 590.0, 591.0, 592.0, 593.0, 594.0, 595.0, 596.0, 597.0, 598.0, 599.0, 600.0, 601.0, 602.0, 603.0, 604.0, 605.0, 606.0, 607.0, 608.0, 609.0, 610.0, 611.0, 612.0, 613.0, 614.0, 615.0, 615.0, 616.0, 617.0, 618.0, 619.0, 620.0, 621.0, 622.0, 623.0, 624.0, 625.0, 626.0, 627.0, 628.0, 629.0, 630.0, 631.0, 632.0, 633.0, 634.0, 635.0, 636.0, 637.0, 638.0, 639.0, 640.0, 641.0, 642.0, 643.0, 644.0, 645.0, 646.0, 647.0, 648.0, 649.0, 650.0, 651.0, 652.0, 653.0, 654.0, 655.0, 656.0, 657.0, 658.0, 659.0, 660.0, 661.0, 662.0, 662.0, 663.0, 663.0, 663.0], "avg_cpu": [0.25, 0.5858085808580858, 0.5594059405940595, 0.5577557755775577, 0.5726072607260726, 0.5552805280528053, 0.5602310231023102, 0.5676567656765676, 0.566006600660066, 0.5618811881188119, 0.5214521452145214, 0.5338283828382838, 0.6113861386138614, 0.5808580858085809, 0.5726072607260726, 0.5288778877887789, 0.5288778877887789, 0.5495049504950495, 0.5495049504950495, 0.5396039603960396, 0.5429042904290429, 0.5635313531353136, 0.5453795379537953, 0.5478547854785478, 0.5305280528052805, 0.5470297029702971, 0.5363036303630363, 0.5247524752475248, 0.5808580858085809, 0.5808580858085809, 0.5924092409240924, 0.5437293729372937, 0.5313531353135313, 0.6452145214521452, 0.5998349834983498, 0.5973597359735974, 0.5882838283828383, 0.5882838283828383, 0.5684818481848185, 0.5627062706270627, 0.5544554455445545, 0.5627062706270627, 0.5924092409240924, 0.5676567656765676, 0.5734323432343235, 0.5107260726072608, 0.4521452145214521, 0.4397689768976898, 0.0006945518770627063, 0.0, 0.6146864686468647, 0.6221122112211221, 0.5668316831683168, 0.5841584158415841, 0.6138613861386139, 0.5866336633663366, 0.5948844884488449, 0.5948844884488449, 0.5948844884488449, 0.5915841584158416, 0.5874587458745875, 0.5808580858085809, 0.5924092409240924, 0.6047854785478548, 0.5816831683168316, 0.5973597359735974, 0.5858085808580858, 0.5775577557755776, 0.5932343234323433, 0.5874587458745875, 0.5684818481848185, 0.5627062706270627, 0.5808580858085809, 0.5981848184818482, 0.6056105610561056, 0.5899339933993399, 0.570957095709571, 0.58003300330033, 0.5957095709570958, 0.5651815181518152, 0.5684818481848185, 0.5618811881188119, 0.5627062706270627, 0.5635313531353136, 0.5354785478547854, 0.551980198019802, 0.5470297029702971, 0.6122112211221122, 0.5404290429042904, 0.6064356435643564, 0.6089108910891089, 0.6410891089108911, 0.5858085808580858, 0.5948844884488449, 0.6303630363036303, 0.5957095709570958, 0.6245874587458746, 0.6435643564356436, 0.636963696369637, 0.6212871287128713, 0.6287128712871287, 0.6196369636963697, 0.608085808580858, 0.5981848184818482, 0.6171617161716172, 0.6311881188118812, 0.6064356435643564, 0.6311881188118812, 0.6501650165016502, 0.6336633663366337, 0.6320132013201321, 0.6105610561056105, 0.6551155115511551, 0.6707920792079208, 0.6575907590759076, 0.6336633663366337, 0.641914191419142, 0.6245874587458746, 0.6254125412541254, 0.6287128712871287, 0.6295379537953796, 0.6064356435643564, 0.6163366336633663, 0.6353135313531353, 0.6047854785478548, 0.6196369636963697, 0.6047854785478548, 0.6806930693069307, 0.8745874587458746, 0.6963696369636964, 0.6353135313531353, 0.6344884488448845, 0.5750825082508251, 0.6691419141914191, 0.6014851485148515, 0.6377887788778878, 0.6427392739273927, 0.6311881188118812, 0.6221122112211221, 0.0, 0.0], "avg_mem": [0.010969527818448023, 0.042642752562225474, 0.0381588579795022, 0.040812591508052706, 0.04474743777452416, 0.042230966325036604, 0.04076683748169839, 0.0426885065885798, 0.04163616398243045, 0.04145314787701318, 0.04296303074670571, 0.04204795021961932, 0.042825768667642754, 0.03706076134699854, 0.043420571010248904, 0.04085834553440703, 0.04387811127379209, 0.039714494875549046, 0.04305453879941435, 0.04076683748169839, 0.04415263543191801, 0.04072108345534407, 0.04026354319180088, 0.04191068814055637, 0.04168191800878477, 0.04044655929721815, 0.04053806734992679, 0.04136163982430454, 0.04136163982430454, 0.04067532942898975, 0.046120058565153735, 0.04168191800878477, 0.04053806734992679, 0.04236822840409956, 0.041819180087847733, 0.042230966325036604, 0.04209370424597365, 0.04172767203513909, 0.04213945827232796, 0.041819180087847733, 0.04213945827232796, 0.042230966325036604, 0.04236822840409956, 0.04213945827232796, 0.0410413616398243, 0.04072108345534407, 0.038021595900439235, 0.03134150805270864, 0.00043752287701317717, 0.00022591050512445096, 0.026445827232796485, 0.044015373352855054, 0.04428989751098097, 0.04428989751098097, 0.04136163982430454, 0.04255124450951684, 0.04410688140556369, 0.0410413616398243, 0.042642752562225474, 0.041819180087847733, 0.04319180087847731, 0.04159040995607614, 0.04113286969253294, 0.043237554904831624, 0.043740849194729134, 0.04227672035139092, 0.04154465592972181, 0.0410413616398243, 0.04785871156661786, 0.045433748169838944, 0.04351207906295754, 0.04305453879941435, 0.04241398243045388, 0.042230966325036604, 0.042734260614934114, 0.043329062957540264, 0.0426885065885798, 0.04470168374816984, 0.04328330893118595, 0.04204795021961932, 0.04337481698389458, 0.04296303074670571, 0.04113286969253294, 0.03994326500732064, 0.04067532942898975, 0.04465592972181552, 0.04241398243045388, 0.0426885065885798, 0.04355783308931186, 0.044335651537335284, 0.04355783308931186, 0.04474743777452416, 0.04470168374816984, 0.04387811127379209, 0.042322474377745244, 0.044335651537335284, 0.044244143484626644, 0.04213945827232796, 0.044244143484626644, 0.045937042459736455, 0.04278001464128843, 0.04369509516837482, 0.044518667642752564, 0.04259699853587116, 0.04200219619326501, 0.04328330893118595, 0.043740849194729134, 0.04360358711566618, 0.0426885065885798, 0.04351207906295754, 0.04387811127379209, 0.04396961932650073, 0.042825768667642754, 0.04387811127379209, 0.04570827232796486, 0.04287152269399707, 0.04204795021961932, 0.04406112737920937, 0.04474743777452416, 0.042917276720351394, 0.044427159590043924, 0.04218521229868229, 0.04227672035139092, 0.04415263543191801, 0.046714860907759885, 0.04305453879941435, 0.04538799414348463, 0.04566251830161054, 0.043923865300146414, 0.042642752562225474, 0.04296303074670571, 0.043420571010248904, 0.043420571010248904, 0.04360358711566618, 0.04209370424597365, 0.043237554904831624, 0.04415263543191801, 0.0457997803806735, 0.045113469985358715, 0.0005090135431918009, 0.00033743594436310396]}