{"time": [3467.0, 3468.0, 3469.0, 3470.0, 3471.0, 3472.0, 3473.0, 3474.0, 3475.0, 3476.0, 3477.0, 3478.0, 3479.0, 3480.0, 3481.0, 3482.0, 3482.0, 3483.0, 3484.0, 3485.0, 3486.0, 3487.0, 3488.0, 3489.0, 3490.0, 3491.0, 3492.0, 3493.0, 3494.0, 3495.0, 3496.0, 3497.0, 3498.0, 3499.0, 3500.0, 3501.0, 3502.0, 3502.0, 3503.0, 3504.0, 3505.0, 3506.0, 3507.0, 3508.0, 3509.0, 3510.0, 3511.0, 3511.0, 3512.0, 3513.0, 3514.0, 3515.0, 3516.0, 3517.0, 3518.0, 3519.0, 3520.0, 3521.0, 3522.0, 3523.0, 3524.0, 3525.0, 3526.0, 3527.0, 3528.0, 3529.0, 3530.0, 3531.0, 3532.0, 3533.0, 3534.0, 3535.0, 3536.0, 3537.0, 3538.0, 3539.0, 3540.0, 3541.0, 3542.0, 3542.0, 3543.0, 3544.0, 3545.0, 3546.0, 3547.0, 3548.0, 3549.0, 3550.0, 3551.0, 3552.0, 3553.0, 3554.0, 3554.0, 3555.0, 3556.0, 3557.0, 3558.0, 3559.0, 3560.0, 3561.0, 3562.0, 3563.0, 3564.0, 3565.0, 3566.0, 3567.0, 3568.0, 3569.0, 3570.0, 3571.0, 3572.0, 3573.0, 3574.0, 3575.0, 3576.0, 3577.0, 3578.0, 3578.0, 3579.0, 3580.0, 3581.0, 3582.0, 3583.0, 3584.0, 3584.0, 3585.0, 3586.0, 3587.0, 3588.0, 3589.0, 3590.0, 3591.0, 3592.0, 3593.0, 3594.0, 3595.0, 3596.0, 3597.0, 3598.0, 3599.0, 3600.0, 3601.0, 3602.0, 3603.0, 3604.0, 3605.0, 3606.0, 3607.0, 3608.0, 3609.0, 3610.0, 3611.0, 3612.0, 3613.0, 3614.0, 3615.0, 3616.0, 3617.0, 3618.0, 3619.0, 3620.0, 3621.0, 3622.0, 3623.0, 3624.0, 3625.0, 3626.0, 3627.0, 3628.0, 3629.0, 3630.0, 3631.0, 3632.0, 3633.0, 3634.0, 3635.0, 3636.0, 3637.0, 3638.0, 3639.0, 3640.0, 3641.0, 3642.0, 3643.0, 3644.0, 3645.0, 3646.0, 3647.0, 3648.0, 3649.0, 3650.0, 3652.0, 3653.0, 3654.0, 3655.0, 3657.0, 3658.0, 3658.0, 3659.0, 3659.0, 3659.0, 3659.0, 3659.0, 3660.0, 3661.0, 3662.0, 3663.0, 3664.0, 3665.0, 3666.0, 3667.0, 3668.0, 3669.0, 3670.0, 3671.0, 3672.0, 3673.0, 3674.0, 3675.0, 3676.0, 3677.0, 3678.0, 3679.0, 3680.0, 3681.0, 3682.0, 3683.0, 3684.0, 3685.0, 3686.0, 3687.0, 3688.0, 3689.0, 3690.0, 3691.0, 3692.0, 3693.0, 3694.0, 3695.0, 3696.0, 3697.0, 3698.0, 3699.0, 3700.0, 3701.0, 3702.0, 3703.0, 3704.0, 3705.0, 3706.0, 3707.0, 3708.0, 3709.0, 3710.0, 3711.0, 3712.0, 3713.0, 3714.0, 3715.0, 3716.0, 3717.0, 3718.0, 3719.0, 3720.0, 3721.0, 3722.0, 3723.0, 3724.0, 3725.0, 3726.0, 3727.0, 3728.0, 3729.0, 3730.0, 3731.0, 3732.0, 3733.0, 3734.0, 3735.0, 3736.0, 3737.0, 3738.0, 3739.0, 3740.0, 3741.0, 3742.0, 3743.0, 3744.0, 3745.0, 3746.0, 3747.0, 3748.0, 3749.0, 3750.0, 3751.0, 3752.0, 3753.0, 3754.0, 3755.0, 3756.0, 3757.0, 3758.0, 3759.0, 3760.0, 3760.0], "avg_cpu": [0.06054042904290429, 0.28135313531353134, 0.5808580858085809, 0.5734323432343235, 0.6386138613861386, 0.6658415841584159, 0.6674917491749175, 0.7458745874587459, 0.7128712871287128, 0.6996699669966997, 0.7178217821782178, 0.7079207920792079, 0.7095709570957096, 0.6963696369636964, 0.7046204620462047, 0.698019801980198, 0.6856435643564357, 0.6740924092409241, 0.6716171617161716, 0.6831683168316832, 0.6815181518151815, 0.6773927392739274, 0.6823432343234324, 0.6798679867986799, 0.679042904290429, 0.679042904290429, 0.6740924092409241, 0.6707920792079208, 0.6798679867986799, 0.6716171617161716, 0.6749174917491749, 0.6782178217821783, 0.679042904290429, 0.6773927392739274, 0.6806930693069307, 0.6782178217821783, 0.41254125412541254, 1.0445544554455446, 0.6773927392739274, 0.6749174917491749, 0.679042904290429, 0.6798679867986799, 0.7145214521452146, 0.693069306930693, 0.7557755775577558, 0.6897689768976898, 0.6394389438943895, 0.8184818481848185, 0.6732673267326733, 0.6757425742574258, 0.6905940594059405, 0.6707920792079208, 0.7112211221122112, 0.6757425742574258, 0.6864686468646864, 0.7054455445544554, 0.6897689768976898, 0.6625412541254125, 0.6551155115511551, 0.6031353135313532, 0.4315181518151815, 0.31518151815181517, 0.5536303630363036, 0.452970297029703, 0.42244224422442245, 0.46204620462046203, 0.31724422442244227, 0.40387788778877887, 0.25742574257425743, 0.49422442244224424, 0.4265676567656766, 0.5783828382838284, 0.452970297029703, 0.4628712871287129, 0.6146864686468647, 0.6592409240924092, 0.665016501650165, 0.6856435643564357, 0.584983498349835, 0.7037953795379538, 0.6707920792079208, 0.6955445544554455, 0.6749174917491749, 0.6683168316831684, 0.7351485148514851, 0.6963696369636964, 0.6724422442244224, 0.6914191419141914, 0.6749174917491749, 0.6749174917491749, 0.6782178217821783, 0.6402640264026402, 0.7054455445544554, 0.6848184818481848, 0.6707920792079208, 0.683993399339934, 0.6773927392739274, 0.6740924092409241, 0.679042904290429, 0.6740924092409241, 0.6740924092409241, 0.6757425742574258, 0.6691419141914191, 0.6823432343234324, 0.6691419141914191, 0.6757425742574258, 0.66996699669967, 0.6740924092409241, 0.6864686468646864, 0.6765676567656765, 0.6716171617161716, 0.6691419141914191, 0.6848184818481848, 0.6757425742574258, 0.6575907590759076, 0.6922442244224423, 0.7029702970297029, 0.801980198019802, 0.6881188118811881, 0.5338283828382838, 0.46204620462046203, 0.5882838283828383, 0.5396039603960396, 0.6740924092409241, 0.7054455445544554, 0.6518151815181518, 0.6031353135313532, 0.5717821782178217, 0.5676567656765676, 0.6757425742574258, 0.6485148514851485, 0.66996699669967, 0.6254125412541254, 0.43234323432343236, 0.5264026402640264, 0.6212871287128713, 0.6204620462046204, 0.6287128712871287, 0.5107260726072608, 0.6551155115511551, 0.6600660066006601, 0.6740924092409241, 0.6823432343234324, 0.6831683168316832, 0.6864686468646864, 0.6872937293729373, 0.6988448844884488, 0.683993399339934, 0.6889438943894389, 0.6666666666666666, 0.6740924092409241, 0.6848184818481848, 0.6782178217821783, 0.556930693069307, 0.6014851485148515, 0.6468646864686468, 0.6328382838283828, 0.6452145214521452, 0.6476897689768977, 0.551980198019802, 0.6105610561056105, 0.6534653465346535, 0.6971947194719472, 0.7079207920792079, 0.7004950495049505, 0.679042904290429, 0.6889438943894389, 0.7021452145214522, 0.7054455445544554, 0.7021452145214522, 0.7054455445544554, 0.7046204620462047, 0.6922442244224423, 0.7037953795379538, 0.6963696369636964, 0.7029702970297029, 0.6996699669966997, 0.6938943894389439, 0.6658415841584159, 0.7846534653465347, 0.6996699669966997, 0.6922442244224423, 0.7112211221122112, 0.6996699669966997, 0.6963696369636964, 0.6922442244224423, 0.7062706270627063, 0.6947194719471947, 0.7277227722772277, 0.698019801980198, 0.6947194719471947, 0.0, 0.5651815181518152, 0.2110148514851485, 1.6584158415841583, 0.493801652892562, 0.5261707988980716, 0.0, 0.540633608815427, 2.419141914191419, 3.3432343234323434, 0.004628197194719472, 0.0, 0.5612947658402204, 0.5509641873278237, 0.5433884297520661, 0.5571625344352618, 0.559228650137741, 0.559228650137741, 0.5612947658402204, 0.571625344352617, 0.5606060606060606, 0.5750688705234159, 0.5695592286501377, 0.559228650137741, 0.5633608815426997, 0.5619834710743802, 0.5495867768595041, 0.5860881542699724, 0.5668044077134986, 0.5681818181818182, 0.5550964187327824, 0.5606060606060606, 0.5668044077134986, 0.5674931129476584, 0.5709366391184573, 0.5606060606060606, 0.5661157024793388, 0.5743801652892562, 0.571625344352617, 0.5674931129476584, 0.5681818181818182, 0.571625344352617, 0.5640495867768595, 0.5798898071625345, 0.5612947658402204, 0.5606060606060606, 0.5654269972451791, 0.5730027548209367, 0.5647382920110193, 0.5544077134986226, 0.5702479338842975, 0.5668044077134986, 0.5771349862258953, 0.5606060606060606, 0.5681818181818182, 0.5633608815426997, 0.5626721763085399, 0.5833333333333334, 0.5750688705234159, 0.6060606060606061, 0.5578512396694215, 0.5585399449035813, 0.553030303030303, 0.5557851239669421, 0.5523415977961432, 0.5557851239669421, 0.5578512396694215, 0.5557851239669421, 0.5599173553719008, 0.5509641873278237, 0.5640495867768595, 0.568870523415978, 0.6026170798898072, 0.5668044077134986, 0.5702479338842975, 0.5674931129476584, 0.5509641873278237, 0.581267217630854, 0.568870523415978, 0.5743801652892562, 0.5798898071625345, 0.5853994490358126, 0.5853994490358126, 0.5578512396694215, 0.5612947658402204, 0.5599173553719008, 0.553030303030303, 0.5578512396694215, 0.5606060606060606, 