{"time": [530.0, 530.0, 531.0, 531.0, 532.0, 533.0, 534.0, 535.0, 536.0, 537.0, 538.0, 539.0, 540.0, 540.0, 541.0, 542.0, 543.0, 544.0, 545.0, 546.0, 547.0, 548.0, 549.0, 550.0, 551.0, 552.0, 553.0, 554.0, 555.0, 556.0, 556.0, 557.0, 558.0, 559.0, 560.0, 561.0, 562.0, 563.0, 564.0, 565.0, 566.0, 567.0, 568.0, 569.0, 570.0, 571.0, 571.0, 572.0, 572.0, 572.0, 578.0, 579.0, 580.0, 581.0, 582.0, 583.0, 584.0, 585.0, 586.0, 587.0, 588.0, 589.0, 590.0, 591.0, 592.0, 593.0, 594.0, 595.0, 596.0, 597.0, 598.0, 599.0, 600.0, 601.0, 602.0, 603.0, 604.0, 605.0, 606.0, 607.0, 608.0, 609.0, 610.0, 611.0, 612.0, 613.0, 614.0, 615.0, 616.0, 617.0, 618.0, 619.0, 620.0, 621.0, 622.0, 623.0, 624.0, 625.0, 626.0, 626.0, 627.0, 628.0, 629.0, 630.0, 631.0, 632.0, 633.0, 634.0, 635.0, 636.0, 637.0, 638.0, 639.0, 640.0, 641.0, 642.0, 643.0, 644.0, 645.0, 646.0, 647.0, 648.0, 649.0, 650.0, 651.0, 652.0, 653.0, 653.0, 653.0, 653.0], "avg_cpu": [0.23391089108910892, 0.5882838283828383, 0.5932343234323433, 0.5445544554455446, 0.5585808580858086, 0.5346534653465347, 0.5643564356435643, 0.5437293729372937, 0.5734323432343235, 0.5511551155115512, 0.5321782178217822, 0.5816831683168316, 0.5412541254125413, 0.4801980198019802, 0.6105610561056105, 0.6295379537953796, 0.641914191419142, 0.5552805280528053, 0.5775577557755776, 0.599009900990099, 0.5775577557755776, 0.5610561056105611, 0.5651815181518152, 0.5676567656765676, 0.5866336633663366, 0.5552805280528053, 0.5825082508250825, 0.584983498349835, 0.5445544554455446, 0.5759075907590759, 0.5899339933993399, 0.5594059405940595, 0.5627062706270627, 0.6014851485148515, 0.5561056105610561, 0.5635313531353136, 0.5651815181518152, 0.5808580858085809, 0.5899339933993399, 0.5684818481848185, 0.5693069306930693, 0.5668316831683168, 0.5643564356435643, 0.599009900990099, 0.6089108910891089, 0.5239273927392739, 0.5, 0.5074257425742574, 0.03125, 0.0, 0.5099009900990099, 0.5577557755775577, 0.5412541254125413, 0.5255775577557755, 0.5198019801980198, 0.5503300330033003, 0.5767326732673267, 0.5792079207920792, 0.570957095709571, 0.5858085808580858, 0.566006600660066, 0.5470297029702971, 0.5792079207920792, 0.5396039603960396, 0.556930693069307, 0.5577557755775577, 0.5363036303630363, 0.5321782178217822, 0.5726072607260726, 0.5924092409240924, 0.5132013201320133, 0.5470297029702971, 0.5429042904290429, 0.5528052805280528, 0.5693069306930693, 0.570957095709571, 0.5767326732673267, 0.5528052805280528, 0.5165016501650165, 0.5264026402640264, 0.509075907590759, 0.509075907590759, 0.5181518151815182, 0.5255775577557755, 0.533003300330033, 0.5404290429042904, 0.5363036303630363, 0.5222772277227723, 0.5552805280528053, 0.5066006600660066, 0.5313531353135313, 0.5165016501650165, 0.5272277227722773, 0.5255775577557755, 0.5536303630363036, 0.5165016501650165, 0.5255775577557755, 0.5882838283828383, 0.5618811881188119, 0.6031353135313532, 0.58003300330033, 0.6047854785478548, 0.5882838283828383, 0.5825082508250825, 0.6105610561056105, 0.6097359735973598, 0.5841584158415841, 0.566006600660066, 0.5684818481848185, 0.5816831683168316, 0.5808580858085809, 0.5610561056105611, 0.58003300330033, 0.6089108910891089, 0.599009900990099, 0.6138613861386139, 0.5643564356435643, 0.5552805280528053, 0.5907590759075908, 0.594059405940594, 0.6254125412541254, 0.6320132013201321, 0.5734323432343235, 0.5528052805280528, 0.5544554455445545, 0.5462046204620462, 0.5346534653465347, 0.594059405940594, 0.07951732673267327, 0.0], "avg_mem": [0.012536603221083456, 0.05069546120058565, 0.04520497803806735, 0.04287152269399707, 0.04515922401171303, 0.044244143484626644, 0.04296303074670571, 0.04406112737920937, 0.04694363103953148, 0.04415263543191801, 0.04547950219619327, 0.04525073206442167, 0.04419838945827233, 0.042230966325036604, 0.04479319180087848, 0.04474743777452416, 0.04310029282576867, 0.04259699853587116, 0.04351207906295754, 0.043237554904831624, 0.044427159590043924, 0.04310029282576867, 0.04236822840409956, 0.046440336749633965, 0.04447291361639824, 0.04447291361639824, 0.04287152269399707, 0.045113469985358715, 0.0426885065885798, 0.04337481698389458, 0.04351207906295754, 0.044518667642752564, 0.04538799414348463, 0.043832357247437774, 0.04447291361639824, 0.044244143484626644, 0.043740849194729134, 0.043329062957540264, 0.044427159590043924, 0.04213945827232796, 0.043740849194729134, 0.04387811127379209, 0.04529648609077599, 0.04438140556368961, 0.043420571010248904, 0.042322474377745244, 0.03738103953147877, 0.04195644216691069, 0.0004089266105417277, 0.00026594527818448024, 0.04241398243045388, 0.04163616398243045, 0.04474743777452416, 0.04154465592972181, 0.040995607613469986, 0.04117862371888726, 0.041407393850658857, 0.0426885065885798, 0.04012628111273792, 0.0410413616398243, 0.0426885065885798, 0.04300878477306003, 0.0446101756954612, 0.04076683748169839, 0.04094985358711566, 0.04177342606149341, 0.0424597364568082, 0.04136163982430454, 0.04191068814055637, 0.04209370424597365, 0.042917276720351394, 0.04168191800878477, 0.043237554904831624, 0.04017203513909224, 0.04076683748169839, 0.04172767203513909, 0.04163616398243045, 0.04094985358711566, 0.04213945827232796, 0.04209370424597365, 0.04278001464128843, 0.03838762811127379, 0.04186493411420205, 0.04250549048316252, 0.04085834553440703, 0.04209370424597365, 0.04360358711566618, 0.04378660322108346, 0.04300878477306003, 0.0424597364568082, 0.04067532942898975, 0.0410413616398243, 0.04122437774524158, 0.04076683748169839, 0.04296303074670571, 0.04003477306002928, 0.04177342606149341, 0.04337481698389458, 0.0424597364568082, 0.03948572474377745, 0.042322474377745244, 0.04213945827232796, 0.041407393850658857, 0.04172767203513909, 0.04191068814055637, 0.041819180087847733, 0.04122437774524158, 0.04154465592972181, 0.0410413616398243, 0.041407393850658857, 0.04319180087847731, 0.04227672035139092, 0.04204795021961932, 0.04209370424597365, 0.04172767203513909, 0.04122437774524158, 0.042825768667642754, 0.04122437774524158, 0.04159040995607614, 0.04094985358711566, 0.04278001464128843, 0.043329062957540264, 0.04154465592972181, 0.039714494875549046, 0.045342240117130304, 0.04479319180087848, 0.04849926793557833, 0.046531844802342605, 0.0005633464494875549, 0.0002344893850658858]}