{"time": [1719.0, 1720.0, 1720.0, 1720.0, 1721.0, 1721.0, 1722.0, 1723.0, 1724.0, 1725.0, 1726.0, 1727.0, 1727.0, 1728.0, 1729.0, 1729.0, 1730.0, 1731.0, 1732.0, 1732.0, 1733.0, 1734.0, 1735.0, 1736.0, 1737.0, 1738.0, 1738.0, 1739.0, 1740.0, 1741.0, 1742.0, 1743.0, 1744.0, 1745.0, 1746.0, 1747.0, 1748.0, 1749.0, 1750.0, 1751.0, 1752.0, 1753.0, 1754.0, 1755.0, 1756.0, 1757.0, 1758.0, 1759.0, 1760.0, 1761.0, 1762.0, 1763.0, 1764.0, 1765.0, 1766.0, 1767.0, 1768.0, 1769.0, 1770.0, 1771.0, 1772.0, 1773.0, 1774.0, 1775.0, 1776.0, 1777.0, 1778.0, 1779.0, 1780.0, 1781.0, 1782.0, 1783.0, 1784.0, 1785.0, 1786.0, 1787.0, 1788.0, 1789.0, 1790.0, 1791.0, 1792.0, 1793.0, 1794.0, 1795.0, 1796.0, 1797.0, 1798.0, 1799.0, 1800.0, 1800.0, 1800.0, 1800.0], "avg_cpu": [0.007258147689768977, 0.1745049504950495, 0.20565181518151815, 0.18523102310231024, 0.23556105610561057, 0.3485973597359736, 0.35932343234323433, 0.2995049504950495, 0.33457095709570955, 0.37541254125412543, 0.47112211221122113, 0.47277227722772275, 0.5511551155115512, 0.4867986798679868, 0.4760726072607261, 0.5107260726072608, 0.5635313531353136, 0.5643564356435643, 0.5173267326732673, 0.5264026402640264, 0.5222772277227723, 0.5453795379537953, 0.5346534653465347, 0.5767326732673267, 0.6179867986798679, 0.6394389438943895, 0.6089108910891089, 0.5594059405940595, 0.5915841584158416, 0.5973597359735974, 0.6163366336633663, 0.6179867986798679, 0.5825082508250825, 0.5858085808580858, 0.5891089108910891, 0.5882838283828383, 0.5924092409240924, 0.599009900990099, 0.5420792079207921, 0.5915841584158416, 0.6278877887788779, 0.5957095709570958, 0.5684818481848185, 0.5841584158415841, 0.5635313531353136, 0.5792079207920792, 0.570957095709571, 0.5833333333333334, 0.5684818481848185, 0.6056105610561056, 0.5998349834983498, 0.6122112211221122, 0.5907590759075908, 0.5792079207920792, 0.5792079207920792, 0.5618811881188119, 0.5866336633663366, 0.5701320132013201, 0.5676567656765676, 0.5495049504950495, 0.5767326732673267, 0.608085808580858, 0.6188118811881188, 0.6163366336633663, 0.6864686468646864, 0.6155115511551155, 0.6534653465346535, 0.5775577557755776, 0.5899339933993399, 0.5924092409240924, 0.5783828382838284, 0.6056105610561056, 0.5998349834983498, 0.584983498349835, 0.5841584158415841, 0.5874587458745875, 0.6188118811881188, 0.5973597359735974, 0.5734323432343235, 0.5684818481848185, 0.5610561056105611, 0.5874587458745875, 0.5924092409240924, 0.6014851485148515, 0.584983498349835, 0.6196369636963697, 0.6171617161716172, 0.6518151815181518, 0.2693894389438944, 0.000578524649339934, 0.0078125, 0.0002884565800330033], "avg_mem": [0.0018530380673499268, 0.009619784040995607, 0.00891059663250366, 0.0089449121522694, 0.008521687408491947, 0.00892203513909224, 0.008761896046852123, 0.008739019033674963, 0.008704703513909224, 0.008784773060029283, 0.00892203513909224, 0.009082174231332358, 0.008956350658857979, 0.009002104685212299, 0.009024981698389459, 0.009093612737920937, 0.009002104685212299, 0.009047858711566617, 0.008819088579795022, 0.0088877196193265, 0.008784773060029283, 0.008899158125915081, 0.010077324304538799, 0.009059297218155198, 0.009242313323572475, 0.0089449121522694, 0.009002104685212299, 0.0088877196193265, 0.009139366764275255, 0.008876281112737921, 0.009024981698389459, 0.00893347364568082, 0.009024981698389459, 0.008899158125915081, 0.00893347364568082, 0.009059297218155198, 0.009002104685212299, 0.009173682284040996, 0.008807650073206443, 0.008807650073206443, 0.0088877196193265, 0.0089449121522694, 0.0089449121522694, 0.009013543191800878, 0.009059297218155198, 0.009013543191800878, 0.009024981698389459, 0.008807650073206443, 0.009013543191800878, 0.009013543191800878, 0.009059297218155198, 0.009082174231332358, 0.00891059663250366, 0.00892203513909224, 0.009024981698389459, 0.009024981698389459, 0.009013543191800878, 0.008841965592972182, 0.009002104685212299, 0.009047858711566617, 0.009002104685212299, 0.009162243777452415, 0.008979227672035139, 0.008876281112737921, 0.009002104685212299, 0.009002104685212299, 0.0088877196193265, 0.009002104685212299, 0.0089449121522694, 0.00893347364568082, 0.008956350658857979, 0.008899158125915081, 0.008716142020497804, 0.008956350658857979, 0.0088877196193265, 0.0089449121522694, 0.008841965592972182, 0.008841965592972182, 0.00893347364568082, 0.009162243777452415, 0.00892203513909224, 0.009024981698389459, 0.009253751830161054, 0.009070735724743777, 0.008979227672035139, 0.00896778916544656, 0.009002104685212299, 0.009116489751098097, 0.008087024158125915, 0.0071605051244509514, 0.007149066617862372, 7.435029282576867e-05]}