{"time": [1718.0, 1719.0, 1719.0, 1719.0, 1719.0, 1720.0, 1720.0, 1720.0, 1721.0, 1722.0, 1722.0, 1723.0, 1724.0, 1725.0, 1726.0, 1727.0, 1728.0, 1729.0, 1730.0, 1731.0, 1732.0, 1733.0, 1734.0, 1735.0, 1736.0, 1737.0, 1738.0, 1739.0, 1740.0, 1741.0, 1742.0, 1743.0, 1744.0, 1745.0, 1746.0, 1747.0, 1748.0, 1749.0, 1750.0, 1751.0, 1752.0, 1753.0, 1754.0, 1755.0, 1756.0, 1757.0, 1758.0, 1759.0, 1760.0, 1761.0, 1762.0, 1763.0, 1764.0, 1765.0, 1766.0, 1767.0, 1768.0, 1769.0, 1770.0, 1771.0, 1772.0, 1773.0, 1774.0, 1775.0, 1776.0, 1777.0, 1778.0, 1779.0, 1780.0, 1781.0, 1782.0, 1783.0, 1784.0, 1785.0, 1786.0, 1787.0, 1788.0, 1789.0, 1790.0, 1791.0, 1792.0, 1793.0, 1794.0, 1795.0, 1796.0, 1797.0, 1798.0, 1799.0, 1800.0, 1800.0, 1800.0, 1800.0], "avg_cpu": [0.13589015151515152, 0.4671717171717172, 0.4375, 0.44886363636363635, 0.3888888888888889, 0.36742424242424243, 0.39204545454545453, 0.48926767676767674, 0.4090909090909091, 0.45265151515151514, 0.6275252525252525, 0.6098484848484849, 0.5688131313131313, 0.601010101010101, 0.6439393939393939, 0.6136363636363636, 0.6256313131313131, 0.6755050505050505, 0.6281565656565656, 0.6805555555555556, 0.5909090909090909, 0.6628787878787878, 0.6603535353535354, 0.5928030303030303, 0.6111111111111112, 0.6363636363636364, 0.5978535353535354, 0.625, 0.5808080808080808, 0.5334595959595959, 0.610479797979798, 0.5549242424242424, 0.6029040404040404, 0.5220959595959596, 0.615530303030303, 0.6313131313131313, 0.6540404040404041, 0.6540404040404041, 0.6054292929292929, 0.6224747474747475, 0.6502525252525253, 0.6363636363636364, 0.6843434343434344, 0.6767676767676768, 0.6755050505050505, 0.6376262626262627, 0.6136363636363636, 0.6666666666666666, 0.6477272727272727, 0.6420454545454546, 0.6199494949494949, 0.6287878787878788, 0.634469696969697, 0.5991161616161617, 0.5467171717171717, 0.6035353535353535, 0.6464646464646465, 0.6420454545454546, 0.63510101010101, 0.5587121212121212, 0.6047979797979798, 0.6300505050505051, 0.6357323232323232, 0.6666666666666666, 0.6704545454545454, 0.5669191919191919, 0.5555555555555556, 0.5366161616161617, 0.514520202020202, 0.5441919191919192, 0.5315656565656566, 0.5435606060606061, 0.5397727272727273, 0.5315656565656566, 0.5587121212121212, 0.5681818181818182, 0.5372474747474747, 0.5473484848484849, 0.5265151515151515, 0.5378787878787878, 0.5397727272727273, 0.5151515151515151, 0.5744949494949495, 0.5845959595959596, 0.5612373737373737, 0.547979797979798, 0.538510101010101, 0.5700757575757576, 0.2724116161616162, 0.001736111111111111, 0.010416666666666666, 0.0], "avg_mem": [0.011610084187408491, 0.0189650439238653, 0.017455161054172767, 0.015922401171303075, 0.01683748169838946, 0.018004209370424597, 0.01688323572474378, 0.01663158857979502, 0.016928989751098095, 0.017409407027818447, 0.018644765739385064, 0.01731789897510981, 0.01679172767203514, 0.01738653001464129, 0.017089128843338214, 0.016906112737920937, 0.01731789897510981, 0.017203513909224012, 0.017363653001464127, 0.017089128843338214, 0.017043374816983894, 0.016814604685212297, 0.01683748169838946, 0.01679172767203514, 0.017020497803806735, 0.01722639092240117, 0.016997620790629574, 0.016951866764275257, 0.017134882869692534, 0.01718063689604685, 0.016997620790629574, 0.016700219619326502, 0.01663158857979502, 0.016997620790629574, 0.01734077598828697, 0.016928989751098095, 0.017020497803806735, 0.016608711566617862, 0.016814604685212297, 0.017157759882869692, 0.016860358711566617, 0.016517203513909225, 0.016997620790629574, 0.017089128843338214, 0.01683748169838946, 0.017523792093704246, 0.01676885065885798, 0.01667734260614934, 0.01786694729136164, 0.016928989751098095, 0.01718063689604685, 0.01683748169838946, 0.016517203513909225, 0.017249267935578332, 0.016700219619326502, 0.017134882869692534, 0.017157759882869692, 0.017363653001464127, 0.017203513909224012, 0.01722639092240117, 0.016562957540263542, 0.017157759882869692, 0.01663158857979502, 0.01679172767203514, 0.017157759882869692, 0.01672309663250366, 0.016562957540263542, 0.017134882869692534, 0.016700219619326502, 0.016974743777452415, 0.016928989751098095, 0.01667734260614934, 0.017569546120058566, 0.016928989751098095, 0.016540080527086384, 0.016471449487554905, 0.016608711566617862, 0.016700219619326502, 0.016562957540263542, 0.016997620790629574, 0.016540080527086384, 0.01679172767203514, 0.017363653001464127, 0.016928989751098095, 0.016906112737920937, 0.01676885065885798, 0.017478038067349926, 0.016562957540263542, 0.014801427525622255, 0.012582357247437774, 0.012559480234260616, 0.00010866581259150806]}