{"time": [3467.0, 3468.0, 3469.0, 3470.0, 3471.0, 3472.0, 3473.0, 3474.0, 3475.0, 3476.0, 3477.0, 3478.0, 3479.0, 3480.0, 3481.0, 3482.0, 3483.0, 3484.0, 3484.0, 3485.0, 3486.0, 3487.0, 3488.0, 3489.0, 3490.0, 3491.0, 3492.0, 3493.0, 3494.0, 3495.0, 3496.0, 3497.0, 3498.0, 3499.0, 3500.0, 3501.0, 3502.0, 3502.0, 3503.0, 3504.0, 3505.0, 3506.0, 3507.0, 3508.0, 3509.0, 3510.0, 3511.0, 3512.0, 3513.0, 3514.0, 3514.0, 3515.0, 3516.0, 3517.0, 3518.0, 3519.0, 3520.0, 3521.0, 3522.0, 3523.0, 3524.0, 3525.0, 3526.0, 3527.0, 3528.0, 3529.0, 3530.0, 3531.0, 3532.0, 3533.0, 3534.0, 3535.0, 3536.0, 3537.0, 3538.0, 3539.0, 3540.0, 3541.0, 3542.0, 3543.0, 3543.0, 3544.0, 3545.0, 3546.0, 3547.0, 3548.0, 3549.0, 3550.0, 3551.0, 3552.0, 3553.0, 3554.0, 3555.0, 3556.0, 3556.0, 3557.0, 3558.0, 3559.0, 3560.0, 3561.0, 3562.0, 3563.0, 3564.0, 3565.0, 3566.0, 3567.0, 3568.0, 3569.0, 3570.0, 3571.0, 3572.0, 3573.0, 3574.0, 3575.0, 3576.0, 3577.0, 3578.0, 3578.0, 3579.0, 3580.0, 3581.0, 3582.0, 3583.0, 3584.0, 3585.0, 3586.0, 3586.0, 3587.0, 3588.0, 3589.0, 3590.0, 3591.0, 3592.0, 3593.0, 3594.0, 3595.0, 3596.0, 3597.0, 3598.0, 3599.0, 3600.0, 3601.0, 3602.0, 3603.0, 3604.0, 3605.0, 3606.0, 3607.0, 3608.0, 3609.0, 3610.0, 3611.0, 3612.0, 3613.0, 3614.0, 3615.0, 3616.0, 3617.0, 3618.0, 3619.0, 3620.0, 3621.0, 3622.0, 3623.0, 3624.0, 3625.0, 3626.0, 3627.0, 3628.0, 3629.0, 3630.0, 3631.0, 3632.0, 3633.0, 3634.0, 3635.0, 3636.0, 3637.0, 3638.0, 3639.0, 3640.0, 3641.0, 3642.0, 3643.0, 3644.0, 3645.0, 3646.0, 3647.0, 3648.0, 3649.0, 3650.0, 3651.0, 3652.0, 3653.0, 3654.0, 3655.0, 3656.0, 3657.0, 3658.0, 3659.0, 3660.0, 3661.0, 3662.0, 3663.0, 3664.0, 3665.0, 3666.0, 3667.0, 3668.0, 3669.0, 3670.0, 3671.0, 3672.0, 3673.0, 3674.0, 3675.0, 3677.0, 3678.0, 3679.0, 3680.0, 3681.0, 3682.0, 3683.0, 3684.0, 3685.0, 3686.0, 3687.0, 3688.0, 3689.0, 3690.0, 3691.0, 3692.0, 3693.0, 3694.0, 3695.0, 3696.0, 3697.0, 3698.0, 3699.0, 3700.0, 3701.0, 3702.0, 3703.0, 3704.0, 3705.0, 3706.0, 3707.0, 3708.0, 3709.0, 3710.0, 3711.0, 3712.0, 3713.0, 3714.0, 3715.0, 3716.0, 3717.0, 3718.0, 3719.0, 3720.0, 3721.0, 3722.0, 3723.0, 3724.0, 3725.0, 3726.0, 3727.0, 3728.0, 3729.0, 3730.0, 3731.0, 3732.0, 3733.0, 3734.0, 3735.0, 3736.0, 3737.0, 3738.0, 3739.0, 3740.0, 3741.0, 3742.0, 3743.0, 3744.0, 3745.0, 3746.0, 3747.0, 3748.0, 3749.0, 3750.0, 3751.0, 3752.0, 3753.0, 3754.0, 3755.0, 3756.0, 3757.0, 3758.0, 3759.0, 3760.0, 3760.0], "avg_cpu": [0.014785640495867768, 0.246900826446281, 0.3925619834710744, 0.5371900826446281, 0.3085399449035813, 0.29201101928374656, 0.45661157024793386, 0.46487603305785125, 0.5048209366391184, 0.4738292011019284, 0.49931129476584024, 0.4166666666666667, 0.522038567493113, 0.3712121212121212, 0.45661157024793386, 0.400137741046832, 0.19387052341597796, 0.293732782369146, 0.19972451790633608, 0.3691460055096419, 0.5199724517906336, 0.5089531680440771, 0.5068870523415978, 0.5103305785123967, 0.5034435261707989, 0.5041322314049587, 0.4118457300275482, 0.37672176308539945, 0.5089531680440771, 0.5247933884297521, 0.49931129476584024, 0.5103305785123967, 0.5296143250688705, 0.528236914600551, 0.5495867768595041, 0.5557851239669421, 0.5365013774104683, 0.5743801652892562, 0.5668044077134986, 0.5743801652892562, 0.5557851239669421, 0.5495867768595041, 0.5702479338842975, 0.5557851239669421, 0.5378787878787878, 0.5378787878787878, 0.5392561983471075, 0.528236914600551, 0.43870523415977963, 0.5550964187327824, 0.5819559228650137, 0.571625344352617, 0.5681818181818182, 0.5371900826446281, 0.44490358126721763, 0.31921487603305787, 0.31611570247933884, 0.5, 0.53099173553719, 0.5075757575757576, 0.540633608815427, 0.5323691460055097, 0.5316804407713499, 0.4490358126721763, 0.33264462809917356, 0.18112947658402204, 0.14566115702479338, 0.23725895316804407, 0.3446969696969697, 0.26721763085399447, 0.4201101928374656, 0.2944214876033058, 0.378099173553719, 0.3140495867768595, 0.013752582644628098, 0.1540977961432507, 0.33264462809917356, 0.4090909090909091, 0.22865013774104684, 0.0634469696969697, 0.09022038567493113, 0.031163911845730027, 0.3319559228650138, 0.19490358126721763, 0.38980716253443526, 0.3484848484848485, 0.20110192837465565, 0.25413223140495866, 0.3202479338842975, 0.384297520661157, 0.1384297520661157, 0.23140495867768596, 0.38636363636363635, 0.24139118457300276, 0.4090909090909091, 0.24414600550964188, 0.24552341597796143, 0.28512396694214875, 0.31232782369146006, 0.37052341597796146, 0.3891184573002755, 0.3650137741046832, 0.418732782369146, 0.3725895316804408, 0.4428374655647383, 0.5048209366391184, 0.2265840220385675, 0.1887052341597796, 0.36019283746556474, 0.13722451790633608, 0.1887052341597796, 0.3081955922865014, 0.2727272727272727, 0.21074380165289255, 0.3319559228650138, 0.23381542699724517, 0.328168044077135, 0.4951790633608815, 0.29545454545454547, 0.46831955922865015, 0.5165289256198347, 0.4758953168044077, 0.5426997245179064, 0.5488980716253443, 0.540633608815427, 0.5351239669421488, 0.4607438016528926, 0.550275482093664, 0.568870523415978, 0.5495867768595041, 0.5785123966942148, 0.5805785123966942, 0.568870523415978, 0.5743801652892562, 0.5833333333333334, 0.5888429752066116, 0.5606060606060606, 0.5454545454545454, 0.5585399449035813, 0.5723140495867769, 0.5778236914600551, 0.5564738292011019, 0.5674931129476584, 0.5702479338842975, 0.5640495867768595, 0.5420110192837465, 0.6225895316804407, 0.5606060606060606, 0.5606060606060606, 0.571625344352617, 0.5640495867768595, 0.5034435261707989, 0.5695592286501377, 0.5564738292011019, 0.5668044077134986, 0.5778236914600551, 0.5971074380165289, 0.568870523415978, 0.571625344352617, 0.5895316804407713, 0.5778236914600551, 0.5702479338842975, 0.571625344352617, 0.5881542699724518, 0.5681818181818182, 0.5709366391184573, 0.5757575757575758, 0.581267217630854, 0.5785123966942148, 0.5626721763085399, 0.5702479338842975, 0.5633608815426997, 0.559228650137741, 0.5750688705234159, 0.5702479338842975, 0.5702479338842975, 0.5695592286501377, 0.5819559228650137, 0.5826446280991735, 0.5909090909090909, 0.5557851239669421, 0.5633608815426997, 0.550275482093664, 0.65633608815427, 0.5888429752066116, 0.6005509641873278, 0.5798898071625345, 0.65633608815427, 0.6439393939393939, 0.5902203856749312, 0.5902203856749312, 0.6873278236914601, 0.5668044077134986, 0.5971074380165289, 0.6115702479338843, 0.5805785123966942, 0.5723140495867769, 0.5847107438016529, 0.5853994490358126, 0.5902203856749312, 0.6556473829201102, 0.5819559228650137, 0.5798898071625345, 0.5606060606060606, 0.559228650137741, 0.6157024793388429, 0.5764462809917356, 0.587465564738292, 0.5578512396694215, 0.5860881542699724, 0.5661157024793388, 0.5736914600550964, 0.5730027548209367, 0.5736914600550964, 0.6418732782369146, 0.587465564738292, 0.7258953168044077, 0.546831955922865, 0.581267217630854, 0.5736914600550964, 0.5626721763085399, 0.5626721763085399, 0.5358126721763086, 0.5213498622589532, 0.5571625344352618, 0.5826446280991735, 0.5764462809917356, 0.5647382920110193, 0.5853994490358126, 0.5785123966942148, 0.5750688705234159, 0.59366391184573, 0.5819559228650137, 0.5681818181818182, 0.5647382920110193, 0.5674931129476584, 0.5881542699724518, 0.5805785123966942, 0.5895316804407713, 0.609504132231405, 0.5750688705234159, 0.6012396694214877, 0.6618457300275482, 0.5833333333333334, 0.5915977961432507, 0.5626721763085399, 0.5867768595041323, 0.5964187327823691, 0.5833333333333334, 0.5826446280991735, 0.5957300275482094, 0.6212121212121212, 0.6053719008264463, 0.5853994490358126, 0.5702479338842975, 0.5984848484848485, 0.609504132231405, 0.5695592286501377, 0.5792011019283747, 0.6287878787878788, 0.6163911845730028, 0.7011019283746557, 0.6115702479338843, 0.568870523415978, 0.5778236914600551, 0.5668044077134986, 0.5922865013774105, 0.6115702479338843, 0.5853994490358126, 0.621900826446281, 0.6274104683195593, 0.5888429752066116, 0.6136363636363636, 0.5881542699724518, 0.6026170798898072, 0.6701101928374655, 0.6225895316804407, 0.6315426997245179, 0.7066115702479339,