{"time": [1718.0, 1718.0, 1719.0, 1719.0, 1719.0, 1719.0, 1719.0, 1720.0, 1720.0, 1720.0, 1721.0, 1722.0, 1723.0, 1724.0, 1725.0, 1726.0, 1727.0, 1727.0, 1728.0, 1729.0, 1729.0, 1730.0, 1731.0, 1732.0, 1732.0, 1733.0, 1734.0, 1735.0, 1736.0, 1737.0, 1738.0, 1738.0, 1739.0, 1740.0, 1741.0, 1742.0, 1743.0, 1744.0, 1745.0, 1746.0, 1747.0, 1748.0, 1749.0, 1750.0, 1751.0, 1752.0, 1753.0, 1754.0, 1755.0, 1756.0, 1757.0, 1758.0, 1759.0, 1760.0, 1761.0, 1762.0, 1763.0, 1764.0, 1765.0, 1766.0, 1767.0, 1768.0, 1769.0, 1770.0, 1771.0, 1772.0, 1773.0, 1774.0, 1775.0, 1776.0, 1777.0, 1778.0, 1779.0, 1780.0, 1781.0, 1782.0, 1783.0, 1784.0, 1785.0, 1786.0, 1787.0, 1788.0, 1789.0, 1790.0, 1791.0, 1792.0, 1793.0, 1794.0, 1795.0, 1796.0, 1797.0, 1798.0, 1799.0, 1800.0, 1800.0, 1800.0, 1800.0], "avg_cpu": [0.0, 0.0053114686468646866, 0.1382013201320132, 0.2615511551155115, 0.26897689768976896, 0.27145214521452143, 0.2607260726072607, 0.29455445544554454, 0.3147689768976898, 0.320957095709571, 0.3292079207920792, 0.341996699669967, 0.33704620462046203, 0.2768151815181518, 0.31353135313531355, 0.38531353135313534, 0.39933993399339934, 0.6122112211221122, 0.5198019801980198, 0.4735973597359736, 0.5544554455445545, 0.5684818481848185, 0.5701320132013201, 0.6122112211221122, 0.6179867986798679, 0.5874587458745875, 0.5618811881188119, 0.5907590759075908, 0.5957095709570958, 0.5907590759075908, 0.5907590759075908, 0.6303630363036303, 0.5891089108910891, 0.5866336633663366, 0.6031353135313532, 0.6089108910891089, 0.58003300330033, 0.5511551155115512, 0.594059405940594, 0.5792079207920792, 0.5701320132013201, 0.5775577557755776, 0.5635313531353136, 0.5561056105610561, 0.5585808580858086, 0.5495049504950495, 0.584983498349835, 0.5759075907590759, 0.5602310231023102, 0.5635313531353136, 0.5610561056105611, 0.6006600660066007, 0.5891089108910891, 0.58003300330033, 0.5676567656765676, 0.5907590759075908, 0.5726072607260726, 0.5717821782178217, 0.5684818481848185, 0.5684818481848185, 0.5701320132013201, 0.5693069306930693, 0.5816831683168316, 0.5610561056105611, 0.5552805280528053, 0.5610561056105611, 0.5858085808580858, 0.6221122112211221, 0.6377887788778878, 0.6303630363036303, 0.5957095709570958, 0.5825082508250825, 0.5742574257425742, 0.5742574257425742, 0.5742574257425742, 0.5882838283828383, 0.6229372937293729, 0.5907590759075908, 0.6270627062706271, 0.608085808580858, 0.6196369636963697, 0.6171617161716172, 0.5833333333333334, 0.5767326732673267, 0.5866336633663366, 0.5858085808580858, 0.6023102310231023, 0.5965346534653465, 0.6031353135313532, 0.6006600660066007, 0.6023102310231023, 0.6097359735973598, 0.6402640264026402, 0.2953795379537954, 0.0013020833333333333, 0.003036045792079208, 0.0], "avg_mem": [2.859626647144949e-06, 0.0029625732064421668, 0.007949762079062957, 0.009379575402635431, 0.00891059663250366, 0.009024981698389459, 0.00838442532942899, 0.008624633967789166, 0.008853404099560761, 0.008292917276720352, 0.00896778916544656, 0.008601756954612006, 0.008841965592972182, 0.008807650073206443, 0.008693265007320644, 0.009139366764275255, 0.008533125915080528, 0.008658949487554905, 0.008773334553440702, 0.008853404099560761, 0.008624633967789166, 0.00891059663250366, 0.008624633967789166, 0.009024981698389459, 0.009722730600292826, 0.009070735724743777, 0.0088877196193265, 0.008979227672035139, 0.009082174231332358, 0.008819088579795022, 0.008761896046852123, 0.008784773060029283, 0.008841965592972182, 0.008681826500732064, 0.008841965592972182, 0.008979227672035139, 0.008796211566617862, 0.00892203513909224, 0.008807650073206443, 0.0089449121522694, 0.008636072474377745, 0.008750457540263544, 0.008727580527086384, 0.008670387994143484, 0.008841965592972182, 0.008796211566617862, 0.0089449121522694, 0.008853404099560761, 0.008830527086383601, 0.009002104685212299, 0.008899158125915081, 0.0089449121522694, 0.008761896046852123, 0.008590318448023425, 0.008819088579795022, 0.008670387994143484, 0.008807650073206443, 0.008807650073206443, 0.008739019033674963, 0.008796211566617862, 0.008739019033674963, 0.0089449121522694, 0.008761896046852123, 0.009013543191800878, 0.00886484260614934, 0.008807650073206443, 0.008956350658857979, 0.00891059663250366, 0.009013543191800878, 0.008899158125915081, 0.008853404099560761, 0.008704703513909224, 0.008853404099560761, 0.008841965592972182, 0.008693265007320644, 0.008750457540263544, 0.008807650073206443, 0.008979227672035139, 0.008876281112737921, 0.00891059663250366, 0.009036420204978038, 0.009047858711566617, 0.008796211566617862, 0.008693265007320644, 0.008784773060029283, 0.010123078330893119, 0.00891059663250366, 0.008830527086383601, 0.008716142020497804, 0.008670387994143484, 0.008807650073206443, 0.008979227672035139, 0.00891059663250366, 0.008121339677891654, 0.007652360907759883, 0.007652360907759883, 6.577141288433382e-05]}