{"time": [3989.0, 3990.0, 3991.0, 3992.0, 3992.0, 3993.0, 3993.0, 3994.0, 3995.0, 3996.0, 3997.0, 3998.0, 3999.0, 4000.0, 4001.0, 4002.0, 4003.0, 4004.0, 4005.0, 4006.0, 4007.0, 4008.0, 4009.0, 4010.0, 4011.0, 4012.0, 4013.0, 4014.0, 4015.0, 4016.0, 4017.0, 4018.0, 4019.0, 4020.0, 4021.0, 4022.0, 4023.0, 4024.0, 4025.0, 4026.0, 4027.0, 4028.0, 4029.0, 4030.0, 4031.0, 4032.0, 4033.0, 4034.0, 4035.0, 4036.0, 4036.0, 4036.0, 4036.0], "avg_cpu": [0.00019499020214521452, 0.00023044296617161716, 0.33704620462046203, 0.6188118811881188, 0.6501650165016502, 0.6171617161716172, 0.6386138613861386, 0.6410891089108911, 0.6435643564356436, 0.636963696369637, 0.6394389438943895, 0.6460396039603961, 0.6278877887788779, 0.6311881188118812, 0.6410891089108911, 0.6402640264026402, 0.6526402640264026, 0.641914191419142, 0.6344884488448845, 0.655940594059406, 0.6551155115511551, 0.6501650165016502, 0.6386138613861386, 0.6452145214521452, 0.6534653465346535, 0.6542904290429042, 0.6402640264026402, 0.6353135313531353, 0.6534653465346535, 0.6501650165016502, 0.6501650165016502, 0.6336633663366337, 0.6435643564356436, 0.6493399339933993, 0.6443894389438944, 0.6353135313531353, 0.6386138613861386, 0.6402640264026402, 0.6361386138613861, 0.6361386138613861, 0.6295379537953796, 0.6320132013201321, 0.6311881188118812, 0.6303630363036303, 0.6245874587458746, 0.6122112211221122, 0.6410891089108911, 0.6006600660066007, 0.0003126289191419142, 0.0002884565800330033, 0.00043349061468646863, 0.0026041666666666665, 0.0005430718853135314], "avg_mem": [0.005261713030746706, 0.003288570644216691, 0.024203879941434848, 0.0414989019033675, 0.04419838945827233, 0.04360358711566618, 0.04607430453879941, 0.04488469985358712, 0.04570827232796486, 0.04639458272327965, 0.04538799414348463, 0.045433748169838944, 0.045937042459736455, 0.045021961932650074, 0.04447291361639824, 0.04488469985358712, 0.04529648609077599, 0.048224743777452415, 0.04589128843338214, 0.044518667642752564, 0.04355783308931186, 0.04456442166910688, 0.04589128843338214, 0.045113469985358715, 0.044244143484626644, 0.04369509516837482, 0.04278001464128843, 0.044427159590043924, 0.04447291361639824, 0.04657759882869693, 0.04575402635431918, 0.0446101756954612, 0.04406112737920937, 0.044838945827232794, 0.04506771595900439, 0.04360358711566618, 0.044518667642752564, 0.04410688140556369, 0.04570827232796486, 0.044335651537335284, 0.04465592972181552, 0.04415263543191801, 0.04355783308931186, 0.04497620790629575, 0.04529648609077599, 0.045616764275256225, 0.04406112737920937, 0.039394216691068816, 0.018004209370424597, 0.014343887262079063, 0.014343887262079063, 0.012650988286969254, 0.0003059800512445095]}