{"time": [1718.0, 1718.0, 1719.0, 1719.0, 1719.0, 1719.0, 1719.0, 1720.0, 1720.0, 1721.0, 1722.0, 1722.0, 1723.0, 1724.0, 1725.0, 1726.0, 1726.0, 1727.0, 1728.0, 1729.0, 1729.0, 1730.0, 1731.0, 1732.0, 1733.0, 1734.0, 1734.0, 1735.0, 1736.0, 1737.0, 1738.0, 1739.0, 1739.0, 1740.0, 1741.0, 1742.0, 1743.0, 1744.0, 1745.0, 1746.0, 1747.0, 1748.0, 1749.0, 1750.0, 1751.0, 1752.0, 1753.0, 1754.0, 1755.0, 1756.0, 1757.0, 1758.0, 1759.0, 1760.0, 1761.0, 1762.0, 1763.0, 1764.0, 1765.0, 1766.0, 1767.0, 1768.0, 1769.0, 1770.0, 1771.0, 1772.0, 1773.0, 1774.0, 1775.0, 1776.0, 1777.0, 1778.0, 1779.0, 1780.0, 1781.0, 1782.0, 1783.0, 1784.0, 1785.0, 1786.0, 1787.0, 1788.0, 1789.0, 1790.0, 1791.0, 1792.0, 1793.0, 1794.0, 1795.0, 1796.0, 1797.0, 1798.0, 1799.0, 1800.0, 1800.0, 1800.0, 1800.0], "avg_cpu": [0.0, 0.06054042904290429, 0.19925742574257427, 0.2306105610561056, 0.24257425742574257, 0.2887788778877888, 0.29414191419141916, 0.2854785478547855, 0.3234323432343234, 0.30445544554455445, 0.32425742574257427, 0.4372937293729373, 0.41295379537953797, 0.41295379537953797, 0.41872937293729373, 0.4628712871287129, 0.528052805280528, 0.5132013201320133, 0.47029702970297027, 0.5511551155115512, 0.5668316831683168, 0.5099009900990099, 0.5635313531353136, 0.5396039603960396, 0.4966996699669967, 0.4876237623762376, 0.5404290429042904, 0.5346534653465347, 0.5437293729372937, 0.5264026402640264, 0.5874587458745875, 0.5536303630363036, 0.6724422442244224, 0.6452145214521452, 0.6229372937293729, 0.5882838283828383, 0.5742574257425742, 0.5915841584158416, 0.5882838283828383, 0.6113861386138614, 0.5816831683168316, 0.5957095709570958, 0.6155115511551155, 0.5726072607260726, 0.5973597359735974, 0.5899339933993399, 0.5965346534653465, 0.6122112211221122, 0.6311881188118812, 0.5544554455445545, 0.5792079207920792, 0.5957095709570958, 0.594059405940594, 0.5998349834983498, 0.6427392739273927, 0.5767326732673267, 0.5816831683168316, 0.5759075907590759, 0.5684818481848185, 0.5742574257425742, 0.5717821782178217, 0.5684818481848185, 0.584983498349835, 0.6006600660066007, 0.5676567656765676, 0.5602310231023102, 0.5676567656765676, 0.5726072607260726, 0.5825082508250825, 0.6006600660066007, 0.5577557755775577, 0.5734323432343235, 0.5717821782178217, 0.5585808580858086, 0.5816831683168316, 0.5981848184818482, 0.6014851485148515, 0.5981848184818482, 0.5750825082508251, 0.5816831683168316, 0.584983498349835, 0.5734323432343235, 0.5643564356435643, 0.5808580858085809, 0.5808580858085809, 0.5602310231023102, 0.5932343234323433, 0.5742574257425742, 0.5635313531353136, 0.5577557755775577, 0.5618811881188119, 0.5783828382838284, 0.5948844884488449, 0.27887788778877887, 0.0013020833333333333, 0.0008669812293729373, 0.0008669812293729373], "avg_mem": [2.859626647144949e-06, 0.0061539165446559295, 0.009288067349926793, 0.009070735724743777, 0.008533125915080528, 0.00841874084919473, 0.008292917276720352, 0.009024981698389459, 0.008533125915080528, 0.008716142020497804, 0.008601756954612006, 0.008533125915080528, 0.008636072474377745, 0.00886484260614934, 0.008475933382137629, 0.008658949487554905, 0.009207997803806735, 0.008739019033674963, 0.008704703513909224, 0.008681826500732064, 0.008716142020497804, 0.008658949487554905, 0.008784773060029283, 0.008624633967789166, 0.008658949487554905, 0.008613195461200585, 0.008556002928257686, 0.008647510980966324, 0.008784773060029283, 0.008796211566617862, 0.008647510980966324, 0.008727580527086384, 0.008739019033674963, 0.008739019033674963, 0.008899158125915081, 0.008533125915080528, 0.008670387994143484, 0.008727580527086384, 0.008761896046852123, 0.008956350658857979, 0.008704703513909224, 0.008876281112737921, 0.008807650073206443, 0.008841965592972182, 0.008681826500732064, 0.008841965592972182, 0.008521687408491947, 0.008670387994143484, 0.008841965592972182, 0.008807650073206443, 0.008750457540263544, 0.008784773060029283, 0.00891059663250366, 0.008704703513909224, 0.008784773060029283, 0.008716142020497804, 0.008796211566617862, 0.00891059663250366, 0.008784773060029283, 0.008567441434846267, 0.008704703513909224, 0.00943676793557833, 0.008681826500732064, 0.008796211566617862, 0.00886484260614934, 0.008658949487554905, 0.008807650073206443, 0.008761896046852123, 0.008658949487554905, 0.008636072474377745, 0.008830527086383601, 0.008841965592972182, 0.008761896046852123, 0.008796211566617862, 0.008727580527086384, 0.008830527086383601, 0.008819088579795022, 0.008727580527086384, 0.00886484260614934, 0.008636072474377745, 0.008613195461200585, 0.0088877196193265, 0.008807650073206443, 0.008647510980966324, 0.00896778916544656, 0.00886484260614934, 0.008899158125915081, 0.00891059663250366, 0.008670387994143484, 0.008830527086383601, 0.008681826500732064, 0.0088877196193265, 0.008601756954612006, 0.007732430453879942, 0.006508510248901904, 0.00010008693265007321, 7.720991947291362e-05]}