{"time": [530.0, 530.0, 531.0, 531.0, 532.0, 533.0, 534.0, 535.0, 536.0, 537.0, 538.0, 539.0, 540.0, 540.0, 541.0, 542.0, 543.0, 544.0, 545.0, 546.0, 547.0, 548.0, 549.0, 550.0, 551.0, 552.0, 553.0, 554.0, 555.0, 556.0, 556.0, 557.0, 558.0, 559.0, 560.0, 561.0, 562.0, 563.0, 564.0, 565.0, 566.0, 567.0, 568.0, 569.0, 570.0, 571.0, 571.0, 571.0, 571.0, 584.0, 585.0, 586.0, 586.0, 586.0, 586.0, 586.0, 587.0, 588.0, 589.0, 590.0, 591.0, 592.0, 593.0, 594.0, 595.0, 596.0, 597.0, 598.0, 599.0, 600.0, 601.0, 602.0, 603.0, 604.0, 605.0, 606.0, 607.0, 608.0, 609.0, 610.0, 611.0, 612.0, 613.0, 614.0, 615.0, 616.0, 617.0, 618.0, 619.0, 620.0, 621.0, 622.0, 623.0, 624.0, 625.0, 625.0, 626.0, 627.0, 628.0, 629.0, 630.0, 631.0, 632.0, 633.0, 634.0, 635.0, 636.0, 637.0, 638.0, 639.0, 640.0, 641.0, 642.0, 643.0, 644.0, 645.0, 646.0, 647.0, 648.0, 649.0, 650.0, 651.0, 652.0, 653.0, 653.0, 653.0, 653.0], "avg_cpu": [0.29125412541254125, 0.5915841584158416, 0.5239273927392739, 0.5156765676567657, 0.5577557755775577, 0.6031353135313532, 0.5338283828382838, 0.6006600660066007, 0.693069306930693, 0.6897689768976898, 0.5899339933993399, 0.5239273927392739, 0.4966996699669967, 0.6584158415841584, 0.6848184818481848, 0.6575907590759076, 0.66996699669967, 0.6897689768976898, 0.6856435643564357, 0.6097359735973598, 0.5255775577557755, 0.5371287128712872, 0.514026402640264, 0.5429042904290429, 0.518976897689769, 0.5437293729372937, 0.533003300330033, 0.6006600660066007, 0.5825082508250825, 0.5552805280528053, 0.6138613861386139, 0.5627062706270627, 0.5544554455445545, 0.6188118811881188, 0.6138613861386139, 0.5198019801980198, 0.5379537953795379, 0.5404290429042904, 0.5396039603960396, 0.5024752475247525, 0.5676567656765676, 0.5379537953795379, 0.5371287128712872, 0.5165016501650165, 0.5123762376237624, 0.4777227722772277, 0.42574257425742573, 0.0008669812293729373, 0.0, 0.2534435261707989, 0.48140495867768596, 0.5006887052341598, 0.47107438016528924, 0.16873278236914602, 0.0, 0.528052805280528, 0.7343234323432343, 0.6435643564356436, 0.5024752475247525, 0.6023102310231023, 0.566006600660066, 0.5033003300330033, 0.6526402640264026, 0.5503300330033003, 0.5181518151815182, 0.6592409240924092, 0.5008250825082509, 0.6567656765676567, 0.6295379537953796, 0.5057755775577558, 0.5536303630363036, 0.566006600660066, 0.5288778877887789, 0.5585808580858086, 0.5437293729372937, 0.5470297029702971, 0.5272277227722773, 0.5924092409240924, 0.523102310231023, 0.6014851485148515, 0.5107260726072608, 0.5412541254125413, 0.5701320132013201, 0.4966996699669967, 0.514026402640264, 0.5552805280528053, 0.5313531353135313, 0.5412541254125413, 0.5255775577557755, 0.5462046204620462, 0.5074257425742574, 0.5264026402640264, 0.5305280528052805, 0.5363036303630363, 0.4909240924092409, 0.6402640264026402, 0.5866336633663366, 0.5808580858085809, 0.533003300330033, 0.5313531353135313, 0.5635313531353136, 0.5750825082508251, 0.6485148514851485, 0.6254125412541254, 0.5247524752475248, 0.551980198019802, 0.6666666666666666, 0.5635313531353136, 0.5915841584158416, 0.6295379537953796, 0.5123762376237624, 0.5346534653465347, 0.5585808580858086, 0.570957095709571, 0.5577557755775577, 0.5585808580858086, 0.6138613861386139, 0.5651815181518152, 0.6122112211221122, 0.5404290429042904, 0.5528052805280528, 0.5816831683168316, 0.5874587458745875, 0.5470297029702971, 0.5198019801980198, 0.0015776479991749174, 0.0], "avg_mem": [0.016494326500732064, 0.04968887262079063, 0.04117862371888726, 0.0446101756954612, 0.04465592972181552, 0.0446101756954612, 0.044015373352855054, 0.043923865300146414, 0.04488469985358712, 0.04447291361639824, 0.043146046852122984, 0.04172767203513909, 0.04396961932650073, 0.04186493411420205, 0.042642752562225474, 0.04255124450951684, 0.04300878477306003, 0.042642752562225474, 0.04396961932650073, 0.04369509516837482, 0.04191068814055637, 0.04255124450951684, 0.04195644216691069, 0.04360358711566618, 0.041819180087847733, 0.0412701317715959, 0.043420571010248904, 0.04328330893118595, 0.04456442166910688, 0.043923865300146414, 0.04177342606149341, 0.04346632503660322, 0.04355783308931186, 0.0426885065885798, 0.043740849194729134, 0.04200219619326501, 0.04259699853587116, 0.043146046852122984, 0.04154465592972181, 0.04415263543191801, 0.04378660322108346, 0.0412701317715959, 0.04479319180087848, 0.044244143484626644, 0.042825768667642754, 0.04538799414348463, 0.04465592972181552, 0.0004260843704245974, 0.0002916819180087848, 0.014664165446559298, 0.049231332357247436, 0.041407393850658857, 0.03838762811127379, 0.0006863103953147877, 0.00040606698389458273, 0.057924597364568085, 0.08766471449487555, 0.08583455344070279, 0.0837298682284041, 0.08867130307467057, 0.08583455344070279, 0.08967789165446559, 0.08876281112737922, 0.0861090775988287, 0.08647510980966325, 0.09196559297218156, 0.09105051244509517, 0.08775622254758418, 0.0892203513909224, 0.09068448023426061, 0.08903733528550513, 0.08931185944363104, 0.08702415812591507, 0.08693265007320644, 0.0892203513909224, 0.09059297218155198, 0.0853770131771596, 0.08519399707174231, 0.08748169838945827, 0.0865666178623719, 0.08793923865300146, 0.09022693997071743, 0.08739019033674963, 0.08565153733528551, 0.08620058565153733, 0.08876281112737922, 0.08629209370424597, 0.08620058565153733, 0.08949487554904832, 0.08693265007320644, 0.08592606149341142, 0.08592606149341142, 0.08784773060029283, 0.09031844802342606, 0.08766471449487555, 0.08739019033674963, 0.0841874084919473, 0.09324670571010249, 0.0861090775988287, 0.08391288433382138, 0.08757320644216691, 0.08821376281112737, 0.08693265007320644, 0.09242313323572475, 0.08775622254758418, 0.08565153733528551, 0.08803074670571011, 0.08812225475841874, 0.08757320644216691, 0.0861090775988287, 0.09105051244509517, 0.08336383601756954, 0.08903733528550513, 0.08958638360175696, 0.08986090775988287, 0.08601756954612005, 0.08620058565153733, 0.08720717423133235, 0.08766471449487555, 0.08674963396778916, 0.09059297218155198, 0.08885431918008785, 0.08592606149341142, 0.09269765739385066, 0.07210834553440702, 0.0008807650073206442, 0.0005261713030746706]}