{"time": [524.0, 525.0, 526.0, 527.0, 527.0, 527.0, 529.0, 530.0, 530.0, 530.0, 531.0, 531.0, 532.0, 533.0, 534.0, 535.0, 536.0, 537.0, 538.0, 539.0, 540.0, 540.0, 541.0, 542.0, 543.0, 544.0, 545.0, 546.0, 547.0, 548.0, 549.0, 550.0, 551.0, 552.0, 553.0, 554.0, 555.0, 556.0, 557.0, 557.0, 558.0, 559.0, 560.0, 561.0, 562.0, 563.0, 564.0, 565.0, 566.0, 567.0, 568.0, 569.0, 570.0, 571.0, 571.0, 572.0, 572.0, 572.0, 576.0, 577.0, 577.0, 578.0, 578.0, 578.0, 578.0, 579.0, 580.0, 581.0, 582.0, 583.0, 584.0, 585.0, 586.0, 587.0, 588.0, 589.0, 590.0, 591.0, 592.0, 593.0, 594.0, 595.0, 596.0, 597.0, 598.0, 599.0, 600.0, 601.0, 602.0, 603.0, 604.0, 605.0, 606.0, 607.0, 608.0, 609.0, 610.0, 611.0, 612.0, 613.0, 614.0, 615.0, 615.0, 616.0, 617.0, 618.0, 619.0, 620.0, 621.0, 622.0, 623.0, 624.0, 625.0, 626.0, 627.0, 628.0, 629.0, 630.0, 631.0, 632.0, 633.0, 634.0, 635.0, 636.0, 637.0, 638.0, 639.0, 640.0, 641.0, 642.0, 643.0, 644.0, 645.0, 646.0, 647.0, 648.0, 649.0, 650.0, 651.0, 652.0, 653.0, 653.0, 653.0, 653.0], "avg_cpu": [0.010761019283746556, 0.028581267217630855, 0.0003591490185950413, 0.00036721978305785126, 0.00028785726584022037, 0.0002528839531680441, 0.41542904290429045, 0.485973597359736, 0.5247524752475248, 0.6551155115511551, 0.5445544554455446, 0.5437293729372937, 0.5684818481848185, 0.6056105610561056, 0.5701320132013201, 0.5998349834983498, 0.6113861386138614, 0.6551155115511551, 0.5742574257425742, 0.5816831683168316, 0.6270627062706271, 0.636963696369637, 0.5420792079207921, 0.5313531353135313, 0.5437293729372937, 0.5363036303630363, 0.5255775577557755, 0.5346534653465347, 0.5610561056105611, 0.5775577557755776, 0.5882838283828383, 0.5511551155115512, 0.5420792079207921, 0.5759075907590759, 0.5132013201320133, 0.6254125412541254, 0.5825082508250825, 0.5099009900990099, 0.5866336633663366, 0.6254125412541254, 0.6245874587458746, 0.6287128712871287, 0.5651815181518152, 0.5981848184818482, 0.5792079207920792, 0.5585808580858086, 0.6113861386138614, 0.6014851485148515, 0.5932343234323433, 0.570957095709571, 0.6023102310231023, 0.6897689768976898, 0.6204620462046204, 0.5643564356435643, 0.7211221122112211, 0.5346534653465347, 0.1879125412541254, 0.0, 0.33544921875, 0.4306640625, 0.43310546875, 0.39990234375, 0.06494140625, 0.0, 0.6427392739273927, 0.6740924092409241, 0.6922442244224423, 0.6344884488448845, 0.6089108910891089, 0.5948844884488449, 0.6122112211221122, 0.6353135313531353, 0.5924092409240924, 0.58003300330033, 0.5742574257425742, 0.599009900990099, 0.5833333333333334, 0.5998349834983498, 0.5825082508250825, 0.5981848184818482, 0.5767326732673267, 0.5825082508250825, 0.6014851485148515, 0.5948844884488449, 0.584983498349835, 0.5684818481848185, 0.5808580858085809, 0.5866336633663366, 0.5495049504950495, 0.5717821782178217, 0.5841584158415841, 0.5594059405940595, 0.523102310231023, 0.5511551155115512, 0.528052805280528, 0.566006600660066, 0.5247524752475248, 0.5511551155115512, 0.5651815181518152, 0.49504950495049505, 0.5486798679867987, 0.5, 0.6864686468646864, 0.5577557755775577, 0.5445544554455446, 0.5874587458745875, 0.6229372937293729, 0.6089108910891089, 0.6353135313531353, 0.5495049504950495, 0.5833333333333334, 0.5932343234323433, 0.6023102310231023, 0.6460396039603961, 0.6221122112211221, 0.6072607260726073, 0.6254125412541254, 0.6196369636963697, 0.6146864686468647, 0.6336633663366337, 0.6402640264026402, 0.6171617161716172, 0.6171617161716172, 0.6386138613861386, 0.6122112211221122, 0.6113861386138614, 0.6138613861386139, 0.5948844884488449, 0.6006600660066007, 0.6039603960396039, 0.599009900990099, 0.6031353135313532, 0.6410891089108911, 0.5858085808580858, 0.6113861386138614, 0.6229372937293729, 0.6006600660066007, 0.6237623762376238, 0.6006600660066007, 0.5577557755775577, 0.6988448844884488, 0.5808580858085809, 0.0, 0.0], "avg_mem": [0.004249405197657393, 0.006062408491947291, 0.004243685944363104, 0.004215089677891654, 0.004209370424597365, 0.0003688918374816984, 0.02749816983894583, 0.05087847730600293, 0.04300878477306003, 0.039851756954612, 0.03866215226939971, 0.042825768667642754, 0.042642752562225474, 0.04136163982430454, 0.04218521229868229, 0.043420571010248904, 0.043740849194729134, 0.047309663250366035, 0.04218521229868229, 0.043420571010248904, 0.04213945827232796, 0.0426885065885798, 0.04319180087847731, 0.0426885065885798, 0.04346632503660322, 0.0410413616398243, 0.04154465592972181, 0.04236822840409956, 0.04570827232796486, 0.04305453879941435, 0.042917276720351394, 0.04305453879941435, 0.04250549048316252, 0.0436493411420205, 0.043146046852122984, 0.042642752562225474, 0.043146046852122984, 0.04310029282576867, 0.04218521229868229, 0.04607430453879941, 0.04479319180087848, 0.04415263543191801, 0.04351207906295754, 0.04209370424597365, 0.04250549048316252, 0.04300878477306003, 0.042230966325036604, 0.04479319180087848, 0.04319180087847731, 0.04319180087847731, 0.042825768667642754, 0.04570827232796486, 0.0426885065885798, 0.04538799414348463, 0.040400805270863836, 0.03513909224011713, 0.0006005215959004393, 0.00038318997071742314, 0.026763916015625, 0.02874755859375, 0.0279541015625, 0.028076171875, 0.0005950927734375, 0.00026702880859375, 0.03934846266471449, 0.0446101756954612, 0.042322474377745244, 0.04227672035139092, 0.04209370424597365, 0.043237554904831624, 0.04191068814055637, 0.042322474377745244, 0.04186493411420205, 0.04250549048316252, 0.040904099560761346, 0.04328330893118595, 0.042642752562225474, 0.04195644216691069, 0.04566251830161054, 0.04195644216691069, 0.042917276720351394, 0.044838945827232794, 0.04177342606149341, 0.04213945827232796, 0.04547950219619327, 0.0414989019033675, 0.044427159590043924, 0.04168191800878477, 0.040812591508052706, 0.04209370424597365, 0.04177342606149341, 0.0424597364568082, 0.04278001464128843, 0.04062957540263543, 0.04172767203513909, 0.04085834553440703, 0.04204795021961932, 0.04117862371888726, 0.042825768667642754, 0.040492313323572476, 0.04072108345534407, 0.042734260614934114, 0.04570827232796486, 0.04195644216691069, 0.0424597364568082, 0.04456442166910688, 0.04378660322108346, 0.043832357247437774, 0.043923865300146414, 0.04204795021961932, 0.04396961932650073, 0.04305453879941435, 0.043923865300146414, 0.042734260614934114, 0.04012628111273792, 0.0426885065885798, 0.04227672035139092, 0.04369509516837482, 0.04387811127379209, 0.04319180087847731, 0.04163616398243045, 0.04076683748169839, 0.04438140556368961, 0.043740849194729134, 0.04195644216691069, 0.04163616398243045, 0.04351207906295754, 0.04108711566617863, 0.042917276720351394, 0.04259699853587116, 0.04026354319180088, 0.047126647144948755, 0.044015373352855054, 0.04296303074670571, 0.044838945827232794, 0.04250549048316252, 0.04241398243045388, 0.04200219619326501, 0.04465592972181552, 0.042642752562225474, 0.056734992679355785, 0.04310029282576867, 0.0005261713030746706, 0.00036031295754026355]}