{"time": [524.0, 525.0, 526.0, 527.0, 527.0, 527.0, 527.0, 529.0, 530.0, 530.0, 530.0, 531.0, 531.0, 532.0, 533.0, 534.0, 535.0, 536.0, 537.0, 538.0, 539.0, 540.0, 540.0, 541.0, 542.0, 543.0, 544.0, 545.0, 546.0, 547.0, 548.0, 549.0, 550.0, 551.0, 552.0, 553.0, 554.0, 555.0, 556.0, 556.0, 557.0, 558.0, 559.0, 560.0, 561.0, 562.0, 563.0, 564.0, 565.0, 566.0, 567.0, 568.0, 570.0, 571.0, 572.0, 573.0, 574.0, 575.0, 576.0, 577.0, 578.0, 579.0, 580.0, 581.0, 582.0, 583.0, 584.0, 585.0, 586.0, 587.0, 588.0, 589.0, 590.0, 591.0, 592.0, 593.0, 594.0, 595.0, 596.0, 597.0, 598.0, 599.0, 600.0, 601.0, 602.0, 603.0, 604.0, 605.0, 606.0, 607.0, 608.0, 609.0, 610.0, 611.0, 612.0, 613.0, 614.0, 615.0, 616.0, 617.0, 618.0, 619.0, 619.0, 620.0, 621.0, 622.0, 623.0, 624.0, 625.0, 626.0, 627.0, 628.0, 629.0, 630.0, 631.0, 632.0, 633.0, 634.0, 635.0, 636.0, 637.0, 638.0, 639.0, 640.0, 641.0, 642.0, 643.0, 644.0, 645.0, 646.0, 647.0, 648.0, 649.0, 650.0, 651.0, 652.0, 653.0, 653.0, 653.0, 653.0], "avg_cpu": [0.04295585808580858, 0.01789397689768977, 0.02194203795379538, 0.0005720786922442245, 0.00032229785478547854, 0.0002046591377887789, 0.0001563144595709571, 0.4104785478547855, 0.5396039603960396, 0.5528052805280528, 0.5643564356435643, 0.5396039603960396, 0.5544554455445545, 0.5643564356435643, 0.528052805280528, 0.5214521452145214, 0.5486798679867987, 0.5412541254125413, 0.5396039603960396, 0.5264026402640264, 0.5486798679867987, 0.5379537953795379, 0.5717821782178217, 0.5462046204620462, 0.5396039603960396, 0.5495049504950495, 0.5684818481848185, 0.5676567656765676, 0.5594059405940595, 0.5816831683168316, 0.556930693069307, 0.5495049504950495, 0.566006600660066, 0.5627062706270627, 0.5536303630363036, 0.5528052805280528, 0.5552805280528053, 0.5544554455445545, 0.5561056105610561, 0.6163366336633663, 0.5610561056105611, 0.5693069306930693, 0.5676567656765676, 0.5701320132013201, 0.5676567656765676, 0.5396039603960396, 0.5470297029702971, 0.5577557755775577, 0.5396039603960396, 0.5882838283828383, 0.5965346534653465, 0.58003300330033, 0.5726072607260726, 0.5495049504950495, 0.6897689768976898, 0.5701320132013201, 0.7293729372937293, 0.7673267326732673, 0.5544554455445545, 0.6476897689768977, 0.5957095709570958, 0.5808580858085809, 0.5808580858085809, 0.5891089108910891, 0.566006600660066, 0.5585808580858086, 0.6089108910891089, 0.6938943894389439, 0.570957095709571, 0.5957095709570958, 0.5024752475247525, 0.518976897689769, 0.570957095709571, 0.6105610561056105, 0.5668316831683168, 0.551980198019802, 0.5132013201320133, 0.5132013201320133, 0.5066006600660066, 0.528052805280528, 0.5775577557755776, 0.5429042904290429, 0.5503300330033003, 0.5470297029702971, 0.5577557755775577, 0.5503300330033003, 0.556930693069307, 0.5412541254125413, 0.5346534653465347, 0.5123762376237624, 0.551980198019802, 0.5371287128712872, 0.5206270627062707, 0.5470297029702971, 0.5346534653465347, 0.49504950495049505, 0.523102310231023, 0.551980198019802, 0.5247524752475248, 0.5123762376237624, 0.5041254125412541, 0.5041254125412541, 0.6386138613861386, 0.5610561056105611, 0.5594059405940595, 0.5651815181518152, 0.6031353135313532, 0.6179867986798679, 0.5750825082508251, 0.5651815181518152, 0.5561056105610561, 0.5643564356435643, 0.5371287128712872, 0.584983498349835, 0.6518151815181518, 0.556930693069307, 0.6468646864686468, 0.5833333333333334, 0.5693069306930693, 0.5841584158415841, 0.6171617161716172, 0.5387788778877888, 0.6072607260726073, 0.5759075907590759, 0.5750825082508251, 0.6056105610561056, 0.6344884488448845, 0.5478547854785478, 0.5321782178217822, 0.5552805280528053, 0.6072607260726073, 0.5825082508250825, 0.5775577557755776, 0.5907590759075908, 0.5874587458745875, 0.584983498349835, 0.5874587458745875, 0.613036303630363, 0.07075082508250825, 0.0], "avg_mem": [0.007057558565153734, 0.004912838579795022, 0.004501052342606149, 0.004146458638360176, 0.0041407393850658855, 0.0041407393850658855, 0.0007578010614934114, 0.06167642752562225, 0.09956076134699854, 0.09086749633967789, 0.0820827232796486, 0.07887994143484627, 0.08748169838945827, 0.09196559297218156, 0.0841874084919473, 0.08775622254758418, 0.08903733528550513, 0.0853770131771596, 0.08592606149341142, 0.08574304538799414, 0.08574304538799414, 0.08976939970717424, 0.08775622254758418, 0.09004392386530015, 0.08620058565153733, 0.087298682284041, 0.087298682284041, 0.08391288433382138, 0.09004392386530015, 0.08931185944363104, 0.08775622254758418, 0.0904099560761347, 0.08583455344070279, 0.08446193265007321, 0.08766471449487555, 0.08848828696925329, 0.08766471449487555, 0.09022693997071743, 0.09077598828696926, 0.09407027818448023, 0.08546852122986823, 0.08848828696925329, 0.08967789165446559, 0.08885431918008785, 0.08748169838945827, 0.0911420204978038, 0.09068448023426061, 0.09150805270863836, 0.09004392386530015, 0.08757320644216691, 0.08766471449487555, 0.087298682284041, 0.08482796486090775, 0.08839677891654465, 0.08583455344070279, 0.08903733528550513, 0.08976939970717424, 0.08894582723279648, 0.08510248901903368, 0.08885431918008785, 0.08684114202049781, 0.08958638360175696, 0.08784773060029283, 0.08793923865300146, 0.08739019033674963, 0.08830527086383602, 0.08711566617862372, 0.08510248901903368, 0.08720717423133235, 0.08784773060029283, 0.08528550512445095, 0.08793923865300146, 0.09132503660322108, 0.08647510980966325, 0.08391288433382138, 0.08565153733528551, 0.0849194729136164, 0.08876281112737922, 0.0861090775988287, 0.08528550512445095, 0.08482796486090775, 0.08903733528550513, 0.087298682284041, 0.08912884333821376, 0.08784773060029283, 0.08812225475841874, 0.08629209370424597, 0.08565153733528551, 0.087298682284041, 0.08473645680819912, 0.08857979502196194, 0.08857979502196194, 0.08647510980966325, 0.08382137628111273, 0.09004392386530015, 0.087298682284041, 0.08565153733528551, 0.08665812591508053, 0.08674963396778916, 0.0861090775988287, 0.0841874084919473, 0.08455344070278184, 0.08775622254758418, 0.08674963396778916, 0.09031844802342606, 0.08574304538799414, 0.08601756954612005, 0.0911420204978038, 0.08665812591508053, 0.08565153733528551, 0.08748169838945827, 0.08345534407027819, 0.0865666178623719, 0.08400439238653001, 0.08848828696925329, 0.0849194729136164, 0.0861090775988287, 0.08510248901903368, 0.08601756954612005, 0.08556002928257686, 0.0849194729136164, 0.08766471449487555, 0.08546852122986823, 0.08409590043923865, 0.08501098096632503, 0.08546852122986823, 0.0861090775988287, 0.08363836017569547, 0.08446193265007321, 0.08464494875549049, 0.08601756954612005, 0.08601756954612005, 0.08638360175695461, 0.08519399707174231, 0.08958638360175696, 0.08711566617862372, 0.0825402635431918, 0.08043557833089311, 0.0009036420204978038, 0.0006977489019033675]}