{"time": [1718.0, 1719.0, 1719.0, 1719.0, 1719.0, 1719.0, 1720.0, 1720.0, 1721.0, 1722.0, 1722.0, 1723.0, 1724.0, 1725.0, 1725.0, 1726.0, 1727.0, 1728.0, 1728.0, 1729.0, 1730.0, 1731.0, 1732.0, 1733.0, 1734.0, 1734.0, 1735.0, 1736.0, 1737.0, 1738.0, 1738.0, 1739.0, 1740.0, 1741.0, 1742.0, 1743.0, 1744.0, 1745.0, 1746.0, 1747.0, 1748.0, 1749.0, 1750.0, 1751.0, 1752.0, 1753.0, 1754.0, 1755.0, 1756.0, 1757.0, 1758.0, 1759.0, 1760.0, 1761.0, 1762.0, 1763.0, 1764.0, 1765.0, 1766.0, 1767.0, 1768.0, 1769.0, 1770.0, 1771.0, 1772.0, 1773.0, 1774.0, 1775.0, 1776.0, 1777.0, 1778.0, 1779.0, 1780.0, 1781.0, 1782.0, 1783.0, 1784.0, 1785.0, 1786.0, 1787.0, 1788.0, 1789.0, 1790.0, 1791.0, 1792.0, 1793.0, 1794.0, 1795.0, 1796.0, 1797.0, 1798.0, 1799.0, 1800.0, 1800.0, 1800.0, 1800.0], "avg_cpu": [0.09034653465346534, 0.2887788778877888, 0.3226072607260726, 0.33292079207920794, 0.30899339933993397, 0.29414191419141916, 0.2838283828382838, 0.3543729372937294, 0.29826732673267325, 0.27351485148514854, 0.3589108910891089, 0.36014851485148514, 0.36386138613861385, 0.4014026402640264, 0.408003300330033, 0.44636963696369636, 0.47277227722772275, 0.47854785478547857, 0.5717821782178217, 0.599009900990099, 0.6146864686468647, 0.6146864686468647, 0.5742574257425742, 0.4933993399339934, 0.4876237623762376, 0.5594059405940595, 0.6864686468646864, 0.6674917491749175, 0.6608910891089109, 0.6254125412541254, 0.5775577557755776, 0.5932343234323433, 0.5891089108910891, 0.6047854785478548, 0.556930693069307, 0.570957095709571, 0.5288778877887789, 0.566006600660066, 0.6287128712871287, 0.6262376237623762, 0.5924092409240924, 0.6113861386138614, 0.5882838283828383, 0.5536303630363036, 0.5618811881188119, 0.5825082508250825, 0.6031353135313532, 0.6146864686468647, 0.6006600660066007, 0.5981848184818482, 0.584983498349835, 0.556930693069307, 0.5437293729372937, 0.5775577557755776, 0.5503300330033003, 0.5759075907590759, 0.566006600660066, 0.5750825082508251, 0.5882838283828383, 0.5882838283828383, 0.5932343234323433, 0.5726072607260726, 0.5643564356435643, 0.5445544554455446, 0.533003300330033, 0.5684818481848185, 0.5899339933993399, 0.6105610561056105, 0.6171617161716172, 0.6658415841584159, 0.6229372937293729, 0.6468646864686468, 0.5734323432343235, 0.6204620462046204, 0.6493399339933993, 0.6501650165016502, 0.6229372937293729, 0.6113861386138614, 0.6006600660066007, 0.5932343234323433, 0.5833333333333334, 0.5965346534653465, 0.5783828382838284, 0.608085808580858, 0.6138613861386139, 0.5981848184818482, 0.5915841584158416, 0.5816831683168316, 0.584983498349835, 0.5759075907590759, 0.6031353135313532, 0.6386138613861386, 0.29661716171617164, 0.0008669812293729373, 0.009540016501650164, 0.00012408467409240925], "avg_mem": [0.006348371156661786, 0.009402452415812591, 0.008613195461200585, 0.008487371888726208, 0.008327232796486091, 0.008327232796486091, 0.008132778184480233, 0.008556002928257686, 0.008498810395314787, 0.009173682284040996, 0.008464494875549048, 0.008487371888726208, 0.008750457540263544, 0.00891059663250366, 0.008464494875549048, 0.008716142020497804, 0.008624633967789166, 0.008533125915080528, 0.008841965592972182, 0.008601756954612006, 0.008819088579795022, 0.008647510980966324, 0.008590318448023425, 0.008704703513909224, 0.008624633967789166, 0.008796211566617862, 0.008704703513909224, 0.008739019033674963, 0.008784773060029283, 0.009024981698389459, 0.008613195461200585, 0.008681826500732064, 0.009127928257686676, 0.008647510980966324, 0.009036420204978038, 0.008716142020497804, 0.008647510980966324, 0.008716142020497804, 0.008807650073206443, 0.008853404099560761, 0.00893347364568082, 0.008853404099560761, 0.00891059663250366, 0.008704703513909224, 0.00891059663250366, 0.008681826500732064, 0.008601756954612006, 0.009013543191800878, 0.008761896046852123, 0.009024981698389459, 0.008670387994143484, 0.009002104685212299, 0.008807650073206443, 0.008784773060029283, 0.008624633967789166, 0.008681826500732064, 0.008761896046852123, 0.008613195461200585, 0.008647510980966324, 0.009379575402635431, 0.008899158125915081, 0.008693265007320644, 0.008796211566617862, 0.008773334553440702, 0.008693265007320644, 0.00886484260614934, 0.008819088579795022, 0.0088877196193265, 0.008761896046852123, 0.008716142020497804, 0.008750457540263544, 0.008727580527086384, 0.008670387994143484, 0.009779923133235724, 0.008899158125915081, 0.00891059663250366, 0.009013543191800878, 0.008681826500732064, 0.008830527086383601, 0.008727580527086384, 0.008784773060029283, 0.008704703513909224, 0.00891059663250366, 0.009070735724743777, 0.008853404099560761, 0.00892203513909224, 0.00896778916544656, 0.00896778916544656, 0.008819088579795022, 0.008796211566617862, 0.008750457540263544, 0.008739019033674963, 0.007949762079062957, 0.006565702781844802, 0.0061653550512445095, 7.149066617862372e-05]}