{"time": [530.0, 530.0, 530.0, 531.0, 531.0, 531.0, 532.0, 532.0, 532.0, 558.0, 559.0, 560.0, 561.0, 562.0, 563.0, 564.0, 565.0, 566.0, 567.0, 568.0, 569.0, 570.0, 571.0, 571.0, 572.0, 572.0, 572.0, 583.0, 584.0, 585.0, 586.0, 587.0, 588.0, 589.0, 590.0, 591.0, 592.0, 593.0, 594.0, 595.0, 596.0, 597.0, 598.0, 599.0, 600.0, 601.0, 602.0, 603.0, 604.0, 605.0, 606.0, 607.0, 608.0, 609.0, 610.0, 611.0, 612.0, 613.0, 614.0, 615.0, 616.0, 617.0, 618.0, 619.0, 620.0, 621.0, 622.0, 623.0, 624.0, 625.0, 626.0, 627.0, 628.0, 629.0, 630.0, 631.0, 632.0, 633.0, 634.0, 634.0, 635.0, 636.0, 637.0, 638.0, 639.0, 640.0, 641.0, 642.0, 643.0, 644.0, 645.0, 646.0, 647.0, 648.0, 649.0, 650.0, 651.0, 652.0, 653.0, 653.0, 653.0, 653.0], "avg_cpu": [0.0, 0.0962465564738292, 0.40702479338842973, 0.4228650137741047, 0.40771349862258954, 0.4201101928374656, 0.4090909090909091, 0.0, 0.0, 0.7037953795379538, 0.7326732673267327, 0.7186468646864687, 0.5981848184818482, 0.6072607260726073, 0.6064356435643564, 0.5717821782178217, 0.5858085808580858, 0.6105610561056105, 0.5866336633663366, 0.6056105610561056, 0.5825082508250825, 0.5759075907590759, 0.5833333333333334, 0.6947194719471947, 0.6229372937293729, 0.0, 0.0, 0.5561056105610561, 0.8424092409240924, 0.7813531353135313, 0.6171617161716172, 0.5915841584158416, 0.5693069306930693, 0.551980198019802, 0.6410891089108911, 0.5981848184818482, 0.5396039603960396, 0.7004950495049505, 0.551980198019802, 0.5437293729372937, 0.5264026402640264, 0.5577557755775577, 0.5396039603960396, 0.4876237623762376, 0.5462046204620462, 0.5585808580858086, 0.5693069306930693, 0.5272277227722773, 0.5841584158415841, 0.6064356435643564, 0.6270627062706271, 0.5858085808580858, 0.6171617161716172, 0.613036303630363, 0.6163366336633663, 0.6188118811881188, 0.5726072607260726, 0.5841584158415841, 0.566006600660066, 0.5891089108910891, 0.5643564356435643, 0.556930693069307, 0.5470297029702971, 0.5066006600660066, 0.5668316831683168, 0.5651815181518152, 0.551980198019802, 0.504950495049505, 0.5544554455445545, 0.5511551155115512, 0.584983498349835, 0.5288778877887789, 0.6361386138613861, 0.6320132013201321, 0.6039603960396039, 0.5437293729372937, 0.5783828382838284, 0.6097359735973598, 0.556930693069307, 0.5808580858085809, 0.613036303630363, 0.556930693069307, 0.6740924092409241, 0.5618811881188119, 0.6064356435643564, 0.6221122112211221, 0.6229372937293729, 0.6229372937293729, 0.6179867986798679, 0.6179867986798679, 0.6262376237623762, 0.6171617161716172, 0.6188118811881188, 0.6377887788778878, 0.6295379537953796, 0.5965346534653465, 0.5965346534653465, 0.6039603960396039, 0.5684818481848185, 0.6229372937293729, 0.001387492264851485, 0.0], "avg_mem": [0.00023734901171303075, 0.007149066617862372, 0.046120058565153735, 0.04859077598828697, 0.04062957540263543, 0.03925695461200586, 0.027818448023426062, 0.00044324213030746707, 0.0002859626647144949, 0.07448755490483162, 0.09004392386530015, 0.08912884333821376, 0.08427891654465593, 0.08455344070278184, 0.0865666178623719, 0.08446193265007321, 0.08739019033674963, 0.08638360175695461, 0.08601756954612005, 0.09123352855051245, 0.09059297218155198, 0.08464494875549049, 0.09095900439238654, 0.08684114202049781, 0.07869692532942898, 0.0019159498535871156, 0.0006863103953147877, 0.05124450951683748, 0.09132503660322108, 0.09269765739385066, 0.08556002928257686, 0.08720717423133235, 0.08455344070278184, 0.09123352855051245, 0.08949487554904832, 0.08629209370424597, 0.08665812591508053, 0.08940336749633968, 0.08638360175695461, 0.08766471449487555, 0.0865666178623719, 0.08967789165446559, 0.09022693997071743, 0.08638360175695461, 0.08519399707174231, 0.08116764275256222, 0.08308931185944363, 0.08098462664714495, 0.08510248901903368, 0.087298682284041, 0.08665812591508053, 0.0837298682284041, 0.0849194729136164, 0.08171669106881406, 0.08693265007320644, 0.07833089311859444, 0.08684114202049781, 0.08583455344070279, 0.0853770131771596, 0.08867130307467057, 0.08803074670571011, 0.08885431918008785, 0.08455344070278184, 0.09022693997071743, 0.08006954612005857, 0.0763177159590044, 0.08263177159590043, 0.09013543191800878, 0.08857979502196194, 0.08565153733528551, 0.09224011713030747, 0.08912884333821376, 0.09004392386530015, 0.0865666178623719, 0.08565153733528551, 0.08601756954612005, 0.08510248901903368, 0.08976939970717424, 0.08702415812591507, 0.09260614934114202, 0.08876281112737922, 0.0911420204978038, 0.09498535871156662, 0.08674963396778916, 0.08647510980966325, 0.08903733528550513, 0.0841874084919473, 0.09095900439238654, 0.09031844802342606, 0.08720717423133235, 0.0865666178623719, 0.08565153733528551, 0.09388726207906296, 0.0904099560761347, 0.08629209370424597, 0.08857979502196194, 0.08510248901903368, 0.08455344070278184, 0.1021229868228404, 0.09123352855051245, 0.0014298133235724744, 0.0008693265007320644]}