{"time": [1718.0, 1718.0, 1719.0, 1719.0, 1719.0, 1719.0, 1719.0, 1720.0, 1721.0, 1721.0, 1722.0, 1723.0, 1723.0, 1724.0, 1725.0, 1726.0, 1726.0, 1727.0, 1728.0, 1729.0, 1729.0, 1730.0, 1731.0, 1732.0, 1733.0, 1734.0, 1734.0, 1735.0, 1736.0, 1737.0, 1738.0, 1738.0, 1739.0, 1740.0, 1741.0, 1742.0, 1743.0, 1744.0, 1745.0, 1746.0, 1747.0, 1748.0, 1749.0, 1750.0, 1751.0, 1752.0, 1753.0, 1754.0, 1755.0, 1756.0, 1757.0, 1758.0, 1759.0, 1760.0, 1761.0, 1762.0, 1763.0, 1764.0, 1765.0, 1766.0, 1767.0, 1768.0, 1769.0, 1770.0, 1771.0, 1772.0, 1773.0, 1774.0, 1775.0, 1776.0, 1777.0, 1778.0, 1779.0, 1780.0, 1781.0, 1782.0, 1783.0, 1784.0, 1785.0, 1786.0, 1787.0, 1788.0, 1789.0, 1790.0, 1791.0, 1792.0, 1793.0, 1794.0, 1795.0, 1796.0, 1797.0, 1798.0, 1799.0, 1800.0, 1800.0, 1800.0, 1800.0], "avg_cpu": [0.0, 0.07497937293729373, 0.18296204620462045, 0.18564356435643564, 0.22566006600660066, 0.25123762376237624, 0.24133663366336633, 0.23102310231023102, 0.2553630363036304, 0.275990099009901, 0.3056930693069307, 0.4075907590759076, 0.41171617161716173, 0.3725247524752475, 0.3580858085808581, 0.4075907590759076, 0.5775577557755776, 0.5321782178217822, 0.4628712871287129, 0.5206270627062707, 0.5610561056105611, 0.5255775577557755, 0.49257425742574257, 0.5082508250825083, 0.4909240924092409, 0.5445544554455446, 0.5651815181518152, 0.5907590759075908, 0.5907590759075908, 0.6014851485148515, 0.6105610561056105, 0.6006600660066007, 0.5825082508250825, 0.5858085808580858, 0.5627062706270627, 0.5792079207920792, 0.566006600660066, 0.584983498349835, 0.5767326732673267, 0.6064356435643564, 0.5924092409240924, 0.6006600660066007, 0.6047854785478548, 0.6163366336633663, 0.6122112211221122, 0.599009900990099, 0.5891089108910891, 0.6179867986798679, 0.6262376237623762, 0.6023102310231023, 0.5981848184818482, 0.6179867986798679, 0.594059405940594, 0.5808580858085809, 0.6328382838283828, 0.5957095709570958, 0.584983498349835, 0.5882838283828383, 0.5841584158415841, 0.5701320132013201, 0.5610561056105611, 0.5726072607260726, 0.5759075907590759, 0.6089108910891089, 0.5957095709570958, 0.599009900990099, 0.5742574257425742, 0.5833333333333334, 0.5924092409240924, 0.6237623762376238, 0.6179867986798679, 0.6105610561056105, 0.6163366336633663, 0.5907590759075908, 0.5948844884488449, 0.599009900990099, 0.6105610561056105, 0.6435643564356436, 0.6361386138613861, 0.6353135313531353, 0.6435643564356436, 0.6212871287128713, 0.6287128712871287, 0.6361386138613861, 0.6163366336633663, 0.6105610561056105, 0.6138613861386139, 0.6047854785478548, 0.5924092409240924, 0.5701320132013201, 0.6113861386138614, 0.6402640264026402, 0.6196369636963697, 0.2957920792079208, 0.00390625, 0.003467924917491749, 0.0002884565800330033], "avg_mem": [2.859626647144949e-06, 0.006359809663250366, 0.009196559297218155, 0.008658949487554905, 0.008144216691068814, 0.009116489751098097, 0.009024981698389459, 0.008304355783308931, 0.008224286237188872, 0.008521687408491947, 0.008567441434846267, 0.009734169106881406, 0.009322382869692532, 0.00892203513909224, 0.008647510980966324, 0.008613195461200585, 0.009082174231332358, 0.008784773060029283, 0.008521687408491947, 0.008578879941434846, 0.008830527086383601, 0.008796211566617862, 0.008658949487554905, 0.008819088579795022, 0.00892203513909224, 0.008716142020497804, 0.008853404099560761, 0.010374725475841874, 0.0088877196193265, 0.009116489751098097, 0.008475933382137629, 0.008853404099560761, 0.008750457540263544, 0.0088877196193265, 0.008761896046852123, 0.00891059663250366, 0.008830527086383601, 0.008853404099560761, 0.008796211566617862, 0.008819088579795022, 0.00886484260614934, 0.008784773060029283, 0.008853404099560761, 0.008830527086383601, 0.008784773060029283, 0.008807650073206443, 0.00893347364568082, 0.009002104685212299, 0.008956350658857979, 0.008727580527086384, 0.008956350658857979, 0.008773334553440702, 0.008899158125915081, 0.008784773060029283, 0.008693265007320644, 0.008841965592972182, 0.008693265007320644, 0.00886484260614934, 0.008636072474377745, 0.008727580527086384, 0.008704703513909224, 0.00892203513909224, 0.008727580527086384, 0.008796211566617862, 0.008727580527086384, 0.008739019033674963, 0.008807650073206443, 0.008750457540263544, 0.008784773060029283, 0.009024981698389459, 0.00892203513909224, 0.008956350658857979, 0.0089449121522694, 0.008796211566617862, 0.008979227672035139, 0.008739019033674963, 0.008693265007320644, 0.008670387994143484, 0.008773334553440702, 0.009093612737920937, 0.008853404099560761, 0.0089449121522694, 0.008956350658857979, 0.008830527086383601, 0.009024981698389459, 0.009047858711566617, 0.009002104685212299, 0.009047858711566617, 0.00892203513909224, 0.008784773060029283, 0.0088877196193265, 0.0088877196193265, 0.009036420204978038, 0.008189970717423133, 0.008109901171303075, 0.007572291361639824, 6.863103953147877e-05]}