{"time": [531.0, 532.0, 533.0, 534.0, 535.0, 536.0, 537.0, 538.0, 539.0, 540.0, 540.0, 541.0, 542.0, 543.0, 544.0, 545.0, 546.0, 547.0, 548.0, 549.0, 550.0, 551.0, 552.0, 553.0, 554.0, 555.0, 556.0, 556.0, 557.0, 558.0, 559.0, 560.0, 561.0, 562.0, 563.0, 564.0, 565.0, 566.0, 567.0, 568.0, 569.0, 570.0, 570.0, 570.0, 570.0, 580.0, 581.0, 582.0, 582.0, 582.0, 582.0, 582.0, 583.0, 583.0, 583.0, 583.0, 584.0, 585.0, 586.0, 587.0, 588.0, 589.0, 590.0, 591.0, 592.0, 593.0, 594.0, 595.0, 596.0, 597.0, 598.0, 599.0, 600.0, 601.0, 602.0, 603.0, 604.0, 605.0, 606.0, 607.0, 608.0, 609.0, 610.0, 611.0, 612.0, 613.0, 614.0, 615.0, 616.0, 617.0, 618.0, 619.0, 620.0, 621.0, 622.0, 623.0, 624.0, 625.0, 626.0, 627.0, 628.0, 629.0, 630.0, 631.0, 632.0, 633.0, 634.0, 635.0, 636.0, 637.0, 638.0, 639.0, 640.0, 641.0, 642.0, 643.0, 644.0, 645.0, 646.0, 647.0, 648.0, 649.0, 650.0, 651.0, 652.0, 653.0, 653.0, 653.0, 653.0], "avg_cpu": [0.5437293729372937, 0.5998349834983498, 0.5924092409240924, 0.6031353135313532, 0.594059405940594, 0.5808580858085809, 0.5973597359735974, 0.5833333333333334, 0.5775577557755776, 0.5825082508250825, 0.6089108910891089, 0.5981848184818482, 0.6006600660066007, 0.6089108910891089, 0.5816831683168316, 0.5759075907590759, 0.5610561056105611, 0.5684818481848185, 0.5957095709570958, 0.5907590759075908, 0.594059405940594, 0.5891089108910891, 0.5833333333333334, 0.5998349834983498, 0.5561056105610561, 0.5973597359735974, 0.6113861386138614, 0.6155115511551155, 0.6047854785478548, 0.5833333333333334, 0.5767326732673267, 0.5866336633663366, 0.5874587458745875, 0.5552805280528053, 0.599009900990099, 0.5874587458745875, 0.5321782178217822, 0.5445544554455446, 0.551980198019802, 0.599009900990099, 0.5651815181518152, 0.566006600660066, 0.5577557755775577, 0.16728547854785478, 0.0, 0.0, 0.3310546875, 0.38818359375, 0.39306640625, 0.03802490234375, 0.0, 0.3125, 0.384765625, 0.41552734375, 0.0382080078125, 0.0, 0.48514851485148514, 0.613036303630363, 0.6278877887788779, 0.6394389438943895, 0.6452145214521452, 0.6435643564356436, 0.6320132013201321, 0.6633663366336634, 0.6476897689768977, 0.6402640264026402, 0.6287128712871287, 0.6567656765676567, 0.6476897689768977, 0.6460396039603961, 0.6377887788778878, 0.6377887788778878, 0.650990099009901, 0.6534653465346535, 0.641914191419142, 0.6361386138613861, 0.6188118811881188, 0.6633663366336634, 0.6608910891089109, 0.6617161716171617, 0.6683168316831684, 0.6493399339933993, 0.6567656765676567, 0.6658415841584159, 0.6542904290429042, 0.6526402640264026, 0.6600660066006601, 0.6518151815181518, 0.6617161716171617, 0.6641914191419142, 0.6584158415841584, 0.6567656765676567, 0.6551155115511551, 0.6353135313531353, 0.6353135313531353, 0.6443894389438944, 0.6526402640264026, 0.6493399339933993, 0.6452145214521452, 0.6493399339933993, 0.6485148514851485, 0.6427392739273927, 0.6270627062706271, 0.6443894389438944, 0.6485148514851485, 0.6204620462046204, 0.636963696369637, 0.6328382838283828, 0.6443894389438944, 0.6402640264026402, 0.6254125412541254, 0.6361386138613861, 0.6394389438943895, 0.6485148514851485, 0.6262376237623762, 0.6386138613861386, 0.6287128712871287, 0.6394389438943895, 0.6303630363036303, 0.6386138613861386, 0.6410891089108911, 0.6344884488448845, 0.6460396039603961, 0.6204620462046204, 0.6386138613861386, 0.6435643564356436, 0.6221122112211221, 0.0, 0.0], "avg_mem": [0.04328330893118595, 0.04749267935578331, 0.04438140556368961, 0.04428989751098097, 0.04310029282576867, 0.04213945827232796, 0.044015373352855054, 0.041819180087847733, 0.04319180087847731, 0.04117862371888726, 0.044015373352855054, 0.04259699853587116, 0.04218521229868229, 0.04287152269399707, 0.043146046852122984, 0.046028550512445095, 0.045113469985358715, 0.04287152269399707, 0.04227672035139092, 0.04666910688140556, 0.0436493411420205, 0.044335651537335284, 0.044427159590043924, 0.04607430453879941, 0.04328330893118595, 0.043740849194729134, 0.04337481698389458, 0.04012628111273792, 0.04598279648609078, 0.04438140556368961, 0.04278001464128843, 0.04410688140556369, 0.04300878477306003, 0.043146046852122984, 0.04310029282576867, 0.04410688140556369, 0.04310029282576867, 0.04278001464128843, 0.043237554904831624, 0.04300878477306003, 0.04255124450951684, 0.04085834553440703, 0.043146046852122984, 0.0008578879941434847, 0.0004947154099560761, 0.0009002685546875, 0.027313232421875, 0.02667236328125, 0.0322265625, 0.00078582763671875, 0.00040435791015625, 0.023468017578125, 0.03265380859375, 0.028533935546875, 0.0003337860107421875, 0.0001659393310546875, 0.03664897510980966, 0.04200219619326501, 0.04465592972181552, 0.04470168374816984, 0.04204795021961932, 0.04378660322108346, 0.039897510980966326, 0.042917276720351394, 0.04236822840409956, 0.04406112737920937, 0.04410688140556369, 0.04218521229868229, 0.044518667642752564, 0.0436493411420205, 0.04406112737920937, 0.04204795021961932, 0.0424597364568082, 0.0436493411420205, 0.04209370424597365, 0.04218521229868229, 0.04159040995607614, 0.04094985358711566, 0.043237554904831624, 0.045021961932650074, 0.04305453879941435, 0.041315885797950216, 0.034407027818448024, 0.044015373352855054, 0.04300878477306003, 0.042825768667642754, 0.04227672035139092, 0.04108711566617863, 0.04328330893118595, 0.043146046852122984, 0.04479319180087848, 0.043237554904831624, 0.04428989751098097, 0.043237554904831624, 0.04406112737920937, 0.04305453879941435, 0.042642752562225474, 0.043832357247437774, 0.04163616398243045, 0.040812591508052706, 0.04474743777452416, 0.0446101756954612, 0.04186493411420205, 0.04360358711566618, 0.04410688140556369, 0.042917276720351394, 0.04328330893118595, 0.044427159590043924, 0.044015373352855054, 0.042322474377745244, 0.04525073206442167, 0.045525256222547585, 0.04378660322108346, 0.042734260614934114, 0.0436493411420205, 0.044015373352855054, 0.04438140556368961, 0.04456442166910688, 0.04204795021961932, 0.044427159590043924, 0.04287152269399707, 0.04241398243045388, 0.043832357247437774, 0.043832357247437774, 0.044335651537335284, 0.04387811127379209, 0.04200219619326501, 0.0006291178623718887, 0.0003031204245973646]}