{"time": [1718.0, 1718.0, 1719.0, 1719.0, 1719.0, 1719.0, 1719.0, 1720.0, 1720.0, 1720.0, 1721.0, 1722.0, 1723.0, 1724.0, 1725.0, 1726.0, 1727.0, 1727.0, 1728.0, 1729.0, 1729.0, 1730.0, 1731.0, 1732.0, 1733.0, 1733.0, 1734.0, 1735.0, 1736.0, 1737.0, 1738.0, 1738.0, 1739.0, 1740.0, 1741.0, 1742.0, 1743.0, 1744.0, 1745.0, 1746.0, 1747.0, 1748.0, 1749.0, 1750.0, 1751.0, 1752.0, 1753.0, 1754.0, 1755.0, 1756.0, 1757.0, 1758.0, 1759.0, 1760.0, 1761.0, 1762.0, 1763.0, 1764.0, 1765.0, 1766.0, 1767.0, 1768.0, 1769.0, 1770.0, 1771.0, 1772.0, 1773.0, 1774.0, 1775.0, 1776.0, 1777.0, 1778.0, 1779.0, 1780.0, 1781.0, 1782.0, 1783.0, 1784.0, 1785.0, 1786.0, 1787.0, 1788.0, 1789.0, 1790.0, 1791.0, 1792.0, 1793.0, 1794.0, 1795.0, 1796.0, 1797.0, 1798.0, 1799.0, 1800.0, 1800.0, 1800.0, 1800.0], "avg_cpu": [0.0, 0.006278362211221122, 0.12417491749174918, 0.2990924092409241, 0.3353960396039604, 0.3056930693069307, 0.3502475247524752, 0.3527227722772277, 0.41955445544554454, 0.41171617161716173, 0.3527227722772277, 0.3617986798679868, 0.28795379537953797, 0.34983498349834985, 0.3935643564356436, 0.367986798679868, 0.4306930693069307, 0.5412541254125413, 0.5239273927392739, 0.4892739273927393, 0.5618811881188119, 0.5858085808580858, 0.5602310231023102, 0.570957095709571, 0.6344884488448845, 0.5965346534653465, 0.6146864686468647, 0.6262376237623762, 0.6394389438943895, 0.5808580858085809, 0.5404290429042904, 0.5577557755775577, 0.6410891089108911, 0.6344884488448845, 0.6658415841584159, 0.650990099009901, 0.6047854785478548, 0.6113861386138614, 0.6361386138613861, 0.6196369636963697, 0.5899339933993399, 0.6179867986798679, 0.6237623762376238, 0.6188118811881188, 0.5874587458745875, 0.613036303630363, 0.6229372937293729, 0.5948844884488449, 0.6138613861386139, 0.6047854785478548, 0.608085808580858, 0.5742574257425742, 0.6105610561056105, 0.6031353135313532, 0.6039603960396039, 0.6435643564356436, 0.636963696369637, 0.6262376237623762, 0.6534653465346535, 0.613036303630363, 0.5891089108910891, 0.6534653465346535, 0.6105610561056105, 0.5998349834983498, 0.6229372937293729, 0.6122112211221122, 0.6336633663366337, 0.6047854785478548, 0.6584158415841584, 0.6468646864686468, 0.6410891089108911, 0.6443894389438944, 0.6278877887788779, 0.5973597359735974, 0.636963696369637, 0.6311881188118812, 0.6295379537953796, 0.6344884488448845, 0.5874587458745875, 0.6056105610561056, 0.5858085808580858, 0.5891089108910891, 0.5833333333333334, 0.5907590759075908, 0.58003300330033, 0.6146864686468647, 0.6023102310231023, 0.6163366336633663, 0.6031353135313532, 0.594059405940594, 0.5907590759075908, 0.5899339933993399, 0.6138613861386139, 0.29372937293729373, 0.0017339624587458745, 0.00043349061468646863, 0.0009910659034653465], "avg_mem": [2.859626647144949e-06, 0.0024278230234260614, 0.007732430453879942, 0.009288067349926793, 0.009116489751098097, 0.0089449121522694, 0.008327232796486091, 0.008773334553440702, 0.008807650073206443, 0.00831579428989751, 0.008567441434846267, 0.00893347364568082, 0.008624633967789166, 0.008636072474377745, 0.008704703513909224, 0.008807650073206443, 0.008613195461200585, 0.008521687408491947, 0.009562591508052708, 0.009002104685212299, 0.008521687408491947, 0.008693265007320644, 0.00892203513909224, 0.008693265007320644, 0.008750457540263544, 0.009036420204978038, 0.008727580527086384, 0.008784773060029283, 0.008784773060029283, 0.008750457540263544, 0.008658949487554905, 0.008601756954612006, 0.008704703513909224, 0.008796211566617862, 0.008819088579795022, 0.008716142020497804, 0.008979227672035139, 0.008773334553440702, 0.008796211566617862, 0.008796211566617862, 0.008876281112737921, 0.008830527086383601, 0.008761896046852123, 0.009779923133235724, 0.009402452415812591, 0.008830527086383601, 0.008819088579795022, 0.008716142020497804, 0.00896778916544656, 0.008681826500732064, 0.009070735724743777, 0.008750457540263544, 0.008773334553440702, 0.008636072474377745, 0.00891059663250366, 0.0088877196193265, 0.008956350658857979, 0.008578879941434846, 0.008590318448023425, 0.008784773060029283, 0.0089449121522694, 0.008853404099560761, 0.008727580527086384, 0.008830527086383601, 0.008750457540263544, 0.009047858711566617, 0.008830527086383601, 0.008784773060029283, 0.009505398975109809, 0.009105051244509516, 0.008807650073206443, 0.00886484260614934, 0.008841965592972182, 0.00891059663250366, 0.008979227672035139, 0.008750457540263544, 0.008796211566617862, 0.009585468521229868, 0.009036420204978038, 0.008750457540263544, 0.008819088579795022, 0.008853404099560761, 0.00886484260614934, 0.008647510980966324, 0.008796211566617862, 0.0088877196193265, 0.0088877196193265, 0.008727580527086384, 0.008693265007320644, 0.008750457540263544, 0.008670387994143484, 0.008704703513909224, 0.009013543191800878, 0.00783537701317716, 0.006451317715959005, 0.0032656936310395315, 5.719253294289898e-05]}