{"time": [526.0, 527.0, 527.0, 527.0, 527.0, 530.0, 530.0, 531.0, 531.0, 531.0, 532.0, 532.0, 532.0, 552.0, 553.0, 554.0, 555.0, 556.0, 556.0, 557.0, 558.0, 559.0, 560.0, 561.0, 562.0, 563.0, 564.0, 565.0, 566.0, 567.0, 568.0, 569.0, 570.0, 571.0, 571.0, 572.0, 572.0, 572.0, 577.0, 578.0, 579.0, 580.0, 581.0, 582.0, 583.0, 584.0, 585.0, 586.0, 587.0, 588.0, 589.0, 590.0, 591.0, 592.0, 593.0, 594.0, 595.0, 596.0, 597.0, 598.0, 599.0, 600.0, 601.0, 602.0, 603.0, 604.0, 605.0, 606.0, 607.0, 608.0, 609.0, 610.0, 611.0, 612.0, 613.0, 614.0, 615.0, 616.0, 617.0, 618.0, 619.0, 620.0, 621.0, 622.0, 623.0, 624.0, 625.0, 626.0, 627.0, 628.0, 629.0, 629.0, 630.0, 631.0, 632.0, 633.0, 634.0, 635.0, 636.0, 637.0, 638.0, 639.0, 640.0, 641.0, 642.0, 643.0, 644.0, 645.0, 646.0, 647.0, 648.0, 649.0, 650.0, 651.0, 652.0, 653.0, 653.0, 653.0, 653.0], "avg_cpu": [0.0002148039714867617, 7.060686099796334e-05, 0.001257001018329939, 0.0, 0.003198192464358452, 0.07481060606060606, 0.4476584022038568, 0.43732782369146006, 0.45385674931129477, 0.5, 0.5165289256198347, 0.09676308539944904, 0.0, 0.5924092409240924, 0.7079207920792079, 0.5503300330033003, 0.5577557755775577, 0.5396039603960396, 0.5668316831683168, 0.5437293729372937, 0.5396039603960396, 0.5470297029702971, 0.5610561056105611, 0.5577557755775577, 0.5825082508250825, 0.5701320132013201, 0.570957095709571, 0.5371287128712872, 0.5429042904290429, 0.5379537953795379, 0.5371287128712872, 0.5445544554455446, 0.5577557755775577, 0.4966996699669967, 0.5495049504950495, 0.37912541254125415, 0.03573638613861386, 0.0, 0.5891089108910891, 0.6204620462046204, 0.6336633663366337, 0.6617161716171617, 0.6410891089108911, 0.6320132013201321, 0.6105610561056105, 0.6311881188118812, 0.5891089108910891, 0.5808580858085809, 0.5635313531353136, 0.5767326732673267, 0.6171617161716172, 0.5932343234323433, 0.5676567656765676, 0.5552805280528053, 0.5684818481848185, 0.6353135313531353, 0.6303630363036303, 0.6460396039603961, 0.6617161716171617, 0.5915841584158416, 0.5750825082508251, 0.6006600660066007, 0.6138613861386139, 0.5783828382838284, 0.5759075907590759, 0.5891089108910891, 0.6410891089108911, 0.6608910891089109, 0.6097359735973598, 0.5767326732673267, 0.6171617161716172, 0.6023102310231023, 0.6047854785478548, 0.6188118811881188, 0.5866336633663366, 0.5907590759075908, 0.5792079207920792, 0.5833333333333334, 0.5684818481848185, 0.5767326732673267, 0.5354785478547854, 0.6221122112211221, 0.5668316831683168, 0.5445544554455446, 0.6188118811881188, 0.6353135313531353, 0.5907590759075908, 0.6361386138613861, 0.6014851485148515, 0.6328382838283828, 0.6625412541254125, 0.6666666666666666, 0.6633663366336634, 0.66996699669967, 0.6732673267326733, 0.6724422442244224, 0.6707920792079208, 0.6732673267326733, 0.6782178217821783, 0.650990099009901, 0.6526402640264026, 0.6551155115511551, 0.6683168316831684, 0.679042904290429, 0.6658415841584159, 0.6625412541254125, 0.6575907590759076, 0.6716171617161716, 0.6476897689768977, 0.6641914191419142, 0.6435643564356436, 0.6262376237623762, 0.6534653465346535, 0.6641914191419142, 0.66996699669967, 0.6881188118811881, 0.683993399339934, 0.0, 0.0], "avg_mem": [0.00333404541015625, 0.003620147705078125, 0.003627777099609375, 0.003631591796875, 0.00183868408203125, 0.008087024158125915, 0.043740849194729134, 0.048133235724743775, 0.04259699853587116, 0.04694363103953148, 0.040309297218155196, 0.0005175924231332357, 0.0002630856515373353, 0.020246156661786238, 0.043420571010248904, 0.04447291361639824, 0.04236822840409956, 0.04191068814055637, 0.03857064421669107, 0.04328330893118595, 0.04255124450951684, 0.042734260614934114, 0.042734260614934114, 0.04163616398243045, 0.04213945827232796, 0.04186493411420205, 0.0426885065885798, 0.04236822840409956, 0.04200219619326501, 0.04369509516837482, 0.04168191800878477, 0.04227672035139092, 0.04328330893118595, 0.04195644216691069, 0.04168191800878477, 0.027635431918008786, 0.0011638680453879941, 0.000446101756954612, 0.04584553440702782, 0.047035139092240115, 0.042642752562225474, 0.0446101756954612, 0.044015373352855054, 0.04287152269399707, 0.0457997803806735, 0.04310029282576867, 0.042825768667642754, 0.0446101756954612, 0.04305453879941435, 0.04058382137628111, 0.04497620790629575, 0.04337481698389458, 0.04419838945827233, 0.0424597364568082, 0.04250549048316252, 0.04438140556368961, 0.04575402635431918, 0.044244143484626644, 0.04296303074670571, 0.04406112737920937, 0.0455710102489019, 0.04259699853587116, 0.04378660322108346, 0.045342240117130304, 0.04387811127379209, 0.04685212298682284, 0.045342240117130304, 0.04515922401171303, 0.043923865300146414, 0.04616581259150805, 0.04145314787701318, 0.04296303074670571, 0.04278001464128843, 0.045113469985358715, 0.043146046852122984, 0.044015373352855054, 0.04017203513909224, 0.04630307467057101, 0.04300878477306003, 0.04209370424597365, 0.043740849194729134, 0.04159040995607614, 0.04218521229868229, 0.044335651537335284, 0.04108711566617863, 0.04209370424597365, 0.042230966325036604, 0.03875366032210834, 0.041315885797950216, 0.04204795021961932, 0.04255124450951684, 0.043420571010248904, 0.0426885065885798, 0.04410688140556369, 0.042642752562225474, 0.04300878477306003, 0.04296303074670571, 0.04415263543191801, 0.04163616398243045, 0.04351207906295754, 0.04296303074670571, 0.04209370424597365, 0.04310029282576867, 0.04186493411420205, 0.04154465592972181, 0.042642752562225474, 0.04145314787701318, 0.03925695461200586, 0.044930453879941434, 0.04191068814055637, 0.04035505124450952, 0.04396961932650073, 0.042825768667642754, 0.04227672035139092, 0.044244143484626644, 0.037106515373352855, 0.037792825768667646, 0.0013840592972181552, 0.0006977489019033675]}