{"time": [591.0, 592.0, 593.0, 594.0, 595.0, 596.0, 597.0, 598.0, 599.0, 600.0, 601.0, 602.0, 603.0, 604.0, 605.0, 606.0, 607.0, 608.0, 609.0, 610.0, 611.0, 612.0, 613.0, 614.0, 615.0, 616.0, 617.0, 618.0, 619.0, 619.0, 620.0, 621.0, 622.0, 623.0, 624.0, 625.0, 626.0, 627.0, 628.0, 629.0, 630.0, 631.0, 632.0, 633.0, 634.0, 635.0, 636.0, 637.0, 638.0, 639.0, 640.0, 641.0, 642.0, 643.0, 644.0, 645.0, 646.0, 647.0, 648.0, 649.0, 650.0, 651.0, 652.0, 653.0, 653.0, 653.0, 653.0], "avg_cpu": [0.7194719471947195, 0.6971947194719472, 0.6551155115511551, 0.6056105610561056, 0.6278877887788779, 0.6155115511551155, 0.6493399339933993, 0.5742574257425742, 0.5726072607260726, 0.58003300330033, 0.5717821782178217, 0.5874587458745875, 0.5750825082508251, 0.6427392739273927, 0.5693069306930693, 0.5734323432343235, 0.5924092409240924, 0.6394389438943895, 0.641914191419142, 0.6262376237623762, 0.6485148514851485, 0.6501650165016502, 0.66996699669967, 0.6658415841584159, 0.6361386138613861, 0.6575907590759076, 0.6542904290429042, 0.6262376237623762, 0.5808580858085809, 0.6724422442244224, 0.6584158415841584, 0.6749174917491749, 0.6518151815181518, 0.6905940594059405, 0.6229372937293729, 0.641914191419142, 0.6270627062706271, 0.6551155115511551, 0.6765676567656765, 0.6815181518151815, 0.6872937293729373, 0.6592409240924092, 0.6014851485148515, 0.5932343234323433, 0.5841584158415841, 0.5701320132013201, 0.5726072607260726, 0.5907590759075908, 0.608085808580858, 0.6287128712871287, 0.6542904290429042, 0.6435643564356436, 0.6658415841584159, 0.6353135313531353, 0.6344884488448845, 0.6452145214521452, 0.6468646864686468, 0.6122112211221122, 0.6105610561056105, 0.650990099009901, 0.6344884488448845, 0.6146864686468647, 0.6452145214521452, 0.6452145214521452, 0.6353135313531353, 0.010416666666666666, 0.0], "avg_mem": [0.03976024890190337, 0.0446101756954612, 0.042642752562225474, 0.04616581259150805, 0.04447291361639824, 0.044015373352855054, 0.04474743777452416, 0.04497620790629575, 0.043146046852122984, 0.0412701317715959, 0.044244143484626644, 0.04145314787701318, 0.041819180087847733, 0.04191068814055637, 0.04241398243045388, 0.04195644216691069, 0.04337481698389458, 0.03898243045387994, 0.040492313323572476, 0.04406112737920937, 0.04589128843338214, 0.04547950219619327, 0.04360358711566618, 0.04570827232796486, 0.043237554904831624, 0.0426885065885798, 0.042825768667642754, 0.04474743777452416, 0.042917276720351394, 0.042917276720351394, 0.04515922401171303, 0.04470168374816984, 0.045113469985358715, 0.04378660322108346, 0.04474743777452416, 0.0436493411420205, 0.04337481698389458, 0.04584553440702782, 0.044335651537335284, 0.04428989751098097, 0.04456442166910688, 0.044838945827232794, 0.04639458272327965, 0.04337481698389458, 0.04255124450951684, 0.04186493411420205, 0.046028550512445095, 0.04767569546120059, 0.04419838945827233, 0.04337481698389458, 0.044335651537335284, 0.0436493411420205, 0.043832357247437774, 0.043832357247437774, 0.04328330893118595, 0.04387811127379209, 0.04419838945827233, 0.04607430453879941, 0.043832357247437774, 0.043832357247437774, 0.04525073206442167, 0.043740849194729134, 0.043237554904831624, 0.0412701317715959, 0.033812225475841874, 0.000446101756954612, 0.0002974011713030747]}