{"time": [1718.0, 1719.0, 1719.0, 1719.0, 1719.0, 1719.0, 1720.0, 1720.0, 1721.0, 1722.0, 1723.0, 1723.0, 1724.0, 1725.0, 1726.0, 1727.0, 1727.0, 1728.0, 1728.0, 1729.0, 1730.0, 1731.0, 1732.0, 1732.0, 1733.0, 1734.0, 1735.0, 1736.0, 1737.0, 1738.0, 1739.0, 1739.0, 1740.0, 1741.0, 1742.0, 1743.0, 1744.0, 1745.0, 1746.0, 1747.0, 1748.0, 1749.0, 1750.0, 1751.0, 1752.0, 1753.0, 1754.0, 1755.0, 1756.0, 1757.0, 1758.0, 1759.0, 1760.0, 1761.0, 1762.0, 1763.0, 1764.0, 1765.0, 1766.0, 1767.0, 1768.0, 1769.0, 1770.0, 1771.0, 1772.0, 1773.0, 1774.0, 1775.0, 1776.0, 1777.0, 1778.0, 1779.0, 1780.0, 1781.0, 1782.0, 1783.0, 1784.0, 1785.0, 1786.0, 1787.0, 1788.0, 1789.0, 1790.0, 1791.0, 1792.0, 1793.0, 1794.0, 1795.0, 1796.0, 1797.0, 1798.0, 1799.0, 1800.0, 1800.0, 1800.0], "avg_cpu": [0.005446833745874588, 0.21823432343234322, 0.2537128712871287, 0.264026402640264, 0.25866336633663367, 0.2235973597359736, 0.25495049504950495, 0.26897689768976896, 0.2924917491749175, 0.2962046204620462, 0.283003300330033, 0.28424092409240925, 0.3292079207920792, 0.44884488448844884, 0.48267326732673266, 0.4876237623762376, 0.5371287128712872, 0.47194719471947194, 0.5759075907590759, 0.518976897689769, 0.49174917491749176, 0.49422442244224424, 0.5948844884488449, 0.5404290429042904, 0.5255775577557755, 0.5561056105610561, 0.5371287128712872, 0.5651815181518152, 0.533003300330033, 0.5255775577557755, 0.5181518151815182, 0.5891089108910891, 0.5536303630363036, 0.5668316831683168, 0.5602310231023102, 0.556930693069307, 0.5635313531353136, 0.551980198019802, 0.5618811881188119, 0.5602310231023102, 0.5594059405940595, 0.5816831683168316, 0.5924092409240924, 0.5841584158415841, 0.5693069306930693, 0.5594059405940595, 0.5445544554455446, 0.5701320132013201, 0.5816831683168316, 0.5948844884488449, 0.5841584158415841, 0.5734323432343235, 0.566006600660066, 0.5684818481848185, 0.5635313531353136, 0.5915841584158416, 0.5783828382838284, 0.5585808580858086, 0.5651815181518152, 0.5783828382838284, 0.5783828382838284, 0.5767326732673267, 0.5585808580858086, 0.5544554455445545, 0.5561056105610561, 0.5503300330033003, 0.5643564356435643, 0.58003300330033, 0.5726072607260726, 0.5470297029702971, 0.58003300330033, 0.5643564356435643, 0.5552805280528053, 0.5437293729372937, 0.5561056105610561, 0.5726072607260726, 0.5668316831683168, 0.5792079207920792, 0.5767326732673267, 0.5833333333333334, 0.5825082508250825, 0.5618811881188119, 0.5602310231023102, 0.5561056105610561, 0.5792079207920792, 0.5742574257425742, 0.5965346534653465, 0.6072607260726073, 0.5668316831683168, 0.5874587458745875, 0.6501650165016502, 0.6212871287128713, 0.2747524752475248, 0.002385004125412541, 0.0], "avg_mem": [0.004563964128843338, 0.009356698389458273, 0.009207997803806735, 0.0089449121522694, 0.008521687408491947, 0.008647510980966324, 0.008693265007320644, 0.009059297218155198, 0.0088877196193265, 0.00892203513909224, 0.008521687408491947, 0.008693265007320644, 0.008830527086383601, 0.008956350658857979, 0.0089449121522694, 0.0088877196193265, 0.00891059663250366, 0.00886484260614934, 0.00844161786237189, 0.009745607613469985, 0.009059297218155198, 0.008704703513909224, 0.008498810395314787, 0.008853404099560761, 0.00899066617862372, 0.0088877196193265, 0.008773334553440702, 0.008819088579795022, 0.008876281112737921, 0.0089449121522694, 0.008624633967789166, 0.008784773060029283, 0.009162243777452415, 0.008979227672035139, 0.00886484260614934, 0.00896778916544656, 0.008853404099560761, 0.009288067349926793, 0.00896778916544656, 0.0089449121522694, 0.0088877196193265, 0.009002104685212299, 0.00891059663250366, 0.008784773060029283, 0.008876281112737921, 0.008750457540263544, 0.008853404099560761, 0.008727580527086384, 0.009070735724743777, 0.00891059663250366, 0.009093612737920937, 0.008853404099560761, 0.00886484260614934, 0.009059297218155198, 0.009082174231332358, 0.008773334553440702, 0.008739019033674963, 0.008830527086383601, 0.008636072474377745, 0.009024981698389459, 0.009002104685212299, 0.008716142020497804, 0.008830527086383601, 0.008784773060029283, 0.009082174231332358, 0.00896778916544656, 0.008853404099560761, 0.008658949487554905, 0.008853404099560761, 0.00892203513909224, 0.00899066617862372, 0.008784773060029283, 0.008704703513909224, 0.009002104685212299, 0.008956350658857979, 0.008819088579795022, 0.00892203513909224, 0.008761896046852123, 0.008807650073206443, 0.008979227672035139, 0.009036420204978038, 0.008841965592972182, 0.00893347364568082, 0.008830527086383601, 0.008796211566617862, 0.009242313323572475, 0.008796211566617862, 0.008830527086383601, 0.00896778916544656, 0.00951683748169839, 0.0089449121522694, 0.008716142020497804, 0.007949762079062957, 0.005839357613469986, 7.435029282576867e-05]}