{"time": [530.0, 530.0, 531.0, 531.0, 532.0, 533.0, 534.0, 535.0, 535.0, 535.0, 535.0, 536.0, 554.0, 555.0, 556.0, 556.0, 557.0, 558.0, 559.0, 560.0, 561.0, 562.0, 563.0, 564.0, 565.0, 566.0, 567.0, 568.0, 569.0, 570.0, 571.0, 571.0, 572.0, 572.0, 572.0, 578.0, 579.0, 580.0, 581.0, 582.0, 583.0, 584.0, 585.0, 586.0, 587.0, 588.0, 589.0, 590.0, 591.0, 592.0, 593.0, 594.0, 595.0, 596.0, 597.0, 598.0, 599.0, 600.0, 601.0, 602.0, 603.0, 604.0, 605.0, 606.0, 607.0, 608.0, 609.0, 610.0, 611.0, 612.0, 613.0, 614.0, 615.0, 616.0, 617.0, 618.0, 619.0, 620.0, 621.0, 622.0, 623.0, 624.0, 625.0, 626.0, 627.0, 628.0, 629.0, 630.0, 631.0, 632.0, 633.0, 634.0, 635.0, 636.0, 637.0, 638.0, 639.0, 640.0, 641.0, 642.0, 643.0, 644.0, 645.0, 646.0, 647.0, 648.0, 649.0, 650.0, 651.0, 652.0, 653.0, 653.0, 653.0, 653.0], "avg_cpu": [0.2887788778877888, 0.5255775577557755, 0.4991749174917492, 0.4933993399339934, 0.5445544554455446, 0.5759075907590759, 0.5528052805280528, 0.5808580858085809, 0.551980198019802, 0.341996699669967, 0.0, 0.0, 0.6831683168316832, 0.4900990099009901, 0.5387788778877888, 0.6023102310231023, 0.514026402640264, 0.5462046204620462, 0.5272277227722773, 0.5181518151815182, 0.5478547854785478, 0.5585808580858086, 0.5429042904290429, 0.5594059405940595, 0.5717821782178217, 0.5676567656765676, 0.5610561056105611, 0.5528052805280528, 0.5577557755775577, 0.5585808580858086, 0.5272277227722773, 0.5470297029702971, 0.47112211221122113, 0.04790635313531353, 0.0, 0.3023927392739274, 0.6691419141914191, 0.7318481848184818, 0.7277227722772277, 0.7112211221122112, 0.6014851485148515, 0.5808580858085809, 0.5693069306930693, 0.6056105610561056, 0.5874587458745875, 0.5470297029702971, 0.5775577557755776, 0.5420792079207921, 0.5915841584158416, 0.5528052805280528, 0.6328382838283828, 0.6072607260726073, 0.533003300330033, 0.650990099009901, 0.6229372937293729, 0.5957095709570958, 0.5825082508250825, 0.6006600660066007, 0.5981848184818482, 0.5841584158415841, 0.5544554455445545, 0.5577557755775577, 0.5610561056105611, 0.5602310231023102, 0.5825082508250825, 0.5585808580858086, 0.5602310231023102, 0.5594059405940595, 0.5470297029702971, 0.5437293729372937, 0.5561056105610561, 0.5371287128712872, 0.5643564356435643, 0.5495049504950495, 0.5684818481848185, 0.523102310231023, 0.5561056105610561, 0.5627062706270627, 0.5767326732673267, 0.6097359735973598, 0.5833333333333334, 0.6039603960396039, 0.5726072607260726, 0.608085808580858, 0.599009900990099, 0.5684818481848185, 0.5462046204620462, 0.5462046204620462, 0.5668316831683168, 0.5462046204620462, 0.5470297029702971, 0.5915841584158416, 0.5379537953795379, 0.5429042904290429, 0.5726072607260726, 0.5445544554455446, 0.5734323432343235, 0.5874587458745875, 0.5965346534653465, 0.5404290429042904, 0.5511551155115512, 0.528052805280528, 0.5536303630363036, 0.5717821782178217, 0.5891089108910891, 0.5792079207920792, 0.5792079207920792, 0.5701320132013201, 0.5618811881188119, 0.5841584158415841, 0.5272277227722773, 0.5561056105610561, 0.008328176567656765, 0.0], "avg_mem": [0.01111822840409956, 0.04300878477306003, 0.03916544655929722, 0.039714494875549046, 0.04213945827232796, 0.04163616398243045, 0.0410413616398243, 0.043146046852122984, 0.042322474377745244, 0.000666293008784773, 0.0003059800512445095, 0.00020017386530014642, 0.0414989019033675, 0.043923865300146414, 0.0426885065885798, 0.033720717423133234, 0.04378660322108346, 0.04094985358711566, 0.0436493411420205, 0.04369509516837482, 0.041819180087847733, 0.044518667642752564, 0.04589128843338214, 0.04657759882869693, 0.046440336749633965, 0.04287152269399707, 0.0414989019033675, 0.04319180087847731, 0.04250549048316252, 0.04227672035139092, 0.042734260614934114, 0.040309297218155196, 0.04346632503660322, 0.0013068493777452417, 0.0006462756222547584, 0.031707540263543194, 0.09068448023426061, 0.08592606149341142, 0.08885431918008785, 0.08857979502196194, 0.08455344070278184, 0.08638360175695461, 0.08775622254758418, 0.08940336749633968, 0.08272327964860908, 0.0899524158125915, 0.08620058565153733, 0.08336383601756954, 0.08748169838945827, 0.08931185944363104, 0.08556002928257686, 0.08812225475841874, 0.0892203513909224, 0.08857979502196194, 0.08546852122986823, 0.08967789165446559, 0.09022693997071743, 0.087298682284041, 0.08793923865300146, 0.08793923865300146, 0.08437042459736457, 0.087298682284041, 0.08693265007320644, 0.0853770131771596, 0.08912884333821376, 0.08702415812591507, 0.08244875549048317, 0.0865666178623719, 0.08949487554904832, 0.08556002928257686, 0.08501098096632503, 0.08574304538799414, 0.08739019033674963, 0.08784773060029283, 0.08546852122986823, 0.0911420204978038, 0.09214860907759882, 0.08455344070278184, 0.08757320644216691, 0.08784773060029283, 0.08455344070278184, 0.08601756954612005, 0.08501098096632503, 0.09123352855051245, 0.08976939970717424, 0.09059297218155198, 0.08565153733528551, 0.08903733528550513, 0.08318081991215227, 0.087298682284041, 0.08629209370424597, 0.08674963396778916, 0.08556002928257686, 0.08638360175695461, 0.0861090775988287, 0.0849194729136164, 0.08501098096632503, 0.09150805270863836, 0.08519399707174231, 0.08766471449487555, 0.08711566617862372, 0.08345534407027819, 0.08665812591508053, 0.08693265007320644, 0.08583455344070279, 0.08601756954612005, 0.08556002928257686, 0.08345534407027819, 0.08620058565153733, 0.08839677891654465, 0.08052708638360176, 0.09324670571010249, 0.001395497803806735, 0.0008292917276720352]}