{"time": [1718.0, 1719.0, 1719.0, 1719.0, 1719.0, 1720.0, 1720.0, 1721.0, 1722.0, 1723.0, 1723.0, 1724.0, 1725.0, 1726.0, 1727.0, 1727.0, 1728.0, 1729.0, 1729.0, 1730.0, 1731.0, 1732.0, 1732.0, 1733.0, 1734.0, 1735.0, 1736.0, 1737.0, 1738.0, 1739.0, 1740.0, 1741.0, 1742.0, 1743.0, 1744.0, 1745.0, 1746.0, 1747.0, 1748.0, 1749.0, 1750.0, 1751.0, 1752.0, 1753.0, 1754.0, 1755.0, 1756.0, 1757.0, 1758.0, 1759.0, 1760.0, 1761.0, 1762.0, 1763.0, 1764.0, 1765.0, 1766.0, 1767.0, 1768.0, 1769.0, 1770.0, 1771.0, 1772.0, 1773.0, 1774.0, 1775.0, 1776.0, 1777.0, 1778.0, 1779.0, 1780.0, 1781.0, 1782.0, 1783.0, 1784.0, 1785.0, 1786.0, 1787.0, 1788.0, 1789.0, 1790.0, 1791.0, 1792.0, 1793.0, 1794.0, 1795.0, 1796.0, 1797.0, 1798.0, 1799.0, 1800.0, 1800.0, 1800.0], "avg_cpu": [0.04600694444444445, 0.2168560606060606, 0.24053030303030304, 0.3109217171717172, 0.31186868686868685, 0.3140782828282828, 0.42045454545454547, 0.398989898989899, 0.4008838383838384, 0.4053030303030303, 0.553030303030303, 0.5422979797979798, 0.553030303030303, 0.5498737373737373, 0.5410353535353535, 0.6654040404040404, 0.6666666666666666, 0.678030303030303, 0.7550505050505051, 0.7411616161616161, 0.7462121212121212, 0.7348484848484849, 0.8320707070707071, 0.8295454545454546, 0.821969696969697, 0.8194444444444444, 0.8093434343434344, 0.8068181818181818, 0.8055555555555556, 0.8106060606060606, 0.8093434343434344, 0.8017676767676768, 0.8131313131313131, 0.8093434343434344, 0.8131313131313131, 0.8232323232323232, 0.8055555555555556, 0.8156565656565656, 0.8131313131313131, 0.8131313131313131, 0.8257575757575758, 0.8156565656565656, 0.8169191919191919, 0.8131313131313131, 0.8143939393939394, 0.8106060606060606, 0.8118686868686869, 0.8169191919191919, 0.8068181818181818, 0.8244949494949495, 0.8181818181818182, 0.8143939393939394, 0.8181818181818182, 0.8080808080808081, 0.8156565656565656, 0.821969696969697, 0.8181818181818182, 0.8169191919191919, 0.8282828282828283, 0.8156565656565656, 0.8181818181818182, 0.8156565656565656, 0.8169191919191919, 0.8181818181818182, 0.8194444444444444, 0.8194444444444444, 0.8333333333333334, 0.8333333333333334, 0.8194444444444444, 0.8308080808080808, 0.8358585858585859, 0.8371212121212122, 0.8232323232323232, 0.827020202020202, 0.8181818181818182, 0.8244949494949495, 0.821969696969697, 0.8156565656565656, 0.8282828282828283, 0.8257575757575758, 0.8232323232323232, 0.8358585858585859, 0.8194444444444444, 0.8345959595959596, 0.8169191919191919, 0.8308080808080808, 0.8295454545454546, 0.8194444444444444, 0.8232323232323232, 0.8181818181818182, 0.4128787878787879, 0.001953125, 0.0029296875], "avg_mem": [0.005536237188872621, 0.00891059663250366, 0.008201409224011713, 0.008235724743777453, 0.007949762079062957, 0.00831579428989751, 0.008453056368960469, 0.008533125915080528, 0.008658949487554905, 0.008487371888726208, 0.008636072474377745, 0.008590318448023425, 0.0088877196193265, 0.00837298682284041, 0.008578879941434846, 0.008693265007320644, 0.008533125915080528, 0.008521687408491947, 0.008510248901903368, 0.00841874084919473, 0.008681826500732064, 0.008876281112737921, 0.008556002928257686, 0.008430179355783309, 0.008636072474377745, 0.008773334553440702, 0.008487371888726208, 0.008498810395314787, 0.008670387994143484, 0.008601756954612006, 0.008658949487554905, 0.008693265007320644, 0.008601756954612006, 0.00838442532942899, 0.008521687408491947, 0.008578879941434846, 0.00891059663250366, 0.008658949487554905, 0.008624633967789166, 0.008693265007320644, 0.008807650073206443, 0.00899066617862372, 0.008807650073206443, 0.008876281112737921, 0.008670387994143484, 0.008636072474377745, 0.008556002928257686, 0.008475933382137629, 0.00891059663250366, 0.008727580527086384, 0.008681826500732064, 0.008624633967789166, 0.008807650073206443, 0.0089449121522694, 0.008681826500732064, 0.008407302342606148, 0.008567441434846267, 0.008578879941434846, 0.008704703513909224, 0.008613195461200585, 0.008853404099560761, 0.008601756954612006, 0.008487371888726208, 0.008624633967789166, 0.009036420204978038, 0.008658949487554905, 0.008487371888726208, 0.008613195461200585, 0.008841965592972182, 0.008430179355783309, 0.008841965592972182, 0.008727580527086384, 0.008670387994143484, 0.00899066617862372, 0.008727580527086384, 0.008487371888726208, 0.008556002928257686, 0.008544564421669107, 0.008761896046852123, 0.008567441434846267, 0.008636072474377745, 0.008544564421669107, 0.008841965592972182, 0.0089449121522694, 0.008853404099560761, 0.008521687408491947, 0.008796211566617862, 0.008510248901903368, 0.008578879941434846, 0.008704703513909224, 0.007652360907759883, 0.006634333821376281, 6.863103953147877e-05]}