{"time": [1715.0, 1715.0, 1716.0, 1717.0, 1718.0, 1719.0, 1719.0, 1720.0, 1721.0, 1721.0, 1722.0, 1723.0, 1724.0, 1725.0, 1725.0, 1726.0, 1727.0, 1728.0, 1729.0, 1730.0, 1731.0, 1732.0, 1733.0, 1734.0, 1735.0, 1736.0, 1736.0, 1737.0, 1738.0, 1738.0, 1739.0, 1740.0, 1741.0, 1742.0, 1743.0, 1744.0, 1745.0, 1746.0, 1747.0, 1748.0, 1749.0, 1750.0, 1751.0, 1752.0, 1753.0, 1754.0, 1755.0, 1756.0, 1757.0, 1758.0, 1759.0, 1760.0, 1761.0, 1762.0, 1763.0, 1764.0, 1765.0, 1766.0, 1767.0, 1768.0, 1769.0, 1770.0, 1771.0, 1772.0, 1773.0, 1774.0, 1775.0, 1776.0, 1777.0, 1778.0, 1779.0, 1780.0, 1781.0, 1782.0, 1783.0, 1784.0, 1785.0, 1786.0, 1787.0, 1788.0, 1789.0, 1790.0, 1791.0, 1792.0, 1793.0, 1794.0, 1795.0, 1796.0, 1797.0, 1798.0, 1799.0, 1800.0, 1800.0, 1800.0, 1800.0], "avg_cpu": [0.0, 0.06336805555555555, 0.0767834595959596, 0.05082070707070707, 0.11837121212121213, 0.23484848484848486, 0.24968434343434343, 0.2556818181818182, 0.2335858585858586, 0.4008838383838384, 0.3970959595959596, 0.4015151515151515, 0.4008838383838384, 0.3952020202020202, 0.6079545454545454, 0.5650252525252525, 0.5587121212121212, 0.586489898989899, 0.6123737373737373, 0.6167929292929293, 0.6174242424242424, 0.6161616161616161, 0.6237373737373737, 0.6174242424242424, 0.6174242424242424, 0.6205808080808081, 0.827020202020202, 0.8295454545454546, 0.8143939393939394, 0.8876262626262627, 0.8964646464646465, 0.8901515151515151, 0.8952020202020202, 0.9090909090909091, 0.8926767676767676, 0.9053030303030303, 0.9065656565656566, 0.9040404040404041, 0.8888888888888888, 0.8825757575757576, 0.8939393939393939, 0.8901515151515151, 0.8876262626262627, 0.8926767676767676, 0.8901515151515151, 0.8888888888888888, 0.8926767676767676, 0.8914141414141414, 0.8825757575757576, 0.8914141414141414, 0.8863636363636364, 0.8825757575757576, 0.8964646464646465, 0.88510101010101, 0.88510101010101, 0.8952020202020202, 0.898989898989899, 0.9065656565656566, 0.9053030303030303, 0.8977272727272727, 0.9065656565656566, 0.9002525252525253, 0.8863636363636364, 0.8863636363636364, 0.8813131313131313, 0.88510101010101, 0.8914141414141414, 0.9040404040404041, 0.9090909090909091, 0.898989898989899, 0.9002525252525253, 0.8926767676767676, 0.8939393939393939, 0.9065656565656566, 0.9027777777777778, 0.9002525252525253, 0.8876262626262627, 0.8876262626262627, 0.8926767676767676, 0.9027777777777778, 0.9015151515151515, 0.9015151515151515, 0.8926767676767676, 0.8964646464646465, 0.9002525252525253, 0.8964646464646465, 0.9027777777777778, 0.9065656565656566, 0.9015151515151515, 0.9040404040404041, 0.9015151515151515, 0.4185606060606061, 0.001953125, 0.0013020833333333333, 0.002046835542929293], "avg_mem": [5.719253294289898e-06, 0.014709919472913616, 0.01688323572474378, 0.015373352855051245, 0.01848462664714495, 0.023265922401171302, 0.02299139824304539, 0.023517569546120057, 0.023037152269399706, 0.024112371888726208, 0.02388360175695461, 0.023837847730600294, 0.02388360175695461, 0.023700585651537334, 0.02443265007320644, 0.02388360175695461, 0.02388360175695461, 0.024158125915080528, 0.024203879941434848, 0.02388360175695461, 0.02397510980966325, 0.024249633967789164, 0.024661420204978038, 0.024295387994143484, 0.02447840409956076, 0.0255307467057101, 0.024203879941434848, 0.025484992679355785, 0.025759516837481698, 0.02443265007320644, 0.02388360175695461, 0.024386896046852125, 0.0245699121522694, 0.024798682284040995, 0.024341142020497804, 0.024295387994143484, 0.024341142020497804, 0.024249633967789164, 0.02447840409956076, 0.024249633967789164, 0.02498169838945827, 0.024935944363103955, 0.024203879941434848, 0.024203879941434848, 0.02402086383601757, 0.024295387994143484, 0.024158125915080528, 0.024112371888726208, 0.02452415812591508, 0.024386896046852125, 0.02452415812591508, 0.0245699121522694, 0.02447840409956076, 0.02388360175695461, 0.024615666178623718, 0.0245699121522694, 0.024661420204978038, 0.024798682284040995, 0.02402086383601757, 0.024890190336749635, 0.02443265007320644, 0.024844436310395315, 0.02498169838945827, 0.024752928257686678, 0.024249633967789164, 0.02452415812591508, 0.024707174231332358, 0.024661420204978038, 0.024798682284040995, 0.025393484626647145, 0.02502745241581259, 0.02447840409956076, 0.024341142020497804, 0.024249633967789164, 0.024615666178623718, 0.02498169838945827, 0.024112371888726208, 0.02452415812591508, 0.024798682284040995, 0.024798682284040995, 0.0245699121522694, 0.024798682284040995, 0.024752928257686678, 0.02447840409956076, 0.024707174231332358, 0.024295387994143484, 0.02447840409956076, 0.02447840409956076, 0.024341142020497804, 0.024112371888726208, 0.0245699121522694, 0.022648243045387994, 0.020543557833089313, 0.02052068081991215, 0.00012582357247437775]}