{"time": [1718.0, 1719.0, 1719.0, 1719.0, 1719.0, 1720.0, 1720.0, 1720.0, 1721.0, 1722.0, 1723.0, 1724.0, 1724.0, 1725.0, 1726.0, 1727.0, 1728.0, 1729.0, 1730.0, 1731.0, 1732.0, 1733.0, 1734.0, 1735.0, 1736.0, 1737.0, 1738.0, 1739.0, 1740.0, 1741.0, 1742.0, 1743.0, 1744.0, 1745.0, 1746.0, 1747.0, 1748.0, 1749.0, 1750.0, 1751.0, 1752.0, 1753.0, 1754.0, 1755.0, 1756.0, 1757.0, 1758.0, 1759.0, 1760.0, 1761.0, 1762.0, 1763.0, 1764.0, 1765.0, 1766.0, 1767.0, 1768.0, 1769.0, 1770.0, 1771.0, 1772.0, 1773.0, 1774.0, 1775.0, 1776.0, 1777.0, 1778.0, 1779.0, 1780.0, 1781.0, 1782.0, 1783.0, 1784.0, 1785.0, 1786.0, 1787.0, 1788.0, 1789.0, 1790.0, 1791.0, 1792.0, 1793.0, 1794.0, 1795.0, 1796.0, 1797.0, 1798.0, 1799.0, 1800.0, 1800.0, 1800.0, 1800.0], "avg_cpu": [0.051530934343434344, 0.3282828282828283, 0.31849747474747475, 0.3327020202020202, 0.3371212121212121, 0.37058080808080807, 0.45391414141414144, 0.4842171717171717, 0.46464646464646464, 0.43623737373737376, 0.46275252525252525, 0.6130050505050505, 0.5227272727272727, 0.5183080808080808, 0.5284090909090909, 0.5397727272727273, 0.5044191919191919, 0.5050505050505051, 0.4930555555555556, 0.5044191919191919, 0.5050505050505051, 0.5315656565656566, 0.5183080808080808, 0.5410353535353535, 0.5536616161616161, 0.5189393939393939, 0.5277777777777778, 0.5511363636363636, 0.5334595959595959, 0.5296717171717171, 0.5075757575757576, 0.5277777777777778, 0.5284090909090909, 0.5258838383838383, 0.5265151515151515, 0.5561868686868687, 0.5340909090909091, 0.6212121212121212, 0.6167929292929293, 0.6123737373737373, 0.6439393939393939, 0.6527777777777778, 0.6578282828282829, 0.6502525252525253, 0.6306818181818182, 0.6641414141414141, 0.6616161616161617, 0.6679292929292929, 0.6540404040404041, 0.6679292929292929, 0.6666666666666666, 0.6666666666666666, 0.6628787878787878, 0.6704545454545454, 0.6628787878787878, 0.6458333333333334, 0.6641414141414141, 0.6717171717171717, 0.6792929292929293, 0.672979797979798, 0.6717171717171717, 0.672979797979798, 0.6679292929292929, 0.6742424242424242, 0.6792929292929293, 0.6294191919191919, 0.5599747474747475, 0.5808080808080808, 0.5410353535353535, 0.5517676767676768, 0.5637626262626263, 0.5896464646464646, 0.5284090909090909, 0.5227272727272727, 0.5549242424242424, 0.5252525252525253, 0.5353535353535354, 0.523989898989899, 0.4797979797979798, 0.4551767676767677, 0.4583333333333333, 0.4602272727272727, 0.44191919191919193, 0.4463383838383838, 0.46464646464646464, 0.46085858585858586, 0.4438131313131313, 0.4457070707070707, 0.22821969696969696, 0.009114583333333334, 0.0032552083333333335, 0.0006510416666666666], "avg_mem": [0.010397602489019034, 0.017775439238653, 0.018164348462664716, 0.01683748169838946, 0.016517203513909225, 0.01608254026354319, 0.01617404831625183, 0.01674597364568082, 0.016494326500732064, 0.016814604685212297, 0.016608711566617862, 0.01676885065885798, 0.01688323572474378, 0.017706808199121522, 0.017203513909224012, 0.017089128843338214, 0.016654465592972182, 0.01679172767203514, 0.016562957540263542, 0.01672309663250366, 0.01688323572474378, 0.016540080527086384, 0.017089128843338214, 0.016585834553440704, 0.016814604685212297, 0.017089128843338214, 0.017203513909224012, 0.01672309663250366, 0.016540080527086384, 0.01688323572474378, 0.016608711566617862, 0.016700219619326502, 0.016906112737920937, 0.01718063689604685, 0.017089128843338214, 0.016562957540263542, 0.016906112737920937, 0.01688323572474378, 0.017066251830161056, 0.017203513909224012, 0.01718063689604685, 0.017363653001464127, 0.017683931185944364, 0.01718063689604685, 0.016562957540263542, 0.016951866764275257, 0.017409407027818447, 0.017066251830161056, 0.01676885065885798, 0.017409407027818447, 0.017409407027818447, 0.016997620790629574, 0.016951866764275257, 0.01731789897510981, 0.01729502196193265, 0.01734077598828697, 0.016951866764275257, 0.016997620790629574, 0.017157759882869692, 0.017706808199121522, 0.017363653001464127, 0.017363653001464127, 0.016928989751098095, 0.017363653001464127, 0.01718063689604685, 0.017157759882869692, 0.01997163250366032, 0.01722639092240117, 0.016997620790629574, 0.017134882869692534, 0.017112005856515372, 0.01727214494875549, 0.016814604685212297, 0.017066251830161056, 0.01679172767203514, 0.017020497803806735, 0.017249267935578332, 0.01683748169838946, 0.016974743777452415, 0.017066251830161056, 0.016814604685212297, 0.01676885065885798, 0.016654465592972182, 0.01679172767203514, 0.016997620790629574, 0.017592423133235724, 0.01688323572474378, 0.017066251830161056, 0.015441983894582723, 0.013680453879941434, 0.006897419472913616, 0.00011438506588579795]}