{"time": [522.0, 523.0, 524.0, 525.0, 526.0, 527.0, 527.0, 527.0, 527.0, 540.0, 540.0, 541.0, 542.0, 543.0, 544.0, 545.0, 546.0, 547.0, 548.0, 549.0, 550.0, 551.0, 552.0, 553.0, 554.0, 555.0, 556.0, 556.0, 557.0, 558.0, 559.0, 560.0, 561.0, 562.0, 563.0, 564.0, 565.0, 566.0, 567.0, 568.0, 569.0, 570.0, 571.0, 571.0, 571.0, 571.0, 575.0, 576.0, 577.0, 578.0, 579.0, 580.0, 581.0, 582.0, 583.0, 584.0, 585.0, 586.0, 587.0, 588.0, 589.0, 590.0, 591.0, 592.0, 593.0, 594.0, 595.0, 596.0, 597.0, 598.0, 599.0, 600.0, 601.0, 602.0, 603.0, 604.0, 605.0, 606.0, 607.0, 608.0, 609.0, 610.0, 611.0, 612.0, 613.0, 614.0, 615.0, 616.0, 617.0, 618.0, 619.0, 620.0, 621.0, 622.0, 623.0, 624.0, 625.0, 626.0, 627.0, 628.0, 629.0, 630.0, 631.0, 632.0, 633.0, 634.0, 635.0, 636.0, 637.0, 638.0, 639.0, 640.0, 641.0, 642.0, 643.0, 644.0, 645.0, 646.0, 647.0, 648.0, 649.0, 650.0, 651.0, 652.0, 653.0, 653.0, 653.0, 653.0, 709.0, 710.0, 711.0, 712.0, 713.0, 714.0, 715.0, 716.0, 717.0, 718.0, 719.0, 720.0, 721.0, 722.0, 723.0, 724.0, 725.0, 725.0, 726.0, 727.0, 728.0, 729.0, 730.0, 731.0, 732.0, 733.0, 734.0, 735.0, 735.0, 735.0, 735.0], "avg_cpu": [0.0592041015625, 0.0213623046875, 0.0289306640625, 0.02142333984375, 0.0003566741943359375, 0.00032329559326171875, 0.00029659271240234375, 0.0007419586181640625, 0.0, 0.6608910891089109, 0.6237623762376238, 0.6691419141914191, 0.641914191419142, 0.6344884488448845, 0.5792079207920792, 0.5651815181518152, 0.5792079207920792, 0.5693069306930693, 0.5701320132013201, 0.5717821782178217, 0.5693069306930693, 0.566006600660066, 0.5891089108910891, 0.5445544554455446, 0.5379537953795379, 0.5115511551155115, 0.5470297029702971, 0.5948844884488449, 0.5313531353135313, 0.584983498349835, 0.5808580858085809, 0.5998349834983498, 0.6237623762376238, 0.5825082508250825, 0.6072607260726073, 0.5305280528052805, 0.5470297029702971, 0.5371287128712872, 0.5511551155115512, 0.5503300330033003, 0.5627062706270627, 0.5643564356435643, 0.5668316831683168, 0.5288778877887789, 0.18853135313531352, 0.0, 0.5354785478547854, 0.533003300330033, 0.6056105610561056, 0.5651815181518152, 0.570957095709571, 0.5610561056105611, 0.5874587458745875, 0.5577557755775577, 0.566006600660066, 0.5585808580858086, 0.5948844884488449, 0.6311881188118812, 0.6311881188118812, 0.5825082508250825, 0.5915841584158416, 0.5742574257425742, 0.5816831683168316, 0.5866336633663366, 0.5858085808580858, 0.5775577557755776, 0.5437293729372937, 0.5552805280528053, 0.6163366336633663, 0.5841584158415841, 0.5536303630363036, 0.58003300330033, 0.5759075907590759, 0.5412541254125413, 0.5470297029702971, 0.5379537953795379, 0.5767326732673267, 0.5882838283828383, 0.6039603960396039, 0.6031353135313532, 0.5561056105610561, 0.5354785478547854, 0.5701320132013201, 0.570957095709571, 0.5478547854785478, 0.6031353135313532, 0.6196369636963697, 0.5528052805280528, 0.5511551155115512, 0.5486798679867987, 0.551980198019802, 0.5594059405940595, 0.5561056105610561, 0.5882838283828383, 0.5833333333333334, 0.5726072607260726, 0.5783828382838284, 0.5783828382838284, 0.6072607260726073, 0.6064356435643564, 0.5759075907590759, 0.5932343234323433, 0.5924092409240924, 0.6064356435643564, 0.5255775577557755, 0.5453795379537953, 0.5486798679867987, 0.5165016501650165, 0.5759075907590759, 0.5577557755775577, 0.5033003300330033, 0.528052805280528, 0.5610561056105611, 0.5618811881188119, 0.584983498349835, 0.551980198019802, 0.5544554455445545, 0.5297029702970297, 0.5255775577557755, 0.5536303630363036, 0.533003300330033, 0.5462046204620462, 0.5099009900990099, 0.5585808580858086, 0.6221122112211221, 0.5577557755775577, 0.0004818352929042904, 0.0, 0.27764026402640263, 0.6625412541254125, 0.6542904290429042, 0.6592409240924092, 0.6567656765676567, 0.6278877887788779, 0.6377887788778878, 0.6410891089108911, 0.6410891089108911, 0.6179867986798679, 0.6402640264026402, 0.6229372937293729, 0.6031353135313532, 0.599009900990099, 0.6031353135313532, 0.6031353135313532, 0.6287128712871287, 0.6155115511551155, 0.6320132013201321, 0.6270627062706271, 0.6097359735973598, 0.6270627062706271, 0.6171617161716172, 0.6196369636963697, 0.6039603960396039, 0.6435643564356436, 0.4240924092409241, 0.00045282848597359736, 0.0013020833333333333, 0.0013020833333333333, 0.0002481693481848185], "avg_mem": [0.00504302978515625, 0.0042572021484375, 0.00405120849609375, 0.003582000732421875, 0.00330352783203125, 0.003292083740234375, 0.003292083740234375, 0.002285003662109375, 0.0002269744873046875, 0.04305453879941435, 0.044244143484626644, 0.043146046852122984, 0.04300878477306003, 0.042230966325036604, 0.043923865300146414, 0.042917276720351394, 0.04319180087847731, 0.04241398243045388, 0.04218521229868229, 0.042917276720351394, 0.04296303074670571, 0.04163616398243045, 0.042734260614934114, 0.04355783308931186, 0.04250549048316252, 0.04319180087847731, 0.04168191800878477, 0.03852489019033675, 0.04195644216691069, 0.0426885065885798, 0.04204795021961932, 0.043146046852122984, 0.04328330893118595, 0.04310029282576867, 0.04204795021961932, 0.04396961932650073, 0.04465592972181552, 0.04287152269399707, 0.042322474377745244, 0.042642752562225474, 0.04241398243045388, 0.043832357247437774, 0.03953147877013177, 0.04305453879941435, 0.00041750549048316253, 0.000280243411420205, 0.04566251830161054, 0.047035139092240115, 0.044015373352855054, 0.04387811127379209, 0.04406112737920937, 0.044244143484626644, 0.043146046852122984, 0.044838945827232794, 0.04296303074670571, 0.04465592972181552, 0.04415263543191801, 0.04310029282576867, 0.044930453879941434, 0.04479319180087848, 0.045937042459736455, 0.044244143484626644, 0.045433748169838944, 0.045113469985358715, 0.04538799414348463, 0.044427159590043924, 0.04584553440702782, 0.046028550512445095, 0.04538799414348463, 0.04497620790629575, 0.04428989751098097, 0.04227672035139092, 0.04419838945827233, 0.0446101756954612, 0.04419838945827233, 0.04447291361639824, 0.0455710102489019, 0.043923865300146414, 0.04465592972181552, 0.04136163982430454, 0.04479319180087848, 0.043923865300146414, 0.04241398243045388, 0.04369509516837482, 0.04328330893118595, 0.044335651537335284, 0.04410688140556369, 0.04255124450951684, 0.04497620790629575, 0.04630307467057101, 0.044335651537335284, 0.043923865300146414, 0.044427159590043924, 0.04479319180087848, 0.042322474377745244, 0.04506771595900439, 0.04566251830161054, 0.04369509516837482, 0.043923865300146414, 0.044838945827232794, 0.04465592972181552, 0.04328330893118595, 0.04570827232796486, 0.04456442166910688, 0.04337481698389458, 0.04300878477306003, 0.04387811127379209, 0.044015373352855054, 0.04538799414348463, 0.043237554904831624, 0.042734260614934114, 0.043237554904831624, 0.0436493411420205, 0.04319180087847731, 0.04351207906295754, 0.043923865300146414, 0.044427159590043924, 0.04218521229868229, 0.04369509516837482, 0.045021961932650074, 0.04236822840409956, 0.042917276720351394, 0.04456442166910688, 0.04296303074670571, 0.04250549048316252, 0.04520497803806735, 0.0006891700219619326, 0.0003059800512445095, 0.01560212298682284, 0.04849926793557833, 0.04680636896046852, 0.04387811127379209, 0.04305453879941435, 0.04346632503660322, 0.042322474377745244, 0.04566251830161054, 0.04300878477306003, 0.04241398243045388, 0.043329062957540264, 0.046531844802342605, 0.04287152269399707, 0.04300878477306003, 0.04406112737920937, 0.043923865300146414, 0.043237554904831624, 0.04360358711566618, 0.04607430453879941, 0.04415263543191801, 0.04227672035139092, 0.04529648609077599, 0.044244143484626644, 0.04204795021961932, 0.04685212298682284, 0.043329062957540264, 0.03166178623718887, 0.012719619326500732, 0.012719619326500732, 0.0003860495973645681, 0.00032027818448023427]}