{"time": [1718.0, 1719.0, 1719.0, 1719.0, 1719.0, 1719.0, 1720.0, 1720.0, 1721.0, 1722.0, 1723.0, 1723.0, 1724.0, 1724.0, 1725.0, 1726.0, 1727.0, 1728.0, 1728.0, 1729.0, 1730.0, 1731.0, 1732.0, 1732.0, 1733.0, 1734.0, 1735.0, 1736.0, 1737.0, 1738.0, 1738.0, 1739.0, 1740.0, 1741.0, 1742.0, 1743.0, 1744.0, 1745.0, 1746.0, 1747.0, 1748.0, 1749.0, 1750.0, 1751.0, 1752.0, 1753.0, 1754.0, 1755.0, 1756.0, 1757.0, 1758.0, 1759.0, 1760.0, 1761.0, 1762.0, 1763.0, 1764.0, 1765.0, 1766.0, 1767.0, 1768.0, 1769.0, 1770.0, 1771.0, 1772.0, 1773.0, 1774.0, 1775.0, 1776.0, 1777.0, 1778.0, 1779.0, 1780.0, 1781.0, 1782.0, 1783.0, 1784.0, 1785.0, 1786.0, 1787.0, 1788.0, 1789.0, 1790.0, 1791.0, 1792.0, 1793.0, 1794.0, 1795.0, 1796.0, 1797.0, 1798.0, 1799.0, 1800.0, 1800.0, 1800.0], "avg_cpu": [0.18584983498349836, 0.23432343234323433, 0.28094059405940597, 0.2834158415841584, 0.3127062706270627, 0.28754125412541254, 0.2924917491749175, 0.2871287128712871, 0.24628712871287128, 0.3065181518151815, 0.34983498349834985, 0.39232673267326734, 0.3716996699669967, 0.4752475247524752, 0.43234323432343236, 0.4146039603960396, 0.4405940594059406, 0.4628712871287129, 0.528052805280528, 0.47854785478547857, 0.5627062706270627, 0.5272277227722773, 0.5412541254125413, 0.5635313531353136, 0.5305280528052805, 0.5561056105610561, 0.5676567656765676, 0.551980198019802, 0.5932343234323433, 0.6823432343234324, 0.613036303630363, 0.5651815181518152, 0.5957095709570958, 0.5693069306930693, 0.5767326732673267, 0.570957095709571, 0.5981848184818482, 0.6072607260726073, 0.6221122112211221, 0.6204620462046204, 0.584983498349835, 0.6262376237623762, 0.6295379537953796, 0.58003300330033, 0.5932343234323433, 0.6344884488448845, 0.5816831683168316, 0.5924092409240924, 0.6188118811881188, 0.5924092409240924, 0.5585808580858086, 0.599009900990099, 0.5627062706270627, 0.551980198019802, 0.5577557755775577, 0.5701320132013201, 0.5651815181518152, 0.5701320132013201, 0.5726072607260726, 0.5965346534653465, 0.5891089108910891, 0.5511551155115512, 0.5726072607260726, 0.5684818481848185, 0.5594059405940595, 0.5668316831683168, 0.6221122112211221, 0.6105610561056105, 0.599009900990099, 0.6311881188118812, 0.6526402640264026, 0.5899339933993399, 0.5932343234323433, 0.6064356435643564, 0.5981848184818482, 0.6361386138613861, 0.5635313531353136, 0.5825082508250825, 0.5759075907590759, 0.5874587458745875, 0.641914191419142, 0.6122112211221122, 0.5792079207920792, 0.5726072607260726, 0.6014851485148515, 0.6320132013201321, 0.6023102310231023, 0.5973597359735974, 0.5742574257425742, 0.6287128712871287, 0.6221122112211221, 0.6542904290429042, 0.2896039603960396, 0.006072091584158416, 0.00043349061468646863], "avg_mem": [0.008670387994143484, 0.008841965592972182, 0.008544564421669107, 0.008498810395314787, 0.008533125915080528, 0.00838442532942899, 0.008407302342606148, 0.00886484260614934, 0.008567441434846267, 0.009070735724743777, 0.008590318448023425, 0.00891059663250366, 0.009162243777452415, 0.00886484260614934, 0.008841965592972182, 0.0088877196193265, 0.009002104685212299, 0.008727580527086384, 0.008819088579795022, 0.008716142020497804, 0.008796211566617862, 0.009299505856515374, 0.008670387994143484, 0.009024981698389459, 0.008796211566617862, 0.008853404099560761, 0.008727580527086384, 0.00892203513909224, 0.008727580527086384, 0.00899066617862372, 0.008739019033674963, 0.008773334553440702, 0.00947108345534407, 0.008716142020497804, 0.008681826500732064, 0.008899158125915081, 0.00899066617862372, 0.008876281112737921, 0.00891059663250366, 0.008636072474377745, 0.008819088579795022, 0.008693265007320644, 0.009368136896046852, 0.008681826500732064, 0.008670387994143484, 0.0089449121522694, 0.009002104685212299, 0.008601756954612006, 0.008670387994143484, 0.009024981698389459, 0.008716142020497804, 0.008613195461200585, 0.008578879941434846, 0.008761896046852123, 0.009082174231332358, 0.00899066617862372, 0.00892203513909224, 0.009047858711566617, 0.008830527086383601, 0.008796211566617862, 0.009082174231332358, 0.0089449121522694, 0.008807650073206443, 0.008647510980966324, 0.008750457540263544, 0.008796211566617862, 0.009368136896046852, 0.008716142020497804, 0.008841965592972182, 0.008853404099560761, 0.009036420204978038, 0.00896778916544656, 0.008750457540263544, 0.008807650073206443, 0.008773334553440702, 0.0088877196193265, 0.009185120790629575, 0.00886484260614934, 0.008876281112737921, 0.008830527086383601, 0.009013543191800878, 0.008853404099560761, 0.0088877196193265, 0.008773334553440702, 0.008819088579795022, 0.00892203513909224, 0.008830527086383601, 0.008876281112737921, 0.00886484260614934, 0.008807650073206443, 0.008841965592972182, 0.008750457540263544, 0.008098462664714494, 0.007412152269399707, 6.291178623718887e-05]}