{"time": [524.0, 525.0, 526.0, 527.0, 527.0, 527.0, 527.0, 529.0, 530.0, 530.0, 530.0, 531.0, 531.0, 532.0, 533.0, 534.0, 535.0, 536.0, 537.0, 538.0, 539.0, 540.0, 540.0, 541.0, 542.0, 543.0, 544.0, 545.0, 546.0, 547.0, 548.0, 549.0, 550.0, 551.0, 552.0, 553.0, 554.0, 555.0, 556.0, 556.0, 557.0, 558.0, 559.0, 560.0, 561.0, 562.0, 563.0, 564.0, 565.0, 566.0, 567.0, 568.0, 569.0, 570.0, 571.0, 571.0, 572.0, 572.0, 572.0, 574.0, 575.0, 576.0, 576.0, 576.0, 576.0, 576.0, 577.0, 578.0, 579.0, 580.0, 581.0, 582.0, 583.0, 584.0, 585.0, 586.0, 587.0, 588.0, 589.0, 590.0, 591.0, 592.0, 593.0, 594.0, 595.0, 596.0, 597.0, 598.0, 599.0, 600.0, 601.0, 602.0, 603.0, 604.0, 605.0, 606.0, 607.0, 608.0, 609.0, 610.0, 611.0, 612.0, 613.0, 614.0, 615.0, 616.0, 617.0, 618.0, 619.0, 620.0, 621.0, 622.0, 623.0, 623.0, 624.0, 625.0, 626.0, 627.0, 628.0, 629.0, 630.0, 631.0, 632.0, 633.0, 634.0, 635.0, 636.0, 637.0, 638.0, 639.0, 640.0, 641.0, 642.0, 643.0, 644.0, 645.0, 646.0, 647.0, 648.0, 649.0, 650.0, 651.0, 652.0, 653.0, 653.0, 653.0, 653.0], "avg_cpu": [0.0004028723184818482, 0.02583539603960396, 0.00041415274339933996, 0.0005188995462046205, 0.0005946395420792079, 0.0, 0.00019176722359735973, 0.5948844884488449, 0.6773927392739274, 0.7244224422442245, 0.6435643564356436, 0.5882838283828383, 0.5453795379537953, 0.5767326732673267, 0.5816831683168316, 0.551980198019802, 0.5528052805280528, 0.5132013201320133, 0.5503300330033003, 0.5338283828382838, 0.6245874587458746, 0.5495049504950495, 0.5346534653465347, 0.5321782178217822, 0.556930693069307, 0.5107260726072608, 0.5585808580858086, 0.5577557755775577, 0.5305280528052805, 0.6122112211221122, 0.5165016501650165, 0.5363036303630363, 0.599009900990099, 0.5033003300330033, 0.49257425742574257, 0.6089108910891089, 0.5486798679867987, 0.6295379537953796, 0.5998349834983498, 0.6526402640264026, 0.5594059405940595, 0.5891089108910891, 0.6336633663366337, 0.6295379537953796, 0.5107260726072608, 0.5825082508250825, 0.5668316831683168, 0.6155115511551155, 0.5561056105610561, 0.5891089108910891, 0.58003300330033, 0.5924092409240924, 0.5528052805280528, 0.5841584158415841, 0.594059405940594, 0.5726072607260726, 0.5148514851485149, 0.042285478547854784, 0.0, 0.221435546875, 0.41259765625, 0.43017578125, 0.4345703125, 0.184326171875, 0.0, 0.30528052805280526, 0.7524752475247525, 0.7524752475247525, 0.7623762376237624, 0.7260726072607261, 0.6402640264026402, 0.7079207920792079, 0.7483498349834984, 0.6881188118811881, 0.7252475247524752, 0.6914191419141914, 0.6938943894389439, 0.6460396039603961, 0.5973597359735974, 0.5618811881188119, 0.566006600660066, 0.6732673267326733, 0.6311881188118812, 0.6064356435643564, 0.6765676567656765, 0.6542904290429042, 0.6427392739273927, 0.6897689768976898, 0.7004950495049505, 0.7103960396039604, 0.613036303630363, 0.5866336633663366, 0.6196369636963697, 0.6311881188118812, 0.6212871287128713, 0.5305280528052805, 0.5288778877887789, 0.5437293729372937, 0.5825082508250825, 0.5511551155115512, 0.6377887788778878, 0.6806930693069307, 0.5767326732673267, 0.5684818481848185, 0.5453795379537953, 0.551980198019802, 0.533003300330033, 0.5066006600660066, 0.49587458745874585, 0.5198019801980198, 0.514026402640264, 0.5478547854785478, 0.5363036303630363, 0.5775577557755776, 0.6229372937293729, 0.650990099009901, 0.6402640264026402, 0.5998349834983498, 0.6914191419141914, 0.6575907590759076, 0.7566006600660066, 0.6872937293729373, 0.7326732673267327, 0.7293729372937293, 0.721947194719472, 0.6287128712871287, 0.6361386138613861, 0.6377887788778878, 0.6394389438943895, 0.6592409240924092, 0.6724422442244224, 0.6971947194719472, 0.6361386138613861, 0.5998349834983498, 0.6666666666666666, 0.6542904290429042, 0.6608910891089109, 0.6196369636963697, 0.6138613861386139, 0.655940594059406, 0.5957095709570958, 0.6443894389438944, 0.584983498349835, 0.6633663366336634, 0.6122112211221122, 0.00014503403465346534, 0.0], "avg_mem": [0.0019130902269399708, 0.005948023426061494, 0.003963442532942899, 0.003969161786237189, 0.003952004026354319, 0.003952004026354319, 0.00030026079795021963, 0.02804721815519766, 0.051519033674963396, 0.04378660322108346, 0.04154465592972181, 0.0424597364568082, 0.042917276720351394, 0.04044655929721815, 0.04305453879941435, 0.0414989019033675, 0.039806002928257686, 0.04470168374816984, 0.041315885797950216, 0.04172767203513909, 0.043923865300146414, 0.04163616398243045, 0.0410413616398243, 0.0436493411420205, 0.04287152269399707, 0.04259699853587116, 0.044518667642752564, 0.04172767203513909, 0.04337481698389458, 0.04287152269399707, 0.042322474377745244, 0.04351207906295754, 0.041819180087847733, 0.04351207906295754, 0.04438140556368961, 0.04428989751098097, 0.04255124450951684, 0.04168191800878477, 0.04337481698389458, 0.04117862371888726, 0.04387811127379209, 0.04035505124450952, 0.04529648609077599, 0.04456442166910688, 0.04213945827232796, 0.04410688140556369, 0.04305453879941435, 0.043329062957540264, 0.04575402635431918, 0.04204795021961932, 0.04479319180087848, 0.04447291361639824, 0.04639458272327965, 0.04287152269399707, 0.04410688140556369, 0.042322474377745244, 0.031021229868228403, 0.0005233116764275256, 0.00035459370424597366, 0.009857177734375, 0.03155517578125, 0.03131103515625, 0.03155517578125, 0.000713348388671875, 0.0002994537353515625, 0.04094985358711566, 0.0904099560761347, 0.08967789165446559, 0.09050146412884334, 0.08903733528550513, 0.0861090775988287, 0.09498535871156662, 0.09178257686676428, 0.09425329428989751, 0.08720717423133235, 0.08940336749633968, 0.08958638360175696, 0.09105051244509517, 0.09050146412884334, 0.09068448023426061, 0.09224011713030747, 0.09004392386530015, 0.091599560761347, 0.09050146412884334, 0.09031844802342606, 0.09123352855051245, 0.08839677891654465, 0.08793923865300146, 0.0904099560761347, 0.08958638360175696, 0.08739019033674963, 0.082997803806735, 0.09224011713030747, 0.09095900439238654, 0.08848828696925329, 0.08565153733528551, 0.08720717423133235, 0.0837298682284041, 0.0951683748169839, 0.09141654465592972, 0.09059297218155198, 0.10065885797950219, 0.08757320644216691, 0.08793923865300146, 0.08583455344070279, 0.08693265007320644, 0.08620058565153733, 0.08711566617862372, 0.08775622254758418, 0.08290629575402636, 0.08793923865300146, 0.08784773060029283, 0.08830527086383602, 0.08318081991215227, 0.08775622254758418, 0.08702415812591507, 0.09086749633967789, 0.09205710102489019, 0.08940336749633968, 0.08803074670571011, 0.08766471449487555, 0.09288067349926793, 0.0927891654465593, 0.0865666178623719, 0.09169106881405564, 0.08885431918008785, 0.09022693997071743, 0.09086749633967789, 0.09333821376281112, 0.09461932650073207, 0.10029282576866765, 0.091599560761347, 0.0904099560761347, 0.08711566617862372, 0.08976939970717424, 0.10395314787701318, 0.09105051244509517, 0.08812225475841874, 0.09059297218155198, 0.08784773060029283, 0.09031844802342606, 0.0865666178623719, 0.09022693997071743, 0.07338945827232797, 0.07814787701317716, 0.000892203513909224, 0.0006805911420204978]}