{"time": [530.0, 530.0, 531.0, 531.0, 531.0, 531.0, 531.0, 553.0, 554.0, 555.0, 556.0, 556.0, 557.0, 558.0, 559.0, 560.0, 561.0, 562.0, 563.0, 564.0, 565.0, 566.0, 567.0, 568.0, 569.0, 570.0, 571.0, 571.0, 572.0, 572.0, 572.0, 577.0, 578.0, 578.0, 578.0, 578.0, 579.0, 580.0, 581.0, 582.0, 583.0, 584.0, 585.0, 586.0, 587.0, 588.0, 589.0, 590.0, 591.0, 592.0, 593.0, 594.0, 595.0, 596.0, 597.0, 598.0, 599.0, 600.0, 601.0, 602.0, 603.0, 604.0, 605.0, 606.0, 607.0, 608.0, 609.0, 610.0, 611.0, 612.0, 613.0, 614.0, 615.0, 616.0, 616.0, 617.0, 618.0, 619.0, 620.0, 621.0, 622.0, 623.0, 624.0, 625.0, 626.0, 627.0, 628.0, 629.0, 630.0, 631.0, 632.0, 633.0, 634.0, 635.0, 636.0, 637.0, 638.0, 639.0, 640.0, 641.0, 642.0, 643.0, 644.0, 645.0, 646.0, 647.0, 648.0, 649.0, 650.0, 651.0, 652.0, 653.0, 653.0, 653.0, 653.0], "avg_cpu": [0.14789944903581267, 0.465564738292011, 0.509641873278237, 0.49242424242424243, 0.4152892561983471, 0.002071496212121212, 0.0, 0.518976897689769, 0.6988448844884488, 0.5726072607260726, 0.5973597359735974, 0.6097359735973598, 0.5470297029702971, 0.5495049504950495, 0.5965346534653465, 0.5387788778877888, 0.5486798679867987, 0.5156765676567657, 0.6493399339933993, 0.5998349834983498, 0.6039603960396039, 0.6006600660066007, 0.5833333333333334, 0.58003300330033, 0.5610561056105611, 0.556930693069307, 0.6196369636963697, 0.6518151815181518, 0.5321782178217822, 0.0, 0.0, 0.31396484375, 0.33349609375, 0.33837890625, 0.0511474609375, 0.0, 0.6691419141914191, 0.6014851485148515, 0.5998349834983498, 0.5544554455445545, 0.584983498349835, 0.5693069306930693, 0.6039603960396039, 0.5552805280528053, 0.5676567656765676, 0.5379537953795379, 0.5767326732673267, 0.5594059405940595, 0.5676567656765676, 0.566006600660066, 0.5726072607260726, 0.5684818481848185, 0.5767326732673267, 0.5701320132013201, 0.5750825082508251, 0.5750825082508251, 0.5676567656765676, 0.5635313531353136, 0.5420792079207921, 0.5693069306930693, 0.5767326732673267, 0.5792079207920792, 0.58003300330033, 0.5528052805280528, 0.5965346534653465, 0.6047854785478548, 0.594059405940594, 0.5726072607260726, 0.5495049504950495, 0.5841584158415841, 0.5585808580858086, 0.5610561056105611, 0.5635313531353136, 0.5825082508250825, 0.6295379537953796, 0.6295379537953796, 0.6386138613861386, 0.6476897689768977, 0.6229372937293729, 0.6122112211221122, 0.5767326732673267, 0.6023102310231023, 0.6097359735973598, 0.6526402640264026, 0.6641914191419142, 0.6138613861386139, 0.6138613861386139, 0.6064356435643564, 0.5924092409240924, 0.5825082508250825, 0.6353135313531353, 0.5602310231023102, 0.6188118811881188, 0.6287128712871287, 0.5907590759075908, 0.6064356435643564, 0.6105610561056105, 0.6443894389438944, 0.6229372937293729, 0.6262376237623762, 0.6097359735973598, 0.5932343234323433, 0.5965346534653465, 0.5948844884488449, 0.6864686468646864, 0.6584158415841584, 0.665016501650165, 0.6237623762376238, 0.6782178217821783, 0.6105610561056105, 0.6105610561056105, 0.4744224422442244, 0.5825082508250825, 0.00021755105198019802, 0.0], "avg_mem": [0.010168832357247437, 0.04785871156661786, 0.043237554904831624, 0.0436493411420205, 0.0357796486090776, 0.00033743594436310396, 0.00026022602489019034, 0.04195644216691069, 0.04474743777452416, 0.04195644216691069, 0.042642752562225474, 0.0491398243045388, 0.04300878477306003, 0.04387811127379209, 0.04351207906295754, 0.04145314787701318, 0.04241398243045388, 0.04259699853587116, 0.043329062957540264, 0.045021961932650074, 0.0424597364568082, 0.044244143484626644, 0.044518667642752564, 0.04328330893118595, 0.042825768667642754, 0.0424597364568082, 0.04218521229868229, 0.03724377745241581, 0.04346632503660322, 0.0005862234626647145, 0.0003803303440702782, 0.028289794921875, 0.03179931640625, 0.030975341796875, 0.000743865966796875, 0.0003147125244140625, 0.03953147877013177, 0.04497620790629575, 0.042642752562225474, 0.043146046852122984, 0.04191068814055637, 0.04310029282576867, 0.04250549048316252, 0.04204795021961932, 0.04410688140556369, 0.04186493411420205, 0.04396961932650073, 0.04191068814055637, 0.04108711566617863, 0.04438140556368961, 0.04351207906295754, 0.042642752562225474, 0.043923865300146414, 0.04296303074670571, 0.044335651537335284, 0.045616764275256225, 0.043329062957540264, 0.04172767203513909, 0.04218521229868229, 0.04406112737920937, 0.04236822840409956, 0.04319180087847731, 0.04287152269399707, 0.04319180087847731, 0.042230966325036604, 0.04310029282576867, 0.043237554904831624, 0.04300878477306003, 0.04186493411420205, 0.04428989751098097, 0.04337481698389458, 0.04218521229868229, 0.04520497803806735, 0.04337481698389458, 0.04859077598828697, 0.046531844802342605, 0.04378660322108346, 0.04488469985358712, 0.04428989751098097, 0.04310029282576867, 0.04369509516837482, 0.04520497803806735, 0.043420571010248904, 0.04648609077598829, 0.043146046852122984, 0.04666910688140556, 0.0446101756954612, 0.04465592972181552, 0.04438140556368961, 0.04355783308931186, 0.047309663250366035, 0.04310029282576867, 0.044427159590043924, 0.04447291361639824, 0.042322474377745244, 0.046211566617862375, 0.04456442166910688, 0.045616764275256225, 0.042825768667642754, 0.04296303074670571, 0.043923865300146414, 0.044518667642752564, 0.04300878477306003, 0.04625732064421669, 0.04447291361639824, 0.042230966325036604, 0.04419838945827233, 0.0436493411420205, 0.04369509516837482, 0.0424597364568082, 0.04360358711566618, 0.04113286969253294, 0.036603221083455345, 0.0006548545021961932, 0.00030026079795021963]}