{"time": [135.0, 135.0, 136.0, 136.0, 137.0, 138.0, 139.0, 140.0, 141.0, 142.0, 143.0, 144.0, 145.0, 146.0, 147.0, 148.0, 149.0, 150.0, 151.0, 152.0, 153.0, 154.0, 155.0, 156.0, 157.0, 158.0, 159.0, 160.0, 161.0, 162.0, 163.0, 164.0, 165.0, 166.0, 167.0, 168.0, 169.0, 170.0, 171.0, 172.0, 173.0, 174.0, 175.0, 176.0, 177.0, 178.0, 179.0, 180.0, 181.0, 182.0, 183.0, 184.0, 185.0, 186.0, 187.0, 188.0, 189.0, 190.0, 191.0, 192.0, 193.0, 194.0, 195.0, 196.0, 197.0, 198.0, 199.0, 200.0, 201.0, 202.0, 203.0, 204.0, 205.0, 206.0, 207.0, 208.0, 209.0, 210.0, 211.0, 212.0, 213.0, 214.0, 215.0, 216.0, 217.0, 218.0, 219.0, 220.0, 221.0, 222.0, 223.0, 224.0, 225.0, 226.0, 227.0, 228.0, 229.0, 230.0, 231.0, 232.0, 233.0, 234.0, 235.0, 236.0, 237.0, 238.0, 239.0, 240.0, 241.0, 242.0, 243.0, 244.0, 245.0, 245.0, 245.0, 245.0, 245.0], "avg_cpu": [0.3180693069306931, 0.4867986798679868, 0.48184818481848185, 0.48102310231023104, 0.49504950495049505, 0.47194719471947194, 0.4777227722772277, 0.47854785478547857, 0.4975247524752475, 0.4603960396039604, 0.47194719471947194, 0.4801980198019802, 0.5148514851485149, 0.504950495049505, 0.4867986798679868, 0.48184818481848185, 0.48102310231023104, 0.4876237623762376, 0.4909240924092409, 0.485973597359736, 0.49504950495049505, 0.4603960396039604, 0.466996699669967, 0.4801980198019802, 0.49257425742574257, 0.4900990099009901, 0.4933993399339934, 0.49257425742574257, 0.5066006600660066, 0.49587458745874585, 0.49834983498349833, 0.5082508250825083, 0.5173267326732673, 0.5165016501650165, 0.5206270627062707, 0.5222772277227723, 0.5396039603960396, 0.5247524752475248, 0.5247524752475248, 0.5346534653465347, 0.5313531353135313, 0.5420792079207921, 0.5437293729372937, 0.5379537953795379, 0.5363036303630363, 0.5371287128712872, 0.5272277227722773, 0.5255775577557755, 0.5528052805280528, 0.5363036303630363, 0.518976897689769, 0.5618811881188119, 0.5412541254125413, 0.5495049504950495, 0.5717821782178217, 0.5503300330033003, 0.5684818481848185, 0.5404290429042904, 0.5495049504950495, 0.528052805280528, 0.5363036303630363, 0.5247524752475248, 0.5371287128712872, 0.5536303630363036, 0.5544554455445545, 0.5552805280528053, 0.5577557755775577, 0.5552805280528053, 0.5495049504950495, 0.5363036303630363, 0.5214521452145214, 0.5412541254125413, 0.5561056105610561, 0.5354785478547854, 0.5123762376237624, 0.5404290429042904, 0.5272277227722773, 0.5585808580858086, 0.5528052805280528, 0.551980198019802, 0.514026402640264, 0.5074257425742574, 0.5132013201320133, 0.551980198019802, 0.5115511551155115, 0.5165016501650165, 0.5363036303630363, 0.5363036303630363, 0.5346534653465347, 0.5544554455445545, 0.5627062706270627, 0.5511551155115512, 0.5239273927392739, 0.5057755775577558, 0.5024752475247525, 0.5214521452145214, 0.5115511551155115, 0.5371287128712872, 0.5313531353135313, 0.5173267326732673, 0.514026402640264, 0.5041254125412541, 0.5057755775577558, 0.49834983498349833, 0.5264026402640264, 0.49587458745874585, 0.5272277227722773, 0.4975247524752475, 0.5008250825082509, 0.4892739273927393, 0.4867986798679868, 0.533003300330033, 0.5255775577557755, 0.19698844884488448, 0.0017339624587458745, 0.0, 0.0], "avg_mem": [0.028733528550512446, 0.0381588579795022, 0.03504758418740849, 0.036603221083455345, 0.035825402635431915, 0.03495607613469985, 0.035413616398243045, 0.037198023426061495, 0.03632869692532943, 0.036008418740849195, 0.0357796486090776, 0.0357796486090776, 0.035001830161054175, 0.035550878477306, 0.035825402635431915, 0.03646595900439239, 0.036603221083455345, 0.038021595900439235, 0.03724377745241581, 0.036099926793557835, 0.03623718887262079, 0.03477306002928258, 0.03536786237188873, 0.03527635431918009, 0.03619143484626647, 0.034910322108345535, 0.035413616398243045, 0.0343612737920937, 0.034315519765739384, 0.03408674963396779, 0.035596632503660325, 0.035413616398243045, 0.037198023426061495, 0.037106515373352855, 0.03587115666178624, 0.03678623718887262, 0.03527635431918009, 0.035001830161054175, 0.03756405563689605, 0.03678623718887262, 0.037015007320644215, 0.03683199121522694, 0.03687774524158126, 0.0357796486090776, 0.037198023426061495, 0.03628294289897511, 0.03637445095168375, 0.03527635431918009, 0.03948572474377745, 0.037518301610541725, 0.03797584187408492, 0.03527635431918009, 0.03733528550512445, 0.0369692532942899, 0.03623718887262079, 0.03646595900439239, 0.035001830161054175, 0.03646595900439239, 0.035916910688140555, 0.03623718887262079, 0.0367404831625183, 0.03706076134699854, 0.03724377745241581, 0.03806734992679356, 0.03765556368960468, 0.036923499267935575, 0.03605417276720351, 0.036420204978038065, 0.036923499267935575, 0.03632869692532943, 0.03664897510980966, 0.03664897510980966, 0.03536786237188873, 0.03664897510980966, 0.036008418740849195, 0.034818814055636894, 0.03838762811127379, 0.03774707174231332, 0.03706076134699854, 0.03632869692532943, 0.035825402635431915, 0.03706076134699854, 0.0357796486090776, 0.03605417276720351, 0.035550878477306, 0.035916910688140555, 0.03783857979502196, 0.03838762811127379, 0.037701317715959005, 0.03637445095168375, 0.03664897510980966, 0.036511713030746705, 0.03655746705710102, 0.035505124450951685, 0.03573389458272328, 0.03706076134699854, 0.03756405563689605, 0.03765556368960468, 0.035916910688140555, 0.035413616398243045, 0.03454428989751098, 0.03367496339677892, 0.03358345534407028, 0.03358345534407028, 0.03678623718887262, 0.03573389458272328, 0.0379300878477306, 0.037198023426061495, 0.037198023426061495, 0.038113103953147875, 0.03747254758418741, 0.03857064421669107, 0.03893667642752562, 0.027177891654465592, 0.0009779923133235724, 0.0006062408491947292, 0.0]}