{"time": [1718.0, 1718.0, 1719.0, 1719.0, 1719.0, 1719.0, 1719.0, 1720.0, 1720.0, 1720.0, 1721.0, 1722.0, 1723.0, 1724.0, 1725.0, 1726.0, 1727.0, 1727.0, 1728.0, 1729.0, 1729.0, 1730.0, 1731.0, 1732.0, 1732.0, 1733.0, 1734.0, 1735.0, 1736.0, 1737.0, 1737.0, 1738.0, 1739.0, 1740.0, 1741.0, 1742.0, 1743.0, 1744.0, 1745.0, 1746.0, 1747.0, 1748.0, 1749.0, 1750.0, 1751.0, 1752.0, 1753.0, 1754.0, 1755.0, 1756.0, 1757.0, 1758.0, 1759.0, 1760.0, 1761.0, 1762.0, 1763.0, 1764.0, 1765.0, 1766.0, 1767.0, 1768.0, 1769.0, 1770.0, 1771.0, 1772.0, 1773.0, 1774.0, 1775.0, 1776.0, 1777.0, 1778.0, 1779.0, 1780.0, 1781.0, 1782.0, 1783.0, 1784.0, 1785.0, 1786.0, 1787.0, 1788.0, 1789.0, 1790.0, 1791.0, 1792.0, 1793.0, 1794.0, 1795.0, 1796.0, 1797.0, 1798.0, 1799.0, 1800.0, 1800.0, 1800.0, 1800.0], "avg_cpu": [0.0, 0.0048795895214521455, 0.20358910891089108, 0.41872937293729373, 0.41089108910891087, 0.408003300330033, 0.37293729372937295, 0.32838283828382836, 0.3849009900990099, 0.41295379537953797, 0.42244224422442245, 0.3411716171617162, 0.3547854785478548, 0.3580858085808581, 0.3650990099009901, 0.341996699669967, 0.3655115511551155, 0.4760726072607261, 0.4884488448844885, 0.5107260726072608, 0.5552805280528053, 0.5585808580858086, 0.5610561056105611, 0.5684818481848185, 0.5783828382838284, 0.6221122112211221, 0.6336633663366337, 0.6056105610561056, 0.6122112211221122, 0.6320132013201321, 0.6460396039603961, 0.650990099009901, 0.641914191419142, 0.6460396039603961, 0.6476897689768977, 0.6443894389438944, 0.6212871287128713, 0.6534653465346535, 0.6542904290429042, 0.641914191419142, 0.6212871287128713, 0.6179867986798679, 0.5957095709570958, 0.6014851485148515, 0.6229372937293729, 0.6377887788778878, 0.6295379537953796, 0.6179867986798679, 0.5924092409240924, 0.6171617161716172, 0.6501650165016502, 0.6237623762376238, 0.6551155115511551, 0.6608910891089109, 0.6493399339933993, 0.6427392739273927, 0.6278877887788779, 0.5973597359735974, 0.6485148514851485, 0.6468646864686468, 0.6518151815181518, 0.6485148514851485, 0.6278877887788779, 0.6122112211221122, 0.5882838283828383, 0.6188118811881188, 0.6468646864686468, 0.6534653465346535, 0.6476897689768977, 0.650990099009901, 0.6501650165016502, 0.6460396039603961, 0.650990099009901, 0.6443894389438944, 0.6394389438943895, 0.6394389438943895, 0.6485148514851485, 0.6287128712871287, 0.636963696369637, 0.6485148514851485, 0.6410891089108911, 0.6377887788778878, 0.6229372937293729, 0.6303630363036303, 0.6353135313531353, 0.6287128712871287, 0.6344884488448845, 0.636963696369637, 0.6336633663366337, 0.6320132013201321, 0.6212871287128713, 0.6394389438943895, 0.6386138613861386, 0.29826732673267325, 0.0008669812293729373, 0.004338129125412541, 0.0], "avg_mem": [1.1438506588579795e-05, 0.004449579062957541, 0.015441983894582723, 0.019811493411420206, 0.018027086383601756, 0.01679172767203514, 0.01676885065885798, 0.016860358711566617, 0.01784407027818448, 0.01782119326500732, 0.01729502196193265, 0.01729502196193265, 0.017752562225475842, 0.0213442532942899, 0.01727214494875549, 0.01722639092240117, 0.017523792093704246, 0.017661054172767202, 0.017775439238653, 0.017592423133235724, 0.01731789897510981, 0.01798133235724744, 0.017409407027818447, 0.017615300146412886, 0.01784407027818448, 0.017661054172767202, 0.017752562225475842, 0.017569546120058566, 0.017752562225475842, 0.017752562225475842, 0.017203513909224012, 0.017409407027818447, 0.018049963396778917, 0.017752562225475842, 0.017546669106881404, 0.01798133235724744, 0.01786694729136164, 0.017615300146412886, 0.017592423133235724, 0.01743228404099561, 0.017752562225475842, 0.018095717423133234, 0.017752562225475842, 0.017683931185944364, 0.017615300146412886, 0.01729502196193265, 0.01734077598828697, 0.018255856515373352, 0.017455161054172767, 0.01832448755490483, 0.017592423133235724, 0.017683931185944364, 0.017638177159590044, 0.01729502196193265, 0.01772968521229868, 0.017615300146412886, 0.017592423133235724, 0.01772968521229868, 0.017592423133235724, 0.018072840409956076, 0.019262445095168376, 0.017798316251830162, 0.017661054172767202, 0.01731789897510981, 0.017661054172767202, 0.017546669106881404, 0.01827873352855051, 0.017363653001464127, 0.017592423133235724, 0.017638177159590044, 0.017523792093704246, 0.01782119326500732, 0.018164348462664716, 0.01784407027818448, 0.017478038067349926, 0.017661054172767202, 0.017706808199121522, 0.017752562225475842, 0.018095717423133234, 0.017661054172767202, 0.018301610541727673, 0.017752562225475842, 0.018095717423133234, 0.018027086383601756, 0.017683931185944364, 0.017661054172767202, 0.01784407027818448, 0.017775439238653, 0.017546669106881404, 0.018004209370424597, 0.018118594436310396, 0.017798316251830162, 0.017958455344070277, 0.015899524158125913, 0.013932101024890191, 0.013200036603221084, 0.00013154282576866765]}