{"time": [5757.0, 5757.0, 5757.0, 5758.0, 5758.0, 5758.0, 5759.0, 5759.0, 5760.0, 5761.0, 5762.0, 5763.0, 5764.0, 5765.0, 5766.0, 5767.0, 5768.0, 5769.0, 5770.0, 5771.0, 5772.0, 5773.0, 5774.0, 5775.0, 5776.0, 5777.0, 5778.0, 5779.0, 5780.0, 5781.0, 5782.0, 5783.0, 5784.0, 5785.0, 5786.0, 5787.0, 5788.0, 5789.0, 5790.0, 5791.0, 5792.0, 5793.0, 5794.0, 5795.0, 5796.0, 5797.0, 5798.0, 5799.0, 5800.0, 5801.0, 5802.0, 5803.0, 5804.0, 5805.0, 5806.0, 5807.0, 5808.0, 5809.0, 5810.0, 5811.0, 5812.0, 5813.0, 5814.0, 5815.0, 5816.0, 5817.0, 5818.0, 5819.0, 5820.0, 5821.0, 5822.0, 5823.0, 5824.0, 5825.0, 5826.0, 5827.0, 5828.0, 5829.0, 5830.0, 5831.0, 5832.0, 5833.0, 5834.0, 5835.0, 5836.0, 5837.0, 5838.0, 5839.0, 5840.0, 5841.0, 5842.0, 5843.0, 5844.0, 5845.0, 5846.0, 5846.0, 5846.0, 5846.0], "avg_cpu": [0.0, 0.15309343434343434, 0.2793560606060606, 0.28188131313131315, 0.39330808080808083, 0.48169191919191917, 0.49873737373737376, 0.5561868686868687, 0.5366161616161617, 0.5568181818181818, 0.5542929292929293, 0.5631313131313131, 0.5650252525252525, 0.5713383838383839, 0.5555555555555556, 0.5568181818181818, 0.5580808080808081, 0.5511363636363636, 0.5340909090909091, 0.49873737373737376, 0.5561868686868687, 0.5416666666666666, 0.5498737373737373, 0.5473484848484849, 0.5334595959595959, 0.5542929292929293, 0.5460858585858586, 0.5593434343434344, 0.5321969696969697, 0.5303030303030303, 0.5347222222222222, 0.5290404040404041, 0.5258838383838383, 0.523989898989899, 0.5321969696969697, 0.5422979797979798, 0.5334595959595959, 0.5233585858585859, 0.5157828282828283, 0.5214646464646465, 0.5391414141414141, 0.5549242424242424, 0.5744949494949495, 0.5883838383838383, 0.5953282828282829, 0.6054292929292929, 0.5827020202020202, 0.5814393939393939, 0.5675505050505051, 0.5656565656565656, 0.5877525252525253, 0.5688131313131313, 0.5214646464646465, 0.5391414141414141, 0.5574494949494949, 0.5511363636363636, 0.5511363636363636, 0.5183080808080808, 0.5347222222222222, 0.5195707070707071, 0.5107323232323232, 0.5959595959595959, 0.5984848484848485, 0.6003787878787878, 0.6098484848484849, 0.5946969696969697, 0.5435606060606061, 0.5688131313131313, 0.5599747474747475, 0.5593434343434344, 0.5681818181818182, 0.5662878787878788, 0.5435606060606061, 0.5751262626262627, 0.5940656565656566, 0.5795454545454546, 0.5972222222222222, 0.6060606060606061, 0.5454545454545454, 0.5555555555555556, 0.5789141414141414, 0.6098484848484849, 0.6117424242424242, 0.5909090909090909, 0.5928030303030303, 0.5997474747474747, 0.5587121212121212, 0.5669191919191919, 0.5656565656565656, 0.55239898989899, 0.5732323232323232, 0.5662878787878788, 0.57260101010101, 0.494949494949495, 0.00043156171085858587, 0.009114583333333334, 0.00390625, 0.000520340119949495], "avg_mem": [2.859626647144949e-06, 0.007778184480234261, 0.007778184480234261, 0.008018393118594437, 0.00831579428989751, 0.008189970717423133, 0.008178532210834553, 0.00833867130307467, 0.008304355783308931, 0.008430179355783309, 0.008144216691068814, 0.008144216691068814, 0.008235724743777453, 0.008155655197657393, 0.008212847730600293, 0.00837298682284041, 0.008350109809663251, 0.008327232796486091, 0.008407302342606148, 0.00838442532942899, 0.008510248901903368, 0.008087024158125915, 0.008796211566617862, 0.008155655197657393, 0.008258601756954613, 0.008258601756954613, 0.00841874084919473, 0.008235724743777453, 0.00844161786237189, 0.008453056368960469, 0.00838442532942899, 0.00838442532942899, 0.00833867130307467, 0.008350109809663251, 0.008304355783308931, 0.008281478770131771, 0.00838442532942899, 0.00837298682284041, 0.008498810395314787, 0.008327232796486091, 0.008247163250366032, 0.008212847730600293, 0.008510248901903368, 0.008292917276720352, 0.008189970717423133, 0.00836154831625183, 0.008498810395314787, 0.008304355783308931, 0.008292917276720352, 0.008819088579795022, 0.008498810395314787, 0.00836154831625183, 0.008533125915080528, 0.00836154831625183, 0.008167093704245974, 0.00831579428989751, 0.008350109809663251, 0.008109901171303075, 0.008464494875549048, 0.00836154831625183, 0.008201409224011713, 0.008224286237188872, 0.00836154831625183, 0.008224286237188872, 0.008201409224011713, 0.00837298682284041, 0.008407302342606148, 0.00838442532942899, 0.008247163250366032, 0.008292917276720352, 0.00841874084919473, 0.00831579428989751, 0.00839586383601757, 0.00844161786237189, 0.008247163250366032, 0.008521687408491947, 0.008304355783308931, 0.008212847730600293, 0.008407302342606148, 0.00841874084919473, 0.008350109809663251, 0.008235724743777453, 0.008247163250366032, 0.008235724743777453, 0.00836154831625183, 0.008247163250366032, 0.008144216691068814, 0.008189970717423133, 0.00833867130307467, 0.008224286237188872, 0.00844161786237189, 0.008258601756954613, 0.008247163250366032, 0.008098462664714494, 0.006314055636896047, 0.005948023426061494, 6.863103953147877e-05, 5.719253294289898e-05]}