{"time": [5756.0, 5756.0, 5756.0, 5757.0, 5757.0, 5757.0, 5757.0, 5758.0, 5758.0, 5759.0, 5759.0, 5760.0, 5761.0, 5762.0, 5763.0, 5764.0, 5765.0, 5766.0, 5767.0, 5768.0, 5769.0, 5770.0, 5771.0, 5772.0, 5773.0, 5774.0, 5775.0, 5776.0, 5777.0, 5778.0, 5779.0, 5780.0, 5781.0, 5782.0, 5783.0, 5784.0, 5785.0, 5786.0, 5787.0, 5788.0, 5789.0, 5790.0, 5791.0, 5792.0, 5793.0, 5794.0, 5795.0, 5796.0, 5797.0, 5798.0, 5799.0, 5800.0, 5801.0, 5802.0, 5803.0, 5804.0, 5805.0, 5806.0, 5807.0, 5808.0, 5809.0, 5810.0, 5811.0, 5812.0, 5813.0, 5814.0, 5815.0, 5816.0, 5817.0, 5818.0, 5819.0, 5820.0, 5821.0, 5822.0, 5823.0, 5824.0, 5825.0, 5826.0, 5827.0, 5828.0, 5829.0, 5830.0, 5831.0, 5832.0, 5833.0, 5834.0, 5835.0, 5836.0, 5837.0, 5838.0, 5839.0, 5840.0, 5841.0, 5842.0, 5843.0, 5844.0, 5845.0, 5846.0, 5846.0, 5846.0, 5846.0], "avg_cpu": [0.0, 0.0, 0.014889359698681732, 0.10475517890772128, 0.09475047080979285, 0.18220338983050846, 0.3375706214689266, 0.3790018832391714, 0.5499058380414312, 0.696798493408663, 0.568738229755179, 0.6563088512241054, 0.6638418079096046, 0.6629001883239172, 0.5922787193973634, 0.6195856873822976, 0.7090395480225988, 0.7203389830508474, 0.6760828625235404, 0.635593220338983, 0.6610169491525424, 0.5706214689265536, 0.596045197740113, 0.5103578154425612, 0.5480225988700564, 0.4806967984934087, 0.4887005649717514, 0.4887005649717514, 0.4915254237288136, 0.632768361581921, 0.5546139359698682, 0.5282485875706214, 0.536723163841808, 0.6629001883239172, 0.7015065913370998, 0.6290018832391714, 0.5668549905838042, 0.5178907721280602, 0.5225988700564972, 0.6167608286252354, 0.5668549905838042, 0.6101694915254238, 0.5743879472693032, 0.6167608286252354, 0.6139359698681732, 0.6374764595103578, 0.583804143126177, 0.6026365348399246, 0.4915254237288136, 0.5772128060263654, 0.6318267419962336, 0.7542372881355932, 0.7231638418079096, 0.7325800376647834, 0.527306967984934, 0.5338983050847458, 0.532015065913371, 0.5009416195856874, 0.6544256120527306, 0.7203389830508474, 0.687382297551789, 0.655367231638418, 0.672316384180791, 0.5207156308851224, 0.5499058380414312, 0.5423728813559322, 0.5150659133709982, 0.524482109227872, 0.6016949152542372, 0.6148775894538606, 0.6572504708097928, 0.6704331450094162, 0.5235404896421846, 0.5847457627118644, 0.6958568738229756, 0.7222222222222222, 0.736346516007533, 0.7184557438794726, 0.6299435028248588, 0.6836158192090396, 0.5856873822975518, 0.7325800376647834, 0.6290018832391714, 0.5207156308851224, 0.667608286252354, 0.7250470809792844, 0.7222222222222222, 0.7259887005649718, 0.6892655367231638, 0.6572504708097928, 0.6016949152542372, 0.5301318267419962, 0.5743879472693032, 0.568738229755179, 0.576271186440678, 0.6440677966101694, 0.4764595103578154, 0.0007981697269303201, 0.0024423258003766477, 0.0, 0.004149011299435028], "avg_mem": [5.719253294289898e-06, 5.719253294289898e-06, 0.008693265007320644, 0.015579245973645682, 0.016357064421669107, 0.015167459736456808, 0.015167459736456808, 0.015007320644216691, 0.01512170571010249, 0.014732796486090776, 0.015968155197657395, 0.015922401171303075, 0.015968155197657395, 0.016105417276720352, 0.015762262079062957, 0.015327598828696925, 0.015579245973645682, 0.01567075402635432, 0.015716508052708637, 0.015533491947291362, 0.01612829428989751, 0.01567075402635432, 0.01564787701317716, 0.015350475841874085, 0.015830893118594435, 0.01624267935578331, 0.01560212298682284, 0.015487737920937043, 0.016059663250366032, 0.015876647144948755, 0.015487737920937043, 0.015190336749633968, 0.015830893118594435, 0.016036786237188873, 0.015762262079062957, 0.01624267935578331, 0.01560212298682284, 0.015373352855051245, 0.015533491947291362, 0.01560212298682284, 0.015419106881405563, 0.01782119326500732, 0.017958455344070277, 0.015830893118594435, 0.015510614934114202, 0.015899524158125913, 0.0157393850658858, 0.015350475841874085, 0.015830893118594435, 0.015762262079062957, 0.015922401171303075, 0.015968155197657395, 0.016036786237188873, 0.015762262079062957, 0.015762262079062957, 0.01903367496339678, 0.015762262079062957, 0.015441983894582723, 0.015830893118594435, 0.015556368960468522, 0.01617404831625183, 0.016494326500732064, 0.015968155197657395, 0.015716508052708637, 0.01578513909224012, 0.015441983894582723, 0.015304721815519767, 0.01619692532942899, 0.016471449487554905, 0.01569363103953148, 0.015533491947291362, 0.015808016105417277, 0.015830893118594435, 0.01578513909224012, 0.016379941434846265, 0.015762262079062957, 0.01578513909224012, 0.016036786237188873, 0.015762262079062957, 0.015808016105417277, 0.015556368960468522, 0.016448572474377744, 0.01560212298682284, 0.015464860907759883, 0.01560212298682284, 0.016151171303074672, 0.01617404831625183, 0.015853770131771597, 0.0157393850658858, 0.015968155197657395, 0.016059663250366032, 0.015533491947291362, 0.015922401171303075, 0.01560212298682284, 0.016105417276720352, 0.015579245973645682, 0.015144582723279648, 0.011781661786237189, 0.011003843338213764, 0.011003843338213764, 0.00012582357247437775]}