{"time": [562.0, 563.0, 564.0, 565.0, 566.0, 567.0, 568.0, 569.0, 570.0, 571.0, 571.0, 572.0, 572.0, 572.0, 588.0, 589.0, 590.0, 591.0, 592.0, 593.0, 594.0, 595.0, 596.0, 597.0, 598.0, 599.0, 600.0, 601.0, 602.0, 603.0, 604.0, 605.0, 606.0, 607.0, 608.0, 609.0, 610.0, 611.0, 612.0, 613.0, 614.0, 615.0, 616.0, 617.0, 618.0, 619.0, 620.0, 621.0, 622.0, 623.0, 624.0, 625.0, 626.0, 627.0, 628.0, 628.0, 629.0, 630.0, 631.0, 632.0, 633.0, 634.0, 635.0, 636.0, 637.0, 638.0, 639.0, 640.0, 641.0, 642.0, 643.0, 644.0, 645.0, 646.0, 647.0, 648.0, 649.0, 650.0, 651.0, 652.0, 653.0, 653.0, 653.0, 653.0], "avg_cpu": [0.5107260726072608, 0.7112211221122112, 0.6691419141914191, 0.6410891089108911, 0.6353135313531353, 0.6171617161716172, 0.6056105610561056, 0.6047854785478548, 0.6006600660066007, 0.6105610561056105, 0.6377887788778878, 0.6155115511551155, 0.001165106745049505, 0.0, 0.7260726072607261, 0.721947194719472, 0.5973597359735974, 0.5915841584158416, 0.5783828382838284, 0.6336633663366337, 0.5973597359735974, 0.5899339933993399, 0.5866336633663366, 0.66996699669967, 0.6047854785478548, 0.5420792079207921, 0.58003300330033, 0.5544554455445545, 0.5429042904290429, 0.5313531353135313, 0.5107260726072608, 0.4975247524752475, 0.4991749174917492, 0.5239273927392739, 0.5297029702970297, 0.5297029702970297, 0.533003300330033, 0.5239273927392739, 0.5264026402640264, 0.5313531353135313, 0.5214521452145214, 0.5544554455445545, 0.5239273927392739, 0.523102310231023, 0.5132013201320133, 0.5, 0.4966996699669967, 0.5057755775577558, 0.4909240924092409, 0.5165016501650165, 0.5379537953795379, 0.5082508250825083, 0.5354785478547854, 0.5123762376237624, 0.4966996699669967, 0.5643564356435643, 0.6320132013201321, 0.6179867986798679, 0.5676567656765676, 0.5734323432343235, 0.5478547854785478, 0.556930693069307, 0.5899339933993399, 0.5767326732673267, 0.6072607260726073, 0.6163366336633663, 0.6138613861386139, 0.6031353135313532, 0.6023102310231023, 0.6138613861386139, 0.5948844884488449, 0.5957095709570958, 0.5874587458745875, 0.594059405940594, 0.6204620462046204, 0.599009900990099, 0.5915841584158416, 0.6229372937293729, 0.613036303630363, 0.6237623762376238, 0.6518151815181518, 0.608085808580858, 0.02374690594059406, 0.0], "avg_mem": [0.019353953147877013, 0.04497620790629575, 0.04479319180087848, 0.04575402635431918, 0.043740849194729134, 0.04154465592972181, 0.045021961932650074, 0.04300878477306003, 0.04410688140556369, 0.04419838945827233, 0.04396961932650073, 0.02795571010248902, 0.0006005215959004393, 0.00038318997071742314, 0.06716691068814055, 0.09342972181551977, 0.09059297218155198, 0.08071010248901904, 0.08363836017569547, 0.0849194729136164, 0.08857979502196194, 0.08967789165446559, 0.08647510980966325, 0.09443631039531479, 0.09022693997071743, 0.08986090775988287, 0.08867130307467057, 0.08711566617862372, 0.08912884333821376, 0.08363836017569547, 0.08739019033674963, 0.09068448023426061, 0.09095900439238654, 0.08711566617862372, 0.08757320644216691, 0.0892203513909224, 0.09004392386530015, 0.09022693997071743, 0.0865666178623719, 0.09004392386530015, 0.08784773060029283, 0.08766471449487555, 0.09031844802342606, 0.08674963396778916, 0.08702415812591507, 0.09480234260614934, 0.09031844802342606, 0.09214860907759882, 0.08986090775988287, 0.09105051244509517, 0.08711566617862372, 0.08720717423133235, 0.0899524158125915, 0.08720717423133235, 0.0861090775988287, 0.08766471449487555, 0.09123352855051245, 0.08931185944363104, 0.09288067349926793, 0.09608345534407028, 0.09150805270863836, 0.09031844802342606, 0.09306368960468521, 0.0911420204978038, 0.08803074670571011, 0.08867130307467057, 0.08784773060029283, 0.08620058565153733, 0.08748169838945827, 0.08912884333821376, 0.09059297218155198, 0.0899524158125915, 0.08720717423133235, 0.0853770131771596, 0.08803074670571011, 0.09050146412884334, 0.0899524158125915, 0.08592606149341142, 0.09105051244509517, 0.08894582723279648, 0.08189970717423133, 0.09443631039531479, 0.0010695003660322108, 0.0007091874084919473]}