{"time": [1719.0, 1720.0, 1720.0, 1720.0, 1721.0, 1721.0, 1722.0, 1723.0, 1724.0, 1725.0, 1726.0, 1727.0, 1727.0, 1728.0, 1729.0, 1729.0, 1730.0, 1731.0, 1732.0, 1732.0, 1733.0, 1734.0, 1735.0, 1736.0, 1737.0, 1738.0, 1738.0, 1739.0, 1740.0, 1741.0, 1742.0, 1743.0, 1744.0, 1745.0, 1746.0, 1747.0, 1748.0, 1749.0, 1750.0, 1751.0, 1752.0, 1753.0, 1754.0, 1755.0, 1756.0, 1757.0, 1758.0, 1759.0, 1760.0, 1761.0, 1762.0, 1763.0, 1764.0, 1765.0, 1766.0, 1767.0, 1768.0, 1769.0, 1770.0, 1771.0, 1772.0, 1773.0, 1774.0, 1775.0, 1776.0, 1777.0, 1778.0, 1779.0, 1780.0, 1781.0, 1782.0, 1783.0, 1784.0, 1785.0, 1786.0, 1787.0, 1788.0, 1789.0, 1790.0, 1791.0, 1792.0, 1793.0, 1794.0, 1795.0, 1796.0, 1797.0, 1798.0, 1799.0, 1800.0, 1800.0, 1800.0, 1800.0], "avg_cpu": [0.009565800330033004, 0.2726897689768977, 0.3065181518151815, 0.2957920792079208, 0.33745874587458746, 0.42326732673267325, 0.3502475247524752, 0.3556105610561056, 0.3696369636963696, 0.3778877887788779, 0.367986798679868, 0.34529702970297027, 0.4513201320132013, 0.43481848184818483, 0.4603960396039604, 0.4966996699669967, 0.5907590759075908, 0.5429042904290429, 0.5404290429042904, 0.6064356435643564, 0.5932343234323433, 0.5371287128712872, 0.5247524752475248, 0.5445544554455446, 0.5272277227722773, 0.5313531353135313, 0.5783828382838284, 0.5792079207920792, 0.5627062706270627, 0.5684818481848185, 0.5585808580858086, 0.5833333333333334, 0.5750825082508251, 0.5717821782178217, 0.5775577557755776, 0.570957095709571, 0.5833333333333334, 0.5701320132013201, 0.566006600660066, 0.5486798679867987, 0.5577557755775577, 0.5478547854785478, 0.5528052805280528, 0.5742574257425742, 0.5635313531353136, 0.556930693069307, 0.5684818481848185, 0.5503300330033003, 0.5528052805280528, 0.5511551155115512, 0.584983498349835, 0.5651815181518152, 0.566006600660066, 0.5833333333333334, 0.5833333333333334, 0.5602310231023102, 0.5594059405940595, 0.5635313531353136, 0.570957095709571, 0.5602310231023102, 0.5726072607260726, 0.5651815181518152, 0.5808580858085809, 0.5759075907590759, 0.5874587458745875, 0.5783828382838284, 0.5701320132013201, 0.5717821782178217, 0.5701320132013201, 0.5610561056105611, 0.5717821782178217, 0.556930693069307, 0.5924092409240924, 0.58003300330033, 0.5627062706270627, 0.6097359735973598, 0.5783828382838284, 0.5767326732673267, 0.5816831683168316, 0.5833333333333334, 0.5915841584158416, 0.599009900990099, 0.5882838283828383, 0.5998349834983498, 0.5981848184818482, 0.5932343234323433, 0.5742574257425742, 0.5891089108910891, 0.2792904290429043, 0.0008669812293729373, 0.0017339624587458745, 0.0017339624587458745], "avg_mem": [0.0034715867496339678, 0.009322382869692532, 0.00891059663250366, 0.009196559297218155, 0.008681826500732064, 0.008773334553440702, 0.008807650073206443, 0.008727580527086384, 0.008636072474377745, 0.00892203513909224, 0.008830527086383601, 0.008761896046852123, 0.008956350658857979, 0.008761896046852123, 0.009082174231332358, 0.008784773060029283, 0.008727580527086384, 0.0089449121522694, 0.008613195461200585, 0.0088877196193265, 0.008807650073206443, 0.00896778916544656, 0.009551153001464129, 0.008784773060029283, 0.009173682284040996, 0.00833867130307467, 0.008830527086383601, 0.008876281112737921, 0.00893347364568082, 0.008727580527086384, 0.009082174231332358, 0.00886484260614934, 0.008761896046852123, 0.008841965592972182, 0.009024981698389459, 0.00886484260614934, 0.008761896046852123, 0.008853404099560761, 0.008807650073206443, 0.0088877196193265, 0.00893347364568082, 0.009207997803806735, 0.008807650073206443, 0.009150805270863836, 0.009608345534407028, 0.008830527086383601, 0.008773334553440702, 0.008841965592972182, 0.00899066617862372, 0.009036420204978038, 0.00896778916544656, 0.00891059663250366, 0.008979227672035139, 0.008876281112737921, 0.008819088579795022, 0.008899158125915081, 0.008979227672035139, 0.00893347364568082, 0.009013543191800878, 0.009093612737920937, 0.008979227672035139, 0.009024981698389459, 0.008750457540263544, 0.008796211566617862, 0.009002104685212299, 0.008841965592972182, 0.009093612737920937, 0.008796211566617862, 0.008899158125915081, 0.009116489751098097, 0.008807650073206443, 0.0089449121522694, 0.009013543191800878, 0.008796211566617862, 0.0088877196193265, 0.009127928257686676, 0.00891059663250366, 0.008773334553440702, 0.0089449121522694, 0.00899066617862372, 0.008876281112737921, 0.00892203513909224, 0.009070735724743777, 0.009013543191800878, 0.009036420204978038, 0.008784773060029283, 0.009070735724743777, 0.00896778916544656, 0.00839586383601757, 0.007137628111273792, 0.007137628111273792, 0.0018473188140556368]}