{"time": [1719.0, 1720.0, 1720.0, 1720.0, 1721.0, 1721.0, 1722.0, 1723.0, 1724.0, 1725.0, 1726.0, 1727.0, 1727.0, 1728.0, 1729.0, 1729.0, 1730.0, 1731.0, 1732.0, 1732.0, 1733.0, 1734.0, 1735.0, 1736.0, 1737.0, 1738.0, 1738.0, 1739.0, 1740.0, 1741.0, 1742.0, 1743.0, 1744.0, 1745.0, 1746.0, 1747.0, 1748.0, 1749.0, 1750.0, 1751.0, 1752.0, 1753.0, 1754.0, 1755.0, 1756.0, 1757.0, 1758.0, 1759.0, 1760.0, 1761.0, 1762.0, 1763.0, 1764.0, 1765.0, 1766.0, 1767.0, 1768.0, 1769.0, 1770.0, 1771.0, 1772.0, 1773.0, 1774.0, 1775.0, 1776.0, 1777.0, 1778.0, 1779.0, 1780.0, 1781.0, 1782.0, 1783.0, 1784.0, 1785.0, 1786.0, 1787.0, 1788.0, 1789.0, 1790.0, 1791.0, 1792.0, 1793.0, 1794.0, 1795.0, 1796.0, 1797.0, 1798.0, 1799.0, 1800.0, 1800.0, 1800.0, 1800.0], "avg_cpu": [0.0031456270627062705, 0.24092409240924093, 0.2755775577557756, 0.2929042904290429, 0.290016501650165, 0.3320957095709571, 0.34529702970297027, 0.3263201320132013, 0.33663366336633666, 0.334983498349835, 0.36056105610561057, 0.36633663366336633, 0.47112211221122113, 0.47277227722772275, 0.45544554455445546, 0.49174917491749176, 0.5165016501650165, 0.5066006600660066, 0.49174917491749176, 0.5288778877887789, 0.5297029702970297, 0.5338283828382838, 0.5313531353135313, 0.6262376237623762, 0.5866336633663366, 0.5363036303630363, 0.5915841584158416, 0.5750825082508251, 0.5717821782178217, 0.5693069306930693, 0.566006600660066, 0.570957095709571, 0.5676567656765676, 0.5643564356435643, 0.5668316831683168, 0.5734323432343235, 0.5973597359735974, 0.5783828382838284, 0.5717821782178217, 0.5767326732673267, 0.584983498349835, 0.5891089108910891, 0.5808580858085809, 0.5676567656765676, 0.5717821782178217, 0.566006600660066, 0.5726072607260726, 0.5676567656765676, 0.5610561056105611, 0.5726072607260726, 0.5742574257425742, 0.551980198019802, 0.5437293729372937, 0.5552805280528053, 0.5684818481848185, 0.556930693069307, 0.5750825082508251, 0.5627062706270627, 0.5602310231023102, 0.5643564356435643, 0.5651815181518152, 0.58003300330033, 0.5833333333333334, 0.5750825082508251, 0.5750825082508251, 0.570957095709571, 0.5544554455445545, 0.5783828382838284, 0.5816831683168316, 0.5693069306930693, 0.5643564356435643, 0.5858085808580858, 0.58003300330033, 0.6064356435643564, 0.6163366336633663, 0.58003300330033, 0.584983498349835, 0.5701320132013201, 0.5684818481848185, 0.5668316831683168, 0.5668316831683168, 0.5643564356435643, 0.594059405940594, 0.58003300330033, 0.5693069306930693, 0.5610561056105611, 0.5610561056105611, 0.5610561056105611, 0.26526402640264024, 0.0008669812293729373, 0.0, 0.0011925020627062705], "avg_mem": [0.000949396046852123, 0.009734169106881406, 0.008899158125915081, 0.00892203513909224, 0.008578879941434846, 0.008739019033674963, 0.00892203513909224, 0.0088877196193265, 0.008761896046852123, 0.008670387994143484, 0.008670387994143484, 0.008739019033674963, 0.00891059663250366, 0.008830527086383601, 0.00891059663250366, 0.008773334553440702, 0.008761896046852123, 0.008739019033674963, 0.008807650073206443, 0.008841965592972182, 0.008807650073206443, 0.00886484260614934, 0.008784773060029283, 0.00886484260614934, 0.008807650073206443, 0.0089449121522694, 0.008876281112737921, 0.00892203513909224, 0.00886484260614934, 0.00899066617862372, 0.00899066617862372, 0.0088877196193265, 0.00899066617862372, 0.008647510980966324, 0.00886484260614934, 0.00886484260614934, 0.008899158125915081, 0.008819088579795022, 0.008899158125915081, 0.009002104685212299, 0.0089449121522694, 0.009047858711566617, 0.00899066617862372, 0.009059297218155198, 0.009024981698389459, 0.008979227672035139, 0.009013543191800878, 0.009013543191800878, 0.00891059663250366, 0.008704703513909224, 0.009219436310395315, 0.008784773060029283, 0.008853404099560761, 0.008727580527086384, 0.008784773060029283, 0.00899066617862372, 0.009024981698389459, 0.00891059663250366, 0.008773334553440702, 0.008899158125915081, 0.008899158125915081, 0.009013543191800878, 0.008807650073206443, 0.009047858711566617, 0.0089449121522694, 0.008704703513909224, 0.008796211566617862, 0.008784773060029283, 0.0089449121522694, 0.008876281112737921, 0.008807650073206443, 0.00899066617862372, 0.009585468521229868, 0.009047858711566617, 0.009036420204978038, 0.008956350658857979, 0.009002104685212299, 0.00899066617862372, 0.009024981698389459, 0.00891059663250366, 0.009070735724743777, 0.008899158125915081, 0.00893347364568082, 0.009024981698389459, 0.008784773060029283, 0.008739019033674963, 0.008853404099560761, 0.008807650073206443, 0.007904008052708638, 0.006565702781844802, 0.006565702781844802, 7.149066617862372e-05]}