{"time": [1718.0, 1718.0, 1719.0, 1719.0, 1719.0, 1719.0, 1719.0, 1720.0, 1720.0, 1721.0, 1722.0, 1722.0, 1723.0, 1724.0, 1724.0, 1725.0, 1726.0, 1727.0, 1728.0, 1729.0, 1729.0, 1730.0, 1731.0, 1732.0, 1733.0, 1734.0, 1734.0, 1735.0, 1736.0, 1737.0, 1738.0, 1738.0, 1739.0, 1740.0, 1741.0, 1742.0, 1743.0, 1744.0, 1745.0, 1746.0, 1747.0, 1748.0, 1749.0, 1750.0, 1751.0, 1752.0, 1753.0, 1754.0, 1755.0, 1756.0, 1757.0, 1758.0, 1759.0, 1760.0, 1761.0, 1762.0, 1763.0, 1764.0, 1765.0, 1766.0, 1767.0, 1768.0, 1769.0, 1770.0, 1771.0, 1772.0, 1773.0, 1774.0, 1775.0, 1776.0, 1777.0, 1778.0, 1779.0, 1780.0, 1781.0, 1782.0, 1783.0, 1784.0, 1785.0, 1786.0, 1787.0, 1788.0, 1789.0, 1790.0, 1791.0, 1792.0, 1793.0, 1794.0, 1795.0, 1796.0, 1797.0, 1798.0, 1799.0, 1800.0, 1800.0, 1800.0], "avg_cpu": [0.0, 0.09323432343234324, 0.2376237623762376, 0.2623762376237624, 0.3110561056105611, 0.3849009900990099, 0.4306930693069307, 0.3816006600660066, 0.34034653465346537, 0.3758250825082508, 0.34282178217821785, 0.3613861386138614, 0.3915016501650165, 0.39397689768976896, 0.39603960396039606, 0.4249174917491749, 0.4735973597359736, 0.4892739273927393, 0.4661716171617162, 0.43316831683168316, 0.5453795379537953, 0.5222772277227723, 0.5321782178217822, 0.5767326732673267, 0.5115511551155115, 0.5214521452145214, 0.5676567656765676, 0.551980198019802, 0.5602310231023102, 0.5668316831683168, 0.5792079207920792, 0.6229372937293729, 0.613036303630363, 0.6163366336633663, 0.6031353135313532, 0.6072607260726073, 0.5825082508250825, 0.5998349834983498, 0.5907590759075908, 0.5948844884488449, 0.599009900990099, 0.5948844884488449, 0.5965346534653465, 0.5833333333333334, 0.6031353135313532, 0.6047854785478548, 0.5924092409240924, 0.5973597359735974, 0.6196369636963697, 0.5866336633663366, 0.6047854785478548, 0.5981848184818482, 0.5891089108910891, 0.608085808580858, 0.5882838283828383, 0.6204620462046204, 0.584983498349835, 0.6039603960396039, 0.6221122112211221, 0.6204620462046204, 0.6072607260726073, 0.5858085808580858, 0.5915841584158416, 0.5866336633663366, 0.6006600660066007, 0.613036303630363, 0.5932343234323433, 0.5924092409240924, 0.5981848184818482, 0.6097359735973598, 0.6163366336633663, 0.5882838283828383, 0.6031353135313532, 0.6122112211221122, 0.6311881188118812, 0.6245874587458746, 0.6386138613861386, 0.6237623762376238, 0.5841584158415841, 0.5915841584158416, 0.608085808580858, 0.6006600660066007, 0.584983498349835, 0.5882838283828383, 0.5965346534653465, 0.5998349834983498, 0.599009900990099, 0.5981848184818482, 0.613036303630363, 0.6196369636963697, 0.6171617161716172, 0.6212871287128713, 0.6031353135313532, 0.2838283828382838, 0.0014455058787128713, 0.0011151505775577558], "avg_mem": [2.859626647144949e-06, 0.006817349926793558, 0.009310944363103953, 0.008567441434846267, 0.008567441434846267, 0.008578879941434846, 0.008350109809663251, 0.008578879941434846, 0.00841874084919473, 0.008613195461200585, 0.008590318448023425, 0.008578879941434846, 0.008681826500732064, 0.008739019033674963, 0.008807650073206443, 0.008601756954612006, 0.008807650073206443, 0.008716142020497804, 0.00886484260614934, 0.008773334553440702, 0.008681826500732064, 0.008761896046852123, 0.008716142020497804, 0.008899158125915081, 0.008716142020497804, 0.008544564421669107, 0.008498810395314787, 0.009024981698389459, 0.009013543191800878, 0.008670387994143484, 0.008956350658857979, 0.008704703513909224, 0.008830527086383601, 0.009013543191800878, 0.008841965592972182, 0.0089449121522694, 0.008750457540263544, 0.00891059663250366, 0.009082174231332358, 0.008830527086383601, 0.009207997803806735, 0.008899158125915081, 0.00893347364568082, 0.008899158125915081, 0.008807650073206443, 0.00893347364568082, 0.008693265007320644, 0.009322382869692532, 0.008807650073206443, 0.008899158125915081, 0.008956350658857979, 0.009253751830161054, 0.008658949487554905, 0.008693265007320644, 0.00886484260614934, 0.008613195461200585, 0.008556002928257686, 0.008841965592972182, 0.008716142020497804, 0.00891059663250366, 0.00892203513909224, 0.008601756954612006, 0.00892203513909224, 0.008658949487554905, 0.008670387994143484, 0.008876281112737921, 0.008876281112737921, 0.008899158125915081, 0.009002104685212299, 0.008727580527086384, 0.008670387994143484, 0.008693265007320644, 0.008670387994143484, 0.008876281112737921, 0.008647510980966324, 0.00896778916544656, 0.00896778916544656, 0.008899158125915081, 0.00891059663250366, 0.008716142020497804, 0.008761896046852123, 0.009036420204978038, 0.008979227672035139, 0.008956350658857979, 0.008681826500732064, 0.008750457540263544, 0.00891059663250366, 0.009116489751098097, 0.008761896046852123, 0.008613195461200585, 0.008670387994143484, 0.00891059663250366, 0.008716142020497804, 0.007904008052708638, 0.0066686493411420205, 7.149066617862372e-05]}