{"time": [1715.0, 1716.0, 1717.0, 1718.0, 1719.0, 1719.0, 1720.0, 1720.0, 1721.0, 1722.0, 1723.0, 1724.0, 1724.0, 1725.0, 1726.0, 1727.0, 1728.0, 1728.0, 1729.0, 1730.0, 1731.0, 1732.0, 1732.0, 1733.0, 1734.0, 1735.0, 1736.0, 1737.0, 1738.0, 1738.0, 1739.0, 1740.0, 1741.0, 1742.0, 1743.0, 1744.0, 1745.0, 1746.0, 1747.0, 1748.0, 1749.0, 1750.0, 1751.0, 1752.0, 1753.0, 1754.0, 1755.0, 1756.0, 1757.0, 1758.0, 1759.0, 1760.0, 1761.0, 1762.0, 1763.0, 1764.0, 1765.0, 1766.0, 1767.0, 1768.0, 1769.0, 1770.0, 1771.0, 1772.0, 1773.0, 1774.0, 1775.0, 1776.0, 1777.0, 1778.0, 1779.0, 1780.0, 1781.0, 1782.0, 1783.0, 1784.0, 1785.0, 1786.0, 1787.0, 1788.0, 1789.0, 1790.0, 1791.0, 1792.0, 1793.0, 1794.0, 1795.0, 1796.0, 1797.0, 1798.0, 1799.0, 1800.0, 1800.0, 1800.0], "avg_cpu": [0.042285478547854784, 0.05125825082508251, 0.034653465346534656, 0.15552805280528054, 0.37706270627062705, 0.39645214521452143, 0.38778877887788776, 0.42161716171617164, 0.3580858085808581, 0.3981023102310231, 0.3164191419141914, 0.3803630363036304, 0.46534653465346537, 0.4834983498349835, 0.47854785478547857, 0.5, 0.528052805280528, 0.5371287128712872, 0.5379537953795379, 0.5445544554455446, 0.5379537953795379, 0.5635313531353136, 0.5594059405940595, 0.6072607260726073, 0.5891089108910891, 0.5998349834983498, 0.6031353135313532, 0.6089108910891089, 0.6212871287128713, 0.6179867986798679, 0.6097359735973598, 0.6146864686468647, 0.6105610561056105, 0.6097359735973598, 0.6105610561056105, 0.6014851485148515, 0.6014851485148515, 0.5998349834983498, 0.5981848184818482, 0.6031353135313532, 0.6097359735973598, 0.6097359735973598, 0.6039603960396039, 0.6105610561056105, 0.608085808580858, 0.6188118811881188, 0.6113861386138614, 0.6204620462046204, 0.6270627062706271, 0.6188118811881188, 0.6320132013201321, 0.6311881188118812, 0.6179867986798679, 0.6105610561056105, 0.6353135313531353, 0.6287128712871287, 0.6270627062706271, 0.6303630363036303, 0.599009900990099, 0.6386138613861386, 0.6031353135313532, 0.6204620462046204, 0.6089108910891089, 0.5932343234323433, 0.6113861386138614, 0.6146864686468647, 0.6039603960396039, 0.6105610561056105, 0.6089108910891089, 0.6031353135313532, 0.6014851485148515, 0.613036303630363, 0.6146864686468647, 0.6196369636963697, 0.6047854785478548, 0.6155115511551155, 0.608085808580858, 0.6229372937293729, 0.6155115511551155, 0.6237623762376238, 0.6047854785478548, 0.528052805280528, 0.5074257425742574, 0.5404290429042904, 0.528052805280528, 0.5115511551155115, 0.5264026402640264, 0.5066006600660066, 0.5132013201320133, 0.5082508250825083, 0.5099009900990099, 0.22978547854785478, 0.001157049298679868, 0.0014100531146864687], "avg_mem": [0.015167459736456808, 0.017203513909224012, 0.015876647144948755, 0.019102306002928258, 0.024935944363103955, 0.02447840409956076, 0.02511896046852123, 0.0245699121522694, 0.02511896046852123, 0.024752928257686678, 0.024661420204978038, 0.024752928257686678, 0.025439238653001465, 0.025210468521229868, 0.024661420204978038, 0.025347730600292825, 0.02562225475841874, 0.02502745241581259, 0.024890190336749635, 0.02511896046852123, 0.025256222547584188, 0.024752928257686678, 0.02557650073206442, 0.025301976573938508, 0.024798682284040995, 0.02507320644216691, 0.025164714494875548, 0.02498169838945827, 0.024935944363103955, 0.02502745241581259, 0.025301976573938508, 0.025484992679355785, 0.025393484626647145, 0.02557650073206442, 0.025256222547584188, 0.025210468521229868, 0.02630856515373353, 0.02502745241581259, 0.024935944363103955, 0.025164714494875548, 0.025439238653001465, 0.025256222547584188, 0.02507320644216691, 0.02557650073206442, 0.02511896046852123, 0.025347730600292825, 0.025210468521229868, 0.02580527086383602, 0.02498169838945827, 0.02502745241581259, 0.024935944363103955, 0.02562225475841874, 0.025256222547584188, 0.025210468521229868, 0.025301976573938508, 0.02511896046852123, 0.025439238653001465, 0.02507320644216691, 0.025759516837481698, 0.025347730600292825, 0.0255307467057101, 0.025210468521229868, 0.024935944363103955, 0.025393484626647145, 0.024890190336749635, 0.025164714494875548, 0.025484992679355785, 0.025210468521229868, 0.02562225475841874, 0.026445827232796485, 0.0255307467057101, 0.02498169838945827, 0.02507320644216691, 0.024935944363103955, 0.02507320644216691, 0.025393484626647145, 0.02511896046852123, 0.025942532942898975, 0.024844436310395315, 0.025347730600292825, 0.025301976573938508, 0.025301976573938508, 0.025484992679355785, 0.025393484626647145, 0.02507320644216691, 0.025484992679355785, 0.024844436310395315, 0.025301976573938508, 0.024844436310395315, 0.025439238653001465, 0.025164714494875548, 0.023837847730600294, 0.021573023426061492, 0.00014870058565153734]}