{"time": [530.0, 530.0, 531.0, 531.0, 532.0, 533.0, 534.0, 535.0, 536.0, 537.0, 538.0, 539.0, 540.0, 540.0, 541.0, 542.0, 543.0, 544.0, 545.0, 546.0, 547.0, 548.0, 549.0, 550.0, 551.0, 552.0, 553.0, 554.0, 555.0, 556.0, 556.0, 557.0, 558.0, 559.0, 560.0, 561.0, 562.0, 563.0, 564.0, 565.0, 566.0, 567.0, 568.0, 569.0, 570.0, 571.0, 571.0, 571.0, 571.0, 578.0, 579.0, 580.0, 581.0, 582.0, 583.0, 584.0, 585.0, 586.0, 587.0, 588.0, 589.0, 590.0, 591.0, 592.0, 593.0, 594.0, 595.0, 596.0, 597.0, 598.0, 599.0, 600.0, 601.0, 602.0, 603.0, 604.0, 605.0, 606.0, 607.0, 608.0, 609.0, 610.0, 611.0, 612.0, 613.0, 614.0, 615.0, 616.0, 617.0, 618.0, 619.0, 620.0, 621.0, 622.0, 623.0, 624.0, 625.0, 626.0, 627.0, 628.0, 629.0, 630.0, 631.0, 632.0, 633.0, 634.0, 635.0, 636.0, 637.0, 638.0, 639.0, 640.0, 641.0, 642.0, 643.0, 644.0, 645.0, 646.0, 647.0, 648.0, 649.0, 650.0, 651.0, 652.0, 653.0, 653.0, 653.0, 653.0], "avg_cpu": [0.18997524752475248, 0.509075907590759, 0.5503300330033003, 0.5808580858085809, 0.5536303630363036, 0.5602310231023102, 0.5503300330033003, 0.5313531353135313, 0.5379537953795379, 0.5561056105610561, 0.5734323432343235, 0.5585808580858086, 0.5371287128712872, 0.6056105610561056, 0.5882838283828383, 0.551980198019802, 0.556930693069307, 0.5528052805280528, 0.5470297029702971, 0.556930693069307, 0.5396039603960396, 0.5453795379537953, 0.5379537953795379, 0.5462046204620462, 0.5792079207920792, 0.5651815181518152, 0.5717821782178217, 0.5610561056105611, 0.5808580858085809, 0.5734323432343235, 0.6221122112211221, 0.5552805280528053, 0.6237623762376238, 0.6320132013201321, 0.6179867986798679, 0.6295379537953796, 0.6089108910891089, 0.5429042904290429, 0.5651815181518152, 0.5651815181518152, 0.5759075907590759, 0.5899339933993399, 0.6163366336633663, 0.6014851485148515, 0.5965346534653465, 0.5808580858085809, 0.584983498349835, 0.0010845322813531353, 0.0, 0.49587458745874585, 0.5462046204620462, 0.5222772277227723, 0.5585808580858086, 0.5222772277227723, 0.5511551155115512, 0.5462046204620462, 0.5726072607260726, 0.5841584158415841, 0.5643564356435643, 0.5643564356435643, 0.5618811881188119, 0.5635313531353136, 0.5627062706270627, 0.5750825082508251, 0.5750825082508251, 0.5478547854785478, 0.5668316831683168, 0.566006600660066, 0.566006600660066, 0.5915841584158416, 0.5750825082508251, 0.551980198019802, 0.5742574257425742, 0.551980198019802, 0.5618811881188119, 0.5618811881188119, 0.5651815181518152, 0.5503300330033003, 0.5528052805280528, 0.5816831683168316, 0.5511551155115512, 0.5808580858085809, 0.5561056105610561, 0.528052805280528, 0.5693069306930693, 0.5198019801980198, 0.5495049504950495, 0.5363036303630363, 0.5132013201320133, 0.5701320132013201, 0.5610561056105611, 0.5676567656765676, 0.566006600660066, 0.5651815181518152, 0.5165016501650165, 0.5396039603960396, 0.5165016501650165, 0.5387788778877888, 0.5478547854785478, 0.5354785478547854, 0.5602310231023102, 0.5503300330033003, 0.5239273927392739, 0.5338283828382838, 0.5123762376237624, 0.528052805280528, 0.5321782178217822, 0.5478547854785478, 0.5429042904290429, 0.551980198019802, 0.5354785478547854, 0.5420792079207921, 0.5412541254125413, 0.5239273927392739, 0.5247524752475248, 0.5528052805280528, 0.5288778877887789, 0.5222772277227723, 0.5470297029702971, 0.533003300330033, 0.5272277227722773, 0.5379537953795379, 0.5412541254125413, 0.5701320132013201, 0.5792079207920792, 0.5536303630363036, 0.0, 0.0], "avg_mem": [0.008773334553440702, 0.04740117130307467, 0.04168191800878477, 0.04168191800878477, 0.04506771595900439, 0.04497620790629575, 0.04360358711566618, 0.04296303074670571, 0.04255124450951684, 0.04410688140556369, 0.0436493411420205, 0.04300878477306003, 0.04328330893118595, 0.04337481698389458, 0.04236822840409956, 0.04259699853587116, 0.04456442166910688, 0.04204795021961932, 0.042642752562225474, 0.0426885065885798, 0.043329062957540264, 0.04195644216691069, 0.04287152269399707, 0.04287152269399707, 0.04191068814055637, 0.04278001464128843, 0.041315885797950216, 0.044518667642752564, 0.04355783308931186, 0.04259699853587116, 0.03934846266471449, 0.044518667642752564, 0.04479319180087848, 0.04456442166910688, 0.04419838945827233, 0.04351207906295754, 0.04378660322108346, 0.04163616398243045, 0.04607430453879941, 0.04378660322108346, 0.041819180087847733, 0.043832357247437774, 0.04520497803806735, 0.04287152269399707, 0.04310029282576867, 0.04387811127379209, 0.04177342606149341, 0.0006233986090775988, 0.0004689787701317716, 0.036008418740849195, 0.0414989019033675, 0.04319180087847731, 0.04515922401171303, 0.04351207906295754, 0.04218521229868229, 0.04337481698389458, 0.04296303074670571, 0.04346632503660322, 0.043740849194729134, 0.0410413616398243, 0.042734260614934114, 0.044335651537335284, 0.042322474377745244, 0.04657759882869693, 0.04259699853587116, 0.042322474377745244, 0.044427159590043924, 0.04296303074670571, 0.041407393850658857, 0.044015373352855054, 0.043420571010248904, 0.04227672035139092, 0.044518667642752564, 0.044518667642752564, 0.04094985358711566, 0.046120058565153735, 0.0426885065885798, 0.044244143484626644, 0.04474743777452416, 0.04470168374816984, 0.041407393850658857, 0.043923865300146414, 0.04172767203513909, 0.040995607613469986, 0.043329062957540264, 0.043832357247437774, 0.0414989019033675, 0.043420571010248904, 0.043329062957540264, 0.04337481698389458, 0.043329062957540264, 0.045525256222547585, 0.043420571010248904, 0.04191068814055637, 0.043329062957540264, 0.04062957540263543, 0.042642752562225474, 0.04360358711566618, 0.04136163982430454, 0.0426885065885798, 0.0424597364568082, 0.04195644216691069, 0.045525256222547585, 0.040995607613469986, 0.04213945827232796, 0.04122437774524158, 0.04113286969253294, 0.04598279648609078, 0.04259699853587116, 0.042230966325036604, 0.04396961932650073, 0.04213945827232796, 0.04076683748169839, 0.04067532942898975, 0.04236822840409956, 0.042734260614934114, 0.04218521229868229, 0.04278001464128843, 0.042322474377745244, 0.041407393850658857, 0.0424597364568082, 0.04278001464128843, 0.04108711566617863, 0.04387811127379209, 0.045937042459736455, 0.0324396046852123, 0.0005433290629575403, 0.00031455893118594437]}