{"time": [1212.0, 1212.0, 1213.0, 1214.0, 1215.0, 1216.0, 1217.0, 1218.0, 1219.0, 1220.0, 1221.0, 1221.0, 1221.0, 1221.0, 1221.0, 1222.0, 1223.0, 1224.0, 1225.0, 1226.0, 1227.0, 1228.0, 1229.0, 1230.0, 1231.0, 1232.0, 1233.0, 1234.0, 1235.0, 1236.0, 1236.0, 1236.0, 1236.0, 1237.0, 1237.0, 1237.0, 1237.0, 1237.0, 1237.0, 1238.0, 1238.0, 1239.0, 1240.0, 1241.0, 1242.0, 1243.0, 1244.0, 1245.0, 1245.0, 1245.0, 1245.0, 1245.0, 1246.0, 1247.0, 1248.0, 1249.0, 1250.0, 1251.0, 1252.0, 1253.0, 1254.0, 1255.0, 1256.0, 1257.0, 1258.0, 1259.0, 1260.0, 1260.0, 1260.0, 1260.0, 1261.0, 1262.0, 1263.0, 1264.0, 1265.0, 1266.0, 1267.0, 1268.0, 1269.0, 1270.0, 1271.0, 1271.0, 1271.0, 1271.0, 1272.0, 1273.0, 1273.0, 1273.0, 1273.0], "avg_cpu": [0.0, 0.07978219696969698, 0.5921717171717171, 0.7765151515151515, 0.7297979797979798, 0.7575757575757576, 0.7411616161616161, 0.6805555555555556, 0.7272727272727273, 0.7058080808080808, 0.7424242424242424, 0.00020468355429292928, 0.0, 0.3453282828282828, 0.0, 0.7664141414141414, 0.702020202020202, 0.7689393939393939, 0.672979797979798, 0.7310606060606061, 0.7146464646464646, 0.7373737373737373, 0.6931818181818182, 0.7234848484848485, 0.7133838383838383, 0.7058080808080808, 0.7323232323232324, 0.6906565656565656, 0.7234848484848485, 0.7146464646464646, 0.00016276041666666666, 0.0, 0.5214646464646465, 0.7222222222222222, 0.00018988715277777778, 0.0, 0.0, 0.1554608585858586, 0.0, 0.45391414141414144, 0.8194444444444444, 0.7689393939393939, 0.75, 0.7058080808080808, 0.6515151515151515, 0.7777777777777778, 0.7070707070707071, 0.05097853535353535, 0.00013070154671717172, 0.0, 0.5713383838383839, 0.0, 0.7297979797979798, 0.73989898989899, 0.6893939393939394, 0.7184343434343434, 0.6919191919191919, 0.6641414141414141, 0.7828282828282829, 0.6666666666666666, 0.6628787878787878, 0.7272727272727273, 0.7171717171717171, 0.7537878787878788, 0.7449494949494949, 0.6830808080808081, 0.7638888888888888, 0.00016276041666666666, 0.48674242424242425, 0.0, 0.7651515151515151, 0.7171717171717171, 0.7676767676767676, 0.6136363636363636, 0.7916666666666666, 0.7083333333333334, 0.7108585858585859, 0.7310606060606061, 0.7626262626262627, 0.7361111111111112, 0.702020202020202, 0.0002712673611111111, 0.0, 0.2023358585858586, 0.39457070707070707, 0.0003107244318181818, 0.0009962910353535353, 0.00026140309343434344, 0.0007990056818181819], "avg_mem": [5.719253294289898e-06, 0.013360175695461201, 0.09205710102489019, 0.1958272327964861, 0.23792093704245973, 0.24267935578330893, 0.27379209370424595, 0.2748901903367496, 0.27635431918008785, 0.2756222547584187, 0.2719619326500732, 0.0002573663982430454, 8.578879941434847e-06, 0.047035139092240115, 0.0026279968887262077, 0.1367130307467057, 0.21669106881405564, 0.28184480234260617, 0.27159590043923865, 0.28074670571010246, 0.2866032210834553, 0.284407027818448, 0.2814787701317716, 0.28330893118594436, 0.2792825768667643, 0.2774524158125915, 0.2847730600292826, 0.28733528550512444, 0.2836749633967789, 0.28330893118594436, 0.0002630856515373353, 5.719253294289898e-06, 0.06954612005856516, 0.15830893118594436, 0.00025450677159590045, 5.719253294289898e-06, 5.719253294289898e-06, 0.02235084187408492, 0.00024878751830161055, 0.07284040995607613, 0.13012445095168373, 0.19472913616398244, 0.24597364568081992, 0.27855051244509516, 0.3257686676427526, 0.3784773060029283, 0.3711566617862372, 0.11987554904831625, 0.00025450677159590045, 2.859626647144949e-06, 0.0865666178623719, 0.00024306826500732065, 0.18283308931185943, 0.22181551976573938, 0.22218155197657394, 0.2240117130307467, 0.22071742313323572, 0.22913616398243045, 0.24121522693997072, 0.23718887262079064, 0.2679355783308931, 0.2979502196193265, 0.2979502196193265, 0.30307467057101023, 0.29978038067349927, 0.2957540263543192, 0.3071010248901903, 0.00022019125183016106, 0.06881405563689605, 5.147327964860908e-05, 0.17258418740849193, 0.23535871156661786, 0.26683748169838944, 0.25329428989751096, 0.27891654465592974, 0.28038067349926793, 0.2913616398243045, 0.2840409956076135, 0.30234260614934116, 0.2931918008784773, 0.27781844802342603, 0.0002573663982430454, 8.578879941434847e-06, 0.027818448023426062, 0.10523426061493411, 0.1390922401171303, 0.14037335285505123, 0.1273792093704246, 9.436767935578331e-05]}