{"time": [1718.0, 1718.0, 1719.0, 1719.0, 1719.0, 1719.0, 1719.0, 1720.0, 1720.0, 1721.0, 1722.0, 1723.0, 1723.0, 1724.0, 1725.0, 1726.0, 1726.0, 1727.0, 1728.0, 1729.0, 1729.0, 1730.0, 1731.0, 1732.0, 1733.0, 1734.0, 1734.0, 1735.0, 1736.0, 1737.0, 1738.0, 1738.0, 1739.0, 1740.0, 1741.0, 1742.0, 1743.0, 1744.0, 1745.0, 1746.0, 1747.0, 1748.0, 1749.0, 1750.0, 1751.0, 1752.0, 1753.0, 1754.0, 1755.0, 1756.0, 1757.0, 1758.0, 1759.0, 1760.0, 1761.0, 1762.0, 1763.0, 1764.0, 1765.0, 1766.0, 1767.0, 1768.0, 1769.0, 1770.0, 1771.0, 1772.0, 1773.0, 1774.0, 1775.0, 1776.0, 1777.0, 1778.0, 1779.0, 1780.0, 1781.0, 1782.0, 1783.0, 1784.0, 1785.0, 1786.0, 1787.0, 1788.0, 1789.0, 1790.0, 1791.0, 1792.0, 1793.0, 1794.0, 1795.0, 1796.0, 1797.0, 1798.0, 1799.0, 1800.0, 1800.0, 1800.0], "avg_cpu": [0.0, 0.11200495049504951, 0.22153465346534654, 0.2986798679867987, 0.3395214521452145, 0.25, 0.29042904290429045, 0.25412541254125415, 0.30775577557755773, 0.33663366336633666, 0.2999174917491749, 0.30981848184818483, 0.41254125412541254, 0.4504950495049505, 0.40635313531353134, 0.41872937293729373, 0.5363036303630363, 0.466996699669967, 0.44224422442244227, 0.4546204620462046, 0.5478547854785478, 0.5214521452145214, 0.5239273927392739, 0.5198019801980198, 0.4867986798679868, 0.5198019801980198, 0.5915841584158416, 0.5602310231023102, 0.5561056105610561, 0.584983498349835, 0.5899339933993399, 0.5808580858085809, 0.5948844884488449, 0.584983498349835, 0.5924092409240924, 0.5899339933993399, 0.5899339933993399, 0.6039603960396039, 0.6023102310231023, 0.5882838283828383, 0.5948844884488449, 0.6047854785478548, 0.5858085808580858, 0.6287128712871287, 0.5726072607260726, 0.5693069306930693, 0.5610561056105611, 0.5792079207920792, 0.594059405940594, 0.6056105610561056, 0.5767326732673267, 0.5965346534653465, 0.5899339933993399, 0.5783828382838284, 0.5775577557755776, 0.5833333333333334, 0.5841584158415841, 0.5825082508250825, 0.5668316831683168, 0.5825082508250825, 0.5726072607260726, 0.5759075907590759, 0.5973597359735974, 0.5651815181518152, 0.5882838283828383, 0.6089108910891089, 0.5684818481848185, 0.5899339933993399, 0.6014851485148515, 0.5544554455445545, 0.528052805280528, 0.5429042904290429, 0.5371287128712872, 0.5610561056105611, 0.5726072607260726, 0.5684818481848185, 0.5462046204620462, 0.5651815181518152, 0.5445544554455446, 0.5503300330033003, 0.5816831683168316, 0.5833333333333334, 0.5734323432343235, 0.5544554455445545, 0.5585808580858086, 0.5627062706270627, 0.5759075907590759, 0.5981848184818482, 0.5775577557755776, 0.5759075907590759, 0.5726072607260726, 0.5561056105610561, 0.5734323432343235, 0.26526402640264024, 0.000578524649339934, 0.0013020833333333333], "avg_mem": [2.859626647144949e-06, 0.007023243045387994, 0.009585468521229868, 0.008899158125915081, 0.008430179355783309, 0.008270040263543192, 0.008681826500732064, 0.008876281112737921, 0.009139366764275255, 0.008807650073206443, 0.008716142020497804, 0.00891059663250366, 0.008899158125915081, 0.008601756954612006, 0.008556002928257686, 0.009070735724743777, 0.008784773060029283, 0.0089449121522694, 0.00886484260614934, 0.008670387994143484, 0.008899158125915081, 0.008521687408491947, 0.008647510980966324, 0.008830527086383601, 0.008761896046852123, 0.008727580527086384, 0.008807650073206443, 0.008716142020497804, 0.008796211566617862, 0.008670387994143484, 0.008739019033674963, 0.008819088579795022, 0.008773334553440702, 0.008979227672035139, 0.008807650073206443, 0.008693265007320644, 0.008590318448023425, 0.008956350658857979, 0.008739019033674963, 0.008693265007320644, 0.008830527086383601, 0.00886484260614934, 0.00893347364568082, 0.008681826500732064, 0.008739019033674963, 0.00886484260614934, 0.009596907027818447, 0.008830527086383601, 0.008841965592972182, 0.008704703513909224, 0.008830527086383601, 0.008658949487554905, 0.008647510980966324, 0.0089449121522694, 0.008647510980966324, 0.008590318448023425, 0.008819088579795022, 0.008761896046852123, 0.008727580527086384, 0.008704703513909224, 0.00896778916544656, 0.009024981698389459, 0.008761896046852123, 0.008830527086383601, 0.008773334553440702, 0.008761896046852123, 0.008830527086383601, 0.008681826500732064, 0.008819088579795022, 0.00886484260614934, 0.008841965592972182, 0.008624633967789166, 0.009024981698389459, 0.00893347364568082, 0.008773334553440702, 0.00891059663250366, 0.008704703513909224, 0.008681826500732064, 0.008899158125915081, 0.008979227672035139, 0.008739019033674963, 0.008830527086383601, 0.008853404099560761, 0.008807650073206443, 0.008876281112737921, 0.008830527086383601, 0.008853404099560761, 0.008853404099560761, 0.008750457540263544, 0.008670387994143484, 0.00892203513909224, 0.008819088579795022, 0.008830527086383601, 0.008121339677891654, 0.007126189604685212, 8.292917276720352e-05]}