{"time": [1718.0, 1718.0, 1719.0, 1719.0, 1719.0, 1719.0, 1719.0, 1720.0, 1720.0, 1721.0, 1722.0, 1722.0, 1723.0, 1724.0, 1724.0, 1725.0, 1726.0, 1727.0, 1728.0, 1728.0, 1729.0, 1730.0, 1731.0, 1732.0, 1732.0, 1733.0, 1734.0, 1735.0, 1736.0, 1737.0, 1738.0, 1738.0, 1739.0, 1740.0, 1741.0, 1742.0, 1743.0, 1744.0, 1745.0, 1746.0, 1747.0, 1748.0, 1749.0, 1750.0, 1751.0, 1752.0, 1753.0, 1754.0, 1755.0, 1756.0, 1757.0, 1758.0, 1759.0, 1760.0, 1761.0, 1762.0, 1763.0, 1764.0, 1765.0, 1766.0, 1767.0, 1768.0, 1769.0, 1770.0, 1771.0, 1772.0, 1773.0, 1774.0, 1775.0, 1776.0, 1777.0, 1778.0, 1779.0, 1780.0, 1781.0, 1782.0, 1783.0, 1784.0, 1785.0, 1786.0, 1787.0, 1788.0, 1789.0, 1790.0, 1791.0, 1792.0, 1793.0, 1794.0, 1795.0, 1796.0, 1797.0, 1798.0, 1799.0, 1800.0, 1800.0, 1800.0, 1800.0], "avg_cpu": [0.0, 0.22400990099009901, 0.28424092409240925, 0.21617161716171618, 0.31971947194719474, 0.35767326732673266, 0.3543729372937294, 0.3325082508250825, 0.30445544554455445, 0.28836633663366334, 0.3250825082508251, 0.47112211221122113, 0.39232673267326734, 0.3915016501650165, 0.4005775577557756, 0.4141914191419142, 0.41625412541254125, 0.45627062706270627, 0.4471947194719472, 0.5057755775577558, 0.49257425742574257, 0.4909240924092409, 0.5396039603960396, 0.5891089108910891, 0.6072607260726073, 0.5701320132013201, 0.5544554455445545, 0.5610561056105611, 0.6526402640264026, 0.6196369636963697, 0.721947194719472, 0.636963696369637, 0.58003300330033, 0.5726072607260726, 0.5899339933993399, 0.6625412541254125, 0.594059405940594, 0.5866336633663366, 0.5932343234323433, 0.6056105610561056, 0.6443894389438944, 0.641914191419142, 0.6262376237623762, 0.5924092409240924, 0.5734323432343235, 0.5907590759075908, 0.5957095709570958, 0.6056105610561056, 0.5783828382838284, 0.570957095709571, 0.5759075907590759, 0.5651815181518152, 0.570957095709571, 0.5610561056105611, 0.5792079207920792, 0.5891089108910891, 0.5858085808580858, 0.5742574257425742, 0.5742574257425742, 0.5915841584158416, 0.5676567656765676, 0.5742574257425742, 0.6072607260726073, 0.5907590759075908, 0.6146864686468647, 0.6006600660066007, 0.5932343234323433, 0.6204620462046204, 0.613036303630363, 0.6221122112211221, 0.6163366336633663, 0.6047854785478548, 0.6196369636963697, 0.5750825082508251, 0.6155115511551155, 0.6262376237623762, 0.5932343234323433, 0.6039603960396039, 0.6014851485148515, 0.6435643564356436, 0.5759075907590759, 0.6303630363036303, 0.6798679867986799, 0.5808580858085809, 0.5924092409240924, 0.6311881188118812, 0.6914191419141914, 0.6683168316831684, 0.6072607260726073, 0.5750825082508251, 0.5742574257425742, 0.5816831683168316, 0.6146864686468647, 0.27722772277227725, 0.0008669812293729373, 0.0008669812293729373, 0.00043349061468646863], "avg_mem": [2.859626647144949e-06, 0.008556002928257686, 0.009082174231332358, 0.00836154831625183, 0.008590318448023425, 0.008658949487554905, 0.009185120790629575, 0.008761896046852123, 0.008796211566617862, 0.008853404099560761, 0.00839586383601757, 0.008533125915080528, 0.008578879941434846, 0.008624633967789166, 0.008544564421669107, 0.008841965592972182, 0.009013543191800878, 0.008670387994143484, 0.009139366764275255, 0.008636072474377745, 0.008784773060029283, 0.008773334553440702, 0.008739019033674963, 0.00892203513909224, 0.00943676793557833, 0.008761896046852123, 0.0089449121522694, 0.009368136896046852, 0.008784773060029283, 0.008681826500732064, 0.008533125915080528, 0.008533125915080528, 0.008761896046852123, 0.009036420204978038, 0.008647510980966324, 0.009047858711566617, 0.00893347364568082, 0.00886484260614934, 0.008773334553440702, 0.008807650073206443, 0.00899066617862372, 0.008830527086383601, 0.008796211566617862, 0.008876281112737921, 0.008876281112737921, 0.008761896046852123, 0.008681826500732064, 0.00892203513909224, 0.008841965592972182, 0.008761896046852123, 0.008693265007320644, 0.008796211566617862, 0.008750457540263544, 0.008830527086383601, 0.00892203513909224, 0.008853404099560761, 0.008784773060029283, 0.008899158125915081, 0.008773334553440702, 0.008636072474377745, 0.009127928257686676, 0.008796211566617862, 0.00947108345534407, 0.008636072474377745, 0.008739019033674963, 0.008853404099560761, 0.0089449121522694, 0.008773334553440702, 0.008590318448023425, 0.00893347364568082, 0.008670387994143484, 0.008578879941434846, 0.008761896046852123, 0.008819088579795022, 0.009047858711566617, 0.008899158125915081, 0.008773334553440702, 0.008716142020497804, 0.008807650073206443, 0.008727580527086384, 0.008956350658857979, 0.008853404099560761, 0.0088877196193265, 0.00893347364568082, 0.009127928257686676, 0.008750457540263544, 0.008853404099560761, 0.00892203513909224, 0.008899158125915081, 0.008716142020497804, 0.00891059663250366, 0.008830527086383601, 0.008784773060029283, 0.008132778184480233, 0.006920296486090776, 0.006920296486090776, 7.149066617862372e-05]}