{"time": [523.0, 524.0, 525.0, 526.0, 527.0, 527.0, 527.0, 527.0, 546.0, 547.0, 547.0, 547.0, 547.0, 547.0, 548.0, 549.0, 550.0, 551.0, 552.0, 553.0, 554.0, 555.0, 556.0, 557.0, 557.0, 558.0, 559.0, 560.0, 561.0, 562.0, 563.0, 564.0, 565.0, 566.0, 567.0, 568.0, 569.0, 570.0, 571.0, 572.0, 573.0, 574.0, 575.0, 576.0, 577.0, 578.0, 579.0, 580.0, 581.0, 582.0, 583.0, 584.0, 585.0, 586.0, 587.0, 588.0, 589.0, 590.0, 591.0, 592.0, 593.0, 594.0, 595.0, 596.0, 597.0, 598.0, 599.0, 600.0, 601.0, 602.0, 603.0, 604.0, 605.0, 606.0, 607.0, 608.0, 609.0, 610.0, 611.0, 612.0, 613.0, 614.0, 615.0, 616.0, 616.0, 617.0, 618.0, 619.0, 620.0, 621.0, 622.0, 623.0, 624.0, 625.0, 626.0, 627.0, 628.0, 629.0, 630.0, 631.0, 632.0, 633.0, 634.0, 635.0, 636.0, 637.0, 638.0, 639.0, 640.0, 641.0, 642.0, 643.0, 644.0, 645.0, 646.0, 647.0, 648.0, 649.0, 650.0, 651.0, 652.0, 653.0, 653.0, 653.0, 653.0, 709.0, 710.0, 711.0, 711.0, 711.0, 711.0], "avg_cpu": [0.07524104683195593, 0.027462121212121212, 0.01803546831955923, 0.004621857782369146, 0.00036049414600550965, 0.00016679579889807163, 0.0002528839531680441, 0.00019100809228650138, 0.37678207739307534, 0.31568228105906315, 0.32331975560081466, 0.09254073319755601, 0.0, 0.31971947194719474, 0.5833333333333334, 0.556930693069307, 0.570957095709571, 0.566006600660066, 0.5354785478547854, 0.599009900990099, 0.5907590759075908, 0.566006600660066, 0.5684818481848185, 0.5354785478547854, 0.5899339933993399, 0.5668316831683168, 0.75, 0.641914191419142, 0.5486798679867987, 0.5899339933993399, 0.6270627062706271, 0.6171617161716172, 0.6278877887788779, 0.5932343234323433, 0.5734323432343235, 0.5792079207920792, 0.5858085808580858, 0.5577557755775577, 0.5891089108910891, 0.7813531353135313, 0.5932343234323433, 0.6031353135313532, 0.6113861386138614, 0.6749174917491749, 0.6353135313531353, 0.5973597359735974, 0.6146864686468647, 0.6146864686468647, 0.5948844884488449, 0.5965346534653465, 0.5874587458745875, 0.584983498349835, 0.5973597359735974, 0.5932343234323433, 0.6460396039603961, 0.584983498349835, 0.5973597359735974, 0.6262376237623762, 0.6485148514851485, 0.6584158415841584, 0.5825082508250825, 0.6039603960396039, 0.6221122112211221, 0.594059405940594, 0.5882838283828383, 0.6361386138613861, 0.613036303630363, 0.6270627062706271, 0.6179867986798679, 0.5858085808580858, 0.5676567656765676, 0.556930693069307, 0.5536303630363036, 0.5957095709570958, 0.5734323432343235, 0.5734323432343235, 0.5825082508250825, 0.5775577557755776, 0.5924092409240924, 0.5932343234323433, 0.5792079207920792, 0.6097359735973598, 0.6105610561056105, 0.5907590759075908, 0.6386138613861386, 0.6064356435643564, 0.6344884488448845, 0.6328382838283828, 0.6188118811881188, 0.636963696369637, 0.6287128712871287, 0.636963696369637, 0.6460396039603961, 0.6204620462046204, 0.6155115511551155, 0.6229372937293729, 0.6221122112211221, 0.6278877887788779, 0.6468646864686468, 0.6278877887788779, 0.6014851485148515, 0.6188118811881188, 0.6641914191419142, 0.6592409240924092, 0.6262376237623762, 0.6328382838283828, 0.6410891089108911, 0.613036303630363, 0.613036303630363, 0.6179867986798679, 0.5957095709570958, 0.6344884488448845, 0.6155115511551155, 0.6212871287128713, 0.6163366336633663, 0.5998349834983498, 0.6460396039603961, 0.6377887788778878, 0.6245874587458746, 0.6229372937293729, 0.641914191419142, 0.5742574257425742, 0.6229372937293729, 0.01908003300330033, 0.0, 0.1825356415478615, 0.3874745417515275, 0.39969450101832993, 0.3966395112016293, 0.0007587751400203666, 0.0], "avg_mem": [0.00784681551976574, 0.006268301610541728, 0.005261713030746706, 0.0047870150073206445, 0.004712664714494876, 0.004712664714494876, 0.004712664714494876, 0.0003088396778916545, 0.025054931640625, 0.03216552734375, 0.03240966796875, 0.0008182525634765625, 0.0003147125244140625, 0.0178898243045388, 0.04776720351390922, 0.04607430453879941, 0.041407393850658857, 0.046440336749633965, 0.045433748169838944, 0.04209370424597365, 0.045525256222547585, 0.04525073206442167, 0.04108711566617863, 0.04868228404099561, 0.04296303074670571, 0.045113469985358715, 0.045433748169838944, 0.04328330893118595, 0.04438140556368961, 0.04465592972181552, 0.04406112737920937, 0.04419838945827233, 0.04479319180087848, 0.046211566617862375, 0.04657759882869693, 0.04355783308931186, 0.04776720351390922, 0.04456442166910688, 0.04213945827232796, 0.04968887262079063, 0.04685212298682284, 0.04547950219619327, 0.04250549048316252, 0.048133235724743775, 0.048316251830161056, 0.04076683748169839, 0.04868228404099561, 0.04447291361639824, 0.044427159590043924, 0.045937042459736455, 0.046028550512445095, 0.044838945827232794, 0.04479319180087848, 0.046623352855051245, 0.045525256222547585, 0.043237554904831624, 0.04575402635431918, 0.042642752562225474, 0.043329062957540264, 0.046440336749633965, 0.04474743777452416, 0.044518667642752564, 0.04625732064421669, 0.045113469985358715, 0.04589128843338214, 0.04785871156661786, 0.04488469985358712, 0.04666910688140556, 0.049322840409956076, 0.043420571010248904, 0.04378660322108346, 0.047309663250366035, 0.04337481698389458, 0.04685212298682284, 0.045616764275256225, 0.04305453879941435, 0.04758418740849195, 0.04465592972181552, 0.043740849194729134, 0.044244143484626644, 0.04529648609077599, 0.04191068814055637, 0.04447291361639824, 0.04758418740849195, 0.049414348462664716, 0.045342240117130304, 0.043420571010248904, 0.04895680819912152, 0.0424597364568082, 0.04419838945827233, 0.04625732064421669, 0.04474743777452416, 0.044427159590043924, 0.04776720351390922, 0.043923865300146414, 0.0426885065885798, 0.04488469985358712, 0.04378660322108346, 0.04369509516837482, 0.04406112737920937, 0.04250549048316252, 0.04378660322108346, 0.04538799414348463, 0.04410688140556369, 0.04351207906295754, 0.047126647144948755, 0.044335651537335284, 0.044427159590043924, 0.04406112737920937, 0.04547950219619327, 0.04319180087847731, 0.04278001464128843, 0.044015373352855054, 0.04287152269399707, 0.045525256222547585, 0.04378660322108346, 0.045525256222547585, 0.04447291361639824, 0.04410688140556369, 0.04259699853587116, 0.043146046852122984, 0.027177891654465592, 0.04209370424597365, 0.001175306551976574, 0.0006319774890190336, 0.003398895263671875, 0.014434814453125, 0.0131072998046875, 0.0123138427734375, 0.000202178955078125, 0.0001049041748046875]}