{"time": [568.0, 569.0, 569.0, 569.0, 569.0, 570.0, 571.0, 571.0, 571.0, 571.0, 590.0, 591.0, 591.0, 592.0, 592.0, 592.0, 592.0, 593.0, 594.0, 594.0, 595.0, 595.0, 595.0, 595.0, 596.0, 597.0, 598.0, 599.0, 600.0, 601.0, 602.0, 603.0, 604.0, 605.0, 606.0, 607.0, 608.0, 609.0, 610.0, 611.0, 612.0, 613.0, 614.0, 615.0, 616.0, 617.0, 618.0, 619.0, 619.0, 620.0, 621.0, 622.0, 623.0, 624.0, 625.0, 626.0, 627.0, 628.0, 629.0, 630.0, 631.0, 632.0, 633.0, 634.0, 635.0, 636.0, 637.0, 638.0, 639.0, 640.0, 641.0, 642.0, 643.0, 644.0, 645.0, 646.0, 647.0, 648.0, 649.0, 650.0, 651.0, 652.0, 653.0, 654.0, 655.0, 656.0, 657.0, 658.0, 659.0, 660.0, 661.0, 662.0, 663.0, 664.0, 665.0, 666.0, 667.0, 668.0, 669.0, 670.0, 671.0, 672.0, 673.0, 673.0, 674.0, 674.0, 674.0], "avg_cpu": [0.110107421875, 0.27294921875, 0.2734375, 0.019439697265625, 0.0, 0.2951101928374656, 0.359504132231405, 0.3560606060606061, 0.041795798898071626, 0.0, 0.3662109375, 0.40380859375, 0.42431640625, 0.4091796875, 0.03704833984375, 0.0, 0.245849609375, 0.32177734375, 0.33642578125, 0.28125, 0.28515625, 0.030731201171875, 0.0, 0.566006600660066, 0.6056105610561056, 0.6303630363036303, 0.6056105610561056, 0.5948844884488449, 0.5816831683168316, 0.608085808580858, 0.5924092409240924, 0.5503300330033003, 0.566006600660066, 0.5676567656765676, 0.5676567656765676, 0.5429042904290429, 0.5651815181518152, 0.5585808580858086, 0.5577557755775577, 0.5363036303630363, 0.5643564356435643, 0.5379537953795379, 0.5783828382838284, 0.5717821782178217, 0.5313531353135313, 0.5478547854785478, 0.5453795379537953, 0.570957095709571, 0.6683168316831684, 0.5874587458745875, 0.6014851485148515, 0.6023102310231023, 0.6064356435643564, 0.5965346534653465, 0.6023102310231023, 0.6089108910891089, 0.5874587458745875, 0.6031353135313532, 0.6179867986798679, 0.6105610561056105, 0.6122112211221122, 0.5808580858085809, 0.6089108910891089, 0.6221122112211221, 0.6072607260726073, 0.6212871287128713, 0.6072607260726073, 0.6031353135313532, 0.5668316831683168, 0.5775577557755776, 0.6204620462046204, 0.5874587458745875, 0.5932343234323433, 0.5924092409240924, 0.6229372937293729, 0.6204620462046204, 0.6138613861386139, 0.6311881188118812, 0.6171617161716172, 0.6014851485148515, 0.5866336633663366, 0.6237623762376238, 0.5915841584158416, 0.863036303630363, 0.7037953795379538, 0.6344884488448845, 0.6402640264026402, 0.6188118811881188, 0.6320132013201321, 0.6493399339933993, 0.6344884488448845, 0.6056105610561056, 0.6815181518151815, 0.6303630363036303, 0.6047854785478548, 0.6047854785478548, 0.6072607260726073, 0.613036303630363, 0.6575907590759076, 0.6584158415841584, 0.66996699669967, 0.6542904290429042, 0.6410891089108911, 0.6625412541254125, 0.6229372937293729, 0.0, 0.0], "avg_mem": [0.00635528564453125, 0.01849365234375, 0.025726318359375, 0.002155303955078125, 0.001827239990234375, 0.017912701317715957, 0.021573023426061492, 0.020818081991215227, 0.00019302479868228405, 0.00015441983894582724, 0.031158447265625, 0.03082275390625, 0.0245361328125, 0.03314208984375, 0.0005855560302734375, 0.0002880096435546875, 0.00777435302734375, 0.0146942138671875, 0.01336669921875, 0.0124969482421875, 0.015228271484375, 0.00042247772216796875, 0.00014781951904296875, 0.0367404831625183, 0.04305453879941435, 0.04053806734992679, 0.04122437774524158, 0.04108711566617863, 0.04191068814055637, 0.04204795021961932, 0.03976024890190337, 0.04236822840409956, 0.04136163982430454, 0.04227672035139092, 0.04200219619326501, 0.0426885065885798, 0.04058382137628111, 0.04278001464128843, 0.042230966325036604, 0.041407393850658857, 0.04012628111273792, 0.04319180087847731, 0.04355783308931186, 0.04172767203513909, 0.04209370424597365, 0.04227672035139092, 0.04195644216691069, 0.041407393850658857, 0.04163616398243045, 0.04428989751098097, 0.044335651537335284, 0.044335651537335284, 0.042734260614934114, 0.04287152269399707, 0.04204795021961932, 0.041819180087847733, 0.042642752562225474, 0.04236822840409956, 0.044838945827232794, 0.04278001464128843, 0.04305453879941435, 0.043832357247437774, 0.04218521229868229, 0.04278001464128843, 0.04447291361639824, 0.04168191800878477, 0.04209370424597365, 0.04195644216691069, 0.04351207906295754, 0.04085834553440703, 0.04241398243045388, 0.04300878477306003, 0.04218521229868229, 0.04177342606149341, 0.04319180087847731, 0.043420571010248904, 0.04259699853587116, 0.04296303074670571, 0.042230966325036604, 0.04072108345534407, 0.04218521229868229, 0.04209370424597365, 0.04200219619326501, 0.045342240117130304, 0.0414989019033675, 0.04346632503660322, 0.04113286969253294, 0.04186493411420205, 0.04255124450951684, 0.041819180087847733, 0.04218521229868229, 0.043420571010248904, 0.04122437774524158, 0.041407393850658857, 0.042917276720351394, 0.0426885065885798, 0.040400805270863836, 0.04255124450951684, 0.043237554904831624, 0.0424597364568082, 0.045021961932650074, 0.04410688140556369, 0.04419838945827233, 0.03518484626647145, 0.045113469985358715, 0.0005490483162518302, 0.0002974011713030747]}