{"time": [1718.0, 1719.0, 1719.0, 1719.0, 1719.0, 1719.0, 1720.0, 1720.0, 1721.0, 1721.0, 1722.0, 1723.0, 1724.0, 1725.0, 1726.0, 1727.0, 1728.0, 1728.0, 1729.0, 1729.0, 1730.0, 1731.0, 1732.0, 1732.0, 1733.0, 1734.0, 1735.0, 1736.0, 1737.0, 1738.0, 1738.0, 1739.0, 1740.0, 1741.0, 1742.0, 1743.0, 1744.0, 1745.0, 1746.0, 1747.0, 1748.0, 1749.0, 1750.0, 1751.0, 1752.0, 1753.0, 1754.0, 1755.0, 1756.0, 1757.0, 1758.0, 1759.0, 1760.0, 1761.0, 1762.0, 1763.0, 1764.0, 1765.0, 1766.0, 1767.0, 1768.0, 1769.0, 1770.0, 1771.0, 1772.0, 1773.0, 1774.0, 1775.0, 1776.0, 1777.0, 1778.0, 1779.0, 1780.0, 1781.0, 1782.0, 1783.0, 1784.0, 1785.0, 1786.0, 1787.0, 1788.0, 1789.0, 1790.0, 1791.0, 1792.0, 1793.0, 1794.0, 1795.0, 1796.0, 1797.0, 1798.0, 1799.0, 1800.0, 1800.0, 1800.0, 1800.0], "avg_cpu": [0.0029987373737373735, 0.07796717171717171, 0.25063131313131315, 0.31470959595959597, 0.32954545454545453, 0.36553030303030304, 0.34595959595959597, 0.4412878787878788, 0.39457070707070707, 0.4703282828282828, 0.45391414141414144, 0.4690656565656566, 0.4476010101010101, 0.4463383838383838, 0.4431818181818182, 0.4564393939393939, 0.5126262626262627, 0.6767676767676768, 0.6856060606060606, 0.6982323232323232, 0.7689393939393939, 0.7297979797979798, 0.8093434343434344, 0.9494949494949495, 0.7550505050505051, 0.6805555555555556, 0.8005050505050505, 0.7929292929292929, 0.7815656565656566, 0.797979797979798, 0.922979797979798, 0.9053030303030303, 0.8838383838383839, 0.9318181818181818, 0.8800505050505051, 0.8737373737373737, 0.88510101010101, 0.8926767676767676, 0.8813131313131313, 0.8901515151515151, 0.8888888888888888, 0.8838383838383839, 0.9128787878787878, 0.8952020202020202, 0.8838383838383839, 0.9116161616161617, 0.8888888888888888, 0.8939393939393939, 0.8863636363636364, 0.9116161616161617, 0.8901515151515151, 0.88510101010101, 0.9002525252525253, 0.8964646464646465, 0.9343434343434344, 0.9040404040404041, 0.8901515151515151, 0.8888888888888888, 0.8952020202020202, 0.8737373737373737, 0.8825757575757576, 0.9053030303030303, 0.8977272727272727, 0.8876262626262627, 0.8863636363636364, 0.875, 0.9406565656565656, 0.9217171717171717, 0.8901515151515151, 0.8888888888888888, 0.8775252525252525, 0.8901515151515151, 0.8964646464646465, 0.9002525252525253, 0.9078282828282829, 0.9002525252525253, 0.9015151515151515, 0.9090909090909091, 0.9027777777777778, 0.9053030303030303, 0.898989898989899, 0.9053030303030303, 0.8901515151515151, 0.8737373737373737, 0.8863636363636364, 0.8825757575757576, 0.9128787878787878, 0.8939393939393939, 0.8888888888888888, 0.8787878787878788, 0.9330808080808081, 0.8863636363636364, 0.44823232323232326, 0.0008680555555555555, 0.00390625, 0.0], "avg_mem": [0.0010437637262079064, 0.007149066617862372, 0.009219436310395315, 0.008544564421669107, 0.008681826500732064, 0.009093612737920937, 0.00838442532942899, 0.008247163250366032, 0.008704703513909224, 0.00837298682284041, 0.008407302342606148, 0.008681826500732064, 0.008407302342606148, 0.008601756954612006, 0.008350109809663251, 0.008773334553440702, 0.008533125915080528, 0.008979227672035139, 0.008693265007320644, 0.009345259882869692, 0.008578879941434846, 0.008327232796486091, 0.008739019033674963, 0.009150805270863836, 0.008750457540263544, 0.008784773060029283, 0.0088877196193265, 0.008853404099560761, 0.008704703513909224, 0.008636072474377745, 0.008876281112737921, 0.008853404099560761, 0.008727580527086384, 0.008819088579795022, 0.008670387994143484, 0.008670387994143484, 0.0088877196193265, 0.008761896046852123, 0.008624633967789166, 0.00891059663250366, 0.008601756954612006, 0.00943676793557833, 0.009002104685212299, 0.008693265007320644, 0.008636072474377745, 0.008773334553440702, 0.00893347364568082, 0.008796211566617862, 0.008533125915080528, 0.008716142020497804, 0.0088877196193265, 0.008750457540263544, 0.008739019033674963, 0.00886484260614934, 0.008590318448023425, 0.00892203513909224, 0.009024981698389459, 0.008876281112737921, 0.008807650073206443, 0.008796211566617862, 0.008750457540263544, 0.008544564421669107, 0.008807650073206443, 0.008761896046852123, 0.008636072474377745, 0.008613195461200585, 0.00891059663250366, 0.008830527086383601, 0.008784773060029283, 0.00892203513909224, 0.00899066617862372, 0.008681826500732064, 0.00891059663250366, 0.008819088579795022, 0.008590318448023425, 0.008876281112737921, 0.008807650073206443, 0.00886484260614934, 0.008704703513909224, 0.008636072474377745, 0.008773334553440702, 0.008647510980966324, 0.008704703513909224, 0.0089449121522694, 0.008784773060029283, 0.008807650073206443, 0.008784773060029283, 0.008670387994143484, 0.008727580527086384, 0.00886484260614934, 0.0089449121522694, 0.00891059663250366, 0.008224286237188872, 0.006531387262079063, 8.578879941434847e-05, 7.720991947291362e-05]}