{"time": [520.0, 521.0, 522.0, 523.0, 524.0, 525.0, 526.0, 527.0, 527.0, 527.0, 527.0, 532.0, 533.0, 534.0, 535.0, 536.0, 537.0, 538.0, 539.0, 540.0, 540.0, 541.0, 542.0, 543.0, 544.0, 545.0, 546.0, 547.0, 548.0, 549.0, 550.0, 551.0, 552.0, 553.0, 554.0, 555.0, 556.0, 556.0, 557.0, 558.0, 559.0, 560.0, 561.0, 562.0, 563.0, 564.0, 565.0, 566.0, 567.0, 568.0, 569.0, 570.0, 570.0, 570.0, 570.0, 570.0, 571.0, 571.0, 571.0, 571.0, 574.0, 575.0, 575.0, 575.0, 575.0, 575.0, 575.0, 576.0, 576.0, 576.0, 577.0, 578.0, 579.0, 580.0, 581.0, 582.0, 583.0, 584.0, 585.0, 586.0, 587.0, 588.0, 589.0, 590.0, 591.0, 592.0, 593.0, 594.0, 595.0, 596.0, 597.0, 598.0, 599.0, 600.0, 601.0, 602.0, 603.0, 604.0, 605.0, 606.0, 607.0, 608.0, 609.0, 610.0, 611.0, 612.0, 613.0, 614.0, 615.0, 616.0, 617.0, 618.0, 619.0, 620.0, 621.0, 622.0, 623.0, 624.0, 625.0, 626.0, 627.0, 628.0, 629.0, 630.0, 631.0, 632.0, 633.0, 634.0, 635.0, 636.0, 637.0, 638.0, 639.0, 640.0, 641.0, 642.0, 643.0, 644.0, 645.0, 646.0, 647.0, 648.0, 649.0, 650.0, 651.0, 652.0, 653.0, 653.0, 653.0, 653.0, 667.0, 668.0, 669.0, 669.0, 670.0, 670.0, 670.0, 673.0, 674.0, 675.0, 676.0, 677.0, 678.0, 679.0, 680.0, 681.0, 682.0, 683.0, 684.0, 685.0, 686.0, 687.0, 688.0, 689.0, 690.0, 691.0, 692.0, 693.0, 694.0, 695.0, 696.0, 697.0, 698.0, 699.0, 700.0, 701.0, 702.0, 703.0, 704.0, 705.0, 706.0, 707.0, 707.0, 707.0, 707.0, 709.0, 710.0, 711.0, 712.0, 713.0, 714.0, 715.0, 716.0, 717.0, 718.0, 719.0, 720.0, 721.0, 722.0, 723.0, 724.0, 725.0, 725.0, 726.0, 727.0, 728.0, 729.0, 730.0, 731.0, 732.0, 733.0, 734.0, 735.0, 735.0, 735.0, 735.0], "avg_cpu": [0.051513671875, 0.05157470703125, 0.034423828125, 0.02496337890625, 0.0555419921875, 0.01470947265625, 0.000377655029296875, 0.0058135986328125, 0.0001811981201171875, 0.0002002716064453125, 0.0001316070556640625, 0.44554455445544555, 0.7252475247524752, 0.6724422442244224, 0.6575907590759076, 0.6757425742574258, 0.698019801980198, 0.6617161716171617, 0.6674917491749175, 0.6732673267326733, 0.6691419141914191, 0.6551155115511551, 0.5973597359735974, 0.6278877887788779, 0.5742574257425742, 0.5668316831683168, 0.5618811881188119, 0.5742574257425742, 0.6064356435643564, 0.5651815181518152, 0.556930693069307, 0.6047854785478548, 0.5841584158415841, 0.5783828382838284, 0.58003300330033, 0.5965346534653465, 0.599009900990099, 0.6039603960396039, 0.5965346534653465, 0.5874587458745875, 0.5767326732673267, 0.6031353135313532, 0.5858085808580858, 0.5981848184818482, 0.5965346534653465, 0.5676567656765676, 0.5858085808580858, 0.523102310231023, 0.5726072607260726, 0.608085808580858, 0.518976897689769, 0.5833333333333334, 0.4892739273927393, 0.013742780528052806, 0.0, 0.10089531680440772, 0.8292011019283747, 0.7575757575757576, 0.06714876033057851, 0.0, 0.5771484375, 0.4990234375, 0.4912109375, 0.0, 0.0, 0.45556640625, 0.5087890625, 0.48388671875, 0.196044921875, 0.0, 0.551980198019802, 0.5965346534653465, 0.5701320132013201, 0.5907590759075908, 0.5742574257425742, 0.6089108910891089, 0.5693069306930693, 0.5453795379537953, 0.5602310231023102, 0.5552805280528053, 0.5948844884488449, 0.5907590759075908, 0.6188118811881188, 0.6237623762376238, 0.6394389438943895, 0.6320132013201321, 0.6402640264026402, 0.5924092409240924, 0.5684818481848185, 0.5858085808580858, 0.5882838283828383, 0.6056105610561056, 0.6064356435643564, 0.6105610561056105, 0.6518151815181518, 0.6344884488448845, 0.613036303630363, 0.5882838283828383, 0.5759075907590759, 0.6006600660066007, 0.6452145214521452, 0.6377887788778878, 0.6377887788778878, 0.6311881188118812, 0.6427392739273927, 0.6287128712871287, 0.6377887788778878, 0.6179867986798679, 0.6171617161716172, 0.6171617161716172, 0.6237623762376238, 0.6262376237623762, 0.6303630363036303, 0.6179867986798679, 0.6122112211221122, 0.599009900990099, 0.5924092409240924, 0.6196369636963697, 0.6196369636963697, 0.6097359735973598, 0.6204620462046204, 0.6270627062706271, 0.6163366336633663, 0.6138613861386139, 0.6254125412541254, 0.5858085808580858, 0.5932343234323433, 0.5957095709570958, 0.6056105610561056, 0.6122112211221122, 0.613036303630363, 0.613036303630363, 0.5866336633663366, 0.5973597359735974, 0.6023102310231023, 0.6171617161716172, 0.6023102310231023, 0.613036303630363, 0.5998349834983498, 0.6435643564356436, 0.683993399339934, 0.6740924092409241, 0.6196369636963697, 0.5981848184818482, 0.6023102310231023, 0.6031353135313532, 0.6105610561056105, 0.6237623762376238, 0.0, 0.0, 0.07039205702647658, 0.18228105906313646, 0.20952138492871691, 0.17387983706720977, 0.21308553971486763, 0.00016309190427698573, 9.9446283095723e-07, 0.6608910891089109, 0.6633663366336634, 0.6410891089108911, 0.6344884488448845, 0.6146864686468647, 0.6047854785478548, 0.6113861386138614, 0.6204620462046204, 0.613036303630363, 0.6386138613861386, 0.6295379537953796, 0.6212871287128713, 0.6014851485148515, 0.6386138613861386, 0.6377887788778878, 0.6798679867986799, 0.6452145214521452, 0.6633663366336634, 0.6608910891089109, 0.6567656765676567, 0.6732673267326733, 0.6666666666666666, 0.6872937293729373, 0.7103960396039604, 0.6914191419141914, 0.6468646864686468, 0.6460396039603961, 0.599009900990099, 0.6361386138613861, 0.6716171617161716, 0.679042904290429, 0.6798679867986799, 0.6600660066006601, 0.6328382838283828, 0.6485148514851485, 0.6633663366336634, 0.0, 0.0, 0.41295379537953797, 0.6254125412541254, 0.6237623762376238, 0.6328382838283828, 0.6526402640264026, 0.6584158415841584, 0.6311881188118812, 0.5948844884488449, 0.6361386138613861, 0.518976897689769, 0.6361386138613861, 0.528052805280528, 0.584983498349835, 0.5882838283828383, 0.5420792079207921, 0.6501650165016502, 0.5891089108910891, 0.5627062706270627, 0.6138613861386139, 0.6567656765676567, 0.5816831683168316, 0.6575907590759076, 0.6410891089108911, 0.6427392739273927, 0.6262376237623762, 0.6683168316831684, 0.41872937293729373, 0.00045282848597359736, 0.0010845322813531353, 0.0036870874587458745, 0.0],