{"time": [524.0, 525.0, 526.0, 527.0, 527.0, 527.0, 527.0, 529.0, 530.0, 530.0, 530.0, 531.0, 531.0, 532.0, 533.0, 534.0, 535.0, 536.0, 537.0, 538.0, 539.0, 540.0, 540.0, 541.0, 542.0, 543.0, 544.0, 545.0, 546.0, 547.0, 548.0, 549.0, 550.0, 551.0, 552.0, 553.0, 554.0, 555.0, 556.0, 556.0, 557.0, 558.0, 559.0, 560.0, 561.0, 562.0, 563.0, 564.0, 565.0, 566.0, 567.0, 568.0, 569.0, 570.0, 571.0, 571.0, 572.0, 572.0, 572.0, 575.0, 576.0, 577.0, 578.0, 579.0, 580.0, 581.0, 582.0, 583.0, 584.0, 585.0, 586.0, 587.0, 588.0, 589.0, 590.0, 591.0, 592.0, 593.0, 594.0, 595.0, 596.0, 597.0, 598.0, 599.0, 600.0, 601.0, 602.0, 603.0, 604.0, 605.0, 606.0, 607.0, 608.0, 609.0, 610.0, 611.0, 612.0, 613.0, 614.0, 615.0, 616.0, 617.0, 618.0, 619.0, 620.0, 621.0, 622.0, 623.0, 624.0, 625.0, 626.0, 627.0, 628.0, 629.0, 630.0, 631.0, 632.0, 633.0, 634.0, 635.0, 636.0, 637.0, 638.0, 639.0, 640.0, 641.0, 642.0, 643.0, 644.0, 645.0, 646.0, 647.0, 648.0, 649.0, 650.0, 651.0, 652.0, 653.0, 653.0, 653.0, 653.0], "avg_cpu": [0.062241735537190084, 0.01381714876033058, 0.00033628185261707987, 0.000357803891184573, 0.0008877840909090909, 0.0008783681990358127, 0.0, 0.35330578512396693, 0.40082644628099173, 0.47451790633608815, 0.4662534435261708, 0.45523415977961434, 0.4428374655647383, 0.4331955922865014, 0.4490358126721763, 0.49242424242424243, 0.4765840220385675, 0.5, 0.48415977961432505, 0.5068870523415978, 0.4931129476584022, 0.5172176308539945, 0.44490358126721763, 0.4793388429752066, 0.4765840220385675, 0.44490358126721763, 0.4951790633608815, 0.4931129476584022, 0.4573002754820937, 0.46831955922865015, 0.4690082644628099, 0.4731404958677686, 0.46763085399449034, 0.44421487603305787, 0.5130853994490359, 0.4834710743801653, 0.47796143250688705, 0.45454545454545453, 0.4380165289256198, 0.5289256198347108, 0.4428374655647383, 0.4573002754820937, 0.4724517906336088, 0.4758953168044077, 0.4462809917355372, 0.48278236914600553, 0.4497245179063361, 0.44834710743801653, 0.44352617079889806, 0.46005509641873277, 0.4634986225895317, 0.4380165289256198, 0.43870523415977963, 0.4366391184573003, 0.47107438016528924, 0.6039944903581267, 0.587465564738292, 0.00026633522727272725, 0.0, 0.35973597359735976, 0.5973597359735974, 0.5305280528052805, 0.5635313531353136, 0.6212871287128713, 0.5726072607260726, 0.6468646864686468, 0.5998349834983498, 0.5635313531353136, 0.5412541254125413, 0.5759075907590759, 0.5561056105610561, 0.5396039603960396, 0.5808580858085809, 0.5305280528052805, 0.6410891089108911, 0.6237623762376238, 0.6303630363036303, 0.6526402640264026, 0.6542904290429042, 0.6377887788778878, 0.6460396039603961, 0.6023102310231023, 0.6229372937293729, 0.6542904290429042, 0.6740924092409241, 0.6567656765676567, 0.5907590759075908, 0.6262376237623762, 0.5899339933993399, 0.5717821782178217, 0.551980198019802, 0.5973597359735974, 0.5816831683168316, 0.5429042904290429, 0.5948844884488449, 0.5536303630363036, 0.5767326732673267, 0.5948844884488449, 0.6171617161716172, 0.6410891089108911, 0.5808580858085809, 0.5899339933993399, 0.6089108910891089, 0.6386138613861386, 0.6303630363036303, 0.5693069306930693, 0.6237623762376238, 0.5981848184818482, 0.655940594059406, 0.6361386138613861, 0.6163366336633663, 0.6328382838283828, 0.6386138613861386, 0.6212871287128713, 0.6262376237623762, 0.613036303630363, 0.6146864686468647, 0.6567656765676567, 0.6344884488448845, 0.641914191419142, 0.636963696369637, 0.5858085808580858, 0.5841584158415841, 0.5915841584158416, 0.5915841584158416, 0.6344884488448845, 0.6328382838283828, 0.5915841584158416, 0.6311881188118812, 0.5891089108910891, 0.5783828382838284, 0.6023102310231023, 0.5891089108910891, 0.6303630363036303, 0.6179867986798679, 0.5643564356435643, 0.6410891089108911, 0.6633663366336634, 0.6724422442244224, 0.056002475247524754, 0.0], "avg_mem": [0.003860495973645681, 0.002625137262079063, 0.0021104044655929723, 0.002107544838945827, 0.0021046852122986823, 0.0021046852122986823, 0.00014870058565153734, 0.027086383601756955, 0.04598279648609078, 0.04369509516837482, 0.0414989019033675, 0.04250549048316252, 0.040904099560761346, 0.04191068814055637, 0.041315885797950216, 0.04168191800878477, 0.04351207906295754, 0.042642752562225474, 0.04287152269399707, 0.042917276720351394, 0.042322474377745244, 0.04419838945827233, 0.043146046852122984, 0.04241398243045388, 0.04319180087847731, 0.04328330893118595, 0.04163616398243045, 0.044838945827232794, 0.04259699853587116, 0.04319180087847731, 0.04209370424597365, 0.04163616398243045, 0.04305453879941435, 0.04250549048316252, 0.043329062957540264, 0.04117862371888726, 0.04191068814055637, 0.04328330893118595, 0.04200219619326501, 0.04117862371888726, 0.04213945827232796, 0.04213945827232796, 0.04168191800878477, 0.04337481698389458, 0.04328330893118595, 0.04168191800878477, 0.04259699853587116, 0.0412701317715959, 0.04278001464128843, 0.040995607613469986, 0.04209370424597365, 0.04355783308931186, 0.04227672035139092, 0.04186493411420205, 0.04136163982430454, 0.044244143484626644, 0.044015373352855054, 0.0007406433016105417, 0.00035459370424597366, 0.03756405563689605, 0.08867130307467057, 0.09105051244509517, 0.08574304538799414, 0.08629209370424597, 0.08739019033674963, 0.08766471449487555, 0.08620058565153733, 0.08528550512445095, 0.08793923865300146, 0.08647510980966325, 0.08437042459736457, 0.08409590043923865, 0.0837298682284041, 0.08565153733528551, 0.08189970717423133, 0.07293191800878478, 0.08711566617862372, 0.08748169838945827, 0.08949487554904832, 0.08647510980966325, 0.08427891654465593, 0.08308931185944363, 0.08464494875549049, 0.08638360175695461, 0.08592606149341142, 0.08482796486090775, 0.08308931185944363, 0.08400439238653001, 0.08446193265007321, 0.08757320644216691, 0.08391288433382138, 0.08501098096632503, 0.08848828696925329, 0.08592606149341142, 0.08391288433382138, 0.08665812591508053, 0.08601756954612005, 0.08674963396778916, 0.08647510980966325, 0.08702415812591507, 0.08748169838945827, 0.087298682284041, 0.08803074670571011, 0.08638360175695461, 0.08702415812591507, 0.08391288433382138, 0.08546852122986823, 0.09132503660322108, 0.08739019033674963, 0.08949487554904832, 0.09251464128843338, 0.08592606149341142, 0.08702415812591507, 0.08940336749633968, 0.09370424597364568, 0.08931185944363104, 0.0865666178623719, 0.08848828696925329, 0.08885431918008785, 0.08967789165446559, 0.09022693997071743, 0.08812225475841874, 0.08839677891654465, 0.08839677891654465, 0.09178257686676428, 0.08601756954612005, 0.08793923865300146, 0.09150805270863836, 0.09068448023426061, 0.0861090775988287, 0.08583455344070279, 0.08976939970717424, 0.09205710102489019, 0.0935212298682284, 0.0849194729136164, 0.0892203513909224, 0.08912884333821376, 0.08427891654465593, 0.08830527086383602, 0.0009779923133235724, 0.0005833638360175696]}