{"time": [1718.0, 1719.0, 1719.0, 1719.0, 1719.0, 1719.0, 1720.0, 1720.0, 1721.0, 1722.0, 1723.0, 1723.0, 1724.0, 1724.0, 1725.0, 1726.0, 1727.0, 1728.0, 1728.0, 1729.0, 1730.0, 1731.0, 1732.0, 1733.0, 1733.0, 1734.0, 1735.0, 1736.0, 1737.0, 1738.0, 1739.0, 1739.0, 1740.0, 1741.0, 1742.0, 1743.0, 1744.0, 1745.0, 1746.0, 1747.0, 1748.0, 1749.0, 1750.0, 1751.0, 1752.0, 1753.0, 1754.0, 1755.0, 1756.0, 1757.0, 1758.0, 1759.0, 1760.0, 1761.0, 1762.0, 1763.0, 1764.0, 1765.0, 1766.0, 1767.0, 1768.0, 1769.0, 1770.0, 1771.0, 1772.0, 1773.0, 1774.0, 1775.0, 1776.0, 1777.0, 1778.0, 1779.0, 1780.0, 1781.0, 1782.0, 1783.0, 1784.0, 1785.0, 1786.0, 1787.0, 1788.0, 1789.0, 1790.0, 1791.0, 1792.0, 1793.0, 1794.0, 1795.0, 1796.0, 1797.0, 1798.0, 1799.0, 1800.0, 1800.0, 1800.0, 1800.0], "avg_cpu": [0.08415841584158416, 0.18502475247524752, 0.19801980198019803, 0.23927392739273928, 0.3015676567656766, 0.2396864686468647, 0.2334983498349835, 0.3465346534653465, 0.2739273927392739, 0.2677392739273927, 0.37706270627062705, 0.4034653465346535, 0.44636963696369636, 0.37912541254125415, 0.4014026402640264, 0.40305280528052806, 0.40222772277227725, 0.46947194719471946, 0.5313531353135313, 0.5074257425742574, 0.5033003300330033, 0.4892739273927393, 0.5041254125412541, 0.485973597359736, 0.551980198019802, 0.5288778877887789, 0.5610561056105611, 0.5379537953795379, 0.5379537953795379, 0.5379537953795379, 0.594059405940594, 0.5750825082508251, 0.5866336633663366, 0.5816831683168316, 0.5750825082508251, 0.5825082508250825, 0.5808580858085809, 0.5775577557755776, 0.5981848184818482, 0.58003300330033, 0.5759075907590759, 0.5734323432343235, 0.5825082508250825, 0.5792079207920792, 0.5750825082508251, 0.5899339933993399, 0.5808580858085809, 0.5750825082508251, 0.5833333333333334, 0.5792079207920792, 0.5816831683168316, 0.5858085808580858, 0.5792079207920792, 0.5783828382838284, 0.5693069306930693, 0.5783828382838284, 0.5684818481848185, 0.584983498349835, 0.5668316831683168, 0.5767326732673267, 0.5742574257425742, 0.5882838283828383, 0.5742574257425742, 0.5643564356435643, 0.5866336633663366, 0.5767326732673267, 0.5775577557755776, 0.570957095709571, 0.5676567656765676, 0.5792079207920792, 0.58003300330033, 0.5676567656765676, 0.5775577557755776, 0.5734323432343235, 0.5808580858085809, 0.5825082508250825, 0.6179867986798679, 0.5726072607260726, 0.5882838283828383, 0.5792079207920792, 0.5858085808580858, 0.5742574257425742, 0.5594059405940595, 0.5882838283828383, 0.5907590759075908, 0.5792079207920792, 0.5965346534653465, 0.5783828382838284, 0.5676567656765676, 0.5816831683168316, 0.5899339933993399, 0.5833333333333334, 0.2916666666666667, 0.0013020833333333333, 0.00043349061468646863, 0.000496338696369637], "avg_mem": [0.006840226939970717, 0.009276628843338214, 0.009219436310395315, 0.00844161786237189, 0.008784773060029283, 0.008464494875549048, 0.008739019033674963, 0.008693265007320644, 0.008727580527086384, 0.008853404099560761, 0.008761896046852123, 0.008807650073206443, 0.008601756954612006, 0.008658949487554905, 0.008773334553440702, 0.008533125915080528, 0.008613195461200585, 0.008807650073206443, 0.008739019033674963, 0.00893347364568082, 0.008899158125915081, 0.008773334553440702, 0.008761896046852123, 0.00891059663250366, 0.009105051244509516, 0.00893347364568082, 0.0089449121522694, 0.008647510980966324, 0.008761896046852123, 0.008704703513909224, 0.009368136896046852, 0.008727580527086384, 0.008807650073206443, 0.009127928257686676, 0.008784773060029283, 0.0088877196193265, 0.008727580527086384, 0.008956350658857979, 0.00891059663250366, 0.009333821376281113, 0.008807650073206443, 0.008841965592972182, 0.008830527086383601, 0.008876281112737921, 0.008979227672035139, 0.00891059663250366, 0.008979227672035139, 0.008876281112737921, 0.009139366764275255, 0.008796211566617862, 0.008750457540263544, 0.008899158125915081, 0.008704703513909224, 0.008681826500732064, 0.008750457540263544, 0.008784773060029283, 0.008739019033674963, 0.008716142020497804, 0.0089449121522694, 0.008704703513909224, 0.008899158125915081, 0.008704703513909224, 0.008876281112737921, 0.008796211566617862, 0.0089449121522694, 0.009070735724743777, 0.008681826500732064, 0.008761896046852123, 0.00899066617862372, 0.008773334553440702, 0.008647510980966324, 0.00893347364568082, 0.008761896046852123, 0.008784773060029283, 0.009093612737920937, 0.00891059663250366, 0.008716142020497804, 0.008899158125915081, 0.0089449121522694, 0.009002104685212299, 0.00953971449487555, 0.00893347364568082, 0.009059297218155198, 0.008807650073206443, 0.00891059663250366, 0.00899066617862372, 0.008761896046852123, 0.00892203513909224, 0.008841965592972182, 0.008716142020497804, 0.0089449121522694, 0.009082174231332358, 0.008212847730600293, 0.007023243045387994, 0.007023243045387994, 6.577141288433382e-05]}