{"time": [1718.0, 1719.0, 1719.0, 1719.0, 1719.0, 1719.0, 1720.0, 1720.0, 1721.0, 1722.0, 1723.0, 1723.0, 1724.0, 1725.0, 1726.0, 1726.0, 1727.0, 1728.0, 1728.0, 1729.0, 1730.0, 1731.0, 1731.0, 1732.0, 1733.0, 1734.0, 1735.0, 1736.0, 1737.0, 1738.0, 1738.0, 1739.0, 1740.0, 1741.0, 1742.0, 1743.0, 1744.0, 1745.0, 1746.0, 1747.0, 1748.0, 1749.0, 1750.0, 1751.0, 1752.0, 1753.0, 1754.0, 1755.0, 1756.0, 1757.0, 1758.0, 1759.0, 1760.0, 1761.0, 1762.0, 1763.0, 1764.0, 1765.0, 1766.0, 1767.0, 1768.0, 1769.0, 1770.0, 1771.0, 1772.0, 1773.0, 1774.0, 1775.0, 1776.0, 1777.0, 1778.0, 1779.0, 1780.0, 1781.0, 1782.0, 1783.0, 1784.0, 1785.0, 1786.0, 1787.0, 1788.0, 1789.0, 1790.0, 1791.0, 1792.0, 1793.0, 1794.0, 1795.0, 1796.0, 1797.0, 1798.0, 1799.0, 1800.0, 1800.0, 1800.0], "avg_cpu": [0.002765315594059406, 0.09663778877887788, 0.1971947194719472, 0.28135313531353134, 0.23844884488448845, 0.29042904290429045, 0.23226072607260725, 0.2933168316831683, 0.28465346534653463, 0.2623762376237624, 0.28465346534653463, 0.40222772277227725, 0.3956270627062706, 0.367986798679868, 0.40594059405940597, 0.4405940594059406, 0.4381188118811881, 0.46534653465346537, 0.528052805280528, 0.5024752475247525, 0.5379537953795379, 0.5387788778877888, 0.5321782178217822, 0.5552805280528053, 0.5247524752475248, 0.514026402640264, 0.518976897689769, 0.5272277227722773, 0.5247524752475248, 0.5288778877887789, 0.5717821782178217, 0.5684818481848185, 0.5627062706270627, 0.5783828382838284, 0.5767326732673267, 0.5750825082508251, 0.5742574257425742, 0.5948844884488449, 0.6229372937293729, 0.5907590759075908, 0.5899339933993399, 0.5899339933993399, 0.5783828382838284, 0.5585808580858086, 0.5693069306930693, 0.5783828382838284, 0.5577557755775577, 0.5734323432343235, 0.5305280528052805, 0.5462046204620462, 0.5924092409240924, 0.6039603960396039, 0.5717821782178217, 0.5726072607260726, 0.5783828382838284, 0.5693069306930693, 0.5767326732673267, 0.5684818481848185, 0.5495049504950495, 0.5693069306930693, 0.5882838283828383, 0.5775577557755776, 0.5899339933993399, 0.5816831683168316, 0.5808580858085809, 0.5734323432343235, 0.5783828382838284, 0.5825082508250825, 0.5767326732673267, 0.5783828382838284, 0.5726072607260726, 0.5701320132013201, 0.5701320132013201, 0.5717821782178217, 0.5668316831683168, 0.5965346534653465, 0.5825082508250825, 0.5734323432343235, 0.5759075907590759, 0.58003300330033, 0.5635313531353136, 0.5759075907590759, 0.5759075907590759, 0.58003300330033, 0.5759075907590759, 0.6295379537953796, 0.5891089108910891, 0.570957095709571, 0.5734323432343235, 0.5585808580858086, 0.5684818481848185, 0.5759075907590759, 0.2747524752475248, 0.006072091584158416, 0.0], "avg_mem": [0.003791864934114202, 0.008109901171303075, 0.009905746705710103, 0.009356698389458273, 0.008807650073206443, 0.00836154831625183, 0.008613195461200585, 0.008716142020497804, 0.008819088579795022, 0.008716142020497804, 0.00844161786237189, 0.008841965592972182, 0.0088877196193265, 0.008716142020497804, 0.008693265007320644, 0.008956350658857979, 0.008567441434846267, 0.008636072474377745, 0.008670387994143484, 0.008510248901903368, 0.008693265007320644, 0.008796211566617862, 0.008807650073206443, 0.009368136896046852, 0.008841965592972182, 0.008704703513909224, 0.009013543191800878, 0.008647510980966324, 0.008716142020497804, 0.008658949487554905, 0.0088877196193265, 0.008819088579795022, 0.009013543191800878, 0.008704703513909224, 0.008750457540263544, 0.008876281112737921, 0.008750457540263544, 0.008979227672035139, 0.008739019033674963, 0.008819088579795022, 0.008784773060029283, 0.008807650073206443, 0.008853404099560761, 0.0088877196193265, 0.008773334553440702, 0.008750457540263544, 0.00886484260614934, 0.00893347364568082, 0.008739019033674963, 0.008979227672035139, 0.008773334553440702, 0.008727580527086384, 0.008841965592972182, 0.00886484260614934, 0.008899158125915081, 0.008784773060029283, 0.008841965592972182, 0.0088877196193265, 0.008739019033674963, 0.008876281112737921, 0.00896778916544656, 0.008739019033674963, 0.008739019033674963, 0.008784773060029283, 0.008956350658857979, 0.008796211566617862, 0.008899158125915081, 0.0088877196193265, 0.008830527086383601, 0.008979227672035139, 0.00886484260614934, 0.008876281112737921, 0.008819088579795022, 0.008819088579795022, 0.009333821376281113, 0.009105051244509516, 0.00943676793557833, 0.008670387994143484, 0.008841965592972182, 0.00891059663250366, 0.009002104685212299, 0.00899066617862372, 0.008819088579795022, 0.0089449121522694, 0.00892203513909224, 0.009002104685212299, 0.0088877196193265, 0.008750457540263544, 0.008876281112737921, 0.008841965592972182, 0.009036420204978038, 0.008807650073206443, 0.007949762079062957, 0.007297767203513909, 7.720991947291362e-05]}