{"time": [597.0, 598.0, 599.0, 600.0, 601.0, 602.0, 603.0, 604.0, 605.0, 605.0, 606.0, 606.0, 606.0, 608.0, 608.0, 609.0, 610.0, 611.0, 612.0, 613.0, 613.0, 614.0, 614.0, 614.0, 615.0, 615.0, 615.0, 615.0, 626.0, 627.0, 628.0, 628.0, 628.0, 628.0, 633.0, 634.0, 635.0, 636.0, 637.0, 638.0, 639.0, 640.0, 641.0, 642.0, 643.0, 644.0, 645.0, 646.0, 647.0, 648.0, 649.0, 650.0, 651.0, 652.0, 653.0, 654.0, 655.0, 656.0, 657.0, 658.0, 659.0, 660.0, 661.0, 662.0, 663.0, 664.0, 665.0, 666.0, 667.0, 668.0, 669.0, 670.0, 671.0, 672.0, 673.0, 674.0, 675.0, 676.0, 677.0, 678.0, 679.0, 680.0, 681.0, 682.0, 683.0, 684.0, 685.0, 686.0, 687.0, 688.0, 689.0, 690.0, 691.0, 692.0, 693.0, 694.0, 695.0, 696.0, 697.0, 698.0, 699.0, 700.0, 701.0, 702.0, 703.0, 704.0, 705.0, 706.0, 707.0, 707.0, 707.0, 707.0], "avg_cpu": [0.00287628173828125, 0.35400390625, 0.29736328125, 0.32861328125, 0.29638671875, 0.322265625, 0.24072265625, 0.37841796875, 0.482421875, 0.6376953125, 0.6474609375, 6.961822509765625e-05, 0.0, 0.0, 0.3243380855397149, 0.3436863543788187, 0.3543788187372709, 0.3574338085539715, 0.34317718940936864, 0.365071283095723, 0.3645621181262729, 0.3956211812627291, 0.00030231670061099794, 0.0, 0.314453125, 0.31689453125, 0.2314453125, 0.0, 0.2939453125, 0.34619140625, 0.341796875, 0.2900390625, 0.0, 0.0, 0.6361386138613861, 0.8242574257425742, 0.613036303630363, 0.679042904290429, 0.6551155115511551, 0.6542904290429042, 0.6443894389438944, 0.6344884488448845, 0.6567656765676567, 0.6641914191419142, 0.6427392739273927, 0.6179867986798679, 0.6501650165016502, 0.6526402640264026, 0.6394389438943895, 0.6146864686468647, 0.6212871287128713, 0.6105610561056105, 0.6072607260726073, 0.5693069306930693, 0.7260726072607261, 0.8259075907590759, 0.6542904290429042, 0.613036303630363, 0.6394389438943895, 0.6031353135313532, 0.6229372937293729, 0.5676567656765676, 0.6188118811881188, 0.6658415841584159, 0.6443894389438944, 0.584983498349835, 0.6262376237623762, 0.6221122112211221, 0.570957095709571, 0.5899339933993399, 0.5907590759075908, 0.6427392739273927, 0.5948844884488449, 0.6122112211221122, 0.6023102310231023, 0.5816831683168316, 0.5957095709570958, 0.6410891089108911, 0.6146864686468647, 0.6270627062706271, 0.6683168316831684, 0.6353135313531353, 0.6089108910891089, 0.641914191419142, 0.6089108910891089, 0.6097359735973598, 0.6031353135313532, 0.5891089108910891, 0.5684818481848185, 0.613036303630363, 0.641914191419142, 0.5981848184818482, 0.5981848184818482, 0.5478547854785478, 0.5734323432343235, 0.5594059405940595, 0.5734323432343235, 0.5874587458745875, 0.6485148514851485, 0.6897689768976898, 0.5734323432343235, 0.584983498349835, 0.6204620462046204, 0.6336633663366337, 0.6452145214521452, 0.6237623762376238, 0.6567656765676567, 0.6427392739273927, 0.6122112211221122, 0.5742574257425742, 0.017197813531353134, 0.0], "avg_mem": [0.0014667510986328125, 0.0141754150390625, 0.0134124755859375, 0.014129638671875, 0.0134735107421875, 0.0130462646484375, 0.0135040283203125, 0.013519287109375, 0.014678955078125, 0.014495849609375, 0.013641357421875, 0.00042629241943359375, 0.00048065185546875, 0.000164031982421875, 0.028472900390625, 0.02764892578125, 0.028045654296875, 0.02862548828125, 0.029144287109375, 0.029266357421875, 0.029052734375, 0.027099609375, 0.00043487548828125, 0.00019073486328125, 0.027740478515625, 0.029144287109375, 0.0007572174072265625, 0.0002613067626953125, 0.02606201171875, 0.028656005859375, 0.030059814453125, 0.028961181640625, 0.0003757476806640625, 0.0002288818359375, 0.030426427525622256, 0.04849926793557833, 0.043420571010248904, 0.045342240117130304, 0.046120058565153735, 0.04406112737920937, 0.043329062957540264, 0.043329062957540264, 0.04479319180087848, 0.04296303074670571, 0.0446101756954612, 0.04406112737920937, 0.04410688140556369, 0.044930453879941434, 0.0424597364568082, 0.04278001464128843, 0.04465592972181552, 0.045937042459736455, 0.045342240117130304, 0.04328330893118595, 0.04428989751098097, 0.04470168374816984, 0.04337481698389458, 0.04387811127379209, 0.04465592972181552, 0.04547950219619327, 0.04396961932650073, 0.044930453879941434, 0.04465592972181552, 0.044427159590043924, 0.045342240117130304, 0.04310029282576867, 0.04488469985358712, 0.04479319180087848, 0.039897510980966326, 0.044930453879941434, 0.04351207906295754, 0.04305453879941435, 0.04419838945827233, 0.04474743777452416, 0.04305453879941435, 0.04547950219619327, 0.04415263543191801, 0.04419838945827233, 0.04456442166910688, 0.04236822840409956, 0.042230966325036604, 0.04378660322108346, 0.04310029282576867, 0.04360358711566618, 0.04346632503660322, 0.043923865300146414, 0.04337481698389458, 0.04488469985358712, 0.04300878477306003, 0.04506771595900439, 0.043329062957540264, 0.0424597364568082, 0.044427159590043924, 0.0436493411420205, 0.0424597364568082, 0.04355783308931186, 0.04236822840409956, 0.04387811127379209, 0.04351207906295754, 0.04305453879941435, 0.042322474377745244, 0.0412701317715959, 0.04278001464128843, 0.04287152269399707, 0.04053806734992679, 0.04351207906295754, 0.039897510980966326, 0.045113469985358715, 0.039211200585651536, 0.0446101756954612, 0.0015870927891654465, 0.0006891700219619326]}