{"time": [3466.0, 3467.0, 3468.0, 3469.0, 3470.0, 3471.0, 3472.0, 3473.0, 3474.0, 3475.0, 3476.0, 3477.0, 3478.0, 3478.0, 3479.0, 3480.0, 3481.0, 3482.0, 3483.0, 3484.0, 3485.0, 3486.0, 3487.0, 3488.0, 3489.0, 3490.0, 3491.0, 3492.0, 3493.0, 3494.0, 3495.0, 3496.0, 3497.0, 3498.0, 3499.0, 3500.0, 3501.0, 3502.0, 3502.0, 3503.0, 3504.0, 3505.0, 3506.0, 3507.0, 3507.0, 3508.0, 3509.0, 3510.0, 3511.0, 3512.0, 3513.0, 3514.0, 3515.0, 3516.0, 3517.0, 3518.0, 3519.0, 3520.0, 3521.0, 3522.0, 3523.0, 3524.0, 3525.0, 3526.0, 3527.0, 3528.0, 3529.0, 3530.0, 3531.0, 3532.0, 3533.0, 3534.0, 3535.0, 3536.0, 3537.0, 3538.0, 3539.0, 3540.0, 3541.0, 3542.0, 3542.0, 3543.0, 3544.0, 3545.0, 3546.0, 3547.0, 3548.0, 3549.0, 3550.0, 3550.0, 3551.0, 3552.0, 3553.0, 3554.0, 3555.0, 3556.0, 3557.0, 3558.0, 3559.0, 3560.0, 3561.0, 3562.0, 3563.0, 3564.0, 3565.0, 3566.0, 3567.0, 3568.0, 3569.0, 3570.0, 3571.0, 3572.0, 3573.0, 3574.0, 3575.0, 3576.0, 3577.0, 3577.0, 3578.0, 3579.0, 3580.0, 3580.0, 3581.0, 3582.0, 3583.0, 3584.0, 3585.0, 3586.0, 3587.0, 3588.0, 3589.0, 3590.0, 3591.0, 3592.0, 3593.0, 3594.0, 3595.0, 3596.0, 3597.0, 3598.0, 3599.0, 3600.0, 3601.0, 3602.0, 3603.0, 3604.0, 3605.0, 3606.0, 3607.0, 3608.0, 3609.0, 3610.0, 3611.0, 3612.0, 3613.0, 3614.0, 3615.0, 3616.0, 3617.0, 3618.0, 3619.0, 3620.0, 3621.0, 3622.0, 3623.0, 3624.0, 3625.0, 3626.0, 3627.0, 3628.0, 3629.0, 3630.0, 3631.0, 3632.0, 3633.0, 3634.0, 3635.0, 3636.0, 3637.0, 3638.0, 3639.0, 3640.0, 3641.0, 3642.0, 3643.0, 3644.0, 3645.0, 3646.0, 3647.0, 3648.0, 3649.0, 3650.0, 3651.0, 3652.0, 3653.0, 3654.0, 3655.0, 3656.0, 3657.0, 3658.0, 3659.0, 3660.0, 3661.0, 3662.0, 3663.0, 3664.0, 3665.0, 3666.0, 3667.0, 3669.0, 3670.0, 3671.0, 3672.0, 3673.0, 3674.0, 3675.0, 3676.0, 3677.0, 3678.0, 3679.0, 3680.0, 3681.0, 3682.0, 3683.0, 3684.0, 3685.0, 3686.0, 3687.0, 3688.0, 3689.0, 3690.0, 3691.0, 3692.0, 3693.0, 3694.0, 3695.0, 3696.0, 3697.0, 3698.0, 3699.0, 3700.0, 3701.0, 3702.0, 3703.0, 3704.0, 3705.0, 3706.0, 3707.0, 3708.0, 3709.0, 3710.0, 3711.0, 3712.0, 3713.0, 3714.0, 3715.0, 3716.0, 3717.0, 3718.0, 3719.0, 3720.0, 3721.0, 3722.0, 3723.0, 3724.0, 3725.0, 3726.0, 3727.0, 3728.0, 3729.0, 3730.0, 3731.0, 3732.0, 3733.0, 3734.0, 3735.0, 3736.0, 3737.0, 3738.0, 3739.0, 3740.0, 3741.0, 3742.0, 3743.0, 3744.0, 3745.0, 3746.0, 3747.0, 3748.0, 3749.0, 3750.0, 3751.0, 3752.0, 3753.0, 3754.0, 3755.0, 3756.0, 3757.0, 3758.0, 3759.0, 3760.0, 3760.0], "avg_cpu": [0.0014123837809917356, 0.03934228650137741, 0.359504132231405, 0.4965564738292011, 0.5151515151515151, 0.5915977961432507, 0.5792011019283747, 0.5840220385674931, 0.5984848484848485, 0.6019283746556474, 0.7865013774104683, 0.581267217630854, 0.36707988980716255, 0.7451790633608816, 0.5578512396694215, 0.5420110192837465, 0.550275482093664, 0.5482093663911846, 0.571625344352617, 0.5440771349862259, 0.5902203856749312, 0.5358126721763086, 0.5977961432506887, 0.5681818181818182, 0.5557851239669421, 0.5571625344352618, 0.6060606060606061, 0.5853994490358126, 0.5730027548209367, 0.5785123966942148, 0.5792011019283747, 0.5888429752066116, 0.5888429752066116, 0.5654269972451791, 0.5640495867768595, 0.6026170798898072, 0.5950413223140496, 0.6542699724517906, 0.7851239669421488, 0.6157024793388429, 0.7493112947658402, 0.6356749311294766, 0.6198347107438017, 0.5179063360881543, 0.5943526170798898, 0.6935261707988981, 0.5867768595041323, 0.5771349862258953, 0.6019283746556474, 0.5840220385674931, 0.6301652892561983, 0.7961432506887053, 0.5915977961432507, 0.6632231404958677, 0.5991735537190083, 0.6081267217630854, 0.6887052341597796, 0.5964187327823691, 0.65633608815427, 0.5971074380165289, 0.6287878787878788, 0.6026170798898072, 0.5764462809917356, 0.5826446280991735, 0.5440771349862259, 0.5013774104683195, 0.46143250688705234, 0.5378787878787878, 0.5365013774104683, 0.5289256198347108, 0.5351239669421488, 0.4724517906336088, 0.5172176308539945, 0.47520661157024796, 0.48415977961432505, 0.5296143250688705, 0.522038567493113, 0.5606060606060606, 0.5606060606060606, 0.5385674931129476, 0.5977961432506887, 0.5585399449035813, 0.5736914600550964, 0.6136363636363636, 0.5723140495867769, 0.5709366391184573, 0.5654269972451791, 0.581267217630854, 0.7506887052341598, 0.5599173553719008, 0.5454545454545454, 0.5557851239669421, 0.5599173553719008, 0.5626721763085399, 0.5537190082644629, 0.5674931129476584, 0.5695592286501377, 0.5833333333333334, 0.5599173553719008, 0.5778236914600551, 0.571625344352617, 0.5475206611570248, 0.5578512396694215, 0.5447658402203857, 0.5585399449035813, 0.5371900826446281, 0.5626721763085399, 0.53099173553719, 0.44490358126721763, 0.5378787878787878, 0.49793388429752067, 0.5034435261707989, 0.4090909090909091, 0.493801652892562, 0.5296143250688705, 0.5268595041322314, 0.49449035812672176, 0.49449035812672176, 0.4896694214876033, 0.4793388429752066, 0.49449035812672176, 0.5454545454545454, 0.48760330578512395, 0.46005509641873277, 0.4807162534435262, 0.43732782369146006, 0.45454545454545453, 0.5261707988980716, 0.5137741046831956, 0.45179063360881544, 0.5117079889807162, 0.43732782369146006, 0.5254820936639119, 0.48140495867768596, 0.5068870523415978, 0.540633608815427, 0.5482093663911846, 0.5296143250688705, 0.5365013774104683, 0.5495867768595041, 0.5234159779614325, 0.4834710743801653, 0.5337465564738292, 0.5365013774104683, 0.5619834710743802, 0.5640495867768595, 0.571625344352617, 0.5626721763085399, 0.568870523415978, 0.5619834710743802, 0.5440771349862259, 0.5488980716253443, 0.5702479338842975, 0.5488980716253443, 0.5674931129476584, 0.5537190082644629, 0.5929752066115702, 0.5599173553719008, 0.5599173553719008, 0.5578512396694215, 0.568870523415978, 0.5523415977961432, 0.5509641873278237, 0.5668044077134986, 0.5695592286501377, 0.5599173553719008, 0.5640495867768595, 0.5860881542699724, 0.5661157024793388, 0.5860881542699724, 0.5853994490358126, 0.5736914600550964, 0.5792011019283747, 0.5757575757575758, 0.581267217630854, 0.571625344352617, 0.5723140495867769, 0.5984848484848485, 0.6108815426997245, 0.559228650137741, 0.5778236914600551, 0.5537190082644629, 0.5743801652892562, 0.5730027548209367, 0.5826446280991735, 0.5647382920110193, 0.5860881542699724, 0.5578512396694215, 0.5964187327823691, 0.5909090909090909, 0.5709366391184573, 0.5792011019283747, 0.5909090909090909, 0.5826446280991735, 0.5826446280991735, 0.5853994490358126, 0.5984848484848485, 0.5626721763085399, 0.5709366391184573, 0.5661157024793388, 0.5902203856749312, 0.5654269972451791, 0.553030303030303, 0.550275482093664, 0.587465564738292, 0.5661157024793388, 0.6212121212121212, 0.6205234159779615, 0.5702479338842975, 0.7272727272727273, 0.650137741046832, 0.6143250688705234, 0.6115702479338843, 0.5702479338842975, 0.5736914600550964, 0.5943526170798898, 0.5654269972451791, 0.5826446280991735, 0.5764462809917356, 0.5750688705234159, 0.5764462809917356, 0.5805785123966942, 0.5695592286501377, 0.5798898071625345, 0.5578512396694215, 0.5578512396694215, 0.5730027548209367, 0.5544077134986226, 0.568870523415978, 0.5709366391184573, 0.5695592286501377, 0.5606060606060606, 0.5853994490358126, 0.5633608815426997, 0.5785123966942148, 0.5612947658402204, 0.5668044077134986, 0.5599173553719008, 0.5826446280991735, 0.5633608815426997, 0.5792011019283747, 0.6143250688705234, 0.5654269972451791, 0.5730027548209367, 0.5840220385674931, 0.6177685950413223, 0.5895316804407713, 0.568870523415978, 0.5840220385674931, 0.587465564738292, 0.5881542699724518, 0.6081267217630854, 0.6163911845730028, 0.5606060606060606, 0.5736914600550964, 0.5833333333333334, 0.5826446280991735, 0.5867768595041323, 0.6274104683195593, 0.5895316804407713, 0.5840220385674931, 0.5971074380165289, 0.6315426997245179, 0.587465564738292, 0.5709366391184573, 0.5847107438016529, 0.5860881542699724, 0.5888429752066116, 0.6191460055096418, 0.5661157024793388, 0.6267217630853994, 0.5606060606060606, 0.599862258953168, 0.5847107438016529, 0.5922865013774105, 0.5826446280991735, 0.6522038567493113, 0.5977961432506887, 