{"time": [1718.0, 1719.0, 1719.0, 1719.0, 1719.0, 1719.0, 1720.0, 1720.0, 1721.0, 1722.0, 1722.0, 1723.0, 1724.0, 1724.0, 1725.0, 1726.0, 1727.0, 1728.0, 1729.0, 1729.0, 1730.0, 1731.0, 1732.0, 1733.0, 1734.0, 1735.0, 1736.0, 1737.0, 1738.0, 1739.0, 1740.0, 1741.0, 1742.0, 1743.0, 1744.0, 1745.0, 1746.0, 1747.0, 1748.0, 1749.0, 1750.0, 1751.0, 1752.0, 1753.0, 1754.0, 1755.0, 1756.0, 1757.0, 1758.0, 1759.0, 1760.0, 1761.0, 1762.0, 1763.0, 1764.0, 1765.0, 1766.0, 1767.0, 1768.0, 1769.0, 1770.0, 1771.0, 1772.0, 1773.0, 1774.0, 1775.0, 1776.0, 1777.0, 1778.0, 1779.0, 1780.0, 1781.0, 1782.0, 1783.0, 1784.0, 1785.0, 1786.0, 1787.0, 1788.0, 1789.0, 1790.0, 1791.0, 1792.0, 1793.0, 1794.0, 1795.0, 1796.0, 1797.0, 1798.0, 1799.0, 1800.0, 1800.0, 1800.0], "avg_cpu": [0.24842171717171718, 0.2859848484848485, 0.31660353535353536, 0.29419191919191917, 0.32512626262626265, 0.35353535353535354, 0.34595959595959597, 0.4027777777777778, 0.398989898989899, 0.40025252525252525, 0.5498737373737373, 0.5473484848484849, 0.5492424242424242, 0.6079545454545454, 0.6035353535353535, 0.6066919191919192, 0.6477272727272727, 0.6136363636363636, 0.6856060606060606, 0.726010101010101, 0.7335858585858586, 0.7222222222222222, 0.7323232323232324, 0.7323232323232324, 0.7222222222222222, 0.7361111111111112, 0.7373737373737373, 0.7361111111111112, 0.73989898989899, 0.7272727272727273, 0.7272727272727273, 0.7361111111111112, 0.7361111111111112, 0.7449494949494949, 0.7335858585858586, 0.7310606060606061, 0.7222222222222222, 0.7386363636363636, 0.7272727272727273, 0.7348484848484849, 0.7310606060606061, 0.7335858585858586, 0.7386363636363636, 0.7335858585858586, 0.7310606060606061, 0.726010101010101, 0.7335858585858586, 0.7335858585858586, 0.7285353535353535, 0.7361111111111112, 0.7335858585858586, 0.7310606060606061, 0.7247474747474747, 0.7272727272727273, 0.7285353535353535, 0.7323232323232324, 0.73989898989899, 0.7361111111111112, 0.7285353535353535, 0.7386363636363636, 0.7285353535353535, 0.7373737373737373, 0.7348484848484849, 0.7323232323232324, 0.7222222222222222, 0.7335858585858586, 0.7285353535353535, 0.7297979797979798, 0.7285353535353535, 0.7209595959595959, 0.7247474747474747, 0.7323232323232324, 0.7310606060606061, 0.726010101010101, 0.7310606060606061, 0.7234848484848485, 0.7361111111111112, 0.7323232323232324, 0.7285353535353535, 0.7411616161616161, 0.7323232323232324, 0.7272727272727273, 0.7348484848484849, 0.7234848484848485, 0.7297979797979798, 0.7285353535353535, 0.7234848484848485, 0.7323232323232324, 0.7310606060606061, 0.7272727272727273, 0.3648989898989899, 0.002170138888888889, 0.0007447522095959596], "avg_mem": [0.015464860907759883, 0.01782119326500732, 0.01617404831625183, 0.016402818448023427, 0.017706808199121522, 0.017638177159590044, 0.01633418740849195, 0.01663158857979502, 0.01734077598828697, 0.017203513909224012, 0.016700219619326502, 0.01738653001464129, 0.01731789897510981, 0.017134882869692534, 0.017203513909224012, 0.017249267935578332, 0.017134882869692534, 0.016997620790629574, 0.017134882869692534, 0.01722639092240117, 0.017638177159590044, 0.017615300146412886, 0.01727214494875549, 0.017500915080527087, 0.01784407027818448, 0.016814604685212297, 0.017455161054172767, 0.01729502196193265, 0.01734077598828697, 0.01782119326500732, 0.017569546120058566, 0.01738653001464129, 0.017203513909224012, 0.017089128843338214, 0.017157759882869692, 0.017363653001464127, 0.01734077598828697, 0.017592423133235724, 0.018141471449487554, 0.016997620790629574, 0.017363653001464127, 0.017706808199121522, 0.01772968521229868, 0.017775439238653, 0.01729502196193265, 0.017409407027818447, 0.017912701317715957, 0.017157759882869692, 0.017478038067349926, 0.017500915080527087, 0.017363653001464127, 0.016997620790629574, 0.016974743777452415, 0.017546669106881404, 0.017478038067349926, 0.018027086383601756, 0.017066251830161056, 0.017363653001464127, 0.017683931185944364, 0.01718063689604685, 0.017706808199121522, 0.01727214494875549, 0.017523792093704246, 0.019719985358711566, 0.017203513909224012, 0.017683931185944364, 0.017409407027818447, 0.01722639092240117, 0.017112005856515372, 0.017409407027818447, 0.017683931185944364, 0.017066251830161056, 0.017020497803806735, 0.017363653001464127, 0.017775439238653, 0.017157759882869692, 0.01734077598828697, 0.017661054172767202, 0.017478038067349926, 0.017638177159590044, 0.01738653001464129, 0.017569546120058566, 0.017409407027818447, 0.017478038067349926, 0.01772968521229868, 0.017958455344070277, 0.018049963396778917, 0.017157759882869692, 0.017638177159590044, 0.01718063689604685, 0.015556368960468522, 0.01171303074670571, 0.00011438506588579795]}