{"time": [602.0, 603.0, 604.0, 605.0, 606.0, 607.0, 608.0, 609.0, 610.0, 611.0, 612.0, 613.0, 614.0, 615.0, 616.0, 617.0, 618.0, 618.0, 619.0, 620.0, 621.0, 622.0, 623.0, 624.0, 625.0, 626.0, 627.0, 628.0, 629.0, 630.0, 631.0, 632.0, 633.0, 634.0, 635.0, 636.0, 637.0, 638.0, 639.0, 640.0, 641.0, 642.0, 643.0, 644.0, 645.0, 646.0, 647.0, 648.0, 649.0, 650.0, 651.0, 652.0, 653.0, 653.0, 653.0, 653.0], "avg_cpu": [0.5181518151815182, 0.7607260726072608, 0.7648514851485149, 0.6732673267326733, 0.58003300330033, 0.6072607260726073, 0.5775577557755776, 0.5915841584158416, 0.5882838283828383, 0.5552805280528053, 0.6361386138613861, 0.6237623762376238, 0.5775577557755776, 0.6047854785478548, 0.5924092409240924, 0.5750825082508251, 0.5486798679867987, 0.6245874587458746, 0.6542904290429042, 0.6468646864686468, 0.6262376237623762, 0.6196369636963697, 0.6468646864686468, 0.6501650165016502, 0.6311881188118812, 0.6476897689768977, 0.6353135313531353, 0.6328382838283828, 0.6567656765676567, 0.5874587458745875, 0.6320132013201321, 0.6757425742574258, 0.6493399339933993, 0.6633663366336634, 0.6938943894389439, 0.6262376237623762, 0.6526402640264026, 0.6394389438943895, 0.6683168316831684, 0.6542904290429042, 0.66996699669967, 0.6212871287128713, 0.6262376237623762, 0.6344884488448845, 0.7153465346534653, 0.6542904290429042, 0.6641914191419142, 0.66996699669967, 0.6740924092409241, 0.6608910891089109, 0.6361386138613861, 0.6427392739273927, 0.7153465346534653, 0.7846534653465347, 0.0, 0.0], "avg_mem": [0.03614568081991215, 0.046440336749633965, 0.04570827232796486, 0.044244143484626644, 0.04250549048316252, 0.04287152269399707, 0.043923865300146414, 0.038890922401171306, 0.043146046852122984, 0.043237554904831624, 0.0436493411420205, 0.046211566617862375, 0.04630307467057101, 0.04438140556368961, 0.042230966325036604, 0.04479319180087848, 0.043740849194729134, 0.0436493411420205, 0.04296303074670571, 0.04438140556368961, 0.04506771595900439, 0.04113286969253294, 0.04346632503660322, 0.04204795021961932, 0.04369509516837482, 0.044244143484626644, 0.042734260614934114, 0.04506771595900439, 0.04396961932650073, 0.04305453879941435, 0.0426885065885798, 0.043420571010248904, 0.04300878477306003, 0.04447291361639824, 0.046120058565153735, 0.04328330893118595, 0.04305453879941435, 0.04447291361639824, 0.04538799414348463, 0.04310029282576867, 0.04300878477306003, 0.04479319180087848, 0.04360358711566618, 0.04305453879941435, 0.04474743777452416, 0.04406112737920937, 0.04428989751098097, 0.04310029282576867, 0.04396961932650073, 0.04300878477306003, 0.04488469985358712, 0.044244143484626644, 0.04186493411420205, 0.035596632503660325, 0.001223920204978038, 0.0004089266105417277]}