{"time": [6360.0, 6361.0, 6362.0, 6362.0, 6363.0, 6364.0, 6365.0, 6366.0, 6367.0, 6368.0, 6369.0, 6370.0, 6371.0, 6372.0, 6373.0, 6374.0, 6375.0, 6376.0, 6377.0, 6378.0, 6379.0, 6380.0, 6381.0, 6382.0, 6383.0, 6384.0, 6385.0, 6386.0, 6387.0, 6388.0, 6389.0, 6390.0, 6391.0, 6392.0, 6393.0, 6394.0, 6395.0, 6396.0, 6397.0, 6398.0, 6399.0, 6400.0, 6401.0, 6402.0, 6403.0, 6404.0, 6405.0, 6406.0, 6407.0, 6408.0, 6409.0, 6410.0, 6411.0, 6412.0, 6413.0, 6414.0, 6415.0, 6416.0, 6417.0, 6418.0, 6419.0, 6420.0, 6421.0, 6422.0, 6423.0, 6424.0, 6425.0, 6426.0, 6427.0, 6428.0, 6429.0, 6430.0, 6431.0, 6432.0, 6433.0, 6434.0, 6435.0, 6436.0, 6437.0, 6438.0, 6439.0, 6440.0, 6441.0, 6442.0, 6443.0, 6444.0, 6445.0, 6446.0, 6447.0, 6448.0, 6449.0, 6450.0, 6451.0, 6452.0, 6453.0, 6454.0, 6455.0, 6456.0, 6457.0, 6458.0, 6459.0, 6460.0, 6461.0, 6462.0, 6463.0, 6464.0, 6465.0, 6466.0, 6467.0, 6468.0, 6469.0, 6470.0, 6471.0, 6472.0, 6473.0, 6474.0, 6475.0, 6476.0, 6477.0, 6478.0, 6479.0, 6480.0, 6481.0, 6482.0, 6483.0, 6484.0, 6485.0, 6486.0, 6487.0, 6488.0, 6489.0, 6490.0, 6491.0, 6492.0, 6493.0, 6494.0, 6495.0, 6496.0, 6497.0, 6498.0, 6499.0, 6499.0, 6500.0, 6501.0, 6502.0, 6503.0, 6504.0, 6505.0, 6506.0, 6507.0, 6508.0, 6509.0, 6510.0, 6511.0, 6512.0, 6513.0, 6514.0, 6515.0, 6516.0, 6517.0, 6518.0, 6519.0, 6520.0, 6521.0, 6522.0, 6523.0, 6524.0, 6525.0, 6526.0, 6527.0, 6528.0, 6529.0, 6530.0, 6531.0, 6532.0, 6533.0, 6534.0, 6535.0, 6536.0, 6537.0, 6538.0, 6539.0, 6540.0, 6541.0, 6542.0, 6543.0, 6544.0, 6545.0, 6546.0, 6547.0, 6548.0, 6549.0, 6550.0, 6551.0, 6552.0, 6553.0, 6554.0, 6555.0, 6556.0, 6557.0, 6558.0, 6559.0, 6560.0, 6561.0, 6562.0, 6563.0, 6564.0, 6565.0, 6566.0, 6567.0, 6568.0, 6569.0, 6570.0, 6571.0, 6572.0, 6573.0, 6574.0, 6575.0, 6576.0, 6577.0, 6578.0, 6579.0, 6580.0, 6581.0, 6582.0, 6583.0, 6584.0, 6585.0, 6586.0, 6587.0, 6588.0, 6589.0, 6590.0, 6591.0, 6592.0, 6593.0, 6594.0, 6595.0, 6596.0, 6597.0, 6598.0, 6599.0, 6600.0, 6601.0, 6602.0, 6603.0, 6604.0, 6605.0, 6606.0, 6607.0, 6608.0, 6609.0, 6610.0, 6611.0, 6612.0, 6613.0, 6614.0, 6615.0, 6616.0, 6617.0, 6618.0, 6619.0, 6620.0, 6621.0, 6622.0, 6623.0, 6624.0, 6625.0, 6626.0, 6627.0, 6628.0, 6629.0, 6630.0, 6631.0, 6632.0, 6633.0, 6634.0, 6635.0, 6636.0, 6637.0, 6638.0, 6639.0, 6640.0, 6641.0, 6642.0, 6643.0, 6644.0, 6645.0, 6646.0, 6647.0, 6648.0, 6648.0], "avg_cpu": [0.0038095606435643563, 0.34694719471947194, 0.28094059405940597, 0.1646039603960396, 0.28094059405940597, 0.504950495049505, 0.608085808580858, 0.3712871287128713, 0.47029702970297027, 0.5899339933993399, 0.6666666666666666, 0.6897689768976898, 0.6938943894389439, 0.6402640264026402, 0.6196369636963697, 0.6443894389438944, 0.6716171617161716, 0.6600660066006601, 0.679042904290429, 0.6798679867986799, 0.6460396039603961, 0.6724422442244224, 0.6344884488448845, 0.655940594059406, 0.6188118811881188, 0.6278877887788779, 0.6468646864686468, 0.6666666666666666, 0.6666666666666666, 0.6740924092409241, 0.6089108910891089, 0.5272277227722773, 0.44554455445544555, 0.47854785478547857, 0.5288778877887789, 0.3927392739273927, 0.21493399339933994, 0.4438943894389439, 0.599009900990099, 0.6534653465346535, 0.6633663366336634, 0.6707920792079208, 0.6526402640264026, 0.66996699669967, 0.6823432343234324, 0.6856435643564357, 0.6716171617161716, 0.6773927392739274, 0.6864686468646864, 0.6773927392739274, 0.6732673267326733, 0.6716171617161716, 0.6707920792079208, 0.641914191419142, 0.6386138613861386, 0.509075907590759, 0.5907590759075908, 0.5693069306930693, 0.5387788778877888, 0.47194719471947194, 0.5462046204620462, 0.5701320132013201, 0.3424092409240924, 0.19183168316831684, 0.20482673267326731, 0.31724422442244227, 0.4603960396039604, 0.5033003300330033, 0.4760726072607261, 0.4777227722772277, 0.39315181518151815, 0.5239273927392739, 0.2999174917491749, 0.28671617161716173, 0.4273927392739274, 0.4471947194719472, 0.39026402640264024, 0.36757425742574257, 0.5363036303630363, 0.49422442244224424, 0.5041254125412541, 0.3316831683168317, 0.4760726072607261, 0.37541254125412543, 0.48514851485148514, 0.518976897689769, 0.42574257425742573, 0.5181518151815182, 0.4306930693069307, 0.39067656765676567, 0.43481848184818483, 0.5156765676567657, 0.5313531353135313, 0.613036303630363, 0.6361386138613861, 0.4661716171617162, 0.5420792079207921, 0.466996699669967, 0.5932343234323433, 0.6064356435643564, 0.6089108910891089, 0.6047854785478548, 0.6254125412541254, 0.485973597359736, 0.6518151815181518, 0.5792079207920792, 0.41171617161716173, 0.46864686468646866, 0.5750825082508251, 0.6237623762376238, 0.6575907590759076, 0.6757425742574258, 0.5371287128712872, 0.5429042904290429, 0.6089108910891089, 0.6179867986798679, 0.6311881188118812, 0.5668316831683168, 0.48514851485148514, 0.5858085808580858, 0.6567656765676567, 0.6295379537953796, 0.6229372937293729, 0.4876237623762376, 0.28506600660066006, 0.37912541254125415, 0.3263201320132013, 0.5016501650165016, 0.4298679867986799, 0.22442244224422442, 0.3061056105610561, 0.19224422442244224, 0.48432343234323433, 0.4405940594059406, 0.3069306930693069, 0.5165016501650165, 0.4892739273927393, 0.3783003300330033, 0.33663366336633666, 0.5734323432343235, 0.6105610561056105, 0.6171617161716172, 0.4381188118811881, 0.4504950495049505, 0.4933993399339934, 0.41625412541254125, 0.5387788778877888, 0.40305280528052806, 0.3844884488448845, 0.5057755775577558, 0.4504950495049505, 0.5577557755775577, 0.5239273927392739, 0.5132013201320133, 0.5841584158415841, 0.5858085808580858, 0.6377887788778878, 0.3972772277227723, 0.47029702970297027, 0.42244224422442245, 0.43481848184818483, 0.44554455445544555, 0.551980198019802, 0.4113036303630363, 0.23102310231023102, 0.4273927392739274, 0.09127475247524752, 0.09663778877887788, 0.3164191419141914, 0.45544554455445546, 0.6303630363036303, 0.6254125412541254, 0.5841584158415841, 0.6575907590759076, 0.6097359735973598, 0.5693069306930693, 0.44966996699669964, 0.5082508250825083, 0.4537953795379538, 0.3127062706270627, 0.5528052805280528, 0.4240924092409241, 0.2999174917491749, 0.17842409240924093, 0.2495874587458746, 0.39933993399339934, 0.264026402640264, 0.6212871287128713, 0.6287128712871287, 0.6361386138613861, 0.6922442244224423, 0.6608910891089109, 0.6831683168316832, 0.6592409240924092, 0.665016501650165, 0.6889438943894389, 0.6468646864686468, 0.6625412541254125, 0.28424092409240925, 0.2792904290429043, 0.39026402640264024, 0.45627062706270627, 0.5750825082508251, 0.4892739273927393, 0.5239273927392739, 0.6031353135313532, 0.650990099009901, 0.6443894389438944, 0.6468646864686468, 0.6608910891089109, 0.6856435643564357, 0.655940594059406, 0.6765676567656765, 0.6757425742574258, 0.58003300330033, 0.5775577557755776, 0.6188118811881188, 0.6212871287128713, 0.6278877887788779, 0.6328382838283828, 0.594059405940594, 0.6138613861386139, 0.6658415841584159, 0.6443894389438944, 0.5759075907590759, 0.5396039603960396, 0.58003300330033, 0.5767326732673267, 0.5486798679867987, 0.4661716171617162, 0.3634488448844885, 0.6551155115511551, 0.66996699669967, 0.6592409240924092, 0.683993399339934, 0.6452145214521452, 0.6427392739273927, 0.5321782178217822, 0.6072607260726073, 0.528052805280528, 0.47112211221122113, 0.5288778877887789, 0.2957920792079208, 0.5981848184818482, 0.6344884488448845, 0.6641914191419142, 0.6633663366336634, 0.6732673267326733, 0.6773927392739274, 0.2953795379537954, 0.5288778877887789, 0.43316831683168316, 0.6278877887788779, 0.599009900990099, 0.6493399339933993, 0.6518151815181518, 0.6336633663366337, 0.6641914191419142, 0.6584158415841584, 0.6897689768976898, 0.6542904290429042, 0.6542904290429042, 0.6600660066006601, 0.6518151815181518, 0.6534653465346535, 0.6089108910891089, 0.6353135313531353, 0.6526402640264026, 0.6773927392739274, 0.6716171617161716, 0.6460396039603961, 0.14707095709570958, 0.17986798679867988, 0.1751237623762376, 0.3292079207920792, 0.5165016501650165, 0.38077557755775576, 0.533003300330033, 0.5486798679867987, 0.44966996699669964, 