{"time": [530.0, 530.0, 531.0, 531.0, 532.0, 533.0, 534.0, 535.0, 536.0, 537.0, 538.0, 539.0, 540.0, 540.0, 541.0, 542.0, 543.0, 544.0, 545.0, 546.0, 547.0, 548.0, 549.0, 550.0, 551.0, 552.0, 553.0, 554.0, 555.0, 556.0, 556.0, 557.0, 558.0, 559.0, 560.0, 561.0, 562.0, 563.0, 564.0, 565.0, 566.0, 567.0, 568.0, 569.0, 570.0, 571.0, 571.0, 572.0, 572.0, 572.0, 578.0, 579.0, 580.0, 581.0, 582.0, 583.0, 584.0, 585.0, 586.0, 587.0, 588.0, 589.0, 590.0, 591.0, 592.0, 593.0, 594.0, 595.0, 596.0, 597.0, 598.0, 599.0, 600.0, 601.0, 602.0, 603.0, 604.0, 605.0, 606.0, 607.0, 608.0, 609.0, 610.0, 611.0, 612.0, 613.0, 614.0, 615.0, 616.0, 617.0, 618.0, 619.0, 620.0, 621.0, 622.0, 623.0, 624.0, 625.0, 626.0, 627.0, 628.0, 629.0, 630.0, 631.0, 632.0, 633.0, 634.0, 635.0, 636.0, 637.0, 638.0, 639.0, 640.0, 641.0, 642.0, 643.0, 644.0, 645.0, 646.0, 647.0, 648.0, 649.0, 650.0, 651.0, 652.0, 653.0, 653.0, 653.0, 653.0], "avg_cpu": [0.3787128712871287, 0.6171617161716172, 0.5536303630363036, 0.6188118811881188, 0.5948844884488449, 0.6138613861386139, 0.5907590759075908, 0.5899339933993399, 0.5841584158415841, 0.6039603960396039, 0.6394389438943895, 0.6328382838283828, 0.6270627062706271, 0.5503300330033003, 0.5874587458745875, 0.6361386138613861, 0.6163366336633663, 0.6443894389438944, 0.6146864686468647, 0.6237623762376238, 0.599009900990099, 0.5792079207920792, 0.6122112211221122, 0.608085808580858, 0.6097359735973598, 0.5998349834983498, 0.608085808580858, 0.5998349834983498, 0.599009900990099, 0.5371287128712872, 0.5808580858085809, 0.5874587458745875, 0.6039603960396039, 0.5915841584158416, 0.6287128712871287, 0.5742574257425742, 0.5841584158415841, 0.5973597359735974, 0.6072607260726073, 0.5635313531353136, 0.5511551155115512, 0.5792079207920792, 0.6171617161716172, 0.6278877887788779, 0.6031353135313532, 0.6262376237623762, 0.6229372937293729, 0.4430693069306931, 0.07487623762376237, 0.0, 0.48267326732673266, 0.5057755775577558, 0.5437293729372937, 0.5544554455445545, 0.5239273927392739, 0.5420792079207921, 0.5371287128712872, 0.5272277227722773, 0.5445544554455446, 0.5363036303630363, 0.5354785478547854, 0.5734323432343235, 0.5973597359735974, 0.6006600660066007, 0.5701320132013201, 0.5544554455445545, 0.5891089108910891, 0.5528052805280528, 0.5899339933993399, 0.5668316831683168, 0.5668316831683168, 0.5387788778877888, 0.551980198019802, 0.5528052805280528, 0.5891089108910891, 0.5305280528052805, 0.5445544554455446, 0.556930693069307, 0.5354785478547854, 0.5024752475247525, 0.5635313531353136, 0.5066006600660066, 0.49174917491749176, 0.4900990099009901, 0.5082508250825083, 0.504950495049505, 0.5074257425742574, 0.5371287128712872, 0.5288778877887789, 0.5156765676567657, 0.5181518151815182, 0.5099009900990099, 0.5033003300330033, 0.5618811881188119, 0.5288778877887789, 0.5453795379537953, 0.5627062706270627, 0.5346534653465347, 0.5965346534653465, 0.5222772277227723, 0.6229372937293729, 0.5676567656765676, 0.5429042904290429, 0.5726072607260726, 0.5858085808580858, 0.599009900990099, 0.570957095709571, 0.5577557755775577, 0.5396039603960396, 0.6278877887788779, 0.5585808580858086, 0.5651815181518152, 0.5346534653465347, 0.5354785478547854, 0.5132013201320133, 0.5115511551155115, 0.533003300330033, 0.5288778877887789, 0.5396039603960396, 0.5387788778877888, 0.5462046204620462, 0.5321782178217822, 0.551980198019802, 0.5511551155115512, 0.5404290429042904, 0.5775577557755776, 0.5701320132013201, 0.0, 0.0], "avg_mem": [0.018850658857979503, 0.047218155197657395, 0.04145314787701318, 0.04200219619326501, 0.04438140556368961, 0.04300878477306003, 0.04278001464128843, 0.04378660322108346, 0.04136163982430454, 0.04351207906295754, 0.044015373352855054, 0.04296303074670571, 0.0414989019033675, 0.04904831625183016, 0.04337481698389458, 0.043832357247437774, 0.04630307467057101, 0.04625732064421669, 0.04360358711566618, 0.04447291361639824, 0.04479319180087848, 0.044838945827232794, 0.04328330893118595, 0.04250549048316252, 0.0424597364568082, 0.0424597364568082, 0.04213945827232796, 0.04218521229868229, 0.04259699853587116, 0.04259699853587116, 0.03843338213762811, 0.040400805270863836, 0.04218521229868229, 0.04255124450951684, 0.04213945827232796, 0.04136163982430454, 0.04209370424597365, 0.04227672035139092, 0.04241398243045388, 0.04154465592972181, 0.044015373352855054, 0.044015373352855054, 0.043832357247437774, 0.04213945827232796, 0.04227672035139092, 0.04387811127379209, 0.04058382137628111, 0.042917276720351394, 0.0005261713030746706, 0.00031455893118594437, 0.039851756954612, 0.04177342606149341, 0.043146046852122984, 0.04447291361639824, 0.041407393850658857, 0.042642752562225474, 0.04355783308931186, 0.04145314787701318, 0.04241398243045388, 0.04328330893118595, 0.041315885797950216, 0.043420571010248904, 0.04506771595900439, 0.04310029282576867, 0.044427159590043924, 0.04378660322108346, 0.042734260614934114, 0.044335651537335284, 0.04355783308931186, 0.043832357247437774, 0.04465592972181552, 0.042917276720351394, 0.040995607613469986, 0.04319180087847731, 0.0424597364568082, 0.04209370424597365, 0.04776720351390922, 0.044930453879941434, 0.04506771595900439, 0.04218521229868229, 0.04355783308931186, 0.04195644216691069, 0.04419838945827233, 0.045342240117130304, 0.042230966325036604, 0.04337481698389458, 0.043329062957540264, 0.04195644216691069, 0.04296303074670571, 0.04296303074670571, 0.04145314787701318, 0.04369509516837482, 0.0424597364568082, 0.04122437774524158, 0.044335651537335284, 0.04396961932650073, 0.042642752562225474, 0.04195644216691069, 0.04360358711566618, 0.04406112737920937, 0.04575402635431918, 0.041407393850658857, 0.04200219619326501, 0.04346632503660322, 0.04360358711566618, 0.04296303074670571, 0.04186493411420205, 0.04369509516837482, 0.04474743777452416, 0.04387811127379209, 0.04310029282576867, 0.043420571010248904, 0.04113286969253294, 0.04200219619326501, 0.0426885065885798, 0.04278001464128843, 0.04204795021961932, 0.04227672035139092, 0.04195644216691069, 0.0412701317715959, 0.04296303074670571, 0.04410688140556369, 0.042825768667642754, 0.043329062957540264, 0.04319180087847731, 0.03125, 0.044838945827232794, 0.0004346632503660322, 0.00029454154465592973]}