{"time": [524.0, 525.0, 526.0, 527.0, 527.0, 527.0, 527.0, 529.0, 530.0, 530.0, 530.0, 531.0, 531.0, 532.0, 533.0, 534.0, 535.0, 536.0, 537.0, 538.0, 539.0, 540.0, 540.0, 541.0, 542.0, 543.0, 544.0, 545.0, 546.0, 547.0, 548.0, 549.0, 550.0, 551.0, 552.0, 553.0, 554.0, 555.0, 556.0, 556.0, 557.0, 558.0, 559.0, 560.0, 561.0, 562.0, 563.0, 564.0, 565.0, 566.0, 567.0, 568.0, 569.0, 570.0, 571.0, 571.0, 571.0, 571.0, 574.0, 575.0, 576.0, 577.0, 578.0, 579.0, 580.0, 581.0, 582.0, 583.0, 584.0, 585.0, 586.0, 587.0, 588.0, 589.0, 590.0, 591.0, 592.0, 593.0, 594.0, 595.0, 595.0, 595.0, 595.0, 596.0, 597.0, 598.0, 599.0, 600.0, 601.0, 602.0, 602.0, 602.0, 602.0, 602.0, 602.0, 603.0, 604.0, 605.0, 606.0, 607.0, 608.0, 609.0, 610.0, 611.0, 612.0, 613.0, 613.0, 614.0, 614.0, 614.0, 614.0, 615.0, 616.0, 616.0, 617.0, 618.0, 619.0, 620.0, 621.0, 622.0, 623.0, 624.0, 625.0, 626.0, 626.0, 626.0, 626.0, 626.0, 627.0, 628.0, 629.0, 630.0, 631.0, 632.0, 633.0, 634.0, 635.0, 636.0, 637.0, 638.0, 638.0, 638.0, 638.0, 638.0, 639.0, 640.0, 641.0, 642.0, 643.0, 644.0, 645.0, 646.0, 647.0, 648.0, 649.0, 650.0, 650.0, 650.0, 650.0, 650.0, 651.0, 652.0, 653.0, 653.0, 653.0, 653.0], "avg_cpu": [0.0640869140625, 0.01763916015625, 0.0003204345703125, 0.00030517578125, 0.0004978179931640625, 0.00086212158203125, 0.0, 0.41089108910891087, 0.5354785478547854, 0.7772277227722773, 0.764026402640264, 0.7095709570957096, 0.6782178217821783, 0.6798679867986799, 0.6039603960396039, 0.6707920792079208, 0.7326732673267327, 0.6823432343234324, 0.5742574257425742, 0.5511551155115512, 0.5198019801980198, 0.6056105610561056, 0.5981848184818482, 0.518976897689769, 0.5495049504950495, 0.5206270627062707, 0.556930693069307, 0.5717821782178217, 0.5627062706270627, 0.533003300330033, 0.5841584158415841, 0.6064356435643564, 0.5445544554455446, 0.5684818481848185, 0.6097359735973598, 0.5825082508250825, 0.4909240924092409, 0.5882838283828383, 0.5437293729372937, 0.599009900990099, 0.5437293729372937, 0.5676567656765676, 0.566006600660066, 0.5132013201320133, 0.504950495049505, 0.5206270627062707, 0.6600660066006601, 0.5783828382838284, 0.6336633663366337, 0.650990099009901, 0.6732673267326733, 0.6361386138613861, 0.5363036303630363, 0.556930693069307, 0.6608910891089109, 0.5585808580858086, 0.0002884565800330033, 0.0, 0.5321782178217822, 0.6889438943894389, 0.6138613861386139, 0.5602310231023102, 0.5882838283828383, 0.5610561056105611, 0.5866336633663366, 0.6023102310231023, 0.5544554455445545, 0.5767326732673267, 0.5775577557755776, 0.5767326732673267, 0.5610561056105611, 0.5602310231023102, 0.5478547854785478, 0.5734323432343235, 0.5775577557755776, 0.5420792079207921, 0.5726072607260726, 0.6064356435643564, 0.613036303630363, 0.6097359735973598, 0.5874587458745875, 0.0, 0.0, 0.5627062706270627, 0.5387788778877888, 0.5627062706270627, 0.5404290429042904, 0.5453795379537953, 0.5750825082508251, 0.5907590759075908, 0.5750825082508251, 0.0014390599216171616, 0.0, 0.0, 0.514026402640264, 0.599009900990099, 0.6064356435643564, 0.6105610561056105, 0.5965346534653465, 0.6138613861386139, 0.5981848184818482, 0.5932343234323433, 0.5932343234323433, 0.599009900990099, 0.6023102310231023, 0.6064356435643564, 0.6056105610561056, 0.5858085808580858, 0.2198844884488449, 0.0, 0.45957095709570955, 0.5643564356435643, 0.5750825082508251, 0.6551155115511551, 0.6443894389438944, 0.6386138613861386, 0.6328382838283828, 0.6344884488448845, 0.6320132013201321, 0.6262376237623762, 0.6344884488448845, 0.6485148514851485, 0.655940594059406, 0.6782178217821783, 0.650990099009901, 0.3774752475247525, 0.0, 0.6163366336633663, 0.6311881188118812, 0.6262376237623762, 0.6534653465346535, 0.6485148514851485, 0.6633663366336634, 0.6221122112211221, 0.6518151815181518, 0.6501650165016502, 0.5618811881188119, 0.6278877887788779, 0.6452145214521452, 0.6485148514851485, 0.6361386138613861, 0.0, 0.0, 0.5858085808580858, 0.6188118811881188, 0.6188118811881188, 0.6361386138613861, 0.6856435643564357, 0.683993399339934, 0.7046204620462047, 0.7202970297029703, 0.7004950495049505, 0.6460396039603961, 0.6122112211221122, 0.6072607260726073, 0.6245874587458746, 0.5932343234323433, 0.08663366336633663, 0.0, 0.5833333333333334, 0.5866336633663366, 0.5948844884488449, 0.6353135313531353, 0.6188118811881188, 0.0, 0.0], "avg_mem": [0.00505828857421875, 0.00395965576171875, 0.0029754638671875, 0.002956390380859375, 0.002956390380859375, 0.002960205078125, 0.000240325927734375, 0.059846266471449486, 0.09059297218155198, 0.08876281112737922, 0.08281478770131771, 0.08931185944363104, 0.08739019033674963, 0.08867130307467057, 0.08793923865300146, 0.0865666178623719, 0.08793923865300146, 0.08382137628111273, 0.08144216691068815, 0.08556002928257686, 0.0825402635431918, 0.08857979502196194, 0.08528550512445095, 0.0853770131771596, 0.08647510980966325, 0.08354685212298682, 0.08455344070278184, 0.08711566617862372, 0.08281478770131771, 0.0853770131771596, 0.0865666178623719, 0.08711566617862372, 0.08793923865300146, 0.087298682284041, 0.08821376281112737, 0.08427891654465593, 0.08382137628111273, 0.08665812591508053, 0.08693265007320644, 0.10688140556368961, 0.08940336749633968, 0.0865666178623719, 0.09141654465592972, 0.09288067349926793, 0.08976939970717424, 0.087298682284041, 0.08830527086383602, 0.08912884333821376, 0.09123352855051245, 0.09169106881405564, 0.0861090775988287, 0.0911420204978038, 0.08336383601756954, 0.08894582723279648, 0.08674963396778916, 0.07961200585651537, 0.001395497803806735, 0.0008235724743777453, 0.02397510980966325, 0.045113469985358715, 0.04570827232796486, 0.0426885065885798, 0.04396961932650073, 0.04337481698389458, 0.04136163982430454, 0.04319180087847731, 0.043329062957540264, 0.04168191800878477, 0.04447291361639824, 0.04575402635431918, 0.042230966325036604, 0.04378660322108346, 0.04177342606149341, 0.04209370424597365, 0.04360358711566618, 0.040812591508052706, 0.044930453879941434, 0.045525256222547585, 0.04547950219619327, 0.043146046852122984, 0.032302342606149344, 0.00041750549048316253, 0.0003088396778916545, 0.04346632503660322, 0.04351207906295754, 0.04195644216691069, 0.04538799414348463, 0.04415263543191801, 0.04346632503660322, 0.04570827232796486, 0.044427159590043924, 0.0013039897510980967, 0.0005347501830161054, 0.00032027818448023427, 0.040400805270863836, 0.04259699853587116, 0.0436493411420205, 0.04406112737920937, 0.04337481698389458, 0.042734260614934114, 0.04200219619326501, 0.042917276720351394, 0.04195644216691069, 0.0446101756954612, 0.04351207906295754, 0.04287152269399707, 0.03225658857979502, 0.038616398243045386, 0.0010552022327964862, 0.0004575402635431918, 0.028779282576866766, 0.04355783308931186, 0.04346632503660322, 0.041407393850658857, 0.04278001464128843, 0.042642752562225474, 0.04497620790629575, 0.04465592972181552, 0.042642752562225474, 0.042825768667642754, 0.042322474377745244, 0.04236822840409956, 0.04278001464128843, 0.028642020497803806, 0.0414989019033675, 0.0004632595168374817, 0.00026022602489019034, 0.04186493411420205, 0.04438140556368961, 0.04415263543191801, 0.045433748169838944, 0.04396961932650073, 0.044518667642752564, 0.0436493411420205, 0.044518667642752564, 0.04387811127379209, 0.044015373352855054, 0.04296303074670571, 0.043420571010248904, 0.036420204978038065, 0.047126647144948755, 0.001009448206442167, 0.00046039989019033676, 0.04163616398243045, 0.04456442166910688, 0.04488469985358712, 0.04328330893118595, 0.043237554904831624, 0.042825768667642754, 0.042642752562225474, 0.041315885797950216, 0.04355783308931186, 0.0426885065885798, 0.0426885065885798, 0.04337481698389458, 0.04547950219619327, 0.039394216691068816, 0.0005433290629575403, 0.00038318997071742314, 0.04067532942898975, 0.039806002928257686, 0.042825768667642754, 0.05636896046852123, 0.037106515373352855, 0.001000869326500732, 0.0004861365300146413]}