{"time": [1718.0, 1719.0, 1719.0, 1719.0, 1719.0, 1719.0, 1720.0, 1720.0, 1721.0, 1722.0, 1723.0, 1724.0, 1724.0, 1725.0, 1726.0, 1727.0, 1728.0, 1729.0, 1730.0, 1730.0, 1731.0, 1732.0, 1733.0, 1734.0, 1735.0, 1735.0, 1736.0, 1737.0, 1738.0, 1739.0, 1740.0, 1741.0, 1742.0, 1742.0, 1743.0, 1744.0, 1745.0, 1746.0, 1747.0, 1748.0, 1749.0, 1750.0, 1751.0, 1752.0, 1753.0, 1754.0, 1755.0, 1756.0, 1757.0, 1758.0, 1759.0, 1760.0, 1761.0, 1762.0, 1763.0, 1764.0, 1765.0, 1766.0, 1767.0, 1768.0, 1769.0, 1770.0, 1771.0, 1772.0, 1773.0, 1774.0, 1775.0, 1776.0, 1777.0, 1778.0, 1779.0, 1780.0, 1781.0, 1782.0, 1783.0, 1784.0, 1785.0, 1786.0, 1787.0, 1788.0, 1789.0, 1790.0, 1791.0, 1792.0, 1793.0, 1794.0, 1795.0, 1796.0, 1797.0, 1798.0, 1799.0, 1800.0, 1800.0, 1800.0], "avg_cpu": [0.0026557343234323433, 0.2334983498349835, 0.3358085808580858, 0.3131188118811881, 0.28465346534653463, 0.28795379537953797, 0.2677392739273927, 0.304042904290429, 0.34983498349834985, 0.3997524752475248, 0.29414191419141916, 0.37376237623762376, 0.4113036303630363, 0.4166666666666667, 0.44884488448844884, 0.5016501650165016, 0.4744224422442244, 0.43234323432343236, 0.4735973597359736, 0.5024752475247525, 0.5016501650165016, 0.5552805280528053, 0.5742574257425742, 0.5544554455445545, 0.533003300330033, 0.5792079207920792, 0.5701320132013201, 0.5585808580858086, 0.6410891089108911, 0.6460396039603961, 0.6287128712871287, 0.5701320132013201, 0.5726072607260726, 0.5899339933993399, 0.5759075907590759, 0.5668316831683168, 0.6435643564356436, 0.6138613861386139, 0.6196369636963697, 0.5808580858085809, 0.6460396039603961, 0.6592409240924092, 0.6518151815181518, 0.6047854785478548, 0.5899339933993399, 0.5808580858085809, 0.5816831683168316, 0.6245874587458746, 0.6311881188118812, 0.6064356435643564, 0.5924092409240924, 0.5717821782178217, 0.58003300330033, 0.6254125412541254, 0.6245874587458746, 0.6122112211221122, 0.584983498349835, 0.5792079207920792, 0.5750825082508251, 0.6113861386138614, 0.6518151815181518, 0.641914191419142, 0.5981848184818482, 0.5874587458745875, 0.6138613861386139, 0.6386138613861386, 0.636963696369637, 0.6179867986798679, 0.5726072607260726, 0.5701320132013201, 0.5693069306930693, 0.5668316831683168, 0.5734323432343235, 0.594059405940594, 0.6056105610561056, 0.5676567656765676, 0.6204620462046204, 0.6262376237623762, 0.6212871287128713, 0.5891089108910891, 0.5643564356435643, 0.5684818481848185, 0.5701320132013201, 0.5734323432343235, 0.566006600660066, 0.5948844884488449, 0.6047854785478548, 0.5833333333333334, 0.6212871287128713, 0.6410891089108911, 0.6518151815181518, 0.2854785478547855, 0.004628197194719472, 0.0008669812293729373], "avg_mem": [0.007915446559297218, 0.01784407027818448, 0.019399707174231333, 0.01832448755490483, 0.01727214494875549, 0.019216691068814056, 0.017592423133235724, 0.01727214494875549, 0.017249267935578332, 0.017706808199121522, 0.01962847730600293, 0.018004209370424597, 0.0178898243045388, 0.017683931185944364, 0.01772968521229868, 0.017569546120058566, 0.017683931185944364, 0.018004209370424597, 0.018095717423133234, 0.017958455344070277, 0.017546669106881404, 0.018667642752562226, 0.017912701317715957, 0.01784407027818448, 0.01786694729136164, 0.017478038067349926, 0.017500915080527087, 0.01738653001464129, 0.01793557833089312, 0.017638177159590044, 0.017638177159590044, 0.01782119326500732, 0.017638177159590044, 0.017615300146412886, 0.017706808199121522, 0.018095717423133234, 0.017775439238653, 0.01722639092240117, 0.01894216691068814, 0.017615300146412886, 0.017455161054172767, 0.018004209370424597, 0.017683931185944364, 0.017661054172767202, 0.017775439238653, 0.018141471449487554, 0.017661054172767202, 0.0178898243045388, 0.017752562225475842, 0.018095717423133234, 0.018049963396778917, 0.017706808199121522, 0.01798133235724744, 0.018347364568081993, 0.017912701317715957, 0.01798133235724744, 0.01798133235724744, 0.017775439238653, 0.01782119326500732, 0.018072840409956076, 0.01772968521229868, 0.01784407027818448, 0.017775439238653, 0.017661054172767202, 0.017523792093704246, 0.01841599560761347, 0.018164348462664716, 0.017592423133235724, 0.01793557833089312, 0.017752562225475842, 0.018210102489019032, 0.01853038067349927, 0.01738653001464129, 0.01798133235724744, 0.018049963396778917, 0.01784407027818448, 0.01772968521229868, 0.018347364568081993, 0.01827873352855051, 0.018118594436310396, 0.017958455344070277, 0.017500915080527087, 0.01793557833089312, 0.017523792093704246, 0.017775439238653, 0.01772968521229868, 0.017912701317715957, 0.01782119326500732, 0.017958455344070277, 0.017615300146412886, 0.017661054172767202, 0.01608254026354319, 0.015441983894582723, 0.00014298133235724744]}