{"time": [1718.0, 1719.0, 1719.0, 1720.0, 1721.0, 1721.0, 1722.0, 1723.0, 1724.0, 1725.0, 1726.0, 1726.0, 1727.0, 1728.0, 1728.0, 1729.0, 1730.0, 1731.0, 1732.0, 1732.0, 1733.0, 1734.0, 1735.0, 1736.0, 1737.0, 1738.0, 1739.0, 1739.0, 1740.0, 1741.0, 1742.0, 1743.0, 1744.0, 1745.0, 1746.0, 1747.0, 1748.0, 1749.0, 1750.0, 1751.0, 1752.0, 1753.0, 1754.0, 1755.0, 1756.0, 1757.0, 1758.0, 1759.0, 1760.0, 1761.0, 1762.0, 1763.0, 1764.0, 1765.0, 1766.0, 1767.0, 1768.0, 1769.0, 1770.0, 1771.0, 1772.0, 1773.0, 1774.0, 1775.0, 1776.0, 1777.0, 1778.0, 1779.0, 1780.0, 1781.0, 1782.0, 1783.0, 1784.0, 1785.0, 1786.0, 1787.0, 1788.0, 1789.0, 1790.0, 1791.0, 1792.0, 1793.0, 1794.0, 1795.0, 1796.0, 1797.0, 1798.0, 1799.0, 1800.0, 1800.0, 1800.0, 1800.0], "avg_cpu": [0.04305899339933993, 0.14933993399339934, 0.1577970297029703, 0.17924917491749176, 0.1808993399339934, 0.2590759075907591, 0.25783828382838286, 0.26113861386138615, 0.26278877887788776, 0.2999174917491749, 0.28836633663366334, 0.4546204620462046, 0.4397689768976898, 0.4768976897689769, 0.4876237623762376, 0.4876237623762376, 0.5107260726072608, 0.4975247524752475, 0.5074257425742574, 0.570957095709571, 0.5387788778877888, 0.5404290429042904, 0.5346534653465347, 0.566006600660066, 0.551980198019802, 0.5478547854785478, 0.518976897689769, 0.5783828382838284, 0.5676567656765676, 0.5734323432343235, 0.5618811881188119, 0.5594059405940595, 0.5610561056105611, 0.5429042904290429, 0.5651815181518152, 0.5602310231023102, 0.5841584158415841, 0.5701320132013201, 0.5676567656765676, 0.5701320132013201, 0.6204620462046204, 0.5684818481848185, 0.5858085808580858, 0.5742574257425742, 0.5726072607260726, 0.5726072607260726, 0.5668316831683168, 0.5602310231023102, 0.5528052805280528, 0.5627062706270627, 0.5899339933993399, 0.5717821782178217, 0.5783828382838284, 0.5627062706270627, 0.5635313531353136, 0.566006600660066, 0.5792079207920792, 0.5668316831683168, 0.599009900990099, 0.5643564356435643, 0.5602310231023102, 0.5693069306930693, 0.6394389438943895, 0.6221122112211221, 0.5841584158415841, 0.6518151815181518, 0.5891089108910891, 0.5693069306930693, 0.584983498349835, 0.566006600660066, 0.6064356435643564, 0.6155115511551155, 0.599009900990099, 0.5948844884488449, 0.6377887788778878, 0.6460396039603961, 0.5866336633663366, 0.5726072607260726, 0.5684818481848185, 0.5651815181518152, 0.5726072607260726, 0.6320132013201321, 0.6361386138613861, 0.5981848184818482, 0.5618811881188119, 0.6146864686468647, 0.5734323432343235, 0.6328382838283828, 0.2739273927392739, 0.0008669812293729373, 0.001157049298679868, 0.0008669812293729373], "avg_mem": [0.005433290629575403, 0.007995516105417277, 0.008270040263543192, 0.00837298682284041, 0.008430179355783309, 0.008533125915080528, 0.008613195461200585, 0.00838442532942899, 0.008761896046852123, 0.008681826500732064, 0.008658949487554905, 0.008784773060029283, 0.008647510980966324, 0.008807650073206443, 0.008727580527086384, 0.008670387994143484, 0.008636072474377745, 0.008681826500732064, 0.010386163982430453, 0.00886484260614934, 0.00892203513909224, 0.008841965592972182, 0.00886484260614934, 0.008704703513909224, 0.008716142020497804, 0.008716142020497804, 0.009940062225475842, 0.008658949487554905, 0.009745607613469985, 0.008807650073206443, 0.008876281112737921, 0.009070735724743777, 0.008750457540263544, 0.008681826500732064, 0.008841965592972182, 0.00893347364568082, 0.008739019033674963, 0.008899158125915081, 0.0088877196193265, 0.008956350658857979, 0.008956350658857979, 0.00899066617862372, 0.008899158125915081, 0.00886484260614934, 0.008761896046852123, 0.008750457540263544, 0.0089449121522694, 0.008773334553440702, 0.008956350658857979, 0.008796211566617862, 0.00893347364568082, 0.008716142020497804, 0.008636072474377745, 0.00886484260614934, 0.00892203513909224, 0.009013543191800878, 0.00891059663250366, 0.00891059663250366, 0.0089449121522694, 0.00891059663250366, 0.008853404099560761, 0.009150805270863836, 0.0088877196193265, 0.00896778916544656, 0.009047858711566617, 0.00893347364568082, 0.0088877196193265, 0.008773334553440702, 0.009116489751098097, 0.008956350658857979, 0.008876281112737921, 0.008956350658857979, 0.009024981698389459, 0.009105051244509516, 0.008979227672035139, 0.009002104685212299, 0.00892203513909224, 0.008876281112737921, 0.00899066617862372, 0.009024981698389459, 0.008876281112737921, 0.008716142020497804, 0.00891059663250366, 0.008647510980966324, 0.0089449121522694, 0.009276628843338214, 0.008773334553440702, 0.00893347364568082, 0.007972639092240117, 0.006966050512445096, 0.006966050512445096, 8.006954612005857e-05]}