{"time": [530.0, 530.0, 531.0, 531.0, 532.0, 533.0, 534.0, 535.0, 536.0, 537.0, 538.0, 539.0, 540.0, 540.0, 541.0, 542.0, 543.0, 544.0, 545.0, 546.0, 547.0, 548.0, 549.0, 550.0, 551.0, 552.0, 553.0, 554.0, 555.0, 556.0, 556.0, 557.0, 558.0, 559.0, 560.0, 561.0, 562.0, 563.0, 564.0, 565.0, 566.0, 567.0, 568.0, 569.0, 570.0, 571.0, 571.0, 571.0, 571.0, 579.0, 580.0, 581.0, 582.0, 583.0, 584.0, 585.0, 586.0, 587.0, 588.0, 589.0, 590.0, 591.0, 592.0, 593.0, 594.0, 595.0, 596.0, 597.0, 598.0, 599.0, 600.0, 601.0, 602.0, 603.0, 604.0, 605.0, 606.0, 607.0, 608.0, 609.0, 610.0, 611.0, 612.0, 613.0, 614.0, 615.0, 616.0, 616.0, 617.0, 618.0, 619.0, 620.0, 621.0, 622.0, 623.0, 624.0, 625.0, 626.0, 627.0, 628.0, 629.0, 630.0, 631.0, 632.0, 633.0, 634.0, 635.0, 636.0, 637.0, 638.0, 639.0, 640.0, 641.0, 642.0, 643.0, 644.0, 645.0, 646.0, 647.0, 648.0, 649.0, 650.0, 651.0, 652.0, 653.0, 653.0, 653.0, 653.0], "avg_cpu": [0.13283828382838284, 0.5214521452145214, 0.5437293729372937, 0.5495049504950495, 0.5585808580858086, 0.5511551155115512, 0.5528052805280528, 0.551980198019802, 0.5412541254125413, 0.5528052805280528, 0.5363036303630363, 0.551980198019802, 0.5288778877887789, 0.6155115511551155, 0.566006600660066, 0.5338283828382838, 0.5866336633663366, 0.5651815181518152, 0.58003300330033, 0.5404290429042904, 0.551980198019802, 0.5915841584158416, 0.5618811881188119, 0.533003300330033, 0.5429042904290429, 0.5858085808580858, 0.5899339933993399, 0.570957095709571, 0.5420792079207921, 0.5759075907590759, 0.6204620462046204, 0.5684818481848185, 0.5618811881188119, 0.5651815181518152, 0.5684818481848185, 0.5511551155115512, 0.5783828382838284, 0.556930693069307, 0.5783828382838284, 0.5874587458745875, 0.5618811881188119, 0.5742574257425742, 0.5833333333333334, 0.5783828382838284, 0.570957095709571, 0.5528052805280528, 0.5684818481848185, 0.0, 0.0, 0.759075907590759, 0.5742574257425742, 0.7021452145214522, 0.6955445544554455, 0.5775577557755776, 0.5792079207920792, 0.5602310231023102, 0.5462046204620462, 0.6196369636963697, 0.5684818481848185, 0.5693069306930693, 0.6047854785478548, 0.5866336633663366, 0.5016501650165016, 0.5585808580858086, 0.523102310231023, 0.5602310231023102, 0.58003300330033, 0.5651815181518152, 0.5610561056105611, 0.5404290429042904, 0.6138613861386139, 0.5750825082508251, 0.5338283828382838, 0.5610561056105611, 0.528052805280528, 0.5288778877887789, 0.49834983498349833, 0.5379537953795379, 0.5420792079207921, 0.5536303630363036, 0.5495049504950495, 0.5561056105610561, 0.5627062706270627, 0.5651815181518152, 0.5932343234323433, 0.5717821782178217, 0.5264026402640264, 0.6188118811881188, 0.5808580858085809, 0.5726072607260726, 0.5767326732673267, 0.5841584158415841, 0.5775577557755776, 0.5775577557755776, 0.5882838283828383, 0.594059405940594, 0.6254125412541254, 0.6047854785478548, 0.5577557755775577, 0.6311881188118812, 0.5866336633663366, 0.6023102310231023, 0.5957095709570958, 0.5808580858085809, 0.584983498349835, 0.6163366336633663, 0.6361386138613861, 0.613036303630363, 0.6361386138613861, 0.6344884488448845, 0.6575907590759076, 0.6270627062706271, 0.6039603960396039, 0.6031353135313532, 0.6410891089108911, 0.6006600660066007, 0.6526402640264026, 0.6097359735973598, 0.5734323432343235, 0.556930693069307, 0.6014851485148515, 0.5841584158415841, 0.570957095709571, 0.5759075907590759, 0.6377887788778878, 0.5561056105610561, 0.018074463696369638, 0.0], "avg_mem": [0.0078696925329429, 0.05023792093704246, 0.0455710102489019, 0.04520497803806735, 0.04241398243045388, 0.04136163982430454, 0.04259699853587116, 0.04236822840409956, 0.04255124450951684, 0.04360358711566618, 0.04241398243045388, 0.04387811127379209, 0.04465592972181552, 0.04488469985358712, 0.04351207906295754, 0.042230966325036604, 0.04396961932650073, 0.04310029282576867, 0.04278001464128843, 0.04396961932650073, 0.043237554904831624, 0.041315885797950216, 0.04278001464128843, 0.04209370424597365, 0.041407393850658857, 0.042322474377745244, 0.04355783308931186, 0.04191068814055637, 0.04145314787701318, 0.04195644216691069, 0.04355783308931186, 0.042642752562225474, 0.04186493411420205, 0.04136163982430454, 0.043740849194729134, 0.04236822840409956, 0.042825768667642754, 0.04369509516837482, 0.04278001464128843, 0.04296303074670571, 0.043923865300146414, 0.042734260614934114, 0.043237554904831624, 0.042825768667642754, 0.04250549048316252, 0.04346632503660322, 0.03907393850658858, 0.0004689787701317716, 0.0002573663982430454, 0.04053806734992679, 0.04296303074670571, 0.04296303074670571, 0.04428989751098097, 0.045616764275256225, 0.043237554904831624, 0.04218521229868229, 0.0436493411420205, 0.042322474377745244, 0.04227672035139092, 0.045342240117130304, 0.040812591508052706, 0.04346632503660322, 0.04236822840409956, 0.04474743777452416, 0.04209370424597365, 0.04337481698389458, 0.044518667642752564, 0.04360358711566618, 0.04378660322108346, 0.04479319180087848, 0.04236822840409956, 0.043329062957540264, 0.04479319180087848, 0.04296303074670571, 0.04227672035139092, 0.04360358711566618, 0.043740849194729134, 0.046531844802342605, 0.04410688140556369, 0.0410413616398243, 0.04387811127379209, 0.04488469985358712, 0.04319180087847731, 0.043146046852122984, 0.043923865300146414, 0.04337481698389458, 0.045433748169838944, 0.04360358711566618, 0.04259699853587116, 0.04255124450951684, 0.044015373352855054, 0.04410688140556369, 0.04159040995607614, 0.04488469985358712, 0.04456442166910688, 0.0410413616398243, 0.045433748169838944, 0.0436493411420205, 0.039989019033674966, 0.04337481698389458, 0.045937042459736455, 0.04328330893118595, 0.043420571010248904, 0.0446101756954612, 0.043923865300146414, 0.042230966325036604, 0.04287152269399707, 0.04378660322108346, 0.04337481698389458, 0.042825768667642754, 0.04479319180087848, 0.04328330893118595, 0.04470168374816984, 0.044335651537335284, 0.043237554904831624, 0.042322474377745244, 0.04525073206442167, 0.045525256222547585, 0.04337481698389458, 0.040309297218155196, 0.04470168374816984, 0.042825768667642754, 0.043146046852122984, 0.04419838945827233, 0.04680636896046852, 0.04351207906295754, 0.0005547675695461201, 0.0003174185578330893]}