{"time": [521.0, 522.0, 523.0, 524.0, 525.0, 526.0, 527.0, 527.0, 527.0, 527.0, 535.0, 536.0, 536.0, 537.0, 537.0, 537.0, 537.0, 538.0, 538.0, 538.0, 538.0, 538.0, 539.0, 540.0, 540.0, 541.0, 542.0, 543.0, 544.0, 545.0, 546.0, 547.0, 548.0, 549.0, 550.0, 551.0, 552.0, 553.0, 554.0, 555.0, 556.0, 557.0, 557.0, 558.0, 559.0, 560.0, 561.0, 562.0, 563.0, 564.0, 565.0, 566.0, 567.0, 568.0, 569.0, 570.0, 571.0, 572.0, 573.0, 574.0, 575.0, 576.0, 577.0, 578.0, 579.0, 580.0, 581.0, 582.0, 583.0, 584.0, 585.0, 586.0, 587.0, 588.0, 589.0, 590.0, 591.0, 592.0, 593.0, 594.0, 595.0, 596.0, 597.0, 598.0, 599.0, 600.0, 601.0, 602.0, 603.0, 604.0, 605.0, 606.0, 607.0, 608.0, 609.0, 610.0, 611.0, 612.0, 613.0, 614.0, 615.0, 616.0, 616.0, 617.0, 618.0, 619.0, 620.0, 621.0, 622.0, 623.0, 624.0, 625.0, 626.0, 627.0, 628.0, 629.0, 630.0, 631.0, 632.0, 633.0, 634.0, 635.0, 636.0, 637.0, 638.0, 639.0, 640.0, 641.0, 642.0, 643.0, 644.0, 645.0, 646.0, 647.0, 648.0, 649.0, 650.0, 651.0, 652.0, 653.0, 653.0, 653.0, 653.0, 710.0, 711.0, 712.0, 713.0, 714.0, 715.0, 716.0, 717.0, 718.0, 719.0, 720.0, 721.0, 722.0, 723.0, 724.0, 725.0, 726.0, 727.0, 727.0, 728.0, 729.0, 730.0, 731.0, 732.0, 733.0, 734.0, 735.0, 735.0, 735.0, 735.0], "avg_cpu": [0.05950907590759076, 0.012530940594059407, 0.0234375, 0.056518151815181515, 0.018358085808580858, 0.0005591867780528053, 0.0004544399752475248, 0.0008315284653465346, 0.003409911303630363, 2.5783828382838284e-05, 0.32026476578411406, 0.37780040733197556, 0.3940936863543788, 0.3884928716904277, 0.21486761710794297, 0.0, 0.3604887983706721, 0.3986761710794297, 0.3956211812627291, 0.0, 0.0, 0.0017178475660066007, 0.6138613861386139, 0.6914191419141914, 0.6674917491749175, 0.6336633663366337, 0.6039603960396039, 0.6212871287128713, 0.5643564356435643, 0.5495049504950495, 0.5833333333333334, 0.5775577557755776, 0.5668316831683168, 0.5866336633663366, 0.5486798679867987, 0.5618811881188119, 0.5536303630363036, 0.566006600660066, 0.5387788778877888, 0.5536303630363036, 0.5874587458745875, 0.6031353135313532, 0.5602310231023102, 0.5371287128712872, 0.5453795379537953, 0.5767326732673267, 0.5313531353135313, 0.5222772277227723, 0.5561056105610561, 0.5602310231023102, 0.5783828382838284, 0.6039603960396039, 0.6039603960396039, 0.5643564356435643, 0.6089108910891089, 0.613036303630363, 0.5981848184818482, 0.5354785478547854, 0.5948844884488449, 0.5684818481848185, 0.6039603960396039, 0.6122112211221122, 0.6179867986798679, 0.5668316831683168, 0.6023102310231023, 0.608085808580858, 0.5907590759075908, 0.5981848184818482, 0.584983498349835, 0.5767326732673267, 0.5775577557755776, 0.5932343234323433, 0.5981848184818482, 0.5750825082508251, 0.5792079207920792, 0.5684818481848185, 0.566006600660066, 0.5717821782178217, 0.6014851485148515, 0.5907590759075908, 0.5833333333333334, 0.5775577557755776, 0.5536303630363036, 0.6221122112211221, 0.5651815181518152, 0.5651815181518152, 0.5750825082508251, 0.5792079207920792, 0.5924092409240924, 0.6039603960396039, 0.6089108910891089, 0.5973597359735974, 0.5453795379537953, 0.570957095709571, 0.5404290429042904, 0.570957095709571, 0.5363036303630363, 0.5462046204620462, 0.5858085808580858, 0.5734323432343235, 0.5561056105610561, 0.5618811881188119, 0.6295379537953796, 0.6196369636963697, 0.6229372937293729, 0.6262376237623762, 0.5998349834983498, 0.6039603960396039, 0.5932343234323433, 0.6443894389438944, 0.6386138613861386, 0.6460396039603961, 0.6386138613861386, 0.6501650165016502, 0.6138613861386139, 0.5998349834983498, 0.5833333333333334, 0.5899339933993399, 0.6476897689768977, 0.6204620462046204, 0.641914191419142, 0.6402640264026402, 0.6097359735973598, 0.6724422442244224, 0.6683168316831684, 0.6617161716171617, 0.6518151815181518, 0.6526402640264026, 0.6625412541254125, 0.665016501650165, 0.6617161716171617, 0.6592409240924092, 0.6757425742574258, 0.6658415841584159, 0.6600660066006601, 0.6674917491749175, 0.6641914191419142, 0.6592409240924092, 0.6608910891089109, 0.6897689768976898, 0.6584158415841584, 0.0, 0.0, 0.3316831683168317, 0.5643564356435643, 0.5478547854785478, 0.5610561056105611, 0.5726072607260726, 0.5495049504950495, 0.5594059405940595, 0.556930693069307, 0.5462046204620462, 0.5594059405940595, 0.5420792079207921, 0.5462046204620462, 0.5627062706270627, 0.5511551155115512, 0.5462046204620462, 0.5453795379537953, 0.5338283828382838, 0.5907590759075908, 0.5577557755775577, 0.5528052805280528, 0.5610561056105611, 0.5816831683168316, 0.5437293729372937, 0.5453795379537953, 0.5610561056105611, 0.10076320132013201, 0.0005720786922442245, 0.0009765625, 0.0028201062293729375, 0.0],