{"time": [3990.0, 3991.0, 3992.0, 3992.0, 3993.0, 3993.0, 3994.0, 3995.0, 3996.0, 3997.0, 3998.0, 3999.0, 4000.0, 4001.0, 4002.0, 4003.0, 4004.0, 4005.0, 4006.0, 4007.0, 4008.0, 4009.0, 4010.0, 4011.0, 4012.0, 4013.0, 4014.0, 4015.0, 4016.0, 4017.0, 4018.0, 4019.0, 4020.0, 4021.0, 4022.0, 4023.0, 4024.0, 4025.0, 4026.0, 4027.0, 4028.0, 4029.0, 4030.0, 4031.0, 4032.0, 4033.0, 4034.0, 4035.0, 4036.0, 4036.0, 4036.0, 4036.0], "avg_cpu": [0.0002868450907590759, 0.2887788778877888, 0.6006600660066007, 0.5882838283828383, 0.5552805280528053, 0.5792079207920792, 0.584983498349835, 0.5899339933993399, 0.5948844884488449, 0.6245874587458746, 0.570957095709571, 0.5668316831683168, 0.5594059405940595, 0.5437293729372937, 0.5528052805280528, 0.5503300330033003, 0.5420792079207921, 0.566006600660066, 0.5627062706270627, 0.5453795379537953, 0.5462046204620462, 0.5478547854785478, 0.5462046204620462, 0.5552805280528053, 0.5396039603960396, 0.5379537953795379, 0.5387788778877888, 0.5511551155115512, 0.5528052805280528, 0.5363036303630363, 0.5643564356435643, 0.5693069306930693, 0.5544554455445545, 0.5668316831683168, 0.5684818481848185, 0.5734323432343235, 0.5684818481848185, 0.6031353135313532, 0.5932343234323433, 0.6221122112211221, 0.6344884488448845, 0.6122112211221122, 0.6155115511551155, 0.6287128712871287, 0.5932343234323433, 0.6097359735973598, 0.636963696369637, 0.14521452145214522, 0.000307794451320132, 0.00043349061468646863, 0.0, 0.0008669812293729373], "avg_mem": [0.005198801244509517, 0.024661420204978038, 0.04470168374816984, 0.04136163982430454, 0.047309663250366035, 0.04470168374816984, 0.045433748169838944, 0.04497620790629575, 0.04278001464128843, 0.044930453879941434, 0.04387811127379209, 0.043329062957540264, 0.043146046852122984, 0.0424597364568082, 0.0424597364568082, 0.04346632503660322, 0.04337481698389458, 0.04447291361639824, 0.048224743777452415, 0.045937042459736455, 0.04177342606149341, 0.043237554904831624, 0.043923865300146414, 0.04387811127379209, 0.044518667642752564, 0.04438140556368961, 0.04204795021961932, 0.04319180087847731, 0.04497620790629575, 0.045342240117130304, 0.045113469985358715, 0.044838945827232794, 0.04355783308931186, 0.04529648609077599, 0.047309663250366035, 0.0436493411420205, 0.04360358711566618, 0.04740117130307467, 0.04625732064421669, 0.043923865300146414, 0.0446101756954612, 0.042734260614934114, 0.042322474377745244, 0.043832357247437774, 0.04438140556368961, 0.042322474377745244, 0.03678623718887262, 0.019651354319180088, 0.013794838945827233, 0.011541453147877013, 0.011541453147877013, 0.00028310303806734993]}