{"time": [569.0, 570.0, 571.0, 571.0, 572.0, 572.0, 572.0, 591.0, 592.0, 593.0, 594.0, 595.0, 595.0, 595.0, 595.0, 595.0, 596.0, 597.0, 598.0, 599.0, 600.0, 601.0, 602.0, 603.0, 604.0, 605.0, 606.0, 607.0, 608.0, 609.0, 610.0, 611.0, 612.0, 613.0, 614.0, 615.0, 616.0, 616.0, 617.0, 618.0, 619.0, 620.0, 621.0, 622.0, 623.0, 624.0, 625.0, 626.0, 627.0, 628.0, 629.0, 630.0, 631.0, 632.0, 633.0, 634.0, 635.0, 636.0, 637.0, 638.0, 639.0, 640.0, 641.0, 642.0, 643.0, 644.0, 645.0, 646.0, 647.0, 648.0, 649.0, 650.0, 651.0, 652.0, 653.0, 653.0, 653.0, 653.0], "avg_cpu": [0.6963696369636964, 0.9191419141914191, 0.8745874587458746, 0.8061056105610561, 1.0115511551155116, 0.00016276041666666666, 0.0, 0.22509765625, 0.27197265625, 0.2568359375, 0.263671875, 0.26708984375, 0.2568359375, 0.0, 0.0, 0.4735973597359736, 0.7508250825082509, 0.7318481848184818, 0.6443894389438944, 0.5841584158415841, 0.6039603960396039, 0.5899339933993399, 0.5998349834983498, 0.584983498349835, 0.5717821782178217, 0.5957095709570958, 0.5717821782178217, 0.5825082508250825, 0.5957095709570958, 0.5676567656765676, 0.570957095709571, 0.58003300330033, 0.5915841584158416, 0.6122112211221122, 0.5816831683168316, 0.6097359735973598, 0.6608910891089109, 0.6518151815181518, 0.6229372937293729, 0.6171617161716172, 0.6328382838283828, 0.6542904290429042, 0.6237623762376238, 0.6295379537953796, 0.6600660066006601, 0.6452145214521452, 0.6641914191419142, 0.6534653465346535, 0.6196369636963697, 0.6179867986798679, 0.6320132013201321, 0.6311881188118812, 0.6666666666666666, 0.6402640264026402, 0.6691419141914191, 0.6402640264026402, 0.650990099009901, 0.6377887788778878, 0.6212871287128713, 0.650990099009901, 0.6328382838283828, 0.6229372937293729, 0.6295379537953796, 0.6221122112211221, 0.6171617161716172, 0.6666666666666666, 0.6427392739273927, 0.6435643564356436, 0.6476897689768977, 0.6229372937293729, 0.6732673267326733, 0.6270627062706271, 0.6328382838283828, 0.6311881188118812, 0.6163366336633663, 0.6963696369636964, 0.0008669812293729373, 0.0], "avg_mem": [0.0739385065885798, 0.09571742313323572, 0.09443631039531479, 0.09937774524158126, 0.06616032210834553, 0.002362051610541728, 0.0004346632503660322, 0.023162841796875, 0.03033447265625, 0.029266357421875, 0.02960205078125, 0.027862548828125, 0.030059814453125, 0.0004558563232421875, 0.000244140625, 0.025896778916544655, 0.04776720351390922, 0.04804172767203514, 0.046211566617862375, 0.04634882869692533, 0.04351207906295754, 0.044930453879941434, 0.04310029282576867, 0.042917276720351394, 0.04607430453879941, 0.043832357247437774, 0.044335651537335284, 0.04547950219619327, 0.04355783308931186, 0.04278001464128843, 0.04209370424597365, 0.044244143484626644, 0.04369509516837482, 0.04300878477306003, 0.04438140556368961, 0.045021961932650074, 0.04319180087847731, 0.043740849194729134, 0.044838945827232794, 0.044518667642752564, 0.042734260614934114, 0.046531844802342605, 0.046714860907759885, 0.04387811127379209, 0.04657759882869693, 0.043420571010248904, 0.0426885065885798, 0.04456442166910688, 0.04310029282576867, 0.04236822840409956, 0.04406112737920937, 0.043237554904831624, 0.044335651537335284, 0.04378660322108346, 0.047126647144948755, 0.04186493411420205, 0.04355783308931186, 0.04346632503660322, 0.044015373352855054, 0.04447291361639824, 0.04506771595900439, 0.04387811127379209, 0.042917276720351394, 0.04740117130307467, 0.04506771595900439, 0.04410688140556369, 0.047218155197657395, 0.04657759882869693, 0.043420571010248904, 0.043237554904831624, 0.04415263543191801, 0.043923865300146414, 0.04515922401171303, 0.04191068814055637, 0.04895680819912152, 0.04868228404099561, 0.0014727077232796486, 0.0006376967423133235]}