{"time": [1718.0, 1719.0, 1719.0, 1719.0, 1719.0, 1719.0, 1720.0, 1720.0, 1721.0, 1722.0, 1722.0, 1723.0, 1724.0, 1724.0, 1725.0, 1726.0, 1727.0, 1728.0, 1728.0, 1729.0, 1730.0, 1731.0, 1732.0, 1732.0, 1733.0, 1734.0, 1735.0, 1736.0, 1737.0, 1738.0, 1738.0, 1739.0, 1740.0, 1741.0, 1742.0, 1743.0, 1744.0, 1745.0, 1746.0, 1747.0, 1748.0, 1749.0, 1750.0, 1751.0, 1752.0, 1753.0, 1754.0, 1755.0, 1756.0, 1757.0, 1758.0, 1759.0, 1760.0, 1761.0, 1762.0, 1763.0, 1764.0, 1765.0, 1766.0, 1767.0, 1768.0, 1769.0, 1770.0, 1771.0, 1772.0, 1773.0, 1774.0, 1775.0, 1776.0, 1777.0, 1778.0, 1779.0, 1780.0, 1781.0, 1782.0, 1783.0, 1784.0, 1785.0, 1786.0, 1787.0, 1788.0, 1789.0, 1790.0, 1791.0, 1792.0, 1793.0, 1794.0, 1795.0, 1796.0, 1797.0, 1798.0, 1799.0, 1800.0, 1800.0, 1800.0], "avg_cpu": [0.1674917491749175, 0.320957095709571, 0.3523102310231023, 0.3617986798679868, 0.36716171617161714, 0.3659240924092409, 0.34364686468646866, 0.39851485148514854, 0.4315181518151815, 0.37995049504950495, 0.43646864686468645, 0.4521452145214521, 0.4240924092409241, 0.4372937293729373, 0.452970297029703, 0.4777227722772277, 0.5165016501650165, 0.47854785478547857, 0.584983498349835, 0.5165016501650165, 0.5775577557755776, 0.5899339933993399, 0.570957095709571, 0.6031353135313532, 0.5767326732673267, 0.5816831683168316, 0.5907590759075908, 0.566006600660066, 0.5544554455445545, 0.5470297029702971, 0.6295379537953796, 0.6006600660066007, 0.5825082508250825, 0.5825082508250825, 0.5717821782178217, 0.5701320132013201, 0.5874587458745875, 0.5693069306930693, 0.6452145214521452, 0.6427392739273927, 0.6353135313531353, 0.5858085808580858, 0.58003300330033, 0.6196369636963697, 0.5907590759075908, 0.5882838283828383, 0.6485148514851485, 0.6303630363036303, 0.5635313531353136, 0.5635313531353136, 0.6336633663366337, 0.6344884488448845, 0.5907590759075908, 0.6105610561056105, 0.6237623762376238, 0.6155115511551155, 0.6237623762376238, 0.5899339933993399, 0.6146864686468647, 0.5750825082508251, 0.599009900990099, 0.5915841584158416, 0.5552805280528053, 0.5932343234323433, 0.6188118811881188, 0.6138613861386139, 0.5643564356435643, 0.5866336633663366, 0.5882838283828383, 0.6254125412541254, 0.6542904290429042, 0.6221122112211221, 0.5742574257425742, 0.5585808580858086, 0.5734323432343235, 0.5742574257425742, 0.5915841584158416, 0.5924092409240924, 0.6006600660066007, 0.5651815181518152, 0.6039603960396039, 0.6155115511551155, 0.584983498349835, 0.566006600660066, 0.594059405940594, 0.5775577557755776, 0.5750825082508251, 0.6089108910891089, 0.5924092409240924, 0.594059405940594, 0.5924092409240924, 0.636963696369637, 0.2838283828382838, 0.0, 0.004989170792079208], "avg_mem": [0.008052708638360176, 0.008899158125915081, 0.008121339677891654, 0.00841874084919473, 0.008498810395314787, 0.008567441434846267, 0.00886484260614934, 0.008464494875549048, 0.008681826500732064, 0.008567441434846267, 0.008521687408491947, 0.008761896046852123, 0.008624633967789166, 0.008841965592972182, 0.008784773060029283, 0.008739019033674963, 0.008761896046852123, 0.008636072474377745, 0.008761896046852123, 0.009036420204978038, 0.00886484260614934, 0.00893347364568082, 0.0088877196193265, 0.008681826500732064, 0.008681826500732064, 0.008841965592972182, 0.008693265007320644, 0.008681826500732064, 0.009002104685212299, 0.009059297218155198, 0.008876281112737921, 0.008761896046852123, 0.009185120790629575, 0.008761896046852123, 0.008830527086383601, 0.0088877196193265, 0.008578879941434846, 0.008716142020497804, 0.008750457540263544, 0.00893347364568082, 0.008750457540263544, 0.008647510980966324, 0.008704703513909224, 0.00886484260614934, 0.008727580527086384, 0.008841965592972182, 0.008681826500732064, 0.008796211566617862, 0.008807650073206443, 0.008693265007320644, 0.008876281112737921, 0.008841965592972182, 0.008716142020497804, 0.008853404099560761, 0.00892203513909224, 0.008670387994143484, 0.008841965592972182, 0.008739019033674963, 0.008716142020497804, 0.008807650073206443, 0.009116489751098097, 0.008784773060029283, 0.008624633967789166, 0.008750457540263544, 0.0089449121522694, 0.008841965592972182, 0.008796211566617862, 0.008750457540263544, 0.008796211566617862, 0.008830527086383601, 0.008956350658857979, 0.008830527086383601, 0.008841965592972182, 0.0089449121522694, 0.008693265007320644, 0.00893347364568082, 0.008761896046852123, 0.008899158125915081, 0.008853404099560761, 0.008624633967789166, 0.008704703513909224, 0.00899066617862372, 0.008670387994143484, 0.008899158125915081, 0.00893347364568082, 0.008761896046852123, 0.008658949487554905, 0.008750457540263544, 0.008807650073206443, 0.008590318448023425, 0.008761896046852123, 0.0088877196193265, 0.007743868960468522, 0.0067372803806735, 8.292917276720352e-05]}