{"time": [1718.0, 1719.0, 1719.0, 1719.0, 1719.0, 1720.0, 1720.0, 1720.0, 1721.0, 1722.0, 1723.0, 1723.0, 1724.0, 1724.0, 1725.0, 1726.0, 1727.0, 1728.0, 1729.0, 1729.0, 1730.0, 1731.0, 1732.0, 1733.0, 1734.0, 1734.0, 1735.0, 1736.0, 1737.0, 1738.0, 1739.0, 1739.0, 1740.0, 1741.0, 1742.0, 1743.0, 1744.0, 1745.0, 1746.0, 1747.0, 1748.0, 1749.0, 1750.0, 1751.0, 1752.0, 1753.0, 1754.0, 1755.0, 1756.0, 1757.0, 1758.0, 1759.0, 1760.0, 1761.0, 1762.0, 1763.0, 1764.0, 1765.0, 1766.0, 1767.0, 1768.0, 1769.0, 1770.0, 1771.0, 1772.0, 1773.0, 1774.0, 1775.0, 1776.0, 1777.0, 1778.0, 1779.0, 1780.0, 1781.0, 1782.0, 1783.0, 1784.0, 1785.0, 1786.0, 1787.0, 1788.0, 1789.0, 1790.0, 1791.0, 1792.0, 1793.0, 1794.0, 1795.0, 1796.0, 1797.0, 1798.0, 1799.0, 1800.0, 1800.0, 1800.0], "avg_cpu": [0.07013201320132013, 0.2693894389438944, 0.22153465346534654, 0.2599009900990099, 0.20771452145214522, 0.20255775577557755, 0.26526402640264024, 0.3523102310231023, 0.3386963696369637, 0.34034653465346537, 0.3795379537953795, 0.48514851485148514, 0.41171617161716173, 0.3997524752475248, 0.4203795379537954, 0.4315181518151815, 0.44471947194719474, 0.4067656765676568, 0.4240924092409241, 0.5239273927392739, 0.5222772277227723, 0.5618811881188119, 0.6518151815181518, 0.5635313531353136, 0.6270627062706271, 0.6443894389438944, 0.5354785478547854, 0.5371287128712872, 0.599009900990099, 0.5511551155115512, 0.6155115511551155, 0.6138613861386139, 0.5907590759075908, 0.5701320132013201, 0.6047854785478548, 0.5750825082508251, 0.5825082508250825, 0.5882838283828383, 0.5924092409240924, 0.6014851485148515, 0.6237623762376238, 0.6146864686468647, 0.5783828382838284, 0.5816831683168316, 0.5981848184818482, 0.6146864686468647, 0.5676567656765676, 0.6270627062706271, 0.6138613861386139, 0.5750825082508251, 0.5907590759075908, 0.6138613861386139, 0.5750825082508251, 0.5932343234323433, 0.6031353135313532, 0.6188118811881188, 0.5594059405940595, 0.594059405940594, 0.5882838283828383, 0.6014851485148515, 0.5742574257425742, 0.5742574257425742, 0.6006600660066007, 0.584983498349835, 0.5701320132013201, 0.5651815181518152, 0.570957095709571, 0.6006600660066007, 0.5816831683168316, 0.6278877887788779, 0.5981848184818482, 0.570957095709571, 0.650990099009901, 0.5841584158415841, 0.608085808580858, 0.6188118811881188, 0.636963696369637, 0.6039603960396039, 0.6105610561056105, 0.6575907590759076, 0.5808580858085809, 0.6278877887788779, 0.6485148514851485, 0.6344884488448845, 0.6179867986798679, 0.6287128712871287, 0.66996699669967, 0.6245874587458746, 0.599009900990099, 0.5602310231023102, 0.6254125412541254, 0.6600660066006601, 0.29661716171617164, 0.000578524649339934, 0.0017339624587458745], "avg_mem": [0.0061767935578330895, 0.009265190336749635, 0.008796211566617862, 0.00836154831625183, 0.008567441434846267, 0.00831579428989751, 0.008636072474377745, 0.008979227672035139, 0.009013543191800878, 0.008704703513909224, 0.008761896046852123, 0.008979227672035139, 0.009013543191800878, 0.00893347364568082, 0.00893347364568082, 0.008807650073206443, 0.008761896046852123, 0.009345259882869692, 0.008578879941434846, 0.008716142020497804, 0.008979227672035139, 0.008899158125915081, 0.009036420204978038, 0.008841965592972182, 0.009173682284040996, 0.0089449121522694, 0.009013543191800878, 0.0088877196193265, 0.008796211566617862, 0.0088877196193265, 0.008658949487554905, 0.0088877196193265, 0.008784773060029283, 0.008796211566617862, 0.008739019033674963, 0.0089449121522694, 0.008716142020497804, 0.008784773060029283, 0.0088877196193265, 0.008693265007320644, 0.008853404099560761, 0.00891059663250366, 0.00896778916544656, 0.008624633967789166, 0.008704703513909224, 0.0088877196193265, 0.008784773060029283, 0.008796211566617862, 0.009059297218155198, 0.00948252196193265, 0.008658949487554905, 0.008876281112737921, 0.008761896046852123, 0.008841965592972182, 0.00886484260614934, 0.009105051244509516, 0.009002104685212299, 0.00899066617862372, 0.008876281112737921, 0.009093612737920937, 0.008670387994143484, 0.008830527086383601, 0.008899158125915081, 0.008819088579795022, 0.00899066617862372, 0.008876281112737921, 0.00899066617862372, 0.00893347364568082, 0.008750457540263544, 0.008841965592972182, 0.008819088579795022, 0.008876281112737921, 0.009013543191800878, 0.010477672035139092, 0.00892203513909224, 0.00892203513909224, 0.008899158125915081, 0.009127928257686676, 0.009070735724743777, 0.009059297218155198, 0.008807650073206443, 0.008899158125915081, 0.008819088579795022, 0.0088877196193265, 0.00891059663250366, 0.009002104685212299, 0.008716142020497804, 0.008841965592972182, 0.008841965592972182, 0.00893347364568082, 0.00886484260614934, 0.008956350658857979, 0.007778184480234261, 0.007023243045387994, 8.292917276720352e-05]}