{"time": [590.0, 591.0, 592.0, 593.0, 594.0, 595.0, 596.0, 597.0, 598.0, 599.0, 600.0, 601.0, 602.0, 603.0, 604.0, 605.0, 606.0, 607.0, 608.0, 609.0, 610.0, 611.0, 612.0, 613.0, 614.0, 615.0, 616.0, 616.0, 617.0, 618.0, 619.0, 620.0, 621.0, 622.0, 623.0, 624.0, 625.0, 626.0, 627.0, 628.0, 629.0, 630.0, 631.0, 632.0, 633.0, 634.0, 635.0, 636.0, 637.0, 638.0, 639.0, 640.0, 641.0, 642.0, 643.0, 644.0, 645.0, 646.0, 647.0, 648.0, 649.0, 650.0, 651.0, 652.0, 653.0, 653.0, 653.0, 653.0], "avg_cpu": [0.0037386551155115513, 0.7920792079207921, 0.834983498349835, 0.7681518151815182, 0.6897689768976898, 0.5932343234323433, 0.6386138613861386, 0.6567656765676567, 0.608085808580858, 0.608085808580858, 0.6122112211221122, 0.5841584158415841, 0.5808580858085809, 0.5684818481848185, 0.5891089108910891, 0.5676567656765676, 0.5610561056105611, 0.566006600660066, 0.5651815181518152, 0.5907590759075908, 0.5701320132013201, 0.5750825082508251, 0.6196369636963697, 0.6014851485148515, 0.599009900990099, 0.6105610561056105, 0.5594059405940595, 0.6757425742574258, 0.6526402640264026, 0.6567656765676567, 0.6658415841584159, 0.6600660066006601, 0.655940594059406, 0.6485148514851485, 0.6740924092409241, 0.6575907590759076, 0.6468646864686468, 0.636963696369637, 0.6278877887788779, 0.6361386138613861, 0.6542904290429042, 0.6394389438943895, 0.650990099009901, 0.6691419141914191, 0.6386138613861386, 0.679042904290429, 0.6757425742574258, 0.6600660066006601, 0.655940594059406, 0.6501650165016502, 0.6641914191419142, 0.6567656765676567, 0.6584158415841584, 0.6476897689768977, 0.6584158415841584, 0.6600660066006601, 0.6674917491749175, 0.6320132013201321, 0.6460396039603961, 0.6551155115511551, 0.6344884488448845, 0.6287128712871287, 0.6229372937293729, 0.6245874587458746, 0.6691419141914191, 0.6361386138613861, 0.0004818352929042904, 0.0], "avg_mem": [0.004701226207906296, 0.040904099560761346, 0.04570827232796486, 0.04319180087847731, 0.042825768667642754, 0.04360358711566618, 0.04108711566617863, 0.04255124450951684, 0.04287152269399707, 0.042825768667642754, 0.0424597364568082, 0.04172767203513909, 0.04159040995607614, 0.04200219619326501, 0.042230966325036604, 0.044335651537335284, 0.043923865300146414, 0.04255124450951684, 0.04259699853587116, 0.04296303074670571, 0.03902818448023426, 0.04310029282576867, 0.04305453879941435, 0.04566251830161054, 0.0414989019033675, 0.04369509516837482, 0.04634882869692533, 0.043237554904831624, 0.04227672035139092, 0.044335651537335284, 0.043237554904831624, 0.04474743777452416, 0.04497620790629575, 0.044335651537335284, 0.04447291361639824, 0.042642752562225474, 0.04328330893118595, 0.042825768667642754, 0.04172767203513909, 0.04259699853587116, 0.04346632503660322, 0.04415263543191801, 0.04319180087847731, 0.0436493411420205, 0.04378660322108346, 0.04474743777452416, 0.044838945827232794, 0.046623352855051245, 0.046120058565153735, 0.04428989751098097, 0.04346632503660322, 0.04369509516837482, 0.04447291361639824, 0.046028550512445095, 0.04346632503660322, 0.04346632503660322, 0.04300878477306003, 0.04287152269399707, 0.042230966325036604, 0.04387811127379209, 0.044015373352855054, 0.043146046852122984, 0.04694363103953148, 0.04218521229868229, 0.047035139092240115, 0.0479502196193265, 0.0006863103953147877, 0.00032599743777452417]}