{"time": [1718.0, 1719.0, 1719.0, 1719.0, 1719.0, 1719.0, 1720.0, 1720.0, 1721.0, 1722.0, 1723.0, 1723.0, 1724.0, 1724.0, 1725.0, 1726.0, 1727.0, 1728.0, 1729.0, 1729.0, 1730.0, 1731.0, 1732.0, 1733.0, 1734.0, 1735.0, 1736.0, 1736.0, 1737.0, 1738.0, 1739.0, 1740.0, 1740.0, 1741.0, 1742.0, 1743.0, 1744.0, 1745.0, 1746.0, 1747.0, 1748.0, 1749.0, 1750.0, 1751.0, 1752.0, 1753.0, 1754.0, 1755.0, 1756.0, 1757.0, 1758.0, 1759.0, 1760.0, 1761.0, 1762.0, 1763.0, 1764.0, 1765.0, 1766.0, 1767.0, 1768.0, 1769.0, 1770.0, 1771.0, 1772.0, 1773.0, 1774.0, 1775.0, 1776.0, 1777.0, 1778.0, 1779.0, 1780.0, 1781.0, 1782.0, 1783.0, 1784.0, 1785.0, 1786.0, 1787.0, 1788.0, 1789.0, 1790.0, 1791.0, 1792.0, 1793.0, 1794.0, 1795.0, 1796.0, 1797.0, 1798.0, 1799.0, 1800.0, 1800.0, 1800.0, 1800.0], "avg_cpu": [0.16728547854785478, 0.23473597359735973, 0.24133663366336633, 0.28217821782178215, 0.3518976897689769, 0.3725247524752475, 0.36303630363036304, 0.37458745874587457, 0.35354785478547857, 0.36716171617161714, 0.42326732673267325, 0.4834983498349835, 0.44636963696369636, 0.5156765676567657, 0.5057755775577558, 0.4381188118811881, 0.4867986798679868, 0.5445544554455446, 0.518976897689769, 0.5808580858085809, 0.5866336633663366, 0.5198019801980198, 0.5404290429042904, 0.5602310231023102, 0.5577557755775577, 0.5684818481848185, 0.5882838283828383, 0.6773927392739274, 0.6155115511551155, 0.6361386138613861, 0.6047854785478548, 0.6146864686468647, 0.6113861386138614, 0.6377887788778878, 0.6262376237623762, 0.6460396039603961, 0.6270627062706271, 0.5899339933993399, 0.6567656765676567, 0.5891089108910891, 0.6014851485148515, 0.5924092409240924, 0.641914191419142, 0.6320132013201321, 0.6856435643564357, 0.6856435643564357, 0.6955445544554455, 0.6089108910891089, 0.6526402640264026, 0.6361386138613861, 0.6749174917491749, 0.7136963696369637, 0.7062706270627063, 0.6914191419141914, 0.6732673267326733, 0.6452145214521452, 0.6551155115511551, 0.599009900990099, 0.6542904290429042, 0.6138613861386139, 0.6278877887788779, 0.6163366336633663, 0.6113861386138614, 0.6072607260726073, 0.6254125412541254, 0.6542904290429042, 0.6278877887788779, 0.5998349834983498, 0.6221122112211221, 0.6757425742574258, 0.6361386138613861, 0.6105610561056105, 0.5816831683168316, 0.6064356435643564, 0.6245874587458746, 0.6122112211221122, 0.6072607260726073, 0.5932343234323433, 0.5816831683168316, 0.6361386138613861, 0.6303630363036303, 0.6188118811881188, 0.5750825082508251, 0.5503300330033003, 0.5528052805280528, 0.5470297029702971, 0.5511551155115512, 0.5503300330033003, 0.556930693069307, 0.5470297029702971, 0.5470297029702971, 0.5594059405940595, 0.2545379537953795, 0.0008669812293729373, 0.0008669812293729373, 0.0008669812293729373], "avg_mem": [0.008132778184480233, 0.008853404099560761, 0.008224286237188872, 0.008132778184480233, 0.008510248901903368, 0.008498810395314787, 0.008613195461200585, 0.008670387994143484, 0.008498810395314787, 0.0088877196193265, 0.008567441434846267, 0.008658949487554905, 0.009024981698389459, 0.008716142020497804, 0.008658949487554905, 0.008636072474377745, 0.008670387994143484, 0.008624633967789166, 0.00891059663250366, 0.008624633967789166, 0.008796211566617862, 0.008624633967789166, 0.008636072474377745, 0.008636072474377745, 0.008681826500732064, 0.008704703513909224, 0.008899158125915081, 0.008773334553440702, 0.008784773060029283, 0.008807650073206443, 0.008681826500732064, 0.009013543191800878, 0.008567441434846267, 0.008716142020497804, 0.008658949487554905, 0.008830527086383601, 0.008693265007320644, 0.008716142020497804, 0.008773334553440702, 0.008704703513909224, 0.009024981698389459, 0.00886484260614934, 0.008636072474377745, 0.008750457540263544, 0.00886484260614934, 0.008807650073206443, 0.008670387994143484, 0.008716142020497804, 0.008796211566617862, 0.008841965592972182, 0.008773334553440702, 0.008716142020497804, 0.00893347364568082, 0.008830527086383601, 0.008830527086383601, 0.008739019033674963, 0.008807650073206443, 0.008773334553440702, 0.008841965592972182, 0.008670387994143484, 0.008773334553440702, 0.008716142020497804, 0.008636072474377745, 0.008704703513909224, 0.008739019033674963, 0.008567441434846267, 0.008681826500732064, 0.008693265007320644, 0.008727580527086384, 0.008819088579795022, 0.008819088579795022, 0.008716142020497804, 0.008704703513909224, 0.008647510980966324, 0.008727580527086384, 0.008784773060029283, 0.008796211566617862, 0.008819088579795022, 0.009871431185944362, 0.008693265007320644, 0.008647510980966324, 0.00886484260614934, 0.008761896046852123, 0.008784773060029283, 0.008853404099560761, 0.008956350658857979, 0.008773334553440702, 0.008739019033674963, 0.009745607613469985, 0.008727580527086384, 0.008807650073206443, 0.008773334553440702, 0.007961200585651538, 0.007503660322108346, 8.006954612005857e-05, 6.0052159590043926e-05]}