{"time": [6360.0, 6361.0, 6362.0, 6362.0, 6363.0, 6364.0, 6365.0, 6366.0, 6367.0, 6368.0, 6369.0, 6370.0, 6371.0, 6372.0, 6373.0, 6374.0, 6375.0, 6376.0, 6377.0, 6378.0, 6379.0, 6380.0, 6381.0, 6382.0, 6383.0, 6384.0, 6385.0, 6386.0, 6387.0, 6388.0, 6389.0, 6390.0, 6391.0, 6392.0, 6393.0, 6394.0, 6395.0, 6396.0, 6397.0, 6398.0, 6399.0, 6400.0, 6401.0, 6402.0, 6403.0, 6404.0, 6405.0, 6406.0, 6407.0, 6408.0, 6409.0, 6410.0, 6411.0, 6412.0, 6413.0, 6414.0, 6415.0, 6416.0, 6417.0, 6418.0, 6419.0, 6420.0, 6421.0, 6422.0, 6423.0, 6424.0, 6425.0, 6426.0, 6427.0, 6428.0, 6429.0, 6430.0, 6431.0, 6432.0, 6433.0, 6434.0, 6435.0, 6436.0, 6437.0, 6438.0, 6439.0, 6440.0, 6441.0, 6442.0, 6443.0, 6444.0, 6445.0, 6446.0, 6447.0, 6448.0, 6449.0, 6450.0, 6451.0, 6452.0, 6453.0, 6454.0, 6455.0, 6456.0, 6457.0, 6458.0, 6459.0, 6460.0, 6461.0, 6462.0, 6463.0, 6464.0, 6465.0, 6466.0, 6467.0, 6468.0, 6469.0, 6470.0, 6471.0, 6472.0, 6473.0, 6474.0, 6475.0, 6476.0, 6477.0, 6478.0, 6479.0, 6480.0, 6481.0, 6482.0, 6483.0, 6484.0, 6485.0, 6486.0, 6487.0, 6488.0, 6489.0, 6490.0, 6491.0, 6492.0, 6493.0, 6494.0, 6495.0, 6496.0, 6497.0, 6498.0, 6499.0, 6499.0, 6500.0, 6501.0, 6502.0, 6503.0, 6504.0, 6505.0, 6506.0, 6507.0, 6508.0, 6509.0, 6510.0, 6511.0, 6512.0, 6513.0, 6514.0, 6515.0, 6516.0, 6517.0, 6518.0, 6519.0, 6520.0, 6521.0, 6522.0, 6523.0, 6524.0, 6525.0, 6526.0, 6527.0, 6528.0, 6529.0, 6530.0, 6531.0, 6532.0, 6533.0, 6534.0, 6535.0, 6536.0, 6537.0, 6538.0, 6539.0, 6540.0, 6541.0, 6542.0, 6543.0, 6544.0, 6545.0, 6546.0, 6547.0, 6548.0, 6549.0, 6550.0, 6551.0, 6552.0, 6553.0, 6554.0, 6555.0, 6556.0, 6557.0, 6558.0, 6559.0, 6560.0, 6561.0, 6562.0, 6563.0, 6564.0, 6565.0, 6566.0, 6567.0, 6568.0, 6569.0, 6570.0, 6571.0, 6572.0, 6573.0, 6574.0, 6575.0, 6576.0, 6577.0, 6578.0, 6579.0, 6580.0, 6581.0, 6582.0, 6583.0, 6584.0, 6585.0, 6586.0, 6587.0, 6588.0, 6589.0, 6590.0, 6591.0, 6592.0, 6593.0, 6594.0, 6595.0, 6596.0, 6597.0, 6598.0, 6599.0, 6600.0, 6601.0, 6602.0, 6603.0, 6604.0, 6605.0, 6606.0, 6607.0, 6608.0, 6609.0, 6610.0, 6611.0, 6612.0, 6613.0, 6614.0, 6615.0, 6616.0, 6617.0, 6618.0, 6619.0, 6620.0, 6621.0, 6622.0, 6623.0, 6624.0, 6625.0, 6626.0, 6627.0, 6628.0, 6629.0, 6630.0, 6631.0, 6632.0, 6633.0, 6634.0, 6635.0, 6636.0, 6637.0, 6638.0, 6639.0, 6640.0, 6641.0, 6642.0, 6643.0, 6644.0, 6645.0, 6646.0, 6647.0, 6648.0, 6648.0], "avg_cpu": [0.0018886654290429044, 0.18626237623762376, 0.6105610561056105, 0.6204620462046204, 0.6237623762376238, 0.6361386138613861, 0.66996699669967, 0.655940594059406, 0.683993399339934, 0.6485148514851485, 0.6806930693069307, 0.6922442244224423, 0.693069306930693, 0.6996699669966997, 0.6757425742574258, 0.6617161716171617, 0.6716171617161716, 0.6798679867986799, 0.683993399339934, 0.6815181518151815, 0.6641914191419142, 0.6823432343234324, 0.5726072607260726, 0.4867986798679868, 0.30734323432343236, 0.38985148514851486, 0.44636963696369636, 0.3316831683168317, 0.5536303630363036, 0.5082508250825083, 0.452970297029703, 0.5420792079207921, 0.5973597359735974, 0.5148514851485149, 0.5148514851485149, 0.4777227722772277, 0.19245049504950495, 0.22194719471947194, 0.5445544554455446, 0.6534653465346535, 0.6823432343234324, 0.6914191419141914, 0.6831683168316832, 0.6848184818481848, 0.6905940594059405, 0.4991749174917492, 1.00990099009901, 0.6881188118811881, 0.764026402640264, 0.8514851485148515, 0.693069306930693, 0.6872937293729373, 0.6856435643564357, 0.6864686468646864, 0.7244224422442245, 0.6938943894389439, 0.6872937293729373, 0.6996699669966997, 0.6988448844884488, 0.693069306930693, 0.6864686468646864, 0.6460396039603961, 0.7995049504950495, 0.6831683168316832, 0.6749174917491749, 0.683993399339934, 0.6897689768976898, 0.6881188118811881, 0.6806930693069307, 0.6831683168316832, 0.6551155115511551, 0.655940594059406, 0.636963696369637, 0.6468646864686468, 0.6749174917491749, 0.6633663366336634, 0.655940594059406, 0.6270627062706271, 0.6518151815181518, 0.6089108910891089, 0.6584158415841584, 0.6575907590759076, 0.6023102310231023, 0.5825082508250825, 0.5734323432343235, 0.5486798679867987, 0.523102310231023, 0.5643564356435643, 0.43399339933993397, 0.3758250825082508, 0.6039603960396039, 0.5544554455445545, 0.6014851485148515, 0.5363036303630363, 0.49174917491749176, 0.6551155115511551, 0.6353135313531353, 0.6188118811881188, 0.5948844884488449, 0.5874587458745875, 0.6155115511551155, 0.6724422442244224, 0.5602310231023102, 0.6212871287128713, 0.613036303630363, 0.5767326732673267, 0.5973597359735974, 0.5808580858085809, 0.5841584158415841, 0.6336633663366337, 0.6427392739273927, 0.6097359735973598, 0.5965346534653465, 0.5775577557755776, 0.5899339933993399, 0.46864686468646866, 0.6344884488448845, 0.5965346534653465, 0.4892739273927393, 0.5915841584158416, 0.6122112211221122, 0.6542904290429042, 0.6534653465346535, 0.49174917491749176, 0.4744224422442244, 0.5066006600660066, 0.4430693069306931, 0.5173267326732673, 0.5470297029702971, 0.6179867986798679, 0.6188118811881188, 0.6163366336633663, 0.5783828382838284, 0.608085808580858, 0.5610561056105611, 0.5899339933993399, 0.6039603960396039, 0.4884488448844885, 0.41006600660066006, 0.5486798679867987, 0.6113861386138614, 0.5907590759075908, 0.5742574257425742, 0.6427392739273927, 0.5932343234323433, 0.6410891089108911, 0.6617161716171617, 0.6278877887788779, 0.5973597359735974, 0.6105610561056105, 0.5825082508250825, 0.47277227722772275, 0.5272277227722773, 0.40594059405940597, 0.6039603960396039, 0.6666666666666666, 0.5363036303630363, 0.367986798679868, 0.6163366336633663, 0.6155115511551155, 0.6782178217821783, 0.6254125412541254, 0.6427392739273927, 0.33374587458745875, 0.02959983498349835, 0.3201320132013201, 0.1712046204620462, 0.31683168316831684, 0.49834983498349833, 0.5808580858085809, 0.5915841584158416, 0.3481848184818482, 0.0968440594059406, 0.4146039603960396, 0.3510726072607261, 0.3865511551155115, 0.49257425742574257, 0.514026402640264, 0.3795379537953795, 0.26278877887788776, 0.6089108910891089, 0.4735973597359736, 0.2685643564356436, 0.6476897689768977, 0.5899339933993399, 0.6806930693069307, 0.6493399339933993, 0.6872937293729373, 0.6765676567656765, 0.6493399339933993, 0.6386138613861386, 0.6353135313531353, 0.6361386138613861, 0.4603960396039604, 0.5239273927392739, 0.5783828382838284, 0.43564356435643564, 0.3952145214521452, 0.4298679867986799, 0.5957095709570958, 0.6039603960396039, 0.6485148514851485, 0.6740924092409241, 0.6757425742574258, 0.6831683168316832, 0.6716171617161716, 0.5594059405940595, 0.6056105610561056, 0.3655115511551155, 0.6328382838283828, 0.49834983498349833, 0.6518151815181518, 0.6303630363036303, 0.6567656765676567, 0.6732673267326733, 0.6732673267326733, 0.6872937293729373, 0.6905940594059405, 0.6897689768976898, 0.6798679867986799, 0.6881188118811881, 0.7079207920792079, 0.7301980198019802, 0.6889438943894389, 0.6765676567656765, 0.665016501650165, 0.6262376237623762, 0.6674917491749175, 0.6806930693069307, 0.655940594059406, 0.6526402640264026, 0.6707920792079208, 0.6526402640264026, 0.6856435643564357, 0.650990099009901, 0.46204620462046203, 0.6188118811881188, 0.5462046204620462, 0.5643564356435643, 0.6196369636963697, 0.594059405940594, 0.6047854785478548, 0.6204620462046204, 0.5585808580858086, 0.613036303630363, 0.5825082508250825, 0.5462046204620462, 0.6270627062706271, 0.599009900990099, 0.5123762376237624, 0.6303630363036303, 0.5495049504950495, 0.5948844884488449, 0.6427392739273927, 0.6056105610561056, 0.6179867986798679, 0.6006600660066007, 0.5891089108910891, 0.35602310231023104, 0.4546204620462046, 0.3580858085808581, 0.4088283828382838, 0.33828382838283827, 0.523102310231023, 0.5841584158415841, 0.5511551155115512, 0.6633663366336634, 0.6691419141914191, 0.6864686468646864, 0.6633663366336634, 0.7334983498349835, 0.46782178217821785, 0.1936881188118812, 0.16604785478547854, 0.40222772277227725, 0.5602310231023102, 0.43564356435643564, 0.4537953795379538, 0.5041254125412541, 0.6089108910891089, 0.36922442244224424, 