{"time": [1718.0, 1719.0, 1719.0, 1719.0, 1719.0, 1719.0, 1720.0, 1720.0, 1720.0, 1721.0, 1722.0, 1723.0, 1724.0, 1725.0, 1726.0, 1727.0, 1727.0, 1728.0, 1729.0, 1729.0, 1730.0, 1731.0, 1732.0, 1732.0, 1733.0, 1734.0, 1735.0, 1736.0, 1737.0, 1738.0, 1738.0, 1739.0, 1740.0, 1741.0, 1742.0, 1743.0, 1744.0, 1745.0, 1746.0, 1747.0, 1748.0, 1749.0, 1750.0, 1751.0, 1752.0, 1753.0, 1754.0, 1755.0, 1756.0, 1757.0, 1758.0, 1759.0, 1760.0, 1761.0, 1762.0, 1763.0, 1764.0, 1765.0, 1766.0, 1767.0, 1768.0, 1769.0, 1770.0, 1771.0, 1772.0, 1773.0, 1774.0, 1775.0, 1776.0, 1777.0, 1778.0, 1779.0, 1780.0, 1781.0, 1782.0, 1783.0, 1784.0, 1785.0, 1786.0, 1787.0, 1788.0, 1789.0, 1790.0, 1791.0, 1792.0, 1793.0, 1794.0, 1795.0, 1796.0, 1797.0, 1798.0, 1799.0, 1800.0, 1800.0, 1800.0, 1800.0], "avg_cpu": [0.0057497937293729375, 0.09942244224422442, 0.2957920792079208, 0.35396039603960394, 0.408003300330033, 0.3915016501650165, 0.34777227722772275, 0.3164191419141914, 0.34735973597359737, 0.2995049504950495, 0.3015676567656766, 0.3551980198019802, 0.26278877887788776, 0.2962046204620462, 0.31971947194719474, 0.43234323432343236, 0.4661716171617162, 0.4141914191419142, 0.4249174917491749, 0.5387788778877888, 0.5528052805280528, 0.5462046204620462, 0.5742574257425742, 0.5792079207920792, 0.5668316831683168, 0.58003300330033, 0.5627062706270627, 0.5495049504950495, 0.5594059405940595, 0.5643564356435643, 0.6039603960396039, 0.5833333333333334, 0.6014851485148515, 0.5932343234323433, 0.6097359735973598, 0.5899339933993399, 0.5899339933993399, 0.5907590759075908, 0.5948844884488449, 0.5503300330033003, 0.551980198019802, 0.5445544554455446, 0.5602310231023102, 0.570957095709571, 0.5891089108910891, 0.6006600660066007, 0.5874587458745875, 0.5775577557755776, 0.5676567656765676, 0.5635313531353136, 0.5841584158415841, 0.5907590759075908, 0.5816831683168316, 0.5924092409240924, 0.6188118811881188, 0.5998349834983498, 0.570957095709571, 0.5264026402640264, 0.5750825082508251, 0.5462046204620462, 0.5453795379537953, 0.5404290429042904, 0.5420792079207921, 0.566006600660066, 0.5907590759075908, 0.6039603960396039, 0.5866336633663366, 0.5808580858085809, 0.6089108910891089, 0.5825082508250825, 0.5775577557755776, 0.5594059405940595, 0.5651815181518152, 0.5957095709570958, 0.6006600660066007, 0.6031353135313532, 0.608085808580858, 0.608085808580858, 0.6047854785478548, 0.6023102310231023, 0.5775577557755776, 0.5973597359735974, 0.5825082508250825, 0.5668316831683168, 0.5734323432343235, 0.6179867986798679, 0.6097359735973598, 0.6221122112211221, 0.6113861386138614, 0.5915841584158416, 0.5948844884488449, 0.5866336633663366, 0.27516501650165015, 0.0017339624587458745, 0.000578524649339934, 0.0008669812293729373], "avg_mem": [0.002456419289897511, 0.007332082723279649, 0.009505398975109809, 0.009425329428989751, 0.009299505856515374, 0.008292917276720352, 0.008544564421669107, 0.008716142020497804, 0.009619784040995607, 0.008739019033674963, 0.008613195461200585, 0.008636072474377745, 0.008819088579795022, 0.008750457540263544, 0.008693265007320644, 0.008670387994143484, 0.008819088579795022, 0.00891059663250366, 0.008739019033674963, 0.008453056368960469, 0.008784773060029283, 0.008647510980966324, 0.008716142020497804, 0.008693265007320644, 0.008750457540263544, 0.0088877196193265, 0.008773334553440702, 0.008956350658857979, 0.0088877196193265, 0.008578879941434846, 0.008853404099560761, 0.008727580527086384, 0.008830527086383601, 0.009002104685212299, 0.008613195461200585, 0.008807650073206443, 0.00886484260614934, 0.00899066617862372, 0.009070735724743777, 0.008819088579795022, 0.008624633967789166, 0.0089449121522694, 0.008670387994143484, 0.008876281112737921, 0.00891059663250366, 0.009219436310395315, 0.008739019033674963, 0.008716142020497804, 0.008784773060029283, 0.009047858711566617, 0.008784773060029283, 0.008876281112737921, 0.008544564421669107, 0.008784773060029283, 0.008773334553440702, 0.008830527086383601, 0.008807650073206443, 0.008670387994143484, 0.008761896046852123, 0.008899158125915081, 0.008647510980966324, 0.008830527086383601, 0.008830527086383601, 0.008704703513909224, 0.0089449121522694, 0.008750457540263544, 0.008853404099560761, 0.008784773060029283, 0.008658949487554905, 0.008876281112737921, 0.008784773060029283, 0.008681826500732064, 0.008784773060029283, 0.008693265007320644, 0.008704703513909224, 0.008807650073206443, 0.009105051244509516, 0.0089449121522694, 0.008693265007320644, 0.008956350658857979, 0.009024981698389459, 0.009002104685212299, 0.008773334553440702, 0.008716142020497804, 0.008704703513909224, 0.00886484260614934, 0.008784773060029283, 0.008704703513909224, 0.009082174231332358, 0.008830527086383601, 0.008773334553440702, 0.0089449121522694, 0.008212847730600293, 0.00783537701317716, 0.00782393850658858, 6.863103953147877e-05]}