{"time": [523.0, 524.0, 525.0, 526.0, 527.0, 527.0, 527.0, 527.0, 548.0, 549.0, 550.0, 551.0, 552.0, 553.0, 554.0, 555.0, 556.0, 556.0, 557.0, 558.0, 559.0, 560.0, 561.0, 562.0, 563.0, 564.0, 565.0, 566.0, 567.0, 568.0, 569.0, 570.0, 571.0, 571.0, 571.0, 571.0, 575.0, 576.0, 577.0, 578.0, 579.0, 580.0, 581.0, 582.0, 583.0, 584.0, 585.0, 586.0, 587.0, 588.0, 589.0, 590.0, 591.0, 592.0, 593.0, 594.0, 595.0, 596.0, 597.0, 598.0, 599.0, 600.0, 601.0, 602.0, 603.0, 604.0, 605.0, 606.0, 607.0, 608.0, 609.0, 610.0, 611.0, 612.0, 613.0, 614.0, 615.0, 616.0, 617.0, 618.0, 619.0, 620.0, 621.0, 622.0, 623.0, 624.0, 625.0, 626.0, 627.0, 628.0, 629.0, 630.0, 631.0, 632.0, 633.0, 634.0, 635.0, 636.0, 637.0, 638.0, 639.0, 640.0, 641.0, 642.0, 643.0, 644.0, 645.0, 646.0, 647.0, 648.0, 649.0, 650.0, 651.0, 652.0, 653.0, 653.0, 653.0, 653.0], "avg_cpu": [0.057136963696369635, 0.11406765676567657, 0.03656146864686469, 0.0004947272070957095, 0.0005382374174917492, 0.0006445957095709571, 0.0003819229579207921, 0.00016759488448844884, 0.7021452145214522, 0.7871287128712872, 0.6377887788778878, 0.6031353135313532, 0.5833333333333334, 0.5544554455445545, 0.5882838283828383, 0.6138613861386139, 0.608085808580858, 0.6031353135313532, 0.5874587458745875, 0.6344884488448845, 0.6064356435643564, 0.6245874587458746, 0.6287128712871287, 0.5264026402640264, 0.5915841584158416, 0.5156765676567657, 0.5792079207920792, 0.5206270627062707, 0.5445544554455446, 0.5585808580858086, 0.551980198019802, 0.5363036303630363, 0.5239273927392739, 0.6155115511551155, 0.29496699669966997, 0.0, 0.49174917491749176, 0.5610561056105611, 0.5544554455445545, 0.5717821782178217, 0.5338283828382838, 0.6245874587458746, 0.5297029702970297, 0.5783828382838284, 0.6031353135313532, 0.5998349834983498, 0.5181518151815182, 0.551980198019802, 0.5750825082508251, 0.5453795379537953, 0.5437293729372937, 0.5264026402640264, 0.6410891089108911, 0.6658415841584159, 0.6493399339933993, 0.5486798679867987, 0.5643564356435643, 0.6064356435643564, 0.6534653465346535, 0.6188118811881188, 0.5181518151815182, 0.6344884488448845, 0.6592409240924092, 0.6072607260726073, 0.5907590759075908, 0.5726072607260726, 0.5866336633663366, 0.6262376237623762, 0.6344884488448845, 0.6163366336633663, 0.6534653465346535, 0.6196369636963697, 0.6501650165016502, 0.6311881188118812, 0.6584158415841584, 0.6229372937293729, 0.6105610561056105, 0.613036303630363, 0.6006600660066007, 0.6212871287128713, 0.6105610561056105, 0.6303630363036303, 0.6163366336633663, 0.6402640264026402, 0.6064356435643564, 0.6146864686468647, 0.6328382838283828, 0.6171617161716172, 0.6047854785478548, 0.6056105610561056, 0.5726072607260726, 0.6278877887788779, 0.6229372937293729, 0.641914191419142, 0.6270627062706271, 0.5866336633663366, 0.6146864686468647, 0.6212871287128713, 0.5874587458745875, 0.6600660066006601, 0.6683168316831684, 0.5866336633663366, 0.5948844884488449, 0.6163366336633663, 0.6229372937293729, 0.6311881188118812, 0.6427392739273927, 0.5858085808580858, 0.6097359735973598, 0.6254125412541254, 0.5684818481848185, 0.556930693069307, 0.5412541254125413, 0.5544554455445545, 0.6633663366336634, 0.5915841584158416, 0.0, 0.0], "avg_mem": [0.007709553440702782, 0.006291178623718887, 0.005439009882869692, 0.004947154099560761, 0.004952873352855052, 0.004935715592972181, 0.004323755490483162, 0.000609100475841874, 0.03678623718887262, 0.0446101756954612, 0.04255124450951684, 0.041819180087847733, 0.04250549048316252, 0.04255124450951684, 0.0414989019033675, 0.04209370424597365, 0.042642752562225474, 0.04076683748169839, 0.04305453879941435, 0.04159040995607614, 0.04191068814055637, 0.04241398243045388, 0.04319180087847731, 0.04278001464128843, 0.042734260614934114, 0.041819180087847733, 0.0426885065885798, 0.04410688140556369, 0.04474743777452416, 0.04072108345534407, 0.043237554904831624, 0.04415263543191801, 0.044930453879941434, 0.0410413616398243, 0.0008779053806734992, 0.00038890922401171304, 0.0410413616398243, 0.04310029282576867, 0.0455710102489019, 0.04529648609077599, 0.042642752562225474, 0.045616764275256225, 0.04410688140556369, 0.04204795021961932, 0.04346632503660322, 0.04410688140556369, 0.04310029282576867, 0.043329062957540264, 0.043923865300146414, 0.04369509516837482, 0.04387811127379209, 0.04506771595900439, 0.04520497803806735, 0.04419838945827233, 0.04474743777452416, 0.04488469985358712, 0.04310029282576867, 0.04213945827232796, 0.04630307467057101, 0.045113469985358715, 0.04145314787701318, 0.045342240117130304, 0.046714860907759885, 0.0436493411420205, 0.04145314787701318, 0.04438140556368961, 0.04456442166910688, 0.044838945827232794, 0.04346632503660322, 0.0436493411420205, 0.043329062957540264, 0.043146046852122984, 0.042322474377745244, 0.04474743777452416, 0.04419838945827233, 0.04319180087847731, 0.04310029282576867, 0.04355783308931186, 0.04355783308931186, 0.04456442166910688, 0.04396961932650073, 0.04296303074670571, 0.04360358711566618, 0.04415263543191801, 0.043420571010248904, 0.04172767203513909, 0.0455710102489019, 0.04616581259150805, 0.04406112737920937, 0.04236822840409956, 0.04296303074670571, 0.045113469985358715, 0.043740849194729134, 0.04168191800878477, 0.04355783308931186, 0.043146046852122984, 0.04241398243045388, 0.0410413616398243, 0.04406112737920937, 0.043832357247437774, 0.04278001464128843, 0.041819180087847733, 0.04804172767203514, 0.04346632503660322, 0.044427159590043924, 0.04378660322108346, 0.04566251830161054, 0.04287152269399707, 0.04136163982430454, 0.045113469985358715, 0.043923865300146414, 0.04410688140556369, 0.04287152269399707, 0.04310029282576867, 0.04419838945827233, 0.04163616398243045, 0.0004947154099560761, 0.0003402955710102489]}