{"time": [524.0, 524.0, 525.0, 526.0, 527.0, 527.0, 527.0, 529.0, 530.0, 530.0, 530.0, 531.0, 531.0, 532.0, 533.0, 534.0, 535.0, 536.0, 537.0, 538.0, 538.0, 538.0, 538.0, 550.0, 551.0, 552.0, 553.0, 554.0, 555.0, 556.0, 556.0, 557.0, 558.0, 559.0, 560.0, 561.0, 562.0, 563.0, 564.0, 565.0, 566.0, 567.0, 568.0, 569.0, 570.0, 571.0, 571.0, 572.0, 572.0, 575.0, 576.0, 577.0, 578.0, 579.0, 580.0, 581.0, 582.0, 583.0, 584.0, 585.0, 586.0, 587.0, 588.0, 589.0, 590.0, 591.0, 592.0, 593.0, 594.0, 595.0, 596.0, 597.0, 598.0, 599.0, 600.0, 601.0, 602.0, 603.0, 604.0, 605.0, 606.0, 607.0, 608.0, 609.0, 610.0, 611.0, 612.0, 613.0, 614.0, 615.0, 616.0, 617.0, 618.0, 619.0, 620.0, 621.0, 622.0, 623.0, 624.0, 625.0, 626.0, 627.0, 628.0, 629.0, 630.0, 631.0, 632.0, 632.0, 633.0, 634.0, 635.0, 636.0, 637.0, 638.0, 639.0, 640.0, 641.0, 642.0, 643.0, 644.0, 645.0, 646.0, 647.0, 648.0, 649.0, 650.0, 651.0, 652.0, 653.0, 653.0, 653.0, 653.0], "avg_cpu": [0.0, 0.04491542904290429, 0.03326113861386139, 0.00043671359323432346, 0.0005430718853135314, 0.00039481487211221123, 0.00018693275577557757, 0.3202479338842975, 0.40633608815426997, 0.4118457300275482, 0.4331955922865014, 0.4180440771349862, 0.46005509641873277, 0.43112947658402206, 0.4194214876033058, 0.5055096418732782, 0.5351239669421488, 0.5048209366391184, 0.5371900826446281, 0.5730027548209367, 0.48829201101928377, 0.05612947658402204, 0.0, 0.4546204620462046, 0.5602310231023102, 0.5297029702970297, 0.551980198019802, 0.5387788778877888, 0.5041254125412541, 0.5618811881188119, 0.6278877887788779, 0.5585808580858086, 0.5321782178217822, 0.5066006600660066, 0.5288778877887789, 0.5239273927392739, 0.518976897689769, 0.5123762376237624, 0.5313531353135313, 0.5585808580858086, 0.5354785478547854, 0.5297029702970297, 0.5363036303630363, 0.5288778877887789, 0.5387788778877888, 0.5272277227722773, 0.5008250825082509, 0.44801980198019803, 0.0, 0.4306930693069307, 0.5965346534653465, 0.5915841584158416, 0.5915841584158416, 0.6006600660066007, 0.5899339933993399, 0.5833333333333334, 0.5924092409240924, 0.5874587458745875, 0.5907590759075908, 0.5866336633663366, 0.5858085808580858, 0.5816831683168316, 0.5866336633663366, 0.5750825082508251, 0.5478547854785478, 0.5594059405940595, 0.5767326732673267, 0.5486798679867987, 0.5783828382838284, 0.5907590759075908, 0.5775577557755776, 0.584983498349835, 0.5866336633663366, 0.5833333333333334, 0.5767326732673267, 0.5866336633663366, 0.5816831683168316, 0.5717821782178217, 0.5841584158415841, 0.5841584158415841, 0.5511551155115512, 0.5445544554455446, 0.584983498349835, 0.5783828382838284, 0.5635313531353136, 0.5734323432343235, 0.5792079207920792, 0.5734323432343235, 0.5462046204620462, 0.5701320132013201, 0.5775577557755776, 0.5676567656765676, 0.566006600660066, 0.5148514851485149, 0.5676567656765676, 0.5445544554455446, 0.5321782178217822, 0.5222772277227723, 0.5759075907590759, 0.5750825082508251, 0.5594059405940595, 0.5371287128712872, 0.5495049504950495, 0.566006600660066, 0.5272277227722773, 0.5907590759075908, 0.5363036303630363, 0.6542904290429042, 0.6493399339933993, 0.6575907590759076, 0.6493399339933993, 0.655940594059406, 0.6575907590759076, 0.6493399339933993, 0.6443894389438944, 0.6468646864686468, 0.6625412541254125, 0.6526402640264026, 0.6584158415841584, 0.6518151815181518, 0.6468646864686468, 0.6542904290429042, 0.6551155115511551, 0.6493399339933993, 0.6526402640264026, 0.665016501650165, 0.6633663366336634, 0.6633663366336634, 0.6732673267326733, 0.6815181518151815, 0.006935849834983498, 0.0], "avg_mem": [0.0004975750366032211, 0.014481149341142021, 0.010466233528550513, 0.009059297218155198, 0.009002104685212299, 0.00896778916544656, 0.0005376098096632504, 0.0279099560761347, 0.052342606149341143, 0.042917276720351394, 0.04108711566617863, 0.04044655929721815, 0.04259699853587116, 0.04154465592972181, 0.04177342606149341, 0.04378660322108346, 0.04479319180087848, 0.043832357247437774, 0.044335651537335284, 0.036923499267935575, 0.035550878477306, 0.00037747071742313325, 0.00029454154465592973, 0.03857064421669107, 0.04259699853587116, 0.042917276720351394, 0.04419838945827233, 0.039851756954612, 0.043923865300146414, 0.043329062957540264, 0.04227672035139092, 0.04035505124450952, 0.04218521229868229, 0.042734260614934114, 0.040309297218155196, 0.0436493411420205, 0.0436493411420205, 0.04213945827232796, 0.04296303074670571, 0.04328330893118595, 0.04300878477306003, 0.0446101756954612, 0.043329062957540264, 0.042322474377745244, 0.0436493411420205, 0.04195644216691069, 0.038204612005856516, 0.017592423133235724, 0.00044324213030746707, 0.024890190336749635, 0.04410688140556369, 0.04538799414348463, 0.0426885065885798, 0.04415263543191801, 0.04296303074670571, 0.042230966325036604, 0.04351207906295754, 0.045433748169838944, 0.04346632503660322, 0.04259699853587116, 0.04506771595900439, 0.04465592972181552, 0.04351207906295754, 0.04287152269399707, 0.046714860907759885, 0.047035139092240115, 0.04250549048316252, 0.04227672035139092, 0.04438140556368961, 0.04250549048316252, 0.04191068814055637, 0.04296303074670571, 0.0436493411420205, 0.04278001464128843, 0.04236822840409956, 0.04186493411420205, 0.0424597364568082, 0.0436493411420205, 0.04328330893118595, 0.04438140556368961, 0.044838945827232794, 0.04488469985358712, 0.043146046852122984, 0.043923865300146414, 0.04470168374816984, 0.0436493411420205, 0.044335651537335284, 0.04300878477306003, 0.043420571010248904, 0.04470168374816984, 0.044244143484626644, 0.04310029282576867, 0.04310029282576867, 0.04191068814055637, 0.044427159590043924, 0.04319180087847731, 0.041819180087847733, 0.04296303074670571, 0.04410688140556369, 0.04255124450951684, 0.04209370424597365, 0.04319180087847731, 0.04305453879941435, 0.04241398243045388, 0.04538799414348463, 0.04378660322108346, 0.043923865300146414, 0.044838945827232794, 0.04456442166910688, 0.04278001464128843, 0.0414989019033675, 0.04447291361639824, 0.04415263543191801, 0.044838945827232794, 0.04369509516837482, 0.042825768667642754, 0.045021961932650074, 0.044335651537335284, 0.044838945827232794, 0.04415263543191801, 0.04360358711566618, 0.045113469985358715, 0.043329062957540264, 0.0436493411420205, 0.04355783308931186, 0.044335651537335284, 0.04415263543191801, 0.042734260614934114, 0.045937042459736455, 0.04396961932650073, 0.0007149066617862372, 0.00033171669106881406]}