{"time": [523.0, 524.0, 525.0, 526.0, 527.0, 527.0, 527.0, 527.0, 529.0, 530.0, 530.0, 530.0, 531.0, 531.0, 532.0, 533.0, 534.0, 535.0, 536.0, 537.0, 538.0, 539.0, 540.0, 540.0, 541.0, 542.0, 543.0, 544.0, 545.0, 546.0, 547.0, 548.0, 549.0, 550.0, 551.0, 552.0, 553.0, 554.0, 555.0, 556.0, 556.0, 557.0, 558.0, 559.0, 560.0, 561.0, 562.0, 563.0, 564.0, 565.0, 566.0, 567.0, 568.0, 569.0, 570.0, 571.0, 571.0, 572.0, 572.0, 572.0, 574.0, 575.0, 576.0, 577.0, 578.0, 579.0, 580.0, 581.0, 582.0, 583.0, 584.0, 585.0, 586.0, 587.0, 588.0, 589.0, 590.0, 591.0, 592.0, 593.0, 594.0, 595.0, 596.0, 597.0, 598.0, 599.0, 600.0, 601.0, 602.0, 603.0, 604.0, 605.0, 606.0, 607.0, 608.0, 609.0, 610.0, 611.0, 612.0, 613.0, 614.0, 615.0, 616.0, 616.0, 617.0, 618.0, 619.0, 620.0, 621.0, 622.0, 623.0, 624.0, 625.0, 626.0, 627.0, 628.0, 629.0, 630.0, 631.0, 632.0, 633.0, 634.0, 635.0, 636.0, 637.0, 638.0, 639.0, 640.0, 641.0, 642.0, 643.0, 644.0, 645.0, 646.0, 647.0, 648.0, 649.0, 650.0, 651.0, 652.0, 653.0, 653.0, 653.0, 653.0], "avg_cpu": [0.009204826732673267, 0.05662128712871287, 0.03197194719471947, 0.0004608859323432343, 0.0004157642326732673, 0.0006010854991749174, 0.0010120152640264027, 0.0, 0.3774104683195592, 0.47796143250688705, 0.5027548209366391, 0.45041322314049587, 0.5103305785123967, 0.4696969696969697, 0.5144628099173554, 0.5771349862258953, 0.5695592286501377, 0.4931129476584022, 0.4662534435261708, 0.512396694214876, 0.4972451790633609, 0.5192837465564738, 0.5048209366391184, 0.4965564738292011, 0.5089531680440771, 0.5034435261707989, 0.4869146005509642, 0.4724517906336088, 0.46487603305785125, 0.509641873278237, 0.5034435261707989, 0.4573002754820937, 0.4690082644628099, 0.43732782369146006, 0.48622589531680444, 0.44696969696969696, 0.465564738292011, 0.4318181818181818, 0.43388429752066116, 0.459366391184573, 0.4772727272727273, 0.44696969696969696, 0.4428374655647383, 0.4731404958677686, 0.4724517906336088, 0.4855371900826446, 0.49104683195592286, 0.48829201101928377, 0.4634986225895317, 0.48760330578512395, 0.4731404958677686, 0.44008264462809915, 0.45867768595041325, 0.45041322314049587, 0.43732782369146006, 0.44834710743801653, 0.3787878787878788, 0.6618457300275482, 0.3412534435261708, 0.03774965564738292, 0.7574257425742574, 0.8036303630363036, 0.7582508250825083, 0.6658415841584159, 0.7037953795379538, 0.7161716171617162, 0.6996699669966997, 0.7665016501650165, 0.6204620462046204, 0.6608910891089109, 0.5767326732673267, 0.5957095709570958, 0.6254125412541254, 0.5445544554455446, 0.608085808580858, 0.5453795379537953, 0.6353135313531353, 0.5767326732673267, 0.6188118811881188, 0.7054455445544554, 0.5503300330033003, 0.5899339933993399, 0.5544554455445545, 0.5643564356435643, 0.5528052805280528, 0.5536303630363036, 0.5915841584158416, 0.5808580858085809, 0.5742574257425742, 0.5841584158415841, 0.5726072607260726, 0.518976897689769, 0.5338283828382838, 0.5701320132013201, 0.5255775577557755, 0.5528052805280528, 0.5717821782178217, 0.5833333333333334, 0.5874587458745875, 0.6155115511551155, 0.6584158415841584, 0.6592409240924092, 0.5684818481848185, 0.5816831683168316, 0.5899339933993399, 0.5767326732673267, 0.584983498349835, 0.5882838283828383, 0.556930693069307, 0.5965346534653465, 0.6452145214521452, 0.6039603960396039, 0.6641914191419142, 0.5948844884488449, 0.6765676567656765, 0.5726072607260726, 0.6485148514851485, 0.5891089108910891, 0.6435643564356436, 0.6287128712871287, 0.58003300330033, 0.6212871287128713, 0.6254125412541254, 0.5882838283828383, 0.6023102310231023, 0.5965346534653465, 0.5866336633663366, 0.599009900990099, 0.6155115511551155, 0.5907590759075908, 0.6031353135313532, 0.6014851485148515, 0.594059405940594, 0.5932343234323433, 0.5981848184818482, 0.6146864686468647, 0.6072607260726073, 0.6196369636963697, 0.6427392739273927, 0.6254125412541254, 0.5701320132013201, 0.6031353135313532, 0.0, 0.0], "avg_mem": [0.010340409956076135, 0.014481149341142021, 0.009745607613469985, 0.009093612737920937, 0.009070735724743777, 0.009070735724743777, 0.004907119326500732, 0.0006062408491947292, 0.02566800878477306, 0.05508784773060029, 0.04758418740849195, 0.04589128843338214, 0.050420937042459736, 0.04849926793557833, 0.04639458272327965, 0.04575402635431918, 0.04488469985358712, 0.04694363103953148, 0.04749267935578331, 0.04895680819912152, 0.04497620790629575, 0.04607430453879941, 0.04520497803806735, 0.047035139092240115, 0.047126647144948755, 0.04685212298682284, 0.043740849194729134, 0.045525256222547585, 0.04378660322108346, 0.04584553440702782, 0.04758418740849195, 0.04305453879941435, 0.04355783308931186, 0.044838945827232794, 0.041819180087847733, 0.04506771595900439, 0.04310029282576867, 0.045113469985358715, 0.044015373352855054, 0.043740849194729134, 0.047035139092240115, 0.0424597364568082, 0.04319180087847731, 0.0446101756954612, 0.04305453879941435, 0.04428989751098097, 0.04438140556368961, 0.04474743777452416, 0.043420571010248904, 0.04456442166910688, 0.045021961932650074, 0.04360358711566618, 0.04360358711566618, 0.04278001464128843, 0.04378660322108346, 0.04154465592972181, 0.04570827232796486, 0.045113469985358715, 0.05755856515373353, 0.0010695003660322108, 0.03646595900439239, 0.047309663250366035, 0.0457997803806735, 0.04447291361639824, 0.04447291361639824, 0.042734260614934114, 0.045113469985358715, 0.04575402635431918, 0.04428989751098097, 0.043146046852122984, 0.04191068814055637, 0.0412701317715959, 0.04657759882869693, 0.04200219619326501, 0.042322474377745244, 0.045937042459736455, 0.043740849194729134, 0.04406112737920937, 0.04396961932650073, 0.04410688140556369, 0.04278001464128843, 0.04351207906295754, 0.04589128843338214, 0.04369509516837482, 0.04680636896046852, 0.04488469985358712, 0.042230966325036604, 0.04369509516837482, 0.04236822840409956, 0.04387811127379209, 0.047035139092240115, 0.042825768667642754, 0.04351207906295754, 0.04300878477306003, 0.04259699853587116, 0.04360358711566618, 0.0426885065885798, 0.0455710102489019, 0.044335651537335284, 0.04250549048316252, 0.04410688140556369, 0.04447291361639824, 0.04520497803806735, 0.04474743777452416, 0.043740849194729134, 0.04305453879941435, 0.043146046852122984, 0.0457997803806735, 0.04351207906295754, 0.04438140556368961, 0.04648609077598829, 0.04351207906295754, 0.04488469985358712, 0.04410688140556369, 0.04278001464128843, 0.04300878477306003, 0.046623352855051245, 0.044335651537335284, 0.0412701317715959, 0.04680636896046852, 0.0455710102489019, 0.04296303074670571, 0.047126647144948755, 0.04287152269399707, 0.0436493411420205, 0.043146046852122984, 0.043329062957540264, 0.043832357247437774, 0.04319180087847731, 0.04255124450951684, 0.043237554904831624, 0.04369509516837482, 0.04163616398243045, 0.04415263543191801, 0.042917276720351394, 0.04172767203513909, 0.044015373352855054, 0.04438140556368961, 0.044838945827232794, 0.04465592972181552, 0.04529648609077599, 0.04218521229868229, 0.0006577141288433382, 0.0003460148243045388]}