{"time": [1718.0, 1718.0, 1719.0, 1719.0, 1719.0, 1719.0, 1719.0, 1720.0, 1720.0, 1721.0, 1722.0, 1722.0, 1723.0, 1724.0, 1725.0, 1726.0, 1727.0, 1727.0, 1728.0, 1728.0, 1729.0, 1730.0, 1731.0, 1731.0, 1732.0, 1733.0, 1734.0, 1735.0, 1736.0, 1737.0, 1738.0, 1738.0, 1739.0, 1740.0, 1741.0, 1742.0, 1743.0, 1744.0, 1745.0, 1746.0, 1747.0, 1748.0, 1749.0, 1750.0, 1751.0, 1752.0, 1753.0, 1754.0, 1755.0, 1756.0, 1757.0, 1758.0, 1759.0, 1760.0, 1761.0, 1762.0, 1763.0, 1764.0, 1765.0, 1766.0, 1767.0, 1768.0, 1769.0, 1770.0, 1771.0, 1772.0, 1773.0, 1774.0, 1775.0, 1776.0, 1777.0, 1778.0, 1779.0, 1780.0, 1781.0, 1782.0, 1783.0, 1784.0, 1785.0, 1786.0, 1787.0, 1788.0, 1789.0, 1790.0, 1791.0, 1792.0, 1793.0, 1794.0, 1795.0, 1796.0, 1797.0, 1798.0, 1799.0, 1800.0, 1800.0, 1800.0, 1800.0], "avg_cpu": [0.0, 0.029187293729372937, 0.20132013201320131, 0.19636963696369636, 0.2273102310231023, 0.2669141914191419, 0.2702145214521452, 0.24834983498349836, 0.2838283828382838, 0.3263201320132013, 0.3193069306930693, 0.41707920792079206, 0.37665016501650167, 0.3927392739273927, 0.4158415841584158, 0.4042904290429043, 0.39232673267326734, 0.5668316831683168, 0.5693069306930693, 0.5478547854785478, 0.5420792079207921, 0.5635313531353136, 0.5412541254125413, 0.594059405940594, 0.5544554455445545, 0.5445544554455446, 0.58003300330033, 0.5429042904290429, 0.5948844884488449, 0.5767326732673267, 0.6485148514851485, 0.636963696369637, 0.6212871287128713, 0.6212871287128713, 0.6410891089108911, 0.6914191419141914, 0.5915841584158416, 0.5808580858085809, 0.5453795379537953, 0.5734323432343235, 0.5882838283828383, 0.5948844884488449, 0.5717821782178217, 0.6014851485148515, 0.5759075907590759, 0.5610561056105611, 0.5693069306930693, 0.6122112211221122, 0.6485148514851485, 0.6056105610561056, 0.5932343234323433, 0.6320132013201321, 0.6328382838283828, 0.5775577557755776, 0.608085808580858, 0.6056105610561056, 0.6336633663366337, 0.5998349834983498, 0.6823432343234324, 0.6336633663366337, 0.6146864686468647, 0.5965346534653465, 0.5891089108910891, 0.5874587458745875, 0.6353135313531353, 0.599009900990099, 0.641914191419142, 0.5924092409240924, 0.594059405940594, 0.6212871287128713, 0.6295379537953796, 0.594059405940594, 0.5981848184818482, 0.6427392739273927, 0.6658415841584159, 0.6914191419141914, 0.6798679867986799, 0.6328382838283828, 0.6707920792079208, 0.6344884488448845, 0.6897689768976898, 0.6468646864686468, 0.5998349834983498, 0.5792079207920792, 0.5775577557755776, 0.5701320132013201, 0.5866336633663366, 0.5924092409240924, 0.5866336633663366, 0.5907590759075908, 0.5602310231023102, 0.58003300330033, 0.6196369636963697, 0.2726897689768977, 0.0008669812293729373, 0.0008669812293729373, 0.0006204233704620462], "avg_mem": [2.859626647144949e-06, 0.005810761346998536, 0.009505398975109809, 0.00891059663250366, 0.00833867130307467, 0.00841874084919473, 0.008727580527086384, 0.009219436310395315, 0.008578879941434846, 0.008601756954612006, 0.008830527086383601, 0.008704703513909224, 0.008796211566617862, 0.008510248901903368, 0.009711292093704246, 0.008613195461200585, 0.008270040263543192, 0.009379575402635431, 0.008727580527086384, 0.008670387994143484, 0.009230874816983894, 0.009333821376281113, 0.008556002928257686, 0.008899158125915081, 0.008819088579795022, 0.008876281112737921, 0.008876281112737921, 0.008693265007320644, 0.008796211566617862, 0.008681826500732064, 0.008796211566617862, 0.008819088579795022, 0.00886484260614934, 0.008601756954612006, 0.008979227672035139, 0.008784773060029283, 0.008590318448023425, 0.008590318448023425, 0.008773334553440702, 0.00893347364568082, 0.008750457540263544, 0.008796211566617862, 0.008876281112737921, 0.008819088579795022, 0.008773334553440702, 0.00899066617862372, 0.008613195461200585, 0.008841965592972182, 0.008841965592972182, 0.008647510980966324, 0.008784773060029283, 0.008739019033674963, 0.008658949487554905, 0.008750457540263544, 0.008681826500732064, 0.008979227672035139, 0.008681826500732064, 0.008658949487554905, 0.008647510980966324, 0.008716142020497804, 0.008761896046852123, 0.008727580527086384, 0.009139366764275255, 0.008819088579795022, 0.008693265007320644, 0.008750457540263544, 0.00886484260614934, 0.008956350658857979, 0.008956350658857979, 0.008727580527086384, 0.008853404099560761, 0.008727580527086384, 0.008727580527086384, 0.009059297218155198, 0.00893347364568082, 0.009814238653001465, 0.008819088579795022, 0.008761896046852123, 0.00893347364568082, 0.00896778916544656, 0.008819088579795022, 0.008841965592972182, 0.008899158125915081, 0.008670387994143484, 0.008647510980966324, 0.008796211566617862, 0.009139366764275255, 0.008773334553440702, 0.008693265007320644, 0.008784773060029283, 0.00886484260614934, 0.008681826500732064, 0.008819088579795022, 0.008109901171303075, 0.007560852855051245, 0.007560852855051245, 6.863103953147877e-05]}