{"time": [5994.0, 5995.0, 5995.0, 5995.0, 5996.0, 5997.0, 5997.0, 5997.0, 5997.0, 5997.0, 5998.0, 5999.0, 6000.0, 6000.0, 6001.0, 6002.0, 6003.0, 6003.0, 6003.0, 6003.0, 6003.0, 6004.0, 6004.0, 6005.0, 6005.0, 6006.0, 6007.0, 6008.0, 6009.0, 6010.0, 6011.0, 6012.0, 6013.0, 6014.0, 6015.0, 6016.0, 6017.0, 6018.0, 6019.0, 6020.0, 6021.0, 6022.0, 6023.0, 6024.0, 6025.0, 6026.0, 6027.0, 6028.0, 6029.0, 6030.0, 6031.0, 6032.0, 6033.0, 6034.0, 6035.0, 6036.0, 6037.0, 6038.0, 6039.0, 6040.0, 6041.0, 6042.0, 6043.0, 6044.0, 6045.0, 6046.0, 6047.0, 6048.0, 6049.0, 6050.0, 6051.0, 6052.0, 6053.0, 6054.0, 6055.0, 6056.0, 6057.0, 6058.0, 6059.0, 6060.0, 6061.0, 6062.0, 6063.0, 6064.0, 6065.0, 6066.0, 6067.0, 6068.0, 6069.0, 6070.0, 6071.0, 6072.0, 6073.0, 6074.0, 6075.0, 6076.0, 6077.0, 6078.0, 6079.0, 6080.0, 6081.0, 6082.0, 6083.0, 6084.0, 6085.0, 6086.0, 6087.0, 6088.0, 6089.0, 6090.0, 6091.0, 6092.0, 6093.0, 6094.0, 6095.0, 6096.0, 6097.0, 6098.0, 6099.0, 6100.0, 6101.0, 6102.0, 6103.0, 6104.0, 6105.0, 6106.0, 6107.0, 6108.0, 6109.0, 6110.0, 6111.0, 6112.0, 6113.0, 6114.0, 6115.0, 6116.0, 6117.0, 6118.0, 6119.0, 6120.0, 6121.0, 6122.0, 6123.0, 6124.0, 6125.0, 6126.0, 6127.0, 6128.0, 6129.0, 6130.0, 6131.0, 6132.0, 6133.0, 6134.0, 6135.0, 6136.0, 6137.0, 6138.0, 6139.0, 6140.0, 6141.0, 6142.0, 6143.0, 6144.0, 6145.0, 6146.0, 6147.0, 6148.0, 6149.0, 6150.0, 6151.0, 6152.0, 6153.0, 6154.0, 6155.0, 6156.0, 6157.0, 6158.0, 6159.0, 6160.0, 6161.0, 6162.0, 6163.0, 6164.0, 6165.0, 6166.0, 6167.0, 6168.0, 6169.0, 6170.0, 6171.0, 6172.0, 6173.0, 6174.0, 6175.0, 6176.0, 6177.0, 6177.0, 6177.0, 6177.0], "avg_cpu": [0.06605113636363637, 0.12010732323232323, 0.03125, 0.0008507930871212121, 0.0012922190656565657, 0.000914910827020202, 0.0008384627525252525, 0.0027324021464646465, 3.945707070707071e-05, 0.0004226467031568228, 0.0002078427316700611, 0.07306517311608961, 0.17668024439918534, 0.17413441955193482, 0.18966395112016293, 0.16573319755600815, 0.13161914460285132, 0.14485743380855398, 0.0002585603360488798, 0.0, 0.23516949152542374, 0.5574387947269304, 0.5809792843691148, 0.5819209039548022, 0.6308851224105462, 0.6290018832391714, 0.6337099811676082, 0.7137476459510358, 0.6572504708097928, 0.6572504708097928, 0.6177024482109228, 0.6450094161958568, 0.608286252354049, 0.6139359698681732, 0.6374764595103578, 0.6186440677966102, 0.623352165725047, 0.6224105461393596, 0.6318267419962336, 0.6497175141242938, 0.6544256120527306, 0.6619585687382298, 0.6421845574387948, 0.6581920903954802, 0.6252354048964218, 0.6337099811676082, 0.6337099811676082, 0.6252354048964218, 0.6807909604519774, 0.6581920903954802, 0.6685499058380414, 0.647834274952919, 0.6459510357815442, 0.6760828625235404, 0.6826741996233522, 0.6516007532956686, 0.6421845574387948, 0.6365348399246704, 0.655367231638418, 0.6318267419962336, 0.623352165725047, 0.6704331450094162, 0.6318267419962336, 0.6657250470809792, 0.6224105461393596, 0.6252354048964218, 0.6271186440677966, 0.6412429378531074, 0.6516007532956686, 0.635593220338983, 0.6732580037664784, 0.6384180790960452, 0.6148775894538606, 0.6252354048964218, 0.6271186440677966, 0.6440677966101694, 0.623352165725047, 0.6337099811676082, 0.7024482109227872, 0.699623352165725, 0.6751412429378532, 0.7476459510357816, 0.7457627118644068, 0.6337099811676082, 0.6214689265536724, 0.6365348399246704, 0.67984934086629, 0.6299435028248588, 0.660075329566855, 0.7128060263653484, 0.6864406779661016, 0.756120527306968, 0.6911487758945386, 0.6817325800376648, 0.628060263653484, 0.6252354048964218, 0.628060263653484, 0.6271186440677966, 0.6242937853107344, 0.6139359698681732, 0.6224105461393596, 0.6271186440677966, 0.623352165725047, 0.623352165725047, 0.6261770244821092, 0.6384180790960452, 0.6468926553672316, 0.64030131826742, 0.6365348399246704, 0.6516007532956686, 0.6271186440677966, 0.6308851224105462, 0.6290018832391714, 0.6252354048964218, 0.6299435028248588, 0.6299435028248588, 0.6374764595103578, 0.6290018832391714, 0.6242937853107344, 0.6318267419962336, 0.6318267419962336, 0.64030131826742, 0.6318267419962336, 0.6290018832391714, 0.6252354048964218, 0.632768361581921, 0.7222222222222222, 0.7580037664783428, 0.6760828625235404, 0.6516007532956686, 0.652542372881356, 0.6299435028248588, 0.6271186440677966, 0.6412429378531074, 0.628060263653484, 0.6299435028248588, 0.6290018832391714, 0.6450094161958568, 0.6487758945386064, 0.6516007532956686, 0.6629001883239172, 0.7146892655367232, 0.6271186440677966, 0.6468926553672316, 0.6318267419962336, 0.660075329566855, 0.6939736346516008, 0.6195856873822976, 0.6440677966101694, 0.6271186440677966, 0.6459510357815442, 0.6214689265536724, 0.6770244821092278, 0.6346516007532956, 0.6393596986817326, 0.6741996233521658, 0.672316384180791, 0.6384180790960452, 0.652542372881356, 0.6694915254237288, 0.696798493408663, 0.6421845574387948, 0.7024482109227872, 0.6139359698681732, 0.6290018832391714, 0.6271186440677966, 0.6214689265536724, 0.6186440677966102, 0.6186440677966102, 0.623352165725047, 0.6318267419962336, 0.6346516007532956, 0.6318267419962336, 0.6365348399246704, 0.6440677966101694, 0.6177024482109228, 0.7033898305084746, 0.6930320150659134, 0.6516007532956686, 0.6271186440677966, 0.6337099811676082, 0.6412429378531074, 0.620527306967985, 0.6854990583804144, 0.6299435028248588, 0.632768361581921, 0.6224105461393596, 0.6261770244821092, 0.6694915254237288, 0.6826741996233522, 0.623352165725047, 0.6318267419962336, 0.6713747645951036, 0.6704331450094162, 0.620527306967985, 0.6224105461393596, 0.632768361581921, 0.4453860640301318, 0.435969868173258, 0.001953125],