{"time": [1718.0, 1719.0, 1719.0, 1719.0, 1719.0, 1719.0, 1720.0, 1720.0, 1721.0, 1722.0, 1723.0, 1723.0, 1724.0, 1725.0, 1726.0, 1727.0, 1727.0, 1728.0, 1728.0, 1729.0, 1730.0, 1731.0, 1732.0, 1732.0, 1733.0, 1734.0, 1735.0, 1736.0, 1737.0, 1738.0, 1738.0, 1739.0, 1740.0, 1741.0, 1742.0, 1743.0, 1744.0, 1745.0, 1746.0, 1747.0, 1748.0, 1749.0, 1750.0, 1751.0, 1752.0, 1753.0, 1754.0, 1755.0, 1756.0, 1757.0, 1758.0, 1759.0, 1760.0, 1761.0, 1762.0, 1763.0, 1764.0, 1765.0, 1766.0, 1767.0, 1768.0, 1769.0, 1770.0, 1771.0, 1772.0, 1773.0, 1774.0, 1775.0, 1776.0, 1777.0, 1778.0, 1779.0, 1780.0, 1781.0, 1782.0, 1783.0, 1784.0, 1785.0, 1786.0, 1787.0, 1788.0, 1789.0, 1790.0, 1791.0, 1792.0, 1793.0, 1794.0, 1795.0, 1796.0, 1797.0, 1798.0, 1799.0, 1800.0, 1800.0, 1800.0, 1800.0], "avg_cpu": [0.002932910478547855, 0.12933168316831684, 0.22153465346534654, 0.27516501650165015, 0.2537128712871287, 0.25866336633663367, 0.24876237623762376, 0.29414191419141916, 0.2677392739273927, 0.2817656765676568, 0.29826732673267325, 0.3424092409240924, 0.3572607260726073, 0.40924092409240925, 0.3956270627062706, 0.44224422442244227, 0.485973597359736, 0.47112211221122113, 0.523102310231023, 0.47277227722772275, 0.48514851485148514, 0.5033003300330033, 0.5033003300330033, 0.5635313531353136, 0.5412541254125413, 0.5453795379537953, 0.5363036303630363, 0.5726072607260726, 0.6328382838283828, 0.6031353135313532, 0.5973597359735974, 0.6287128712871287, 0.599009900990099, 0.5767326732673267, 0.5684818481848185, 0.5907590759075908, 0.6262376237623762, 0.5726072607260726, 0.6006600660066007, 0.6064356435643564, 0.5899339933993399, 0.5858085808580858, 0.5750825082508251, 0.5965346534653465, 0.5841584158415841, 0.566006600660066, 0.599009900990099, 0.5816831683168316, 0.5726072607260726, 0.5767326732673267, 0.5816831683168316, 0.5552805280528053, 0.6328382838283828, 0.5759075907590759, 0.5726072607260726, 0.6056105610561056, 0.5759075907590759, 0.5577557755775577, 0.6031353135313532, 0.5742574257425742, 0.5552805280528053, 0.5470297029702971, 0.5874587458745875, 0.6089108910891089, 0.566006600660066, 0.5577557755775577, 0.5717821782178217, 0.5783828382838284, 0.5734323432343235, 0.5932343234323433, 0.5981848184818482, 0.6006600660066007, 0.6138613861386139, 0.599009900990099, 0.6295379537953796, 0.655940594059406, 0.594059405940594, 0.5635313531353136, 0.5734323432343235, 0.5726072607260726, 0.5775577557755776, 0.5891089108910891, 0.6039603960396039, 0.5932343234323433, 0.6229372937293729, 0.6971947194719472, 0.6163366336633663, 0.5577557755775577, 0.5643564356435643, 0.6014851485148515, 0.5957095709570958, 0.6625412541254125, 0.320957095709571, 0.008676258250825082, 0.0017339624587458745, 0.001387492264851485], "avg_mem": [0.004112143118594436, 0.008521687408491947, 0.009596907027818447, 0.0088877196193265, 0.008670387994143484, 0.008350109809663251, 0.008556002928257686, 0.008796211566617862, 0.008658949487554905, 0.008739019033674963, 0.008841965592972182, 0.008727580527086384, 0.008761896046852123, 0.009047858711566617, 0.008784773060029283, 0.008464494875549048, 0.00891059663250366, 0.0089449121522694, 0.009345259882869692, 0.008681826500732064, 0.008819088579795022, 0.008716142020497804, 0.009722730600292826, 0.008578879941434846, 0.0088877196193265, 0.00886484260614934, 0.008716142020497804, 0.0089449121522694, 0.008979227672035139, 0.009242313323572475, 0.009002104685212299, 0.008773334553440702, 0.008807650073206443, 0.008761896046852123, 0.0089449121522694, 0.008841965592972182, 0.008750457540263544, 0.00892203513909224, 0.008853404099560761, 0.008796211566617862, 0.008727580527086384, 0.00896778916544656, 0.008796211566617862, 0.008796211566617862, 0.008716142020497804, 0.009551153001464129, 0.009047858711566617, 0.008773334553440702, 0.008567441434846267, 0.008601756954612006, 0.008807650073206443, 0.008979227672035139, 0.008750457540263544, 0.00896778916544656, 0.009013543191800878, 0.008899158125915081, 0.008784773060029283, 0.008876281112737921, 0.008727580527086384, 0.008807650073206443, 0.0088877196193265, 0.009116489751098097, 0.009036420204978038, 0.008773334553440702, 0.008750457540263544, 0.0088877196193265, 0.008841965592972182, 0.008841965592972182, 0.008796211566617862, 0.0088877196193265, 0.00891059663250366, 0.009127928257686676, 0.008681826500732064, 0.008830527086383601, 0.009013543191800878, 0.008899158125915081, 0.008841965592972182, 0.008796211566617862, 0.00886484260614934, 0.00891059663250366, 0.009139366764275255, 0.009013543191800878, 0.009002104685212299, 0.008876281112737921, 0.008807650073206443, 0.008956350658857979, 0.008739019033674963, 0.008899158125915081, 0.008739019033674963, 0.008899158125915081, 0.008830527086383601, 0.009002104685212299, 0.007995516105417277, 0.00728632869692533, 0.00727489019033675, 8.006954612005857e-05]}