{"time": [530.0, 530.0, 531.0, 531.0, 532.0, 533.0, 534.0, 535.0, 536.0, 537.0, 538.0, 539.0, 540.0, 540.0, 541.0, 542.0, 543.0, 544.0, 545.0, 546.0, 547.0, 548.0, 549.0, 550.0, 551.0, 552.0, 553.0, 554.0, 555.0, 556.0, 556.0, 557.0, 558.0, 559.0, 560.0, 561.0, 562.0, 563.0, 564.0, 565.0, 566.0, 567.0, 568.0, 569.0, 570.0, 571.0, 571.0, 572.0, 572.0, 572.0, 578.0, 579.0, 580.0, 581.0, 582.0, 583.0, 584.0, 585.0, 586.0, 587.0, 588.0, 589.0, 590.0, 591.0, 592.0, 593.0, 594.0, 595.0, 596.0, 597.0, 598.0, 599.0, 600.0, 601.0, 602.0, 603.0, 604.0, 605.0, 606.0, 607.0, 608.0, 609.0, 610.0, 611.0, 612.0, 613.0, 614.0, 615.0, 616.0, 617.0, 618.0, 619.0, 620.0, 621.0, 622.0, 623.0, 624.0, 625.0, 626.0, 627.0, 628.0, 629.0, 630.0, 631.0, 632.0, 633.0, 634.0, 635.0, 636.0, 637.0, 638.0, 639.0, 640.0, 641.0, 642.0, 643.0, 644.0, 645.0, 646.0, 647.0, 648.0, 649.0, 650.0, 651.0, 652.0, 653.0, 653.0, 653.0, 653.0], "avg_cpu": [0.22318481848184818, 0.5346534653465347, 0.5379537953795379, 0.6047854785478548, 0.5338283828382838, 0.6179867986798679, 0.7417491749174917, 0.528052805280528, 0.6262376237623762, 0.6617161716171617, 0.608085808580858, 0.5998349834983498, 0.5379537953795379, 0.641914191419142, 0.5387788778877888, 0.5957095709570958, 0.6287128712871287, 0.6823432343234324, 0.6229372937293729, 0.551980198019802, 0.5924092409240924, 0.5610561056105611, 0.5247524752475248, 0.636963696369637, 0.5676567656765676, 0.58003300330033, 0.5932343234323433, 0.5222772277227723, 0.6056105610561056, 0.6031353135313532, 0.5924092409240924, 0.5264026402640264, 0.5264026402640264, 0.5742574257425742, 0.584983498349835, 0.5825082508250825, 0.5783828382838284, 0.6278877887788779, 0.613036303630363, 0.6188118811881188, 0.608085808580858, 0.5973597359735974, 0.6047854785478548, 0.6006600660066007, 0.6716171617161716, 0.551980198019802, 0.566006600660066, 0.4306930693069307, 0.0017339624587458745, 0.0, 0.5272277227722773, 0.4991749174917492, 0.5288778877887789, 0.5379537953795379, 0.5915841584158416, 0.5924092409240924, 0.5742574257425742, 0.5544554455445545, 0.5264026402640264, 0.5148514851485149, 0.5470297029702971, 0.5627062706270627, 0.5808580858085809, 0.6122112211221122, 0.5726072607260726, 0.5594059405940595, 0.5907590759075908, 0.5371287128712872, 0.5453795379537953, 0.5478547854785478, 0.5998349834983498, 0.5924092409240924, 0.6336633663366337, 0.5478547854785478, 0.5734323432343235, 0.5511551155115512, 0.5536303630363036, 0.5767326732673267, 0.5882838283828383, 0.5594059405940595, 0.5635313531353136, 0.5536303630363036, 0.58003300330033, 0.5891089108910891, 0.5511551155115512, 0.5412541254125413, 0.5618811881188119, 0.5676567656765676, 0.5627062706270627, 0.5726072607260726, 0.5668316831683168, 0.5651815181518152, 0.551980198019802, 0.5684818481848185, 0.5651815181518152, 0.5668316831683168, 0.5643564356435643, 0.5346534653465347, 0.6163366336633663, 0.5338283828382838, 0.5536303630363036, 0.6023102310231023, 0.6361386138613861, 0.5651815181518152, 0.5775577557755776, 0.5767326732673267, 0.5486798679867987, 0.5684818481848185, 0.5750825082508251, 0.5495049504950495, 0.551980198019802, 0.5866336633663366, 0.6056105610561056, 0.5627062706270627, 0.5726072607260726, 0.5651815181518152, 0.5, 0.5429042904290429, 0.5528052805280528, 0.5404290429042904, 0.58003300330033, 0.5841584158415841, 0.5594059405940595, 0.5404290429042904, 0.533003300330033, 0.5288778877887789, 0.5552805280528053, 0.0, 0.0], "avg_mem": [0.014618411420204978, 0.0455710102489019, 0.04868228404099561, 0.04163616398243045, 0.04191068814055637, 0.04310029282576867, 0.0426885065885798, 0.04154465592972181, 0.0412701317715959, 0.042322474377745244, 0.04094985358711566, 0.04378660322108346, 0.04136163982430454, 0.044335651537335284, 0.040309297218155196, 0.04346632503660322, 0.04255124450951684, 0.04236822840409956, 0.04172767203513909, 0.04337481698389458, 0.04168191800878477, 0.04154465592972181, 0.04163616398243045, 0.0426885065885798, 0.04465592972181552, 0.044244143484626644, 0.04200219619326501, 0.043832357247437774, 0.044335651537335284, 0.04108711566617863, 0.04685212298682284, 0.04296303074670571, 0.04236822840409956, 0.04255124450951684, 0.044015373352855054, 0.0436493411420205, 0.04218521229868229, 0.04456442166910688, 0.04488469985358712, 0.04236822840409956, 0.04259699853587116, 0.043420571010248904, 0.04305453879941435, 0.04200219619326501, 0.0446101756954612, 0.04488469985358712, 0.04355783308931186, 0.0412701317715959, 0.000669152635431918, 0.00041178623718887263, 0.041819180087847733, 0.038799414348462666, 0.044930453879941434, 0.04163616398243045, 0.04369509516837482, 0.044427159590043924, 0.042642752562225474, 0.04296303074670571, 0.041315885797950216, 0.04387811127379209, 0.0412701317715959, 0.044427159590043924, 0.04305453879941435, 0.0410413616398243, 0.04213945827232796, 0.04067532942898975, 0.04296303074670571, 0.04355783308931186, 0.04186493411420205, 0.04287152269399707, 0.041407393850658857, 0.04296303074670571, 0.04259699853587116, 0.04108711566617863, 0.04488469985358712, 0.04058382137628111, 0.04250549048316252, 0.0412701317715959, 0.042734260614934114, 0.04300878477306003, 0.04159040995607614, 0.039302708638360176, 0.04351207906295754, 0.04159040995607614, 0.04186493411420205, 0.04113286969253294, 0.045113469985358715, 0.04410688140556369, 0.03966874084919473, 0.043329062957540264, 0.04168191800878477, 0.04346632503660322, 0.03916544655929722, 0.042642752562225474, 0.041315885797950216, 0.042917276720351394, 0.04209370424597365, 0.04191068814055637, 0.041315885797950216, 0.039806002928257686, 0.042642752562225474, 0.0426885065885798, 0.042322474377745244, 0.042917276720351394, 0.04159040995607614, 0.04355783308931186, 0.0424597364568082, 0.04250549048316252, 0.04191068814055637, 0.04186493411420205, 0.046120058565153735, 0.04255124450951684, 0.0414989019033675, 0.04250549048316252, 0.04241398243045388, 0.04355783308931186, 0.045021961932650074, 0.04346632503660322, 0.04259699853587116, 0.04410688140556369, 0.04278001464128843, 0.040217789165446556, 0.043420571010248904, 0.04145314787701318, 0.04191068814055637, 0.045113469985358715, 0.036923499267935575, 0.001226779831625183, 0.0004346632503660322]}