{"time": [521.0, 522.0, 523.0, 524.0, 525.0, 526.0, 527.0, 527.0, 527.0, 527.0, 536.0, 537.0, 538.0, 539.0, 540.0, 540.0, 541.0, 542.0, 543.0, 544.0, 545.0, 546.0, 547.0, 548.0, 549.0, 550.0, 551.0, 552.0, 553.0, 554.0, 555.0, 556.0, 557.0, 557.0, 558.0, 559.0, 559.0, 560.0, 560.0, 560.0, 561.0, 562.0, 563.0, 564.0, 565.0, 566.0, 567.0, 568.0, 569.0, 570.0, 571.0, 571.0, 571.0, 571.0, 575.0, 576.0, 577.0, 578.0, 579.0, 580.0, 581.0, 582.0, 583.0, 584.0, 585.0, 586.0, 587.0, 588.0, 589.0, 590.0, 591.0, 592.0, 593.0, 594.0, 595.0, 596.0, 597.0, 598.0, 599.0, 600.0, 601.0, 602.0, 603.0, 604.0, 605.0, 606.0, 607.0, 608.0, 609.0, 610.0, 611.0, 612.0, 613.0, 614.0, 615.0, 616.0, 617.0, 617.0, 618.0, 619.0, 620.0, 621.0, 622.0, 623.0, 624.0, 625.0, 626.0, 627.0, 628.0, 629.0, 630.0, 631.0, 632.0, 633.0, 634.0, 635.0, 636.0, 637.0, 638.0, 639.0, 640.0, 641.0, 642.0, 643.0, 644.0, 645.0, 646.0, 647.0, 648.0, 649.0, 650.0, 651.0, 652.0, 653.0, 653.0, 653.0, 653.0, 709.0, 710.0, 711.0, 712.0, 713.0, 714.0, 715.0, 716.0, 717.0, 718.0, 719.0, 720.0, 721.0, 722.0, 723.0, 724.0, 725.0, 725.0, 726.0, 727.0, 728.0, 729.0, 730.0, 731.0, 732.0, 733.0, 734.0, 735.0, 735.0, 735.0, 735.0], "avg_cpu": [0.020725723140495866, 0.0931473829201102, 0.04347451790633609, 0.000838014376721763, 0.012698002754820937, 0.00040891873278236916, 0.00034166236225895315, 0.00026364497245179064, 0.000260954717630854, 0.00019369834710743802, 0.5618811881188119, 0.5792079207920792, 0.5651815181518152, 0.5536303630363036, 0.570957095709571, 0.6476897689768977, 0.5503300330033003, 0.5750825082508251, 0.5651815181518152, 0.570957095709571, 0.570957095709571, 0.5544554455445545, 0.6006600660066007, 0.5750825082508251, 0.5957095709570958, 0.6014851485148515, 0.5594059405940595, 0.5115511551155115, 0.5833333333333334, 0.5627062706270627, 0.5717821782178217, 0.5775577557755776, 0.5825082508250825, 0.5816831683168316, 0.5701320132013201, 0.5239273927392739, 0.5247524752475248, 0.40470297029702973, 0.017507219471947194, 0.0, 0.5453795379537953, 0.5866336633663366, 0.5825082508250825, 0.5214521452145214, 0.5750825082508251, 0.5783828382838284, 0.5783828382838284, 0.5750825082508251, 0.5750825082508251, 0.5808580858085809, 0.5610561056105611, 0.5792079207920792, 0.18564356435643564, 0.0, 0.6113861386138614, 0.6320132013201321, 0.6295379537953796, 0.6303630363036303, 0.6551155115511551, 0.6551155115511551, 0.6237623762376238, 0.6023102310231023, 0.5973597359735974, 0.5858085808580858, 0.5420792079207921, 0.5354785478547854, 0.5453795379537953, 0.5470297029702971, 0.5371287128712872, 0.5338283828382838, 0.5486798679867987, 0.5750825082508251, 0.5651815181518152, 0.5470297029702971, 0.5495049504950495, 0.5429042904290429, 0.5396039603960396, 0.556930693069307, 0.5577557755775577, 0.5255775577557755, 0.5462046204620462, 0.5750825082508251, 0.5759075907590759, 0.5371287128712872, 0.5354785478547854, 0.5297029702970297, 0.4876237623762376, 0.5239273927392739, 0.5165016501650165, 0.5214521452145214, 0.504950495049505, 0.5313531353135313, 0.5338283828382838, 0.5041254125412541, 0.5123762376237624, 0.5024752475247525, 0.5297029702970297, 0.6518151815181518, 0.6229372937293729, 0.6072607260726073, 0.6179867986798679, 0.6526402640264026, 0.6633663366336634, 0.6773927392739274, 0.6782178217821783, 0.6600660066006601, 0.6600660066006601, 0.608085808580858, 0.6724422442244224, 0.6221122112211221, 0.5891089108910891, 0.6328382838283828, 0.6064356435643564, 0.5808580858085809, 0.6427392739273927, 0.6245874587458746, 0.6097359735973598, 0.6179867986798679, 0.6311881188118812, 0.6006600660066007, 0.6270627062706271, 0.5932343234323433, 0.5948844884488449, 0.6551155115511551, 0.6551155115511551, 0.6361386138613861, 0.7046204620462047, 0.6262376237623762, 0.6146864686468647, 0.6262376237623762, 0.6262376237623762, 0.6262376237623762, 0.5981848184818482, 0.5742574257425742, 0.5957095709570958, 0.0871493399339934, 0.0, 0.002178733498349835, 0.6270627062706271, 0.6476897689768977, 0.6476897689768977, 0.6485148514851485, 0.6617161716171617, 0.6575907590759076, 0.6493399339933993, 0.6485148514851485, 0.650990099009901, 0.6526402640264026, 0.6567656765676567, 0.6526402640264026, 0.6493399339933993, 0.6485148514851485, 0.6328382838283828, 0.650990099009901, 0.6353135313531353, 0.6204620462046204, 0.6245874587458746, 0.6526402640264026, 0.6485148514851485, 0.6485148514851485, 0.6452145214521452, 0.6468646864686468, 0.6320132013201321, 0.12974422442244224, 0.0006172003919141915, 0.0007235586839933994, 0.006510416666666667, 0.0002417233910891089],