{"time": [5756.0, 5757.0, 5757.0, 5757.0, 5757.0, 5758.0, 5758.0, 5759.0, 5760.0, 5761.0, 5762.0, 5763.0, 5764.0, 5765.0, 5766.0, 5767.0, 5768.0, 5769.0, 5770.0, 5771.0, 5772.0, 5773.0, 5774.0, 5775.0, 5776.0, 5777.0, 5778.0, 5779.0, 5780.0, 5781.0, 5782.0, 5783.0, 5784.0, 5785.0, 5786.0, 5787.0, 5788.0, 5789.0, 5790.0, 5791.0, 5792.0, 5793.0, 5794.0, 5795.0, 5796.0, 5797.0, 5798.0, 5799.0, 5800.0, 5801.0, 5802.0, 5803.0, 5804.0, 5805.0, 5806.0, 5807.0, 5808.0, 5809.0, 5810.0, 5811.0, 5812.0, 5813.0, 5814.0, 5815.0, 5816.0, 5817.0, 5818.0, 5819.0, 5820.0, 5821.0, 5822.0, 5823.0, 5824.0, 5825.0, 5826.0, 5827.0, 5828.0, 5829.0, 5830.0, 5831.0, 5832.0, 5833.0, 5834.0, 5835.0, 5836.0, 5837.0, 5838.0, 5839.0, 5840.0, 5841.0, 5842.0, 5843.0, 5844.0, 5845.0, 5846.0, 5846.0, 5846.0, 5846.0], "avg_cpu": [0.03325094161958569, 0.1292372881355932, 0.16454802259887005, 0.2862523540489642, 0.3295668549905838, 0.4604519774011299, 0.5649717514124294, 0.5781544256120528, 0.5894538606403014, 0.6101694915254238, 0.6073446327683616, 0.6073446327683616, 0.6101694915254238, 0.6120527306967984, 0.6054613935969868, 0.5866290018832392, 0.6045197740112994, 0.5856873822975518, 0.5998116760828626, 0.5903954802259888, 0.5809792843691148, 0.588512241054614, 0.583804143126177, 0.5875706214689266, 0.5894538606403014, 0.5866290018832392, 0.5894538606403014, 0.6073446327683616, 0.5922787193973634, 0.6092278719397364, 0.608286252354049, 0.591337099811676, 0.6064030131826742, 0.6045197740112994, 0.5875706214689266, 0.5847457627118644, 0.5998116760828626, 0.596045197740113, 0.596045197740113, 0.6016949152542372, 0.583804143126177, 0.588512241054614, 0.6054613935969868, 0.6045197740112994, 0.6073446327683616, 0.6054613935969868, 0.5998116760828626, 0.5932203389830508, 0.5969868173258004, 0.5922787193973634, 0.6026365348399246, 0.588512241054614, 0.5941619585687382, 0.608286252354049, 0.5988700564971752, 0.588512241054614, 0.6045197740112994, 0.6101694915254238, 0.5903954802259888, 0.5979284369114878, 0.6073446327683616, 0.6111111111111112, 0.588512241054614, 0.5969868173258004, 0.5941619585687382, 0.5781544256120528, 0.5790960451977402, 0.5781544256120528, 0.588512241054614, 0.588512241054614, 0.5800376647834274, 0.591337099811676, 0.588512241054614, 0.5932203389830508, 0.588512241054614, 0.5847457627118644, 0.5696798493408662, 0.5677966101694916, 0.5772128060263654, 0.583804143126177, 0.5734463276836158, 0.5696798493408662, 0.5546139359698682, 0.5725047080979284, 0.5612052730696798, 0.5612052730696798, 0.5612052730696798, 0.5621468926553672, 0.5668549905838042, 0.5743879472693032, 0.5734463276836158, 0.5725047080979284, 0.5677966101694916, 0.480225988700565, 0.00063265065913371, 0.001953125, 0.00390625, 0.0015632356403013183], "avg_mem": [0.01051198755490483, 0.015762262079062957, 0.016654465592972182, 0.01676885065885798, 0.015853770131771597, 0.015945278184480233, 0.01612829428989751, 0.016311310395314787, 0.01608254026354319, 0.01608254026354319, 0.015991032210834553, 0.01560212298682284, 0.015808016105417277, 0.015876647144948755, 0.016357064421669107, 0.0200402635431918, 0.017706808199121522, 0.016357064421669107, 0.016013909224011712, 0.016105417276720352, 0.016562957540263542, 0.015968155197657395, 0.015968155197657395, 0.015991032210834553, 0.01608254026354319, 0.01663158857979502, 0.016151171303074672, 0.01617404831625183, 0.016562957540263542, 0.016059663250366032, 0.015830893118594435, 0.016654465592972182, 0.01624267935578331, 0.01628843338213763, 0.016311310395314787, 0.015922401171303075, 0.01628843338213763, 0.01621980234260615, 0.016059663250366032, 0.016402818448023427, 0.01633418740849195, 0.016814604685212297, 0.015808016105417277, 0.016105417276720352, 0.01688323572474378, 0.01621980234260615, 0.016448572474377744, 0.016265556368960467, 0.016151171303074672, 0.016059663250366032, 0.015762262079062957, 0.015899524158125913, 0.01667734260614934, 0.01619692532942899, 0.015899524158125913, 0.016013909224011712, 0.01612829428989751, 0.015899524158125913, 0.016105417276720352, 0.01674597364568082, 0.018690519765739384, 0.01628843338213763, 0.016357064421669107, 0.016036786237188873, 0.01608254026354319, 0.015945278184480233, 0.016036786237188873, 0.015945278184480233, 0.01617404831625183, 0.01624267935578331, 0.015899524158125913, 0.01617404831625183, 0.015968155197657395, 0.016036786237188873, 0.016494326500732064, 0.016036786237188873, 0.016448572474377744, 0.016105417276720352, 0.015991032210834553, 0.016265556368960467, 0.016562957540263542, 0.01617404831625183, 0.01612829428989751, 0.016425695461200585, 0.017043374816983894, 0.015899524158125913, 0.015853770131771597, 0.017363653001464127, 0.016105417276720352, 0.016562957540263542, 0.01621980234260615, 0.016013909224011712, 0.01619692532942899, 0.015281844802342607, 0.012033308931185944, 0.011255490483162519, 0.00012010431918008785, 9.722730600292826e-05]}