{"time": [530.0, 530.0, 531.0, 531.0, 532.0, 533.0, 534.0, 535.0, 536.0, 537.0, 538.0, 539.0, 540.0, 540.0, 541.0, 542.0, 543.0, 544.0, 545.0, 546.0, 547.0, 548.0, 549.0, 550.0, 551.0, 552.0, 553.0, 554.0, 555.0, 556.0, 556.0, 557.0, 558.0, 559.0, 560.0, 561.0, 562.0, 563.0, 564.0, 565.0, 566.0, 567.0, 568.0, 569.0, 570.0, 571.0, 571.0, 571.0, 571.0, 577.0, 578.0, 579.0, 580.0, 581.0, 582.0, 583.0, 584.0, 585.0, 586.0, 587.0, 588.0, 589.0, 590.0, 591.0, 592.0, 593.0, 594.0, 595.0, 596.0, 597.0, 598.0, 599.0, 600.0, 601.0, 602.0, 603.0, 604.0, 605.0, 606.0, 607.0, 608.0, 609.0, 610.0, 611.0, 612.0, 613.0, 614.0, 615.0, 616.0, 617.0, 618.0, 619.0, 620.0, 621.0, 622.0, 623.0, 624.0, 625.0, 626.0, 627.0, 628.0, 629.0, 630.0, 630.0, 631.0, 632.0, 633.0, 634.0, 635.0, 636.0, 637.0, 638.0, 639.0, 640.0, 641.0, 642.0, 643.0, 644.0, 645.0, 646.0, 647.0, 648.0, 649.0, 650.0, 651.0, 652.0, 653.0, 653.0, 653.0, 653.0], "avg_cpu": [0.22772277227722773, 0.5404290429042904, 0.4933993399339934, 0.5206270627062707, 0.523102310231023, 0.5297029702970297, 0.5272277227722773, 0.49422442244224424, 0.49257425742574257, 0.4991749174917492, 0.509075907590759, 0.5082508250825083, 0.5074257425742574, 0.5206270627062707, 0.4909240924092409, 0.5173267326732673, 0.48514851485148514, 0.4975247524752475, 0.5008250825082509, 0.48514851485148514, 0.4892739273927393, 0.4867986798679868, 0.4991749174917492, 0.485973597359736, 0.4892739273927393, 0.4900990099009901, 0.5272277227722773, 0.485973597359736, 0.4884488448844885, 0.5181518151815182, 0.6122112211221122, 0.5057755775577558, 0.5297029702970297, 0.5379537953795379, 0.5363036303630363, 0.5321782178217822, 0.5346534653465347, 0.5222772277227723, 0.5173267326732673, 0.518976897689769, 0.5239273927392739, 0.5148514851485149, 0.5321782178217822, 0.5445544554455446, 0.5255775577557755, 0.5899339933993399, 0.5561056105610561, 0.0, 0.0, 0.24504950495049505, 0.5561056105610561, 0.5272277227722773, 0.5338283828382838, 0.5561056105610561, 0.5396039603960396, 0.5717821782178217, 0.5387788778877888, 0.5445544554455446, 0.5635313531353136, 0.5701320132013201, 0.5651815181518152, 0.5528052805280528, 0.5701320132013201, 0.570957095709571, 0.5635313531353136, 0.5272277227722773, 0.5693069306930693, 0.5495049504950495, 0.5635313531353136, 0.5585808580858086, 0.5618811881188119, 0.5478547854785478, 0.5445544554455446, 0.5132013201320133, 0.5412541254125413, 0.5651815181518152, 0.5511551155115512, 0.5173267326732673, 0.5239273927392739, 0.5115511551155115, 0.528052805280528, 0.5346534653465347, 0.5396039603960396, 0.5552805280528053, 0.5775577557755776, 0.584983498349835, 0.4991749174917492, 0.5338283828382838, 0.5305280528052805, 0.5346534653465347, 0.5173267326732673, 0.5222772277227723, 0.5247524752475248, 0.5536303630363036, 0.5618811881188119, 0.5742574257425742, 0.5701320132013201, 0.5602310231023102, 0.5404290429042904, 0.5412541254125413, 0.5693069306930693, 0.5825082508250825, 0.5544554455445545, 0.6625412541254125, 0.6394389438943895, 0.6113861386138614, 0.6377887788778878, 0.6452145214521452, 0.5676567656765676, 0.6716171617161716, 0.6501650165016502, 0.599009900990099, 0.6311881188118812, 0.6221122112211221, 0.636963696369637, 0.636963696369637, 0.6287128712871287, 0.6254125412541254, 0.6138613861386139, 0.6221122112211221, 0.5858085808580858, 0.6245874587458746, 0.5684818481848185, 0.5924092409240924, 0.5726072607260726, 0.5742574257425742, 0.6072607260726073, 0.5775577557755776, 0.12623762376237624, 0.0], "avg_mem": [0.00949396046852123, 0.045525256222547585, 0.040995607613469986, 0.04026354319180088, 0.04296303074670571, 0.04117862371888726, 0.040812591508052706, 0.04186493411420205, 0.0414989019033675, 0.04058382137628111, 0.04017203513909224, 0.041407393850658857, 0.03966874084919473, 0.04566251830161054, 0.04044655929721815, 0.04108711566617863, 0.039714494875549046, 0.04287152269399707, 0.03875366032210834, 0.042734260614934114, 0.04300878477306003, 0.04163616398243045, 0.04406112737920937, 0.04355783308931186, 0.04122437774524158, 0.04062957540263543, 0.045525256222547585, 0.0424597364568082, 0.04172767203513909, 0.04145314787701318, 0.04328330893118595, 0.042322474377745244, 0.04209370424597365, 0.04310029282576867, 0.04497620790629575, 0.0410413616398243, 0.042642752562225474, 0.04012628111273792, 0.041819180087847733, 0.041407393850658857, 0.04058382137628111, 0.04456442166910688, 0.04191068814055637, 0.04076683748169839, 0.04355783308931186, 0.043146046852122984, 0.04094985358711566, 0.0004146458638360176, 0.00027166453147877014, 0.00948252196193265, 0.04300878477306003, 0.0410413616398243, 0.04200219619326501, 0.04369509516837482, 0.0424597364568082, 0.04204795021961932, 0.042322474377745244, 0.04209370424597365, 0.04355783308931186, 0.04396961932650073, 0.04218521229868229, 0.040995607613469986, 0.04094985358711566, 0.04227672035139092, 0.04278001464128843, 0.04191068814055637, 0.04200219619326501, 0.04465592972181552, 0.04145314787701318, 0.04287152269399707, 0.04488469985358712, 0.04177342606149341, 0.04236822840409956, 0.044838945827232794, 0.04369509516837482, 0.04154465592972181, 0.04296303074670571, 0.043832357247437774, 0.044015373352855054, 0.04186493411420205, 0.040812591508052706, 0.040400805270863836, 0.042642752562225474, 0.04351207906295754, 0.04575402635431918, 0.042230966325036604, 0.04177342606149341, 0.04488469985358712, 0.04113286969253294, 0.04195644216691069, 0.04136163982430454, 0.04584553440702782, 0.041819180087847733, 0.04154465592972181, 0.042734260614934114, 0.03966874084919473, 0.04310029282576867, 0.03683199121522694, 0.04406112737920937, 0.04136163982430454, 0.04360358711566618, 0.039211200585651536, 0.04044655929721815, 0.043329062957540264, 0.0410413616398243, 0.04062957540263543, 0.04003477306002928, 0.039211200585651536, 0.04259699853587116, 0.0414989019033675, 0.04328330893118595, 0.04154465592972181, 0.046623352855051245, 0.036008418740849195, 0.043420571010248904, 0.036420204978038065, 0.04566251830161054, 0.037106515373352855, 0.04497620790629575, 0.034910322108345535, 0.04598279648609078, 0.04003477306002928, 0.04186493411420205, 0.042734260614934114, 0.0426885065885798, 0.04062957540263543, 0.0426885065885798, 0.04310029282576867, 0.0027566800878477305, 0.0009522556734992679]}