{"time": [1718.0, 1719.0, 1719.0, 1719.0, 1719.0, 1720.0, 1720.0, 1721.0, 1722.0, 1723.0, 1724.0, 1725.0, 1726.0, 1727.0, 1728.0, 1729.0, 1729.0, 1730.0, 1731.0, 1732.0, 1733.0, 1734.0, 1734.0, 1735.0, 1736.0, 1737.0, 1738.0, 1739.0, 1739.0, 1740.0, 1741.0, 1742.0, 1743.0, 1744.0, 1745.0, 1746.0, 1747.0, 1748.0, 1749.0, 1750.0, 1751.0, 1752.0, 1753.0, 1754.0, 1755.0, 1756.0, 1757.0, 1758.0, 1759.0, 1760.0, 1761.0, 1762.0, 1763.0, 1764.0, 1765.0, 1766.0, 1767.0, 1768.0, 1769.0, 1770.0, 1771.0, 1772.0, 1773.0, 1774.0, 1775.0, 1776.0, 1777.0, 1778.0, 1779.0, 1780.0, 1781.0, 1782.0, 1783.0, 1784.0, 1785.0, 1786.0, 1787.0, 1788.0, 1789.0, 1790.0, 1791.0, 1792.0, 1793.0, 1794.0, 1795.0, 1796.0, 1797.0, 1798.0, 1799.0, 1800.0, 1800.0, 1800.0, 1800.0], "avg_cpu": [0.22978547854785478, 0.22978547854785478, 0.2561881188118812, 0.24504950495049505, 0.2739273927392739, 0.28836633663366334, 0.33127062706270627, 0.29207920792079206, 0.24587458745874588, 0.24546204620462045, 0.2962046204620462, 0.3061056105610561, 0.34983498349834985, 0.375, 0.33457095709570955, 0.37541254125412543, 0.528052805280528, 0.5222772277227723, 0.5354785478547854, 0.5239273927392739, 0.5041254125412541, 0.518976897689769, 0.5198019801980198, 0.5552805280528053, 0.5825082508250825, 0.6625412541254125, 0.58003300330033, 0.6617161716171617, 0.641914191419142, 0.5948844884488449, 0.5948844884488449, 0.6212871287128713, 0.6476897689768977, 0.6435643564356436, 0.6311881188118812, 0.6295379537953796, 0.6031353135313532, 0.6229372937293729, 0.6146864686468647, 0.6006600660066007, 0.6006600660066007, 0.6394389438943895, 0.6097359735973598, 0.608085808580858, 0.6064356435643564, 0.6113861386138614, 0.6163366336633663, 0.6146864686468647, 0.5915841584158416, 0.5932343234323433, 0.5866336633663366, 0.6072607260726073, 0.5981848184818482, 0.6427392739273927, 0.6196369636963697, 0.6039603960396039, 0.6014851485148515, 0.6031353135313532, 0.6270627062706271, 0.5957095709570958, 0.5915841584158416, 0.599009900990099, 0.5965346534653465, 0.6328382838283828, 0.6295379537953796, 0.6179867986798679, 0.6171617161716172, 0.6039603960396039, 0.6394389438943895, 0.5973597359735974, 0.6460396039603961, 0.6641914191419142, 0.6344884488448845, 0.6023102310231023, 0.6435643564356436, 0.7227722772277227, 0.7202970297029703, 0.6765676567656765, 0.6501650165016502, 0.613036303630363, 0.5924092409240924, 0.5891089108910891, 0.6452145214521452, 0.6188118811881188, 0.5717821782178217, 0.5668316831683168, 0.5882838283828383, 0.5742574257425742, 0.5891089108910891, 0.2834158415841584, 0.0008669812293729373, 0.0, 0.0020240305280528055], "avg_mem": [0.008041270131771595, 0.009288067349926793, 0.009082174231332358, 0.008075585651537336, 0.008407302342606148, 0.00839586383601757, 0.007995516105417277, 0.008601756954612006, 0.008475933382137629, 0.008521687408491947, 0.008590318448023425, 0.008475933382137629, 0.008727580527086384, 0.008487371888726208, 0.008796211566617862, 0.008727580527086384, 0.0088877196193265, 0.008727580527086384, 0.008670387994143484, 0.008693265007320644, 0.008681826500732064, 0.008498810395314787, 0.008601756954612006, 0.008670387994143484, 0.008784773060029283, 0.008601756954612006, 0.008716142020497804, 0.008681826500732064, 0.00892203513909224, 0.008853404099560761, 0.008590318448023425, 0.008624633967789166, 0.008841965592972182, 0.008773334553440702, 0.00891059663250366, 0.008761896046852123, 0.008727580527086384, 0.008841965592972182, 0.008704703513909224, 0.008727580527086384, 0.00891059663250366, 0.008636072474377745, 0.008773334553440702, 0.008796211566617862, 0.008681826500732064, 0.008739019033674963, 0.00886484260614934, 0.008670387994143484, 0.0088877196193265, 0.008796211566617862, 0.008841965592972182, 0.008899158125915081, 0.008578879941434846, 0.008739019033674963, 0.008727580527086384, 0.00893347364568082, 0.008784773060029283, 0.008796211566617862, 0.008750457540263544, 0.008761896046852123, 0.008670387994143484, 0.008796211566617862, 0.008636072474377745, 0.008841965592972182, 0.009002104685212299, 0.008773334553440702, 0.008556002928257686, 0.008876281112737921, 0.00891059663250366, 0.008750457540263544, 0.008681826500732064, 0.008647510980966324, 0.008876281112737921, 0.008716142020497804, 0.008670387994143484, 0.008750457540263544, 0.008739019033674963, 0.00899066617862372, 0.009002104685212299, 0.008784773060029283, 0.008784773060029283, 0.008761896046852123, 0.008899158125915081, 0.008750457540263544, 0.009105051244509516, 0.008693265007320644, 0.008624633967789166, 0.008739019033674963, 0.008727580527086384, 0.007938323572474378, 0.006885980966325036, 0.006885980966325036, 0.002344893850658858]}