{"time": [530.0, 531.0, 531.0, 532.0, 532.0, 532.0, 532.0, 553.0, 554.0, 555.0, 556.0, 556.0, 557.0, 558.0, 559.0, 560.0, 561.0, 562.0, 563.0, 564.0, 565.0, 566.0, 567.0, 568.0, 569.0, 570.0, 571.0, 571.0, 572.0, 572.0, 572.0, 577.0, 578.0, 579.0, 580.0, 581.0, 582.0, 583.0, 584.0, 585.0, 586.0, 587.0, 588.0, 589.0, 590.0, 591.0, 592.0, 593.0, 594.0, 595.0, 596.0, 597.0, 598.0, 599.0, 600.0, 601.0, 602.0, 603.0, 604.0, 605.0, 606.0, 607.0, 608.0, 609.0, 610.0, 611.0, 612.0, 613.0, 614.0, 615.0, 616.0, 617.0, 618.0, 619.0, 620.0, 621.0, 622.0, 623.0, 624.0, 625.0, 626.0, 627.0, 628.0, 629.0, 630.0, 631.0, 632.0, 633.0, 634.0, 635.0, 636.0, 637.0, 638.0, 639.0, 640.0, 641.0, 642.0, 643.0, 644.0, 645.0, 646.0, 647.0, 648.0, 649.0, 650.0, 651.0, 652.0, 653.0, 653.0, 653.0, 653.0], "avg_cpu": [0.25550964187327824, 0.48140495867768596, 0.4621212121212121, 0.4290633608815427, 0.41253443526170797, 0.0, 0.0, 0.5833333333333334, 0.5759075907590759, 0.6023102310231023, 0.5528052805280528, 0.6542904290429042, 0.5610561056105611, 0.6344884488448845, 0.6179867986798679, 0.6311881188118812, 0.5759075907590759, 0.5866336633663366, 0.5899339933993399, 0.5882838283828383, 0.5841584158415841, 0.7615511551155115, 0.7318481848184818, 0.6971947194719472, 0.679042904290429, 0.6922442244224423, 0.7475247524752475, 0.7252475247524752, 0.504950495049505, 0.10303217821782178, 0.0, 0.5132013201320133, 0.5676567656765676, 0.570957095709571, 0.566006600660066, 0.5693069306930693, 0.5462046204620462, 0.5470297029702971, 0.5577557755775577, 0.566006600660066, 0.5717821782178217, 0.5561056105610561, 0.5445544554455446, 0.5577557755775577, 0.570957095709571, 0.5470297029702971, 0.6097359735973598, 0.5783828382838284, 0.5651815181518152, 0.5635313531353136, 0.584983498349835, 0.5024752475247525, 0.5412541254125413, 0.5684818481848185, 0.5354785478547854, 0.5602310231023102, 0.5783828382838284, 0.5651815181518152, 0.5717821782178217, 0.5305280528052805, 0.58003300330033, 0.5750825082508251, 0.5387788778877888, 0.5643564356435643, 0.5684818481848185, 0.5495049504950495, 0.5429042904290429, 0.5313531353135313, 0.5891089108910891, 0.5594059405940595, 0.5577557755775577, 0.5297029702970297, 0.5486798679867987, 0.58003300330033, 0.5478547854785478, 0.5602310231023102, 0.5602310231023102, 0.6072607260726073, 0.5321782178217822, 0.5643564356435643, 0.5726072607260726, 0.5907590759075908, 0.5528052805280528, 0.5511551155115512, 0.5915841584158416, 0.5783828382838284, 0.5429042904290429, 0.5825082508250825, 0.5701320132013201, 0.5693069306930693, 0.5247524752475248, 0.5610561056105611, 0.5552805280528053, 0.58003300330033, 0.5684818481848185, 0.5973597359735974, 0.5891089108910891, 0.5866336633663366, 0.5775577557755776, 0.5742574257425742, 0.6122112211221122, 0.6171617161716172, 0.6196369636963697, 0.6064356435643564, 0.6039603960396039, 0.6155115511551155, 0.6056105610561056, 0.641914191419142, 0.6023102310231023, 0.012582508250825082, 0.0], "avg_mem": [0.01894216691068814, 0.03857064421669107, 0.04694363103953148, 0.04186493411420205, 0.034315519765739384, 0.00038890922401171304, 0.00026022602489019034, 0.043832357247437774, 0.04328330893118595, 0.04177342606149341, 0.04497620790629575, 0.047309663250366035, 0.04355783308931186, 0.04328330893118595, 0.04767569546120059, 0.045433748169838944, 0.04287152269399707, 0.04438140556368961, 0.043329062957540264, 0.04300878477306003, 0.04529648609077599, 0.045525256222547585, 0.04589128843338214, 0.04589128843338214, 0.04520497803806735, 0.04419838945827233, 0.04740117130307467, 0.04575402635431918, 0.05005490483162518, 0.000946536420204978, 0.0006834507686676427, 0.04186493411420205, 0.045342240117130304, 0.04849926793557833, 0.04428989751098097, 0.043832357247437774, 0.047218155197657395, 0.04648609077598829, 0.043832357247437774, 0.04497620790629575, 0.045342240117130304, 0.04428989751098097, 0.04470168374816984, 0.04598279648609078, 0.04236822840409956, 0.043832357247437774, 0.04319180087847731, 0.045021961932650074, 0.04506771595900439, 0.04465592972181552, 0.04616581259150805, 0.04488469985358712, 0.044335651537335284, 0.04387811127379209, 0.044335651537335284, 0.04685212298682284, 0.04447291361639824, 0.044335651537335284, 0.04470168374816984, 0.043923865300146414, 0.04410688140556369, 0.04538799414348463, 0.040904099560761346, 0.04465592972181552, 0.04296303074670571, 0.04438140556368961, 0.04479319180087848, 0.04497620790629575, 0.043237554904831624, 0.045616764275256225, 0.04419838945827233, 0.045021961932650074, 0.043740849194729134, 0.04488469985358712, 0.04204795021961932, 0.043146046852122984, 0.04547950219619327, 0.04474743777452416, 0.04410688140556369, 0.042642752562225474, 0.04337481698389458, 0.045113469985358715, 0.0446101756954612, 0.04287152269399707, 0.045433748169838944, 0.04515922401171303, 0.04406112737920937, 0.04310029282576867, 0.04479319180087848, 0.04465592972181552, 0.04209370424597365, 0.04428989751098097, 0.04547950219619327, 0.044335651537335284, 0.04351207906295754, 0.044518667642752564, 0.04456442166910688, 0.04447291361639824, 0.04598279648609078, 0.0455710102489019, 0.04406112737920937, 0.04419838945827233, 0.044335651537335284, 0.044335651537335284, 0.04648609077598829, 0.04538799414348463, 0.04305453879941435, 0.04300878477306003, 0.048407759882869696, 0.00083787060761347, 0.00041750549048316253]}