{"time": [559.0, 560.0, 561.0, 562.0, 563.0, 564.0, 565.0, 566.0, 567.0, 568.0, 569.0, 570.0, 571.0, 571.0, 572.0, 572.0, 572.0, 585.0, 586.0, 587.0, 588.0, 589.0, 590.0, 591.0, 592.0, 593.0, 594.0, 595.0, 596.0, 597.0, 598.0, 599.0, 600.0, 601.0, 602.0, 603.0, 604.0, 605.0, 606.0, 607.0, 608.0, 609.0, 610.0, 611.0, 612.0, 613.0, 614.0, 615.0, 615.0, 616.0, 617.0, 618.0, 619.0, 620.0, 621.0, 622.0, 623.0, 624.0, 625.0, 626.0, 627.0, 628.0, 629.0, 630.0, 631.0, 632.0, 633.0, 634.0, 635.0, 636.0, 637.0, 638.0, 639.0, 640.0, 641.0, 642.0, 643.0, 644.0, 645.0, 646.0, 647.0, 648.0, 649.0, 650.0, 651.0, 652.0, 653.0, 653.0, 653.0, 653.0], "avg_cpu": [0.6881188118811881, 0.7367986798679867, 0.6023102310231023, 0.6056105610561056, 0.5750825082508251, 0.5684818481848185, 0.58003300330033, 0.594059405940594, 0.5429042904290429, 0.5511551155115512, 0.608085808580858, 0.5511551155115512, 0.5396039603960396, 0.5354785478547854, 0.5321782178217822, 0.0, 0.0, 0.5627062706270627, 0.5915841584158416, 0.5808580858085809, 0.5610561056105611, 0.5404290429042904, 0.5585808580858086, 0.5651815181518152, 0.5726072607260726, 0.5478547854785478, 0.5495049504950495, 0.556930693069307, 0.5470297029702971, 0.5833333333333334, 0.5701320132013201, 0.5577557755775577, 0.5693069306930693, 0.5668316831683168, 0.5577557755775577, 0.5264026402640264, 0.5387788778877888, 0.5420792079207921, 0.5305280528052805, 0.5222772277227723, 0.5338283828382838, 0.5536303630363036, 0.5288778877887789, 0.5445544554455446, 0.5404290429042904, 0.5272277227722773, 0.5404290429042904, 0.5478547854785478, 0.6229372937293729, 0.5915841584158416, 0.5924092409240924, 0.599009900990099, 0.6056105610561056, 0.6047854785478548, 0.599009900990099, 0.594059405940594, 0.6056105610561056, 0.6113861386138614, 0.6163366336633663, 0.6237623762376238, 0.599009900990099, 0.6056105610561056, 0.6023102310231023, 0.5882838283828383, 0.5651815181518152, 0.5882838283828383, 0.6204620462046204, 0.6229372937293729, 0.570957095709571, 0.5767326732673267, 0.5767326732673267, 0.5759075907590759, 0.5866336633663366, 0.5684818481848185, 0.5643564356435643, 0.584983498349835, 0.5882838283828383, 0.5792079207920792, 0.5874587458745875, 0.5882838283828383, 0.5717821782178217, 0.5701320132013201, 0.5833333333333334, 0.5907590759075908, 0.5858085808580858, 0.5858085808580858, 0.5693069306930693, 0.5924092409240924, 0.0, 0.0], "avg_mem": [0.029923133235724743, 0.04278001464128843, 0.04159040995607614, 0.042230966325036604, 0.04177342606149341, 0.03943997071742313, 0.043832357247437774, 0.04204795021961932, 0.041819180087847733, 0.0400805270863836, 0.04305453879941435, 0.04218521229868229, 0.04351207906295754, 0.043420571010248904, 0.040812591508052706, 0.0006748718887262079, 0.00033743594436310396, 0.032302342606149344, 0.04145314787701318, 0.04191068814055637, 0.04209370424597365, 0.04204795021961932, 0.04360358711566618, 0.04191068814055637, 0.04012628111273792, 0.04012628111273792, 0.04351207906295754, 0.04497620790629575, 0.04479319180087848, 0.04287152269399707, 0.04488469985358712, 0.04346632503660322, 0.040995607613469986, 0.043237554904831624, 0.04387811127379209, 0.04236822840409956, 0.04570827232796486, 0.04195644216691069, 0.04159040995607614, 0.042230966325036604, 0.04227672035139092, 0.04200219619326501, 0.0410413616398243, 0.043329062957540264, 0.042322474377745244, 0.0426885065885798, 0.043146046852122984, 0.04241398243045388, 0.04094985358711566, 0.04515922401171303, 0.04200219619326501, 0.04209370424597365, 0.042917276720351394, 0.04428989751098097, 0.04351207906295754, 0.04094985358711566, 0.04355783308931186, 0.04204795021961932, 0.04287152269399707, 0.04259699853587116, 0.04328330893118595, 0.04346632503660322, 0.044244143484626644, 0.04387811127379209, 0.04428989751098097, 0.04319180087847731, 0.0436493411420205, 0.04145314787701318, 0.043237554904831624, 0.04154465592972181, 0.04236822840409956, 0.04209370424597365, 0.043420571010248904, 0.042917276720351394, 0.042642752562225474, 0.04186493411420205, 0.04479319180087848, 0.044015373352855054, 0.042230966325036604, 0.04195644216691069, 0.04255124450951684, 0.04177342606149341, 0.04122437774524158, 0.04337481698389458, 0.04300878477306003, 0.04259699853587116, 0.04369509516837482, 0.04255124450951684, 0.0007463625549048316, 0.00034887445095168376]}