{"time": [1719.0, 1720.0, 1720.0, 1720.0, 1721.0, 1721.0, 1722.0, 1723.0, 1724.0, 1725.0, 1726.0, 1727.0, 1727.0, 1728.0, 1729.0, 1729.0, 1730.0, 1731.0, 1732.0, 1733.0, 1733.0, 1734.0, 1735.0, 1736.0, 1737.0, 1737.0, 1738.0, 1739.0, 1740.0, 1741.0, 1742.0, 1743.0, 1744.0, 1745.0, 1746.0, 1747.0, 1748.0, 1749.0, 1750.0, 1751.0, 1752.0, 1753.0, 1754.0, 1755.0, 1756.0, 1757.0, 1758.0, 1759.0, 1760.0, 1761.0, 1762.0, 1763.0, 1764.0, 1765.0, 1766.0, 1767.0, 1768.0, 1769.0, 1770.0, 1771.0, 1772.0, 1773.0, 1774.0, 1775.0, 1776.0, 1777.0, 1778.0, 1779.0, 1780.0, 1781.0, 1782.0, 1783.0, 1784.0, 1785.0, 1786.0, 1787.0, 1788.0, 1789.0, 1790.0, 1791.0, 1792.0, 1793.0, 1794.0, 1795.0, 1796.0, 1797.0, 1798.0, 1799.0, 1800.0, 1800.0, 1800.0], "avg_cpu": [0.004576629537953796, 0.16831683168316833, 0.25412541254125415, 0.3085808580858086, 0.33828382838283827, 0.38077557755775576, 0.3316831683168317, 0.2801155115511551, 0.25577557755775576, 0.2891914191419142, 0.33374587458745875, 0.3378712871287129, 0.4628712871287129, 0.4207920792079208, 0.5, 0.47112211221122113, 0.466996699669967, 0.5841584158415841, 0.5924092409240924, 0.49174917491749176, 0.5858085808580858, 0.5511551155115512, 0.551980198019802, 0.5453795379537953, 0.5453795379537953, 0.5899339933993399, 0.5561056105610561, 0.5552805280528053, 0.5585808580858086, 0.5437293729372937, 0.5684818481848185, 0.5577557755775577, 0.533003300330033, 0.5750825082508251, 0.551980198019802, 0.6122112211221122, 0.5412541254125413, 0.5635313531353136, 0.5552805280528053, 0.5643564356435643, 0.5470297029702971, 0.566006600660066, 0.5618811881188119, 0.5717821782178217, 0.5775577557755776, 0.5808580858085809, 0.5544554455445545, 0.5577557755775577, 0.5693069306930693, 0.5429042904290429, 0.5742574257425742, 0.5585808580858086, 0.5651815181518152, 0.5470297029702971, 0.5511551155115512, 0.5643564356435643, 0.556930693069307, 0.5379537953795379, 0.5511551155115512, 0.5462046204620462, 0.5420792079207921, 0.5552805280528053, 0.6311881188118812, 0.5841584158415841, 0.5932343234323433, 0.5750825082508251, 0.5816831683168316, 0.5750825082508251, 0.5528052805280528, 0.5585808580858086, 0.566006600660066, 0.5544554455445545, 0.5635313531353136, 0.551980198019802, 0.5495049504950495, 0.5750825082508251, 0.5717821782178217, 0.5701320132013201, 0.5462046204620462, 0.5585808580858086, 0.5544554455445545, 0.5511551155115512, 0.5544554455445545, 0.5503300330033003, 0.551980198019802, 0.5618811881188119, 0.551980198019802, 0.6328382838283828, 0.2590759075907591, 0.005640212458745875, 0.0013020833333333333], "avg_mem": [0.0012725338579795023, 0.009219436310395315, 0.009356698389458273, 0.008327232796486091, 0.009105051244509516, 0.009356698389458273, 0.008841965592972182, 0.0088877196193265, 0.008853404099560761, 0.0089449121522694, 0.008773334553440702, 0.008841965592972182, 0.00899066617862372, 0.009047858711566617, 0.00891059663250366, 0.008761896046852123, 0.009093612737920937, 0.009070735724743777, 0.008956350658857979, 0.009070735724743777, 0.009024981698389459, 0.009002104685212299, 0.009013543191800878, 0.009207997803806735, 0.008784773060029283, 0.008613195461200585, 0.009207997803806735, 0.00896778916544656, 0.00893347364568082, 0.009059297218155198, 0.008956350658857979, 0.009013543191800878, 0.008830527086383601, 0.009116489751098097, 0.009608345534407028, 0.00899066617862372, 0.009047858711566617, 0.008899158125915081, 0.008899158125915081, 0.00899066617862372, 0.009105051244509516, 0.009116489751098097, 0.00896778916544656, 0.009070735724743777, 0.008853404099560761, 0.009230874816983894, 0.00892203513909224, 0.009093612737920937, 0.009116489751098097, 0.00886484260614934, 0.00899066617862372, 0.009070735724743777, 0.009402452415812591, 0.009139366764275255, 0.008876281112737921, 0.00886484260614934, 0.009093612737920937, 0.009059297218155198, 0.00951683748169839, 0.009082174231332358, 0.008819088579795022, 0.00893347364568082, 0.009173682284040996, 0.009082174231332358, 0.008979227672035139, 0.0089449121522694, 0.009116489751098097, 0.009070735724743777, 0.009013543191800878, 0.009013543191800878, 0.009093612737920937, 0.009230874816983894, 0.009253751830161054, 0.009127928257686676, 0.009150805270863836, 0.009047858711566617, 0.009013543191800878, 0.009173682284040996, 0.008979227672035139, 0.00896778916544656, 0.009265190336749635, 0.009024981698389459, 0.008956350658857979, 0.009024981698389459, 0.00886484260614934, 0.008956350658857979, 0.00896778916544656, 0.009242313323572475, 0.008029831625183016, 0.006954612005856516, 8.006954612005857e-05]}