{"time": [2195.0, 2195.0, 2195.0, 2195.0, 2196.0, 2196.0, 2197.0, 2198.0, 2198.0, 2199.0, 2200.0, 2201.0, 2202.0, 2203.0, 2203.0, 2204.0, 2205.0, 2206.0, 2207.0, 2208.0, 2209.0, 2210.0, 2211.0, 2211.0, 2212.0, 2213.0, 2214.0, 2215.0, 2216.0, 2217.0, 2218.0, 2218.0, 2219.0, 2220.0, 2221.0, 2222.0, 2223.0, 2224.0, 2225.0, 2226.0, 2226.0, 2227.0, 2228.0, 2229.0, 2230.0, 2231.0, 2232.0, 2233.0, 2234.0, 2234.0, 2235.0, 2236.0, 2237.0, 2238.0, 2238.0, 2238.0], "avg_cpu": [0.0, 0.0032257827212806025, 0.3648775894538606, 0.4858757062146893, 0.3968926553672316, 0.3983050847457627, 0.64030131826742, 0.711864406779661, 0.7203389830508474, 0.6864406779661016, 0.5903954802259888, 0.5941619585687382, 0.4792843691148776, 0.519774011299435, 0.4783427495291902, 0.504708097928437, 0.4303201506591337, 0.2810734463276836, 0.2123352165725047, 0.39030131826742, 0.559322033898305, 0.6242937853107344, 0.6817325800376648, 0.7222222222222222, 0.6581920903954802, 0.576271186440678, 0.6685499058380414, 0.78060263653484, 0.803201506591337, 0.6713747645951036, 0.7052730696798494, 0.7900188323917138, 0.6450094161958568, 0.6177024482109228, 0.6224105461393596, 0.6384180790960452, 0.5988700564971752, 0.339924670433145, 0.3258003766478343, 0.4858757062146893, 0.6129943502824858, 0.699623352165725, 0.5546139359698682, 0.5932203389830508, 0.5621468926553672, 0.4397363465160075, 0.4971751412429379, 0.4392655367231638, 0.3865348399246704, 0.332391713747646, 0.4025423728813559, 0.5772128060263654, 0.6384180790960452, 0.527306967984934, 0.00024276129943502826, 0.0], "avg_mem": [5.719253294289898e-06, 0.0022591050512445095, 0.005707814787701318, 0.006840226939970717, 0.006977489019033675, 0.007080435578330893, 0.007217697657393851, 0.0076637994143484624, 0.00789256954612006, 0.007778184480234261, 0.007743868960468522, 0.0078696925329429, 0.007789622986822841, 0.008029831625183016, 0.007961200585651538, 0.00784681551976574, 0.007755307467057101, 0.0076866764275256225, 0.007618045387994143, 0.007629483894582723, 0.007881131039531478, 0.00780106149341142, 0.007755307467057101, 0.007732430453879942, 0.0076866764275256225, 0.0076637994143484624, 0.0076866764275256225, 0.007743868960468522, 0.00780106149341142, 0.007858254026354318, 0.00783537701317716, 0.007743868960468522, 0.007766745973645681, 0.007755307467057101, 0.007778184480234261, 0.007766745973645681, 0.007904008052708638, 0.008006954612005856, 0.00783537701317716, 0.00782393850658858, 0.007904008052708638, 0.008006954612005856, 0.007915446559297218, 0.007926885065885798, 0.008144216691068814, 0.008224286237188872, 0.007995516105417277, 0.008098462664714494, 0.007949762079062957, 0.007881131039531478, 0.00789256954612006, 0.007984077598828698, 0.008006954612005856, 0.008006954612005856, 9.722730600292826e-05, 9.150805270863836e-05]}