{"time": [1715.0, 1715.0, 1716.0, 1717.0, 1718.0, 1719.0, 1719.0, 1720.0, 1721.0, 1721.0, 1722.0, 1723.0, 1724.0, 1724.0, 1725.0, 1726.0, 1727.0, 1728.0, 1729.0, 1729.0, 1730.0, 1731.0, 1732.0, 1733.0, 1733.0, 1734.0, 1735.0, 1736.0, 1737.0, 1738.0, 1738.0, 1739.0, 1740.0, 1741.0, 1742.0, 1743.0, 1744.0, 1745.0, 1746.0, 1747.0, 1748.0, 1749.0, 1750.0, 1751.0, 1752.0, 1753.0, 1754.0, 1755.0, 1756.0, 1757.0, 1758.0, 1759.0, 1760.0, 1761.0, 1762.0, 1763.0, 1764.0, 1765.0, 1766.0, 1767.0, 1768.0, 1769.0, 1770.0, 1771.0, 1772.0, 1773.0, 1774.0, 1775.0, 1776.0, 1777.0, 1778.0, 1779.0, 1780.0, 1781.0, 1782.0, 1783.0, 1784.0, 1785.0, 1786.0, 1787.0, 1788.0, 1789.0, 1790.0, 1791.0, 1792.0, 1793.0, 1794.0, 1795.0, 1796.0, 1797.0, 1798.0, 1799.0, 1800.0, 1800.0, 1800.0, 1800.0], "avg_cpu": [0.0, 0.03532384488448845, 0.045121699669967, 0.02268976897689769, 0.1349009900990099, 0.3069306930693069, 0.33993399339933994, 0.3589108910891089, 0.31683168316831684, 0.36014851485148514, 0.35767326732673266, 0.34282178217821785, 0.3688118811881188, 0.46782178217821785, 0.44471947194719474, 0.485973597359736, 0.46782178217821785, 0.5288778877887789, 0.5198019801980198, 0.5759075907590759, 0.5676567656765676, 0.5462046204620462, 0.5701320132013201, 0.5618811881188119, 0.5767326732673267, 0.6196369636963697, 0.5841584158415841, 0.6270627062706271, 0.6716171617161716, 0.6237623762376238, 0.5627062706270627, 0.6452145214521452, 0.6567656765676567, 0.6518151815181518, 0.6707920792079208, 0.6410891089108911, 0.6608910891089109, 0.6633663366336634, 0.665016501650165, 0.6625412541254125, 0.6427392739273927, 0.650990099009901, 0.6452145214521452, 0.6443894389438944, 0.6518151815181518, 0.6336633663366337, 0.6361386138613861, 0.6493399339933993, 0.6402640264026402, 0.6113861386138614, 0.6113861386138614, 0.608085808580858, 0.6196369636963697, 0.6163366336633663, 0.6097359735973598, 0.6047854785478548, 0.6089108910891089, 0.6270627062706271, 0.6097359735973598, 0.6625412541254125, 0.6179867986798679, 0.5924092409240924, 0.5717821782178217, 0.6089108910891089, 0.6311881188118812, 0.6435643564356436, 0.6113861386138614, 0.6089108910891089, 0.6122112211221122, 0.6452145214521452, 0.6303630363036303, 0.6245874587458746, 0.6377887788778878, 0.6435643564356436, 0.6377887788778878, 0.6485148514851485, 0.6295379537953796, 0.5932343234323433, 0.5907590759075908, 0.5924092409240924, 0.599009900990099, 0.6097359735973598, 0.5957095709570958, 0.5998349834983498, 0.5767326732673267, 0.6221122112211221, 0.6287128712871287, 0.6600660066006601, 0.5858085808580858, 0.636963696369637, 0.6229372937293729, 0.6072607260726073, 0.2607260726072607, 0.0008669812293729373, 0.0017339624587458745, 0.0013020833333333333], "avg_mem": [2.859626647144949e-06, 0.007709553440702782, 0.0089449121522694, 0.008178532210834553, 0.01008876281112738, 0.012948389458272327, 0.013062774524158126, 0.01290263543191801, 0.012879758418740849, 0.013131405563689604, 0.01281112737920937, 0.012879758418740849, 0.012879758418740849, 0.013039897510980966, 0.01278825036603221, 0.012971266471449487, 0.012971266471449487, 0.012948389458272327, 0.013154282576866764, 0.012856881405563689, 0.01292551244509517, 0.012994143484626648, 0.013017020497803808, 0.013680453879941434, 0.013017020497803808, 0.013039897510980966, 0.013085651537335286, 0.013062774524158126, 0.01290263543191801, 0.013108528550512446, 0.012948389458272327, 0.013039897510980966, 0.013611822840409956, 0.013085651537335286, 0.013039897510980966, 0.013039897510980966, 0.013039897510980966, 0.013177159590043924, 0.013062774524158126, 0.013337298682284041, 0.013108528550512446, 0.013222913616398243, 0.012971266471449487, 0.013131405563689604, 0.013131405563689604, 0.013017020497803808, 0.012948389458272327, 0.013108528550512446, 0.013085651537335286, 0.01292551244509517, 0.012971266471449487, 0.013017020497803808, 0.012948389458272327, 0.012994143484626648, 0.013154282576866764, 0.012971266471449487, 0.01292551244509517, 0.013154282576866764, 0.013154282576866764, 0.013017020497803808, 0.013039897510980966, 0.01342880673499268, 0.013337298682284041, 0.013062774524158126, 0.013566068814055638, 0.013085651537335286, 0.013177159590043924, 0.013062774524158126, 0.013017020497803808, 0.013085651537335286, 0.013108528550512446, 0.013177159590043924, 0.013085651537335286, 0.013154282576866764, 0.013200036603221084, 0.013062774524158126, 0.013085651537335286, 0.013108528550512446, 0.01290263543191801, 0.013062774524158126, 0.013085651537335286, 0.013017020497803808, 0.01292551244509517, 0.012971266471449487, 0.013085651537335286, 0.013039897510980966, 0.013108528550512446, 0.013062774524158126, 0.012971266471449487, 0.013017020497803808, 0.013039897510980966, 0.01290263543191801, 0.012079062957540264, 0.010923773792093704, 8.864842606149341e-05, 7.720991947291362e-05]}