{"time": [591.0, 592.0, 593.0, 594.0, 595.0, 596.0, 597.0, 598.0, 599.0, 600.0, 601.0, 602.0, 603.0, 604.0, 605.0, 606.0, 607.0, 608.0, 609.0, 610.0, 611.0, 612.0, 613.0, 614.0, 615.0, 616.0, 617.0, 618.0, 619.0, 620.0, 621.0, 622.0, 623.0, 624.0, 625.0, 626.0, 627.0, 628.0, 629.0, 630.0, 631.0, 632.0, 633.0, 634.0, 635.0, 636.0, 637.0, 638.0, 639.0, 640.0, 641.0, 642.0, 643.0, 644.0, 645.0, 646.0, 647.0, 648.0, 649.0, 650.0, 651.0, 652.0, 653.0, 653.0, 653.0, 653.0], "avg_cpu": [0.4521452145214521, 0.5544554455445545, 0.5577557755775577, 0.6122112211221122, 0.5924092409240924, 0.6014851485148515, 0.6163366336633663, 0.5899339933993399, 0.6443894389438944, 0.650990099009901, 0.5899339933993399, 0.5668316831683168, 0.5643564356435643, 0.5651815181518152, 0.5924092409240924, 0.5486798679867987, 0.5775577557755776, 0.5676567656765676, 0.5792079207920792, 0.566006600660066, 0.5033003300330033, 0.5924092409240924, 0.5891089108910891, 0.5486798679867987, 0.5717821782178217, 0.5825082508250825, 0.5915841584158416, 0.5726072607260726, 0.5618811881188119, 0.6377887788778878, 0.5602310231023102, 0.6287128712871287, 0.5783828382838284, 0.6212871287128713, 0.6320132013201321, 0.5437293729372937, 0.5470297029702971, 0.5602310231023102, 0.6221122112211221, 0.6633663366336634, 0.5957095709570958, 0.5742574257425742, 0.5957095709570958, 0.5354785478547854, 0.6072607260726073, 0.5948844884488449, 0.5981848184818482, 0.5717821782178217, 0.6534653465346535, 0.5998349834983498, 0.5239273927392739, 0.6287128712871287, 0.6163366336633663, 0.6122112211221122, 0.5924092409240924, 0.5965346534653465, 0.5973597359735974, 0.5907590759075908, 0.608085808580858, 0.6386138613861386, 0.6567656765676567, 0.5783828382838284, 0.4372937293729373, 0.514026402640264, 0.00026106126237623764, 0.0], "avg_mem": [0.024295387994143484, 0.047035139092240115, 0.04067532942898975, 0.04438140556368961, 0.04136163982430454, 0.04172767203513909, 0.04213945827232796, 0.04177342606149341, 0.0467606149341142, 0.04360358711566618, 0.039989019033674966, 0.043740849194729134, 0.03536786237188873, 0.04369509516837482, 0.040904099560761346, 0.04227672035139092, 0.04204795021961932, 0.036603221083455345, 0.035916910688140555, 0.03715226939970717, 0.04195644216691069, 0.04076683748169839, 0.04259699853587116, 0.04474743777452416, 0.04287152269399707, 0.04163616398243045, 0.043832357247437774, 0.04259699853587116, 0.04159040995607614, 0.0426885065885798, 0.041315885797950216, 0.04639458272327965, 0.043329062957540264, 0.04191068814055637, 0.04200219619326501, 0.04415263543191801, 0.04396961932650073, 0.041407393850658857, 0.043146046852122984, 0.045342240117130304, 0.04310029282576867, 0.04067532942898975, 0.04337481698389458, 0.04250549048316252, 0.041819180087847733, 0.042917276720351394, 0.043329062957540264, 0.04122437774524158, 0.043832357247437774, 0.04396961932650073, 0.04159040995607614, 0.04497620790629575, 0.04154465592972181, 0.04250549048316252, 0.042642752562225474, 0.040217789165446556, 0.04241398243045388, 0.040904099560761346, 0.04136163982430454, 0.0455710102489019, 0.043420571010248904, 0.04117862371888726, 0.03783857979502196, 0.04085834553440703, 0.0009779923133235724, 0.00030026079795021963]}