{"time": [596.0, 597.0, 598.0, 598.0, 598.0, 598.0, 599.0, 600.0, 601.0, 602.0, 603.0, 604.0, 605.0, 606.0, 607.0, 608.0, 609.0, 610.0, 611.0, 612.0, 613.0, 614.0, 615.0, 616.0, 616.0, 617.0, 618.0, 619.0, 620.0, 621.0, 622.0, 623.0, 624.0, 625.0, 626.0, 627.0, 628.0, 629.0, 630.0, 631.0, 632.0, 633.0, 634.0, 635.0, 636.0, 637.0, 638.0, 639.0, 640.0, 641.0, 642.0, 643.0, 644.0, 645.0, 646.0, 647.0, 648.0, 649.0, 650.0, 651.0, 652.0, 653.0, 653.0, 653.0, 653.0], "avg_cpu": [0.202880859375, 0.236328125, 0.279296875, 0.232421875, 0.011444091796875, 0.0, 0.8028052805280528, 0.6872937293729373, 0.5891089108910891, 0.5973597359735974, 0.5899339933993399, 0.5717821782178217, 0.5610561056105611, 0.5561056105610561, 0.5412541254125413, 0.5594059405940595, 0.5585808580858086, 0.5651815181518152, 0.5651815181518152, 0.5354785478547854, 0.5585808580858086, 0.5668316831683168, 0.5767326732673267, 0.5924092409240924, 0.5915841584158416, 0.6014851485148515, 0.608085808580858, 0.6163366336633663, 0.6163366336633663, 0.6089108910891089, 0.6353135313531353, 0.6435643564356436, 0.608085808580858, 0.6229372937293729, 0.6262376237623762, 0.6658415841584159, 0.6245874587458746, 0.6089108910891089, 0.6254125412541254, 0.6064356435643564, 0.6039603960396039, 0.6064356435643564, 0.6212871287128713, 0.6031353135313532, 0.613036303630363, 0.599009900990099, 0.6320132013201321, 0.6023102310231023, 0.6551155115511551, 0.636963696369637, 0.6427392739273927, 0.6534653465346535, 0.6089108910891089, 0.5981848184818482, 0.6386138613861386, 0.6361386138613861, 0.6064356435643564, 0.6031353135313532, 0.608085808580858, 0.6031353135313532, 0.6031353135313532, 0.5552805280528053, 0.6006600660066007, 0.09942244224422442, 0.0], "avg_mem": [0.017730712890625, 0.02978515625, 0.0435791015625, 0.027099609375, 0.0003185272216796875, 0.000232696533203125, 0.04012628111273792, 0.04278001464128843, 0.04094985358711566, 0.040904099560761346, 0.04186493411420205, 0.04360358711566618, 0.04310029282576867, 0.04218521229868229, 0.04108711566617863, 0.04213945827232796, 0.041407393850658857, 0.04003477306002928, 0.04200219619326501, 0.04113286969253294, 0.039851756954612, 0.04255124450951684, 0.04177342606149341, 0.04017203513909224, 0.04044655929721815, 0.04195644216691069, 0.04241398243045388, 0.04227672035139092, 0.04113286969253294, 0.043237554904831624, 0.04195644216691069, 0.0414989019033675, 0.04305453879941435, 0.043420571010248904, 0.04191068814055637, 0.04145314787701318, 0.04387811127379209, 0.0426885065885798, 0.0424597364568082, 0.04122437774524158, 0.043146046852122984, 0.04259699853587116, 0.04168191800878477, 0.04195644216691069, 0.04227672035139092, 0.041819180087847733, 0.04172767203513909, 0.04255124450951684, 0.04154465592972181, 0.04227672035139092, 0.04113286969253294, 0.04209370424597365, 0.040995607613469986, 0.04136163982430454, 0.040492313323572476, 0.04172767203513909, 0.04186493411420205, 0.04017203513909224, 0.04278001464128843, 0.04378660322108346, 0.04058382137628111, 0.04076683748169839, 0.04296303074670571, 0.0011896046852122987, 0.0004146458638360176]}