{"time": [530.0, 530.0, 531.0, 531.0, 532.0, 533.0, 534.0, 535.0, 536.0, 537.0, 538.0, 539.0, 540.0, 540.0, 541.0, 542.0, 543.0, 544.0, 545.0, 546.0, 547.0, 548.0, 549.0, 550.0, 551.0, 552.0, 553.0, 554.0, 555.0, 556.0, 556.0, 557.0, 558.0, 559.0, 560.0, 561.0, 562.0, 563.0, 564.0, 565.0, 566.0, 567.0, 568.0, 569.0, 570.0, 571.0, 571.0, 572.0, 572.0, 572.0, 578.0, 579.0, 580.0, 581.0, 582.0, 583.0, 584.0, 585.0, 586.0, 587.0, 588.0, 589.0, 590.0, 591.0, 592.0, 593.0, 594.0, 595.0, 596.0, 597.0, 598.0, 599.0, 600.0, 601.0, 602.0, 603.0, 604.0, 605.0, 606.0, 607.0, 608.0, 609.0, 610.0, 611.0, 612.0, 613.0, 614.0, 615.0, 616.0, 617.0, 618.0, 619.0, 620.0, 621.0, 622.0, 623.0, 624.0, 625.0, 626.0, 627.0, 628.0, 629.0, 630.0, 631.0, 632.0, 633.0, 634.0, 635.0, 636.0, 637.0, 638.0, 639.0, 640.0, 641.0, 642.0, 643.0, 644.0, 645.0, 646.0, 647.0, 648.0, 649.0, 650.0, 651.0, 652.0, 653.0, 653.0, 653.0, 653.0], "avg_cpu": [0.15759075907590758, 0.5610561056105611, 0.551980198019802, 0.5528052805280528, 0.5651815181518152, 0.5511551155115512, 0.6023102310231023, 0.584983498349835, 0.5734323432343235, 0.5907590759075908, 0.5833333333333334, 0.6072607260726073, 0.5750825082508251, 0.556930693069307, 0.613036303630363, 0.58003300330033, 0.5858085808580858, 0.5734323432343235, 0.5742574257425742, 0.5511551155115512, 0.5627062706270627, 0.5255775577557755, 0.556930693069307, 0.5676567656765676, 0.5503300330033003, 0.5808580858085809, 0.5528052805280528, 0.5239273927392739, 0.5907590759075908, 0.6064356435643564, 0.6006600660066007, 0.5561056105610561, 0.4991749174917492, 0.5305280528052805, 0.514026402640264, 0.518976897689769, 0.5239273927392739, 0.509075907590759, 0.5453795379537953, 0.5338283828382838, 0.5239273927392739, 0.5008250825082509, 0.49504950495049505, 0.5404290429042904, 0.5264026402640264, 0.5033003300330033, 0.5321782178217822, 0.3642739273927393, 0.16872937293729373, 0.0, 0.5651815181518152, 0.5396039603960396, 0.5462046204620462, 0.6262376237623762, 0.6377887788778878, 0.5948844884488449, 0.6303630363036303, 0.6320132013201321, 0.6303630363036303, 0.5866336633663366, 0.641914191419142, 0.6402640264026402, 0.6303630363036303, 0.6336633663366337, 0.5643564356435643, 0.528052805280528, 0.5561056105610561, 0.5429042904290429, 0.5478547854785478, 0.5462046204620462, 0.5552805280528053, 0.5338283828382838, 0.5396039603960396, 0.5346534653465347, 0.5668316831683168, 0.5717821782178217, 0.5734323432343235, 0.5701320132013201, 0.5676567656765676, 0.5693069306930693, 0.5635313531353136, 0.5684818481848185, 0.5726072607260726, 0.5726072607260726, 0.5676567656765676, 0.5610561056105611, 0.5676567656765676, 0.5643564356435643, 0.5726072607260726, 0.5775577557755776, 0.5742574257425742, 0.5676567656765676, 0.570957095709571, 0.5717821782178217, 0.5684818481848185, 0.5429042904290429, 0.5701320132013201, 0.5874587458745875, 0.5808580858085809, 0.5866336633663366, 0.5841584158415841, 0.5792079207920792, 0.58003300330033, 0.5816831683168316, 0.5684818481848185, 0.5437293729372937, 0.566006600660066, 0.5618811881188119, 0.5486798679867987, 0.5594059405940595, 0.5635313531353136, 0.5618811881188119, 0.5544554455445545, 0.5816831683168316, 0.5561056105610561, 0.5544554455445545, 0.5528052805280528, 0.5354785478547854, 0.5247524752475248, 0.5478547854785478, 0.5544554455445545, 0.5420792079207921, 0.5528052805280528, 0.5412541254125413, 0.556930693069307, 0.5264026402640264, 0.5602310231023102, 0.013085292904290429, 0.0], "avg_mem": [0.009619784040995607, 0.04859077598828697, 0.054538799414348464, 0.04154465592972181, 0.043329062957540264, 0.04177342606149341, 0.0446101756954612, 0.04346632503660322, 0.0424597364568082, 0.043832357247437774, 0.04227672035139092, 0.046028550512445095, 0.044518667642752564, 0.044427159590043924, 0.0414989019033675, 0.044427159590043924, 0.044015373352855054, 0.043420571010248904, 0.04236822840409956, 0.041819180087847733, 0.04639458272327965, 0.0426885065885798, 0.0400805270863836, 0.04026354319180088, 0.04204795021961932, 0.041315885797950216, 0.04200219619326501, 0.04328330893118595, 0.04236822840409956, 0.04186493411420205, 0.033812225475841874, 0.04506771595900439, 0.04209370424597365, 0.044015373352855054, 0.04287152269399707, 0.041819180087847733, 0.042322474377745244, 0.041819180087847733, 0.04360358711566618, 0.04241398243045388, 0.040400805270863836, 0.04328330893118595, 0.04351207906295754, 0.045525256222547585, 0.041819180087847733, 0.04346632503660322, 0.04044655929721815, 0.03948572474377745, 0.0007606606881405564, 0.00033743594436310396, 0.04200219619326501, 0.043237554904831624, 0.0426885065885798, 0.04351207906295754, 0.04287152269399707, 0.0426885065885798, 0.04419838945827233, 0.04177342606149341, 0.040400805270863836, 0.04470168374816984, 0.047126647144948755, 0.047309663250366035, 0.04406112737920937, 0.045525256222547585, 0.04163616398243045, 0.04218521229868229, 0.04278001464128843, 0.04113286969253294, 0.04351207906295754, 0.041819180087847733, 0.0424597364568082, 0.04213945827232796, 0.04278001464128843, 0.043740849194729134, 0.041819180087847733, 0.042230966325036604, 0.04351207906295754, 0.04227672035139092, 0.042230966325036604, 0.043146046852122984, 0.04218521229868229, 0.04419838945827233, 0.04310029282576867, 0.040995607613469986, 0.04447291361639824, 0.04177342606149341, 0.0424597364568082, 0.04200219619326501, 0.04067532942898975, 0.04378660322108346, 0.04346632503660322, 0.04369509516837482, 0.045113469985358715, 0.0412701317715959, 0.04447291361639824, 0.0426885065885798, 0.04145314787701318, 0.042825768667642754, 0.042734260614934114, 0.04076683748169839, 0.04259699853587116, 0.042642752562225474, 0.04227672035139092, 0.04250549048316252, 0.04195644216691069, 0.043237554904831624, 0.04195644216691069, 0.04108711566617863, 0.04438140556368961, 0.0400805270863836, 0.042734260614934114, 0.042322474377745244, 0.04094985358711566, 0.04351207906295754, 0.04236822840409956, 0.04227672035139092, 0.042734260614934114, 0.04355783308931186, 0.04278001464128843, 0.04287152269399707, 0.04346632503660322, 0.042230966325036604, 0.042734260614934114, 0.04428989751098097, 0.041407393850658857, 0.055545387994143484, 0.04351207906295754, 0.0010866581259150806, 0.0004746980234260615]}