{"time": [565.0, 566.0, 567.0, 568.0, 569.0, 570.0, 571.0, 572.0, 573.0, 574.0, 575.0, 576.0, 577.0, 578.0, 579.0, 580.0, 581.0, 582.0, 583.0, 584.0, 585.0, 586.0, 587.0, 588.0, 589.0, 590.0, 591.0, 592.0, 593.0, 594.0, 595.0, 596.0, 597.0, 598.0, 599.0, 600.0, 601.0, 602.0, 603.0, 604.0, 605.0, 606.0, 607.0, 608.0, 609.0, 610.0, 611.0, 612.0, 613.0, 614.0, 615.0, 616.0, 616.0, 617.0, 618.0, 619.0, 620.0, 621.0, 622.0, 623.0, 624.0, 625.0, 626.0, 627.0, 628.0, 629.0, 630.0, 631.0, 632.0, 633.0, 634.0, 635.0, 636.0, 637.0, 638.0, 639.0, 640.0, 641.0, 642.0, 643.0, 644.0, 645.0, 646.0, 647.0, 648.0, 649.0, 650.0, 651.0, 652.0, 653.0, 653.0, 653.0, 653.0], "avg_cpu": [0.4628712871287129, 0.768976897689769, 0.6716171617161716, 0.6905940594059405, 0.6897689768976898, 0.5957095709570958, 0.6658415841584159, 0.7458745874587459, 0.764026402640264, 0.6460396039603961, 0.6468646864686468, 0.7037953795379538, 0.6922442244224423, 0.7178217821782178, 0.7070957095709571, 0.6971947194719472, 0.6600660066006601, 0.5915841584158416, 0.594059405940594, 0.5891089108910891, 0.5841584158415841, 0.5643564356435643, 0.6287128712871287, 0.6262376237623762, 0.6089108910891089, 0.5816831683168316, 0.608085808580858, 0.6113861386138614, 0.5907590759075908, 0.6138613861386139, 0.6196369636963697, 0.5528052805280528, 0.6221122112211221, 0.5643564356435643, 0.5726072607260726, 0.551980198019802, 0.6031353135313532, 0.5965346534653465, 0.5932343234323433, 0.5899339933993399, 0.5742574257425742, 0.5668316831683168, 0.5643564356435643, 0.5676567656765676, 0.5750825082508251, 0.5726072607260726, 0.5858085808580858, 0.5866336633663366, 0.5783828382838284, 0.5486798679867987, 0.594059405940594, 0.6014851485148515, 0.6410891089108911, 0.6014851485148515, 0.5981848184818482, 0.6311881188118812, 0.5973597359735974, 0.594059405940594, 0.5882838283828383, 0.6254125412541254, 0.6270627062706271, 0.6344884488448845, 0.6245874587458746, 0.6163366336633663, 0.5932343234323433, 0.6245874587458746, 0.6575907590759076, 0.6072607260726073, 0.6386138613861386, 0.6163366336633663, 0.6707920792079208, 0.7013201320132013, 0.6311881188118812, 0.6171617161716172, 0.6501650165016502, 0.6344884488448845, 0.66996699669967, 0.6336633663366337, 0.6270627062706271, 0.6584158415841584, 0.6485148514851485, 0.6897689768976898, 0.6600660066006601, 0.6740924092409241, 0.636963696369637, 0.636963696369637, 0.6361386138613861, 0.6410891089108911, 0.6526402640264026, 0.6468646864686468, 0.650990099009901, 0.00019337871287128714, 0.0], "avg_mem": [0.02120699121522694, 0.04470168374816984, 0.04589128843338214, 0.045342240117130304, 0.043420571010248904, 0.046714860907759885, 0.045021961932650074, 0.04396961932650073, 0.043329062957540264, 0.04159040995607614, 0.04319180087847731, 0.042230966325036604, 0.0436493411420205, 0.04360358711566618, 0.04415263543191801, 0.04369509516837482, 0.04259699853587116, 0.04058382137628111, 0.04236822840409956, 0.04236822840409956, 0.04204795021961932, 0.04369509516837482, 0.042642752562225474, 0.042825768667642754, 0.043420571010248904, 0.04378660322108346, 0.0426885065885798, 0.04319180087847731, 0.04305453879941435, 0.04094985358711566, 0.043740849194729134, 0.043146046852122984, 0.042825768667642754, 0.04218521229868229, 0.04406112737920937, 0.04094985358711566, 0.04122437774524158, 0.04236822840409956, 0.04241398243045388, 0.04428989751098097, 0.042917276720351394, 0.041407393850658857, 0.04410688140556369, 0.043329062957540264, 0.03504758418740849, 0.03934846266471449, 0.04456442166910688, 0.04378660322108346, 0.04278001464128843, 0.0426885065885798, 0.04241398243045388, 0.04470168374816984, 0.0410413616398243, 0.04378660322108346, 0.04278001464128843, 0.043832357247437774, 0.04520497803806735, 0.045433748169838944, 0.04419838945827233, 0.04351207906295754, 0.04506771595900439, 0.0446101756954612, 0.04259699853587116, 0.04296303074670571, 0.046714860907759885, 0.04447291361639824, 0.0436493411420205, 0.045342240117130304, 0.046028550512445095, 0.04479319180087848, 0.043146046852122984, 0.04438140556368961, 0.04415263543191801, 0.04328330893118595, 0.04634882869692533, 0.042917276720351394, 0.045113469985358715, 0.044930453879941434, 0.04630307467057101, 0.04406112737920937, 0.044930453879941434, 0.04438140556368961, 0.04328330893118595, 0.04346632503660322, 0.04360358711566618, 0.04506771595900439, 0.04250549048316252, 0.044518667642752564, 0.043740849194729134, 0.04236822840409956, 0.04319180087847731, 0.0007978358345534407, 0.0003803303440702782]}