{"time": [1718.0, 1719.0, 1719.0, 1719.0, 1720.0, 1721.0, 1721.0, 1722.0, 1723.0, 1724.0, 1725.0, 1726.0, 1727.0, 1728.0, 1729.0, 1730.0, 1731.0, 1732.0, 1733.0, 1734.0, 1735.0, 1736.0, 1737.0, 1738.0, 1739.0, 1740.0, 1741.0, 1742.0, 1743.0, 1744.0, 1745.0, 1746.0, 1746.0, 1746.0, 1746.0, 1747.0, 1747.0, 1748.0, 1749.0, 1750.0, 1751.0, 1752.0, 1753.0, 1754.0, 1755.0, 1756.0, 1757.0, 1758.0, 1759.0, 1760.0, 1761.0, 1762.0, 1763.0, 1764.0, 1765.0, 1766.0, 1767.0, 1768.0, 1769.0, 1770.0, 1771.0, 1772.0, 1773.0, 1774.0, 1775.0, 1776.0, 1777.0, 1778.0, 1779.0, 1780.0, 1781.0, 1782.0, 1783.0, 1784.0, 1785.0, 1786.0, 1787.0, 1788.0, 1789.0, 1790.0, 1791.0, 1792.0, 1793.0, 1794.0, 1795.0, 1796.0, 1797.0, 1798.0, 1799.0, 1800.0, 1800.0, 1800.0], "avg_cpu": [0.14457070707070707, 0.27904040404040403, 0.31123737373737376, 0.3125, 0.3472222222222222, 0.39141414141414144, 0.4722222222222222, 0.4640151515151515, 0.4602272727272727, 0.45707070707070707, 0.45265151515151514, 0.4577020202020202, 0.4621212121212121, 0.4633838383838384, 0.4734848484848485, 0.45896464646464646, 0.45454545454545453, 0.4734848484848485, 0.4577020202020202, 0.42613636363636365, 0.45391414141414144, 0.43876262626262624, 0.4305555555555556, 0.44507575757575757, 0.4457070707070707, 0.4602272727272727, 0.4564393939393939, 0.45454545454545453, 0.44507575757575757, 0.44886363636363635, 0.46464646464646464, 0.4476010101010101, 0.07749368686868686, 0.00244140625, 0.0, 0.0, 0.7361111111111112, 0.8888888888888888, 0.8838383838383839, 0.8888888888888888, 0.8926767676767676, 0.8901515151515151, 0.9090909090909091, 0.8813131313131313, 0.9002525252525253, 0.8876262626262627, 0.8838383838383839, 0.8825757575757576, 0.8838383838383839, 0.8825757575757576, 0.8775252525252525, 0.8876262626262627, 0.8737373737373737, 0.8598484848484849, 0.8952020202020202, 0.8724747474747475, 0.8838383838383839, 0.8876262626262627, 0.8888888888888888, 0.8926767676767676, 0.9015151515151515, 0.8914141414141414, 0.8838383838383839, 0.8914141414141414, 0.8914141414141414, 0.9330808080808081, 0.8800505050505051, 0.8901515151515151, 0.8686868686868687, 0.8775252525252525, 0.8737373737373737, 0.8787878787878788, 0.8775252525252525, 0.875, 0.8813131313131313, 0.8838383838383839, 0.8737373737373737, 0.8775252525252525, 0.9141414141414141, 0.9078282828282829, 0.9128787878787878, 0.9116161616161617, 0.9103535353535354, 0.8813131313131313, 0.8888888888888888, 0.8977272727272727, 0.8901515151515151, 0.8838383838383839, 0.9027777777777778, 0.42297979797979796, 0.0013020833333333333, 0.0009765625], "avg_mem": [0.014687042459736456, 0.01903367496339678, 0.0190794289897511, 0.015968155197657395, 0.016357064421669107, 0.018667642752562226, 0.017569546120058566, 0.01674597364568082, 0.016814604685212297, 0.01676885065885798, 0.01674597364568082, 0.017066251830161056, 0.01743228404099561, 0.016585834553440704, 0.016860358711566617, 0.01683748169838946, 0.01672309663250366, 0.01672309663250366, 0.016562957540263542, 0.01743228404099561, 0.016517203513909225, 0.01667734260614934, 0.01676885065885798, 0.016997620790629574, 0.017043374816983894, 0.016608711566617862, 0.01679172767203514, 0.01743228404099561, 0.016974743777452415, 0.016517203513909225, 0.016517203513909225, 0.017043374816983894, 0.01457265739385066, 0.00010866581259150806, 9.150805270863836e-05, 1.1438506588579795e-05, 0.017409407027818447, 0.01688323572474378, 0.017958455344070277, 0.01743228404099561, 0.017249267935578332, 0.01734077598828697, 0.017409407027818447, 0.017203513909224012, 0.01734077598828697, 0.016906112737920937, 0.017020497803806735, 0.01722639092240117, 0.017409407027818447, 0.017089128843338214, 0.017249267935578332, 0.017157759882869692, 0.017500915080527087, 0.017638177159590044, 0.01731789897510981, 0.017020497803806735, 0.017066251830161056, 0.017020497803806735, 0.017683931185944364, 0.017638177159590044, 0.017478038067349926, 0.017569546120058566, 0.017592423133235724, 0.018004209370424597, 0.017249267935578332, 0.017478038067349926, 0.017409407027818447, 0.017134882869692534, 0.017112005856515372, 0.01688323572474378, 0.01718063689604685, 0.017500915080527087, 0.017569546120058566, 0.017569546120058566, 0.017363653001464127, 0.01718063689604685, 0.01734077598828697, 0.017249267935578332, 0.01942258418740849, 0.01729502196193265, 0.016997620790629574, 0.01727214494875549, 0.017455161054172767, 0.01729502196193265, 0.01731789897510981, 0.01731789897510981, 0.01727214494875549, 0.017020497803806735, 0.017249267935578332, 0.01578513909224012, 0.015167459736456808, 0.00015441983894582724]}