{"time": [1718.0, 1718.0, 1719.0, 1719.0, 1719.0, 1719.0, 1719.0, 1720.0, 1720.0, 1721.0, 1722.0, 1722.0, 1723.0, 1724.0, 1725.0, 1726.0, 1726.0, 1727.0, 1728.0, 1728.0, 1729.0, 1730.0, 1731.0, 1732.0, 1733.0, 1734.0, 1734.0, 1735.0, 1736.0, 1737.0, 1738.0, 1738.0, 1739.0, 1740.0, 1741.0, 1742.0, 1743.0, 1744.0, 1745.0, 1746.0, 1747.0, 1748.0, 1749.0, 1750.0, 1751.0, 1752.0, 1753.0, 1754.0, 1755.0, 1756.0, 1757.0, 1758.0, 1759.0, 1760.0, 1761.0, 1762.0, 1763.0, 1764.0, 1765.0, 1766.0, 1767.0, 1768.0, 1769.0, 1770.0, 1771.0, 1772.0, 1773.0, 1774.0, 1775.0, 1776.0, 1777.0, 1778.0, 1779.0, 1780.0, 1781.0, 1782.0, 1783.0, 1784.0, 1785.0, 1786.0, 1787.0, 1788.0, 1789.0, 1790.0, 1791.0, 1792.0, 1793.0, 1794.0, 1795.0, 1796.0, 1797.0, 1798.0, 1799.0, 1800.0, 1800.0, 1800.0], "avg_cpu": [0.0, 0.1511963696369637, 0.20235148514851486, 0.2136963696369637, 0.1967821782178218, 0.21658415841584158, 0.242986798679868, 0.26815181518151815, 0.2706270627062706, 0.2665016501650165, 0.2665016501650165, 0.3712871287128713, 0.367986798679868, 0.36468646864686466, 0.367986798679868, 0.3840759075907591, 0.4471947194719472, 0.4471947194719472, 0.4504950495049505, 0.4975247524752475, 0.49422442244224424, 0.4900990099009901, 0.49422442244224424, 0.4975247524752475, 0.4909240924092409, 0.5008250825082509, 0.5453795379537953, 0.5412541254125413, 0.5379537953795379, 0.5478547854785478, 0.5404290429042904, 0.5882838283828383, 0.5866336633663366, 0.5775577557755776, 0.5792079207920792, 0.5808580858085809, 0.5783828382838284, 0.5882838283828383, 0.5783828382838284, 0.5816831683168316, 0.5891089108910891, 0.5891089108910891, 0.584983498349835, 0.5858085808580858, 0.5833333333333334, 0.5825082508250825, 0.5825082508250825, 0.58003300330033, 0.5858085808580858, 0.5792079207920792, 0.5858085808580858, 0.5841584158415841, 0.5816831683168316, 0.5833333333333334, 0.58003300330033, 0.6072607260726073, 0.5957095709570958, 0.5841584158415841, 0.58003300330033, 0.5825082508250825, 0.58003300330033, 0.5833333333333334, 0.584983498349835, 0.5833333333333334, 0.5841584158415841, 0.5767326732673267, 0.5866336633663366, 0.5808580858085809, 0.5891089108910891, 0.5874587458745875, 0.5858085808580858, 0.5841584158415841, 0.5841584158415841, 0.5841584158415841, 0.5899339933993399, 0.5825082508250825, 0.5858085808580858, 0.5891089108910891, 0.5808580858085809, 0.5808580858085809, 0.5858085808580858, 0.5891089108910891, 0.5866336633663366, 0.5899339933993399, 0.584983498349835, 0.594059405940594, 0.5858085808580858, 0.5866336633663366, 0.5858085808580858, 0.5874587458745875, 0.5858085808580858, 0.5874587458745875, 0.584983498349835, 0.2764026402640264, 0.001157049298679868, 0.00043349061468646863], "avg_mem": [5.719253294289898e-06, 0.016311310395314787, 0.017775439238653, 0.017546669106881404, 0.01718063689604685, 0.018187225475841874, 0.017112005856515372, 0.016951866764275257, 0.01731789897510981, 0.01731789897510981, 0.017478038067349926, 0.01782119326500732, 0.017478038067349926, 0.01722639092240117, 0.017203513909224012, 0.01734077598828697, 0.017592423133235724, 0.017157759882869692, 0.017478038067349926, 0.018004209370424597, 0.018049963396778917, 0.01793557833089312, 0.017638177159590044, 0.017958455344070277, 0.018049963396778917, 0.01731789897510981, 0.018072840409956076, 0.017798316251830162, 0.01786694729136164, 0.017958455344070277, 0.0178898243045388, 0.017615300146412886, 0.01729502196193265, 0.01832448755490483, 0.017409407027818447, 0.017706808199121522, 0.017500915080527087, 0.01722639092240117, 0.018301610541727673, 0.017798316251830162, 0.01734077598828697, 0.017569546120058566, 0.019010797950219618, 0.01729502196193265, 0.017775439238653, 0.01743228404099561, 0.01793557833089312, 0.017592423133235724, 0.017569546120058566, 0.017546669106881404, 0.017798316251830162, 0.017683931185944364, 0.017500915080527087, 0.017661054172767202, 0.01827873352855051, 0.017203513909224012, 0.01743228404099561, 0.017706808199121522, 0.017638177159590044, 0.017546669106881404, 0.017592423133235724, 0.017409407027818447, 0.017912701317715957, 0.017661054172767202, 0.017638177159590044, 0.01786694729136164, 0.017752562225475842, 0.017500915080527087, 0.017478038067349926, 0.017615300146412886, 0.01784407027818448, 0.01782119326500732, 0.017546669106881404, 0.017683931185944364, 0.01786694729136164, 0.017523792093704246, 0.01743228404099561, 0.017523792093704246, 0.01784407027818448, 0.01784407027818448, 0.017912701317715957, 0.017500915080527087, 0.01772968521229868, 0.017523792093704246, 0.01738653001464129, 0.017569546120058566, 0.018095717423133234, 0.017569546120058566, 0.017523792093704246, 0.017409407027818447, 0.01782119326500732, 0.018461749633967788, 0.01832448755490483, 0.015876647144948755, 0.009837115666178623, 0.00013154282576866765]}