{"time": [530.0, 530.0, 531.0, 531.0, 532.0, 533.0, 534.0, 535.0, 536.0, 537.0, 538.0, 539.0, 540.0, 540.0, 541.0, 542.0, 543.0, 544.0, 545.0, 546.0, 547.0, 548.0, 549.0, 550.0, 551.0, 552.0, 553.0, 554.0, 555.0, 556.0, 556.0, 557.0, 558.0, 559.0, 560.0, 561.0, 562.0, 563.0, 564.0, 565.0, 566.0, 567.0, 568.0, 569.0, 570.0, 571.0, 571.0, 571.0, 571.0, 577.0, 578.0, 579.0, 580.0, 581.0, 582.0, 583.0, 584.0, 585.0, 586.0, 587.0, 588.0, 589.0, 590.0, 591.0, 592.0, 593.0, 594.0, 595.0, 596.0, 597.0, 598.0, 599.0, 600.0, 601.0, 602.0, 603.0, 604.0, 605.0, 606.0, 607.0, 608.0, 609.0, 610.0, 611.0, 612.0, 613.0, 614.0, 615.0, 616.0, 616.0, 617.0, 618.0, 619.0, 620.0, 621.0, 622.0, 623.0, 624.0, 625.0, 626.0, 627.0, 628.0, 629.0, 630.0, 631.0, 632.0, 633.0, 634.0, 635.0, 636.0, 637.0, 638.0, 639.0, 640.0, 641.0, 642.0, 643.0, 644.0, 645.0, 646.0, 647.0, 648.0, 649.0, 650.0, 651.0, 652.0, 653.0, 653.0, 653.0, 653.0], "avg_cpu": [0.31683168316831684, 0.5321782178217822, 0.5693069306930693, 0.5676567656765676, 0.5445544554455446, 0.5272277227722773, 0.5470297029702971, 0.5338283828382838, 0.5453795379537953, 0.5346534653465347, 0.5750825082508251, 0.5717821782178217, 0.5759075907590759, 0.5478547854785478, 0.5561056105610561, 0.5651815181518152, 0.5495049504950495, 0.5561056105610561, 0.5577557755775577, 0.551980198019802, 0.5313531353135313, 0.5429042904290429, 0.5363036303630363, 0.5825082508250825, 0.5429042904290429, 0.5635313531353136, 0.5594059405940595, 0.5544554455445545, 0.5445544554455446, 0.5338283828382838, 0.5635313531353136, 0.49422442244224424, 0.533003300330033, 0.6196369636963697, 0.5338283828382838, 0.5742574257425742, 0.5503300330033003, 0.551980198019802, 0.5701320132013201, 0.5206270627062707, 0.5511551155115512, 0.5412541254125413, 0.5610561056105611, 0.5511551155115512, 0.5643564356435643, 0.5602310231023102, 0.5577557755775577, 0.0, 0.0, 0.6947194719471947, 0.7112211221122112, 0.6377887788778878, 0.6064356435643564, 0.6493399339933993, 0.5668316831683168, 0.6138613861386139, 0.5981848184818482, 0.6707920792079208, 0.5536303630363036, 0.6254125412541254, 0.6014851485148515, 0.5734323432343235, 0.6666666666666666, 0.6485148514851485, 0.6658415841584159, 0.6221122112211221, 0.613036303630363, 0.6782178217821783, 0.6336633663366337, 0.58003300330033, 0.570957095709571, 0.5717821782178217, 0.5932343234323433, 0.5792079207920792, 0.5767326732673267, 0.5478547854785478, 0.5792079207920792, 0.584983498349835, 0.5668316831683168, 0.5354785478547854, 0.5610561056105611, 0.5594059405940595, 0.5924092409240924, 0.6039603960396039, 0.5577557755775577, 0.5684818481848185, 0.6014851485148515, 0.5717821782178217, 0.6146864686468647, 0.5891089108910891, 0.6014851485148515, 0.5882838283828383, 0.6311881188118812, 0.6245874587458746, 0.6089108910891089, 0.6608910891089109, 0.6138613861386139, 0.5965346534653465, 0.6402640264026402, 0.7260726072607261, 0.6716171617161716, 0.594059405940594, 0.6493399339933993, 0.6848184818481848, 0.6452145214521452, 0.6691419141914191, 0.6782178217821783, 0.683993399339934, 0.6608910891089109, 0.7318481848184818, 0.7062706270627063, 0.6196369636963697, 0.6171617161716172, 0.6023102310231023, 0.5965346534653465, 0.5792079207920792, 0.6402640264026402, 0.5759075907590759, 0.6089108910891089, 0.6047854785478548, 0.6097359735973598, 0.6328382838283828, 0.6171617161716172, 0.5858085808580858, 0.608085808580858, 0.6014851485148515, 0.5907590759075908, 0.5932343234323433, 0.02160684818481848, 0.0], "avg_mem": [0.016654465592972182, 0.04497620790629575, 0.04895680819912152, 0.039211200585651536, 0.04154465592972181, 0.04094985358711566, 0.04159040995607614, 0.042322474377745244, 0.04062957540263543, 0.04177342606149341, 0.04072108345534407, 0.04168191800878477, 0.04497620790629575, 0.04241398243045388, 0.04525073206442167, 0.043832357247437774, 0.04204795021961932, 0.04438140556368961, 0.04287152269399707, 0.04396961932650073, 0.04337481698389458, 0.04085834553440703, 0.043146046852122984, 0.04415263543191801, 0.04255124450951684, 0.04319180087847731, 0.04319180087847731, 0.04227672035139092, 0.04250549048316252, 0.04236822840409956, 0.0491398243045388, 0.04136163982430454, 0.04319180087847731, 0.04255124450951684, 0.04337481698389458, 0.04287152269399707, 0.043923865300146414, 0.042230966325036604, 0.0426885065885798, 0.04259699853587116, 0.043237554904831624, 0.0412701317715959, 0.04319180087847731, 0.041315885797950216, 0.04172767203513909, 0.04136163982430454, 0.040995607613469986, 0.0007406433016105417, 0.00046611914348462666, 0.044335651537335284, 0.04387811127379209, 0.04209370424597365, 0.04584553440702782, 0.0455710102489019, 0.043329062957540264, 0.0426885065885798, 0.0426885065885798, 0.044930453879941434, 0.04168191800878477, 0.044518667642752564, 0.04337481698389458, 0.04159040995607614, 0.04474743777452416, 0.04584553440702782, 0.04369509516837482, 0.04145314787701318, 0.04200219619326501, 0.04259699853587116, 0.04250549048316252, 0.0426885065885798, 0.04186493411420205, 0.04163616398243045, 0.04236822840409956, 0.043237554904831624, 0.040995607613469986, 0.04250549048316252, 0.04305453879941435, 0.04241398243045388, 0.04346632503660322, 0.04154465592972181, 0.04328330893118595, 0.04305453879941435, 0.04360358711566618, 0.041819180087847733, 0.04122437774524158, 0.04200219619326501, 0.043420571010248904, 0.04163616398243045, 0.044335651537335284, 0.04026354319180088, 0.045021961932650074, 0.046120058565153735, 0.044838945827232794, 0.04456442166910688, 0.04195644216691069, 0.044244143484626644, 0.042230966325036604, 0.04360358711566618, 0.04200219619326501, 0.04438140556368961, 0.044335651537335284, 0.04305453879941435, 0.042322474377745244, 0.04520497803806735, 0.04337481698389458, 0.04355783308931186, 0.04259699853587116, 0.04278001464128843, 0.0426885065885798, 0.04250549048316252, 0.04218521229868229, 0.04310029282576867, 0.0426885065885798, 0.04108711566617863, 0.04351207906295754, 0.04278001464128843, 0.04255124450951684, 0.04305453879941435, 0.043146046852122984, 0.04113286969253294, 0.04488469985358712, 0.04236822840409956, 0.04177342606149341, 0.04355783308931186, 0.04369509516837482, 0.04515922401171303, 0.04136163982430454, 0.04415263543191801, 0.0006605737554904831, 0.0003517340775988287]}