{"time": [1718.0, 1719.0, 1719.0, 1719.0, 1719.0, 1719.0, 1720.0, 1720.0, 1721.0, 1722.0, 1723.0, 1723.0, 1724.0, 1725.0, 1726.0, 1727.0, 1728.0, 1729.0, 1730.0, 1731.0, 1732.0, 1733.0, 1734.0, 1735.0, 1736.0, 1737.0, 1738.0, 1739.0, 1740.0, 1741.0, 1742.0, 1743.0, 1744.0, 1745.0, 1746.0, 1747.0, 1748.0, 1749.0, 1750.0, 1751.0, 1752.0, 1753.0, 1754.0, 1755.0, 1756.0, 1757.0, 1758.0, 1759.0, 1760.0, 1761.0, 1762.0, 1763.0, 1764.0, 1765.0, 1766.0, 1767.0, 1768.0, 1769.0, 1770.0, 1771.0, 1772.0, 1773.0, 1774.0, 1775.0, 1776.0, 1777.0, 1778.0, 1779.0, 1780.0, 1781.0, 1782.0, 1783.0, 1784.0, 1785.0, 1786.0, 1787.0, 1788.0, 1789.0, 1790.0, 1791.0, 1792.0, 1793.0, 1794.0, 1795.0, 1796.0, 1797.0, 1798.0, 1799.0, 1800.0, 1800.0, 1800.0], "avg_cpu": [0.2755681818181818, 0.2989267676767677, 0.3560606060606061, 0.37815656565656564, 0.3768939393939394, 0.47095959595959597, 0.4564393939393939, 0.5296717171717171, 0.4981060606060606, 0.5340909090909091, 0.6237373737373737, 0.6856060606060606, 0.6691919191919192, 0.6704545454545454, 0.6792929292929293, 0.6654040404040404, 0.678030303030303, 0.6628787878787878, 0.6931818181818182, 0.702020202020202, 0.6931818181818182, 0.6792929292929293, 0.6856060606060606, 0.6868686868686869, 0.6982323232323232, 0.6553030303030303, 0.6616161616161617, 0.6742424242424242, 0.6243686868686869, 0.6603535353535354, 0.6906565656565656, 0.6818181818181818, 0.6856060606060606, 0.7209595959595959, 0.73989898989899, 0.7411616161616161, 0.7335858585858586, 0.7070707070707071, 0.6944444444444444, 0.7108585858585859, 0.7285353535353535, 0.7070707070707071, 0.7083333333333334, 0.7133838383838383, 0.7070707070707071, 0.7159090909090909, 0.7058080808080808, 0.6982323232323232, 0.7184343434343434, 0.7108585858585859, 0.7247474747474747, 0.6906565656565656, 0.6931818181818182, 0.6338383838383839, 0.6363636363636364, 0.6300505050505051, 0.6319444444444444, 0.6818181818181818, 0.7285353535353535, 0.6982323232323232, 0.7070707070707071, 0.6641414141414141, 0.6654040404040404, 0.6830808080808081, 0.7474747474747475, 0.6792929292929293, 0.6420454545454546, 0.6527777777777778, 0.6464646464646465, 0.6906565656565656, 0.6805555555555556, 0.639520202020202, 0.6679292929292929, 0.6755050505050505, 0.6944444444444444, 0.7184343434343434, 0.6742424242424242, 0.6553030303030303, 0.5845959595959596, 0.5044191919191919, 0.5366161616161617, 0.553030303030303, 0.5359848484848485, 0.5157828282828283, 0.5006313131313131, 0.5233585858585859, 0.48737373737373735, 0.494949494949495, 0.27367424242424243, 0.0013020833333333333, 0.00043402777777777775], "avg_mem": [0.00833867130307467, 0.009288067349926793, 0.00836154831625183, 0.007949762079062957, 0.008075585651537336, 0.00783537701317716, 0.008487371888726208, 0.00841874084919473, 0.008761896046852123, 0.008693265007320644, 0.008601756954612006, 0.008876281112737921, 0.008807650073206443, 0.008739019033674963, 0.009150805270863836, 0.008716142020497804, 0.008716142020497804, 0.008750457540263544, 0.009013543191800878, 0.008841965592972182, 0.009036420204978038, 0.008704703513909224, 0.0088877196193265, 0.008601756954612006, 0.008658949487554905, 0.008761896046852123, 0.00896778916544656, 0.008578879941434846, 0.0088877196193265, 0.008761896046852123, 0.009002104685212299, 0.008853404099560761, 0.008510248901903368, 0.008979227672035139, 0.008773334553440702, 0.008853404099560761, 0.009139366764275255, 0.009242313323572475, 0.008899158125915081, 0.009116489751098097, 0.008647510980966324, 0.00893347364568082, 0.00893347364568082, 0.009059297218155198, 0.008784773060029283, 0.008670387994143484, 0.008899158125915081, 0.008704703513909224, 0.008647510980966324, 0.0088877196193265, 0.008807650073206443, 0.009070735724743777, 0.00892203513909224, 0.008773334553440702, 0.008739019033674963, 0.00892203513909224, 0.008956350658857979, 0.008670387994143484, 0.008853404099560761, 0.00891059663250366, 0.008796211566617862, 0.009013543191800878, 0.008796211566617862, 0.009024981698389459, 0.008533125915080528, 0.009047858711566617, 0.008761896046852123, 0.0089449121522694, 0.008899158125915081, 0.008681826500732064, 0.009047858711566617, 0.008716142020497804, 0.008567441434846267, 0.008590318448023425, 0.008807650073206443, 0.008819088579795022, 0.009059297218155198, 0.008739019033674963, 0.008624633967789166, 0.008796211566617862, 0.008727580527086384, 0.008853404099560761, 0.00886484260614934, 0.009619784040995607, 0.010969527818448023, 0.008739019033674963, 0.008533125915080528, 0.008761896046852123, 0.007629483894582723, 0.006474194729136164, 0.0007720991947291362]}