{"time": [530.0, 530.0, 531.0, 531.0, 532.0, 533.0, 534.0, 535.0, 536.0, 537.0, 538.0, 539.0, 540.0, 540.0, 541.0, 542.0, 543.0, 544.0, 545.0, 546.0, 547.0, 548.0, 549.0, 550.0, 551.0, 552.0, 553.0, 554.0, 555.0, 556.0, 556.0, 557.0, 558.0, 559.0, 560.0, 561.0, 562.0, 563.0, 564.0, 565.0, 566.0, 567.0, 568.0, 569.0, 570.0, 571.0, 571.0, 572.0, 572.0, 572.0, 581.0, 582.0, 583.0, 584.0, 585.0, 586.0, 587.0, 588.0, 589.0, 590.0, 591.0, 592.0, 593.0, 594.0, 595.0, 596.0, 597.0, 598.0, 599.0, 600.0, 601.0, 602.0, 603.0, 604.0, 605.0, 606.0, 607.0, 608.0, 609.0, 610.0, 611.0, 612.0, 613.0, 614.0, 615.0, 616.0, 617.0, 618.0, 619.0, 620.0, 620.0, 621.0, 622.0, 623.0, 624.0, 625.0, 626.0, 627.0, 628.0, 629.0, 630.0, 631.0, 632.0, 633.0, 634.0, 635.0, 636.0, 637.0, 638.0, 639.0, 640.0, 641.0, 642.0, 643.0, 644.0, 645.0, 646.0, 647.0, 648.0, 649.0, 650.0, 651.0, 652.0, 653.0, 653.0, 653.0, 653.0], "avg_cpu": [0.21823432343234322, 0.5198019801980198, 0.5387788778877888, 0.5214521452145214, 0.5288778877887789, 0.5594059405940595, 0.5915841584158416, 0.6047854785478548, 0.5363036303630363, 0.5643564356435643, 0.5173267326732673, 0.5387788778877888, 0.523102310231023, 0.6534653465346535, 0.5915841584158416, 0.6155115511551155, 0.6344884488448845, 0.5792079207920792, 0.5602310231023102, 0.5387788778877888, 0.5387788778877888, 0.5272277227722773, 0.5239273927392739, 0.5132013201320133, 0.5346534653465347, 0.5206270627062707, 0.5602310231023102, 0.5338283828382838, 0.5198019801980198, 0.5404290429042904, 0.5643564356435643, 0.5247524752475248, 0.5198019801980198, 0.5437293729372937, 0.5759075907590759, 0.5668316831683168, 0.5717821782178217, 0.5255775577557755, 0.509075907590759, 0.5148514851485149, 0.6006600660066007, 0.533003300330033, 0.5214521452145214, 0.5668316831683168, 0.518976897689769, 0.6336633663366337, 0.6344884488448845, 0.4867986798679868, 0.03176567656765677, 0.0, 0.5156765676567657, 0.533003300330033, 0.5148514851485149, 0.523102310231023, 0.5288778877887789, 0.5272277227722773, 0.5478547854785478, 0.5511551155115512, 0.49422442244224424, 0.4991749174917492, 0.5552805280528053, 0.5363036303630363, 0.5651815181518152, 0.584983498349835, 0.594059405940594, 0.551980198019802, 0.5445544554455446, 0.5321782178217822, 0.518976897689769, 0.5808580858085809, 0.5313531353135313, 0.5008250825082509, 0.5107260726072608, 0.5222772277227723, 0.5297029702970297, 0.5495049504950495, 0.5354785478547854, 0.5816831683168316, 0.5297029702970297, 0.4975247524752475, 0.5297029702970297, 0.504950495049505, 0.5222772277227723, 0.5272277227722773, 0.5239273927392739, 0.5288778877887789, 0.533003300330033, 0.4735973597359736, 0.5486798679867987, 0.5255775577557755, 0.5511551155115512, 0.5429042904290429, 0.5503300330033003, 0.551980198019802, 0.5503300330033003, 0.5627062706270627, 0.5627062706270627, 0.5338283828382838, 0.5552805280528053, 0.5437293729372937, 0.5445544554455446, 0.5503300330033003, 0.5503300330033003, 0.5511551155115512, 0.5437293729372937, 0.5594059405940595, 0.5858085808580858, 0.5701320132013201, 0.5511551155115512, 0.5577557755775577, 0.5792079207920792, 0.556930693069307, 0.5462046204620462, 0.5445544554455446, 0.5750825082508251, 0.5594059405940595, 0.5387788778877888, 0.5808580858085809, 0.5478547854785478, 0.5899339933993399, 0.58003300330033, 0.6278877887788779, 0.650990099009901, 0.6056105610561056, 0.6402640264026402, 0.010494018151815181, 0.0], "avg_mem": [0.012193448023426062, 0.04666910688140556, 0.05490483162518302, 0.04067532942898975, 0.04474743777452416, 0.043832357247437774, 0.04067532942898975, 0.04310029282576867, 0.04186493411420205, 0.040812591508052706, 0.04227672035139092, 0.04218521229868229, 0.04351207906295754, 0.04369509516837482, 0.04410688140556369, 0.04227672035139092, 0.04250549048316252, 0.04479319180087848, 0.0436493411420205, 0.04241398243045388, 0.043923865300146414, 0.042917276720351394, 0.04117862371888726, 0.0424597364568082, 0.04117862371888726, 0.04209370424597365, 0.04195644216691069, 0.043923865300146414, 0.04474743777452416, 0.04195644216691069, 0.0558199121522694, 0.0424597364568082, 0.044335651537335284, 0.04154465592972181, 0.04296303074670571, 0.0424597364568082, 0.04241398243045388, 0.04154465592972181, 0.04355783308931186, 0.04172767203513909, 0.04351207906295754, 0.04195644216691069, 0.04163616398243045, 0.04168191800878477, 0.04058382137628111, 0.04136163982430454, 0.04474743777452416, 0.061218887262079066, 0.0012439375915080527, 0.0008064147144948756, 0.04218521229868229, 0.04168191800878477, 0.04062957540263543, 0.042230966325036604, 0.0410413616398243, 0.04209370424597365, 0.04415263543191801, 0.04204795021961932, 0.04378660322108346, 0.04406112737920937, 0.04310029282576867, 0.04360358711566618, 0.04250549048316252, 0.040904099560761346, 0.04355783308931186, 0.043329062957540264, 0.041407393850658857, 0.044015373352855054, 0.04227672035139092, 0.04241398243045388, 0.04278001464128843, 0.03966874084919473, 0.042825768667642754, 0.04076683748169839, 0.04241398243045388, 0.04479319180087848, 0.040492313323572476, 0.04538799414348463, 0.04026354319180088, 0.04300878477306003, 0.03953147877013177, 0.043923865300146414, 0.04305453879941435, 0.04195644216691069, 0.040309297218155196, 0.04227672035139092, 0.04337481698389458, 0.04296303074670571, 0.04177342606149341, 0.04525073206442167, 0.048133235724743775, 0.044838945827232794, 0.04351207906295754, 0.0424597364568082, 0.04236822840409956, 0.04278001464128843, 0.04296303074670571, 0.0412701317715959, 0.04406112737920937, 0.04195644216691069, 0.042322474377745244, 0.044244143484626644, 0.04278001464128843, 0.04236822840409956, 0.04547950219619327, 0.04351207906295754, 0.04213945827232796, 0.04438140556368961, 0.042825768667642754, 0.04209370424597365, 0.044427159590043924, 0.043237554904831624, 0.04529648609077599, 0.042825768667642754, 0.0426885065885798, 0.043832357247437774, 0.0426885065885798, 0.04575402635431918, 0.042917276720351394, 0.043329062957540264, 0.04296303074670571, 0.04346632503660322, 0.04310029282576867, 0.05536237188872621, 0.042642752562225474, 0.0008178532210834554, 0.0003116993045387994]}