{"time": [520.0, 521.0, 522.0, 523.0, 524.0, 525.0, 526.0, 527.0, 527.0, 527.0, 533.0, 534.0, 535.0, 536.0, 537.0, 538.0, 539.0, 540.0, 540.0, 541.0, 542.0, 543.0, 544.0, 545.0, 546.0, 547.0, 548.0, 549.0, 550.0, 551.0, 552.0, 553.0, 554.0, 555.0, 556.0, 557.0, 557.0, 558.0, 559.0, 560.0, 561.0, 562.0, 563.0, 564.0, 565.0, 566.0, 567.0, 568.0, 569.0, 570.0, 571.0, 571.0, 571.0, 571.0, 575.0, 576.0, 577.0, 578.0, 579.0, 580.0, 581.0, 582.0, 583.0, 584.0, 585.0, 586.0, 587.0, 588.0, 589.0, 590.0, 591.0, 592.0, 593.0, 594.0, 595.0, 596.0, 597.0, 598.0, 599.0, 600.0, 601.0, 602.0, 603.0, 604.0, 605.0, 606.0, 607.0, 608.0, 609.0, 610.0, 611.0, 612.0, 613.0, 614.0, 615.0, 616.0, 617.0, 618.0, 619.0, 620.0, 621.0, 622.0, 623.0, 624.0, 625.0, 626.0, 627.0, 628.0, 629.0, 630.0, 631.0, 632.0, 633.0, 634.0, 635.0, 636.0, 637.0, 638.0, 639.0, 640.0, 641.0, 642.0, 643.0, 644.0, 645.0, 646.0, 647.0, 648.0, 649.0, 650.0, 651.0, 652.0, 653.0, 653.0, 653.0, 653.0, 674.0, 675.0, 676.0, 677.0, 678.0, 679.0, 680.0, 681.0, 682.0, 683.0, 684.0, 685.0, 686.0, 687.0, 688.0, 689.0, 690.0, 691.0, 692.0, 693.0, 694.0, 695.0, 696.0, 697.0, 698.0, 699.0, 700.0, 701.0, 702.0, 703.0, 704.0, 705.0, 706.0, 707.0, 707.0, 707.0, 707.0, 709.0, 710.0, 711.0, 712.0, 713.0, 714.0, 715.0, 716.0, 717.0, 718.0, 719.0, 720.0, 721.0, 722.0, 723.0, 724.0, 725.0, 725.0, 726.0, 727.0, 728.0, 729.0, 730.0, 731.0, 732.0, 733.0, 734.0, 735.0, 735.0, 735.0, 735.0], "avg_cpu": [0.0024075649752475247, 0.09632838283828384, 0.091996699669967, 0.10973597359735973, 0.05827145214521452, 0.029084158415841586, 0.0005430718853135314, 0.0004721663572607261, 0.0008540893151815182, 0.00022883147689768977, 0.5437293729372937, 0.5338283828382838, 0.514026402640264, 0.5198019801980198, 0.514026402640264, 0.5214521452145214, 0.5297029702970297, 0.5255775577557755, 0.514026402640264, 0.504950495049505, 0.5841584158415841, 0.5717821782178217, 0.5074257425742574, 0.5321782178217822, 0.528052805280528, 0.4884488448844885, 0.5462046204620462, 0.5016501650165016, 0.5247524752475248, 0.6047854785478548, 0.5437293729372937, 0.5321782178217822, 0.4966996699669967, 0.5429042904290429, 0.4975247524752475, 0.5759075907590759, 0.5907590759075908, 0.5445544554455446, 0.5759075907590759, 0.5651815181518152, 0.5676567656765676, 0.5643564356435643, 0.5635313531353136, 0.5668316831683168, 0.5503300330033003, 0.5742574257425742, 0.523102310231023, 0.5239273927392739, 0.5635313531353136, 0.5297029702970297, 0.6006600660066007, 0.6963696369636964, 0.44966996699669964, 0.0, 0.5907590759075908, 0.665016501650165, 0.6402640264026402, 0.6410891089108911, 0.636963696369637, 0.6452145214521452, 0.6584158415841584, 0.6394389438943895, 0.650990099009901, 0.6410891089108911, 0.6105610561056105, 0.5907590759075908, 0.5973597359735974, 0.5462046204620462, 0.5701320132013201, 0.5882838283828383, 0.49257425742574257, 0.6229372937293729, 0.6633663366336634, 0.5973597359735974, 0.6295379537953796, 0.650990099009901, 0.5808580858085809, 0.5264026402640264, 0.4966996699669967, 0.5297029702970297, 0.4975247524752475, 0.5313531353135313, 0.5148514851485149, 0.5412541254125413, 0.5511551155115512, 0.5272277227722773, 0.5132013201320133, 0.5486798679867987, 0.5437293729372937, 0.5602310231023102, 0.551980198019802, 0.5577557755775577, 0.5371287128712872, 0.5552805280528053, 0.5206270627062707, 0.5132013201320133, 0.5363036303630363, 0.5173267326732673, 0.5008250825082509, 0.5247524752475248, 0.5033003300330033, 0.5453795379537953, 0.5544554455445545, 0.5321782178217822, 0.556930693069307, 0.5668316831683168, 0.5437293729372937, 0.533003300330033, 0.5412541254125413, 0.5726072607260726, 0.6658415841584159, 0.7037953795379538, 0.6922442244224423, 0.6740924092409241, 0.6163366336633663, 0.4975247524752475, 0.5420792079207921, 0.5387788778877888, 0.5445544554455446, 0.566006600660066, 0.514026402640264, 0.5420792079207921, 0.5462046204620462, 0.5363036303630363, 0.556930693069307, 0.528052805280528, 0.5470297029702971, 0.5503300330033003, 0.5445544554455446, 0.5486798679867987, 0.5808580858085809, 0.5701320132013201, 0.5528052805280528, 0.6097359735973598, 0.0, 0.0, 0.41996699669966997, 0.6303630363036303, 0.6146864686468647, 0.6410891089108911, 0.6171617161716172, 0.6303630363036303, 0.6072607260726073, 0.6344884488448845, 0.6303630363036303, 0.6097359735973598, 0.6031353135313532, 0.6229372937293729, 0.6006600660066007, 0.5858085808580858, 0.6757425742574258, 0.613036303630363, 0.6443894389438944, 0.6353135313531353, 0.6270627062706271, 0.5981848184818482, 0.6171617161716172, 0.5957095709570958, 0.5948844884488449, 0.5676567656765676, 0.6567656765676567, 0.6221122112211221, 0.6023102310231023, 0.599009900990099, 0.5825082508250825, 0.5750825082508251, 0.6270627062706271, 0.5759075907590759, 0.594059405940594, 0.6295379537953796, 0.6501650165016502, 0.2533003300330033, 0.0, 0.37665016501650167, 0.6171617161716172, 0.5998349834983498, 0.5957095709570958, 0.6270627062706271, 0.5841584158415841, 0.5503300330033003, 0.6047854785478548, 0.5420792079207921, 0.6229372937293729, 0.6270627062706271, 0.6105610561056105, 0.6056105610561056, 0.641914191419142, 0.6047854785478548, 0.5750825082508251, 0.716996699669967, 0.6889438943894389, 0.551980198019802, 0.6155115511551155, 0.6683168316831684, 0.5577557755775577, 0.6493399339933993, 0.5643564356435643, 0.5998349834983498, 0.6113861386138614, 0.33457095709570955, 0.00038514593646864686, 0.003181079826732673, 0.0, 0.0],