{"time": [1718.0, 1718.0, 1719.0, 1719.0, 1719.0, 1719.0, 1719.0, 1720.0, 1720.0, 1721.0, 1721.0, 1722.0, 1723.0, 1724.0, 1725.0, 1726.0, 1727.0, 1727.0, 1728.0, 1729.0, 1729.0, 1730.0, 1731.0, 1732.0, 1733.0, 1733.0, 1734.0, 1735.0, 1736.0, 1737.0, 1738.0, 1738.0, 1739.0, 1740.0, 1741.0, 1742.0, 1743.0, 1744.0, 1745.0, 1746.0, 1747.0, 1748.0, 1749.0, 1750.0, 1751.0, 1752.0, 1753.0, 1754.0, 1755.0, 1756.0, 1757.0, 1758.0, 1759.0, 1760.0, 1761.0, 1762.0, 1763.0, 1764.0, 1765.0, 1766.0, 1767.0, 1768.0, 1769.0, 1770.0, 1771.0, 1772.0, 1773.0, 1774.0, 1775.0, 1776.0, 1777.0, 1778.0, 1779.0, 1780.0, 1781.0, 1782.0, 1783.0, 1784.0, 1785.0, 1786.0, 1787.0, 1788.0, 1789.0, 1790.0, 1791.0, 1792.0, 1793.0, 1794.0, 1795.0, 1796.0, 1797.0, 1798.0, 1799.0, 1800.0, 1800.0, 1800.0, 1800.0], "avg_cpu": [0.0, 0.004995616749174918, 0.1445957095709571, 0.25412541254125415, 0.2825907590759076, 0.30528052805280526, 0.29372937293729373, 0.30445544554455445, 0.34282178217821785, 0.3551980198019802, 0.290016501650165, 0.37458745874587457, 0.3180693069306931, 0.3849009900990099, 0.36674917491749176, 0.40552805280528054, 0.40387788778877887, 0.523102310231023, 0.4752475247524752, 0.5041254125412541, 0.5173267326732673, 0.5206270627062707, 0.5057755775577558, 0.5668316831683168, 0.5536303630363036, 0.5775577557755776, 0.5453795379537953, 0.5429042904290429, 0.5726072607260726, 0.5627062706270627, 0.5833333333333334, 0.6476897689768977, 0.5899339933993399, 0.5833333333333334, 0.5833333333333334, 0.6023102310231023, 0.6089108910891089, 0.5874587458745875, 0.58003300330033, 0.5734323432343235, 0.584983498349835, 0.6245874587458746, 0.6105610561056105, 0.5858085808580858, 0.5825082508250825, 0.5998349834983498, 0.5891089108910891, 0.6311881188118812, 0.6221122112211221, 0.5792079207920792, 0.6039603960396039, 0.5717821782178217, 0.5544554455445545, 0.5981848184818482, 0.594059405940594, 0.6188118811881188, 0.6047854785478548, 0.5841584158415841, 0.5874587458745875, 0.6212871287128713, 0.5957095709570958, 0.5717821782178217, 0.5899339933993399, 0.5858085808580858, 0.5693069306930693, 0.5701320132013201, 0.594059405940594, 0.5808580858085809, 0.5750825082508251, 0.6039603960396039, 0.6072607260726073, 0.5866336633663366, 0.6031353135313532, 0.5998349834983498, 0.6047854785478548, 0.5899339933993399, 0.6047854785478548, 0.5965346534653465, 0.594059405940594, 0.6006600660066007, 0.5866336633663366, 0.6006600660066007, 0.5915841584158416, 0.5915841584158416, 0.5981848184818482, 0.5866336633663366, 0.5833333333333334, 0.599009900990099, 0.5792079207920792, 0.5833333333333334, 0.5948844884488449, 0.608085808580858, 0.6427392739273927, 0.26732673267326734, 0.0008669812293729373, 0.0017339624587458745, 0.0004818352929042904], "avg_mem": [2.859626647144949e-06, 0.0024850155563689606, 0.007915446559297218, 0.009379575402635431, 0.008750457540263544, 0.008830527086383601, 0.008544564421669107, 0.008567441434846267, 0.008556002928257686, 0.009139366764275255, 0.009024981698389459, 0.008876281112737921, 0.008876281112737921, 0.00892203513909224, 0.0088877196193265, 0.00886484260614934, 0.008979227672035139, 0.008750457540263544, 0.0088877196193265, 0.008841965592972182, 0.0089449121522694, 0.008830527086383601, 0.00896778916544656, 0.008544564421669107, 0.008704703513909224, 0.008750457540263544, 0.008704703513909224, 0.008693265007320644, 0.008819088579795022, 0.008773334553440702, 0.008739019033674963, 0.008693265007320644, 0.008658949487554905, 0.008796211566617862, 0.008739019033674963, 0.008876281112737921, 0.008750457540263544, 0.008750457540263544, 0.008761896046852123, 0.009013543191800878, 0.008876281112737921, 0.008739019033674963, 0.00892203513909224, 0.008727580527086384, 0.008841965592972182, 0.00893347364568082, 0.008853404099560761, 0.008819088579795022, 0.008716142020497804, 0.008853404099560761, 0.0088877196193265, 0.009150805270863836, 0.009105051244509516, 0.0088877196193265, 0.009139366764275255, 0.009265190336749635, 0.008807650073206443, 0.008807650073206443, 0.00899066617862372, 0.009013543191800878, 0.008841965592972182, 0.0089449121522694, 0.009002104685212299, 0.008876281112737921, 0.009013543191800878, 0.009116489751098097, 0.008624633967789166, 0.00886484260614934, 0.008819088579795022, 0.008796211566617862, 0.008773334553440702, 0.009013543191800878, 0.00899066617862372, 0.009024981698389459, 0.008807650073206443, 0.008784773060029283, 0.0089449121522694, 0.008704703513909224, 0.0089449121522694, 0.0088877196193265, 0.009116489751098097, 0.009024981698389459, 0.008727580527086384, 0.00893347364568082, 0.008819088579795022, 0.00891059663250366, 0.008841965592972182, 0.00886484260614934, 0.009322382869692532, 0.008841965592972182, 0.008979227672035139, 0.008899158125915081, 0.008979227672035139, 0.008178532210834553, 0.007549414348462665, 0.0038204612005856516, 6.863103953147877e-05]}