{"time": [5756.0, 5757.0, 5757.0, 5757.0, 5757.0, 5758.0, 5758.0, 5758.0, 5759.0, 5760.0, 5761.0, 5762.0, 5763.0, 5764.0, 5765.0, 5766.0, 5767.0, 5768.0, 5769.0, 5770.0, 5771.0, 5772.0, 5773.0, 5774.0, 5775.0, 5776.0, 5777.0, 5778.0, 5779.0, 5780.0, 5781.0, 5782.0, 5783.0, 5784.0, 5785.0, 5786.0, 5787.0, 5788.0, 5789.0, 5790.0, 5791.0, 5792.0, 5793.0, 5794.0, 5795.0, 5796.0, 5797.0, 5798.0, 5799.0, 5800.0, 5801.0, 5802.0, 5803.0, 5804.0, 5805.0, 5806.0, 5807.0, 5808.0, 5809.0, 5810.0, 5811.0, 5812.0, 5813.0, 5814.0, 5815.0, 5816.0, 5817.0, 5818.0, 5819.0, 5820.0, 5821.0, 5822.0, 5823.0, 5824.0, 5825.0, 5826.0, 5827.0, 5828.0, 5829.0, 5830.0, 5831.0, 5832.0, 5833.0, 5834.0, 5835.0, 5836.0, 5837.0, 5838.0, 5839.0, 5840.0, 5841.0, 5842.0, 5843.0, 5844.0, 5845.0, 5846.0, 5846.0, 5846.0], "avg_cpu": [0.007429967043314501, 0.06979755178907722, 0.08839453860640302, 0.21162900188323916, 0.2975517890772128, 0.3545197740112994, 0.5301318267419962, 0.5941619585687382, 0.5922787193973634, 0.6431261770244822, 0.6516007532956686, 0.6459510357815442, 0.6346516007532956, 0.6431261770244822, 0.652542372881356, 0.6629001883239172, 0.6572504708097928, 0.6666666666666666, 0.6581920903954802, 0.6271186440677966, 0.6167608286252354, 0.6148775894538606, 0.6092278719397364, 0.6186440677966102, 0.6073446327683616, 0.5979284369114878, 0.6045197740112994, 0.6120527306967984, 0.615819209039548, 0.6337099811676082, 0.6252354048964218, 0.6252354048964218, 0.6290018832391714, 0.635593220338983, 0.6252354048964218, 0.6242937853107344, 0.6186440677966102, 0.6252354048964218, 0.6101694915254238, 0.6186440677966102, 0.6186440677966102, 0.6139359698681732, 0.6252354048964218, 0.6261770244821092, 0.6346516007532956, 0.635593220338983, 0.6450094161958568, 0.6111111111111112, 0.6365348399246704, 0.6252354048964218, 0.647834274952919, 0.6318267419962336, 0.6581920903954802, 0.6534839924670434, 0.6440677966101694, 0.6365348399246704, 0.6337099811676082, 0.6384180790960452, 0.6365348399246704, 0.6290018832391714, 0.6120527306967984, 0.5951035781544256, 0.6139359698681732, 0.615819209039548, 0.6129943502824858, 0.608286252354049, 0.5979284369114878, 0.5894538606403014, 0.583804143126177, 0.5969868173258004, 0.596045197740113, 0.608286252354049, 0.5979284369114878, 0.603578154425612, 0.60075329566855, 0.5828625235404896, 0.5988700564971752, 0.5998116760828626, 0.5922787193973634, 0.5819209039548022, 0.5819209039548022, 0.5875706214689266, 0.5894538606403014, 0.564030131826742, 0.5790960451977402, 0.5734463276836158, 0.5828625235404896, 0.568738229755179, 0.5706214689265536, 0.5790960451977402, 0.5790960451977402, 0.5847457627118644, 0.5800376647834274, 0.583804143126177, 0.5, 0.0066207627118644065, 0.006348575800376648, 0.0], "avg_mem": [0.009425329428989751, 0.014687042459736456, 0.015533491947291362, 0.01505307467057101, 0.015030197657393852, 0.015922401171303075, 0.01608254026354319, 0.016997620790629574, 0.016974743777452415, 0.015945278184480233, 0.01617404831625183, 0.016311310395314787, 0.016402818448023427, 0.01578513909224012, 0.01564787701317716, 0.016402818448023427, 0.015945278184480233, 0.015899524158125913, 0.015922401171303075, 0.015899524158125913, 0.015876647144948755, 0.01621980234260615, 0.016105417276720352, 0.015968155197657395, 0.015625, 0.016151171303074672, 0.01667734260614934, 0.015762262079062957, 0.01578513909224012, 0.01608254026354319, 0.01628843338213763, 0.016105417276720352, 0.016013909224011712, 0.016425695461200585, 0.016013909224011712, 0.016448572474377744, 0.01578513909224012, 0.01624267935578331, 0.016425695461200585, 0.01564787701317716, 0.016036786237188873, 0.016379941434846265, 0.015922401171303075, 0.01608254026354319, 0.015968155197657395, 0.016494326500732064, 0.016151171303074672, 0.01633418740849195, 0.01672309663250366, 0.015922401171303075, 0.01619692532942899, 0.01567075402635432, 0.015876647144948755, 0.01674597364568082, 0.016265556368960467, 0.016265556368960467, 0.016059663250366032, 0.01608254026354319, 0.016036786237188873, 0.016357064421669107, 0.016562957540263542, 0.015853770131771597, 0.01718063689604685, 0.01612829428989751, 0.016379941434846265, 0.015991032210834553, 0.016013909224011712, 0.016311310395314787, 0.01628843338213763, 0.01569363103953148, 0.015968155197657395, 0.016265556368960467, 0.016448572474377744, 0.016425695461200585, 0.01672309663250366, 0.01578513909224012, 0.015899524158125913, 0.015991032210834553, 0.01619692532942899, 0.01608254026354319, 0.015968155197657395, 0.015876647144948755, 0.01617404831625183, 0.016151171303074672, 0.016105417276720352, 0.015556368960468522, 0.016105417276720352, 0.01617404831625183, 0.016059663250366032, 0.016448572474377744, 0.016265556368960467, 0.016059663250366032, 0.016059663250366032, 0.015991032210834553, 0.015556368960468522, 0.012582357247437774, 0.012101939970717424, 0.00012010431918008785]}