{"time": [1718.0, 1719.0, 1719.0, 1719.0, 1719.0, 1719.0, 1720.0, 1720.0, 1721.0, 1722.0, 1722.0, 1723.0, 1724.0, 1725.0, 1726.0, 1727.0, 1728.0, 1729.0, 1730.0, 1731.0, 1732.0, 1733.0, 1734.0, 1735.0, 1736.0, 1737.0, 1738.0, 1739.0, 1740.0, 1741.0, 1742.0, 1743.0, 1744.0, 1745.0, 1746.0, 1747.0, 1748.0, 1749.0, 1750.0, 1751.0, 1752.0, 1753.0, 1754.0, 1755.0, 1756.0, 1757.0, 1758.0, 1759.0, 1760.0, 1761.0, 1762.0, 1763.0, 1764.0, 1765.0, 1766.0, 1767.0, 1768.0, 1769.0, 1770.0, 1771.0, 1772.0, 1773.0, 1774.0, 1775.0, 1776.0, 1777.0, 1778.0, 1779.0, 1780.0, 1781.0, 1782.0, 1783.0, 1784.0, 1785.0, 1786.0, 1787.0, 1788.0, 1789.0, 1790.0, 1791.0, 1792.0, 1793.0, 1794.0, 1795.0, 1796.0, 1797.0, 1798.0, 1799.0, 1800.0, 1800.0, 1800.0, 1800.0], "avg_cpu": [0.09359217171717171, 0.23327020202020202, 0.2556818181818182, 0.27998737373737376, 0.3213383838383838, 0.45454545454545453, 0.34154040404040403, 0.4008838383838384, 0.398989898989899, 0.4027777777777778, 0.5587121212121212, 0.5429292929292929, 0.5441919191919192, 0.5795454545454546, 0.5688131313131313, 0.5732323232323232, 0.5675505050505051, 0.5757575757575758, 0.5789141414141414, 0.5574494949494949, 0.5549242424242424, 0.5612373737373737, 0.5675505050505051, 0.55239898989899, 0.5416666666666666, 0.5643939393939394, 0.6382575757575758, 0.5542929292929293, 0.5574494949494949, 0.5536616161616161, 0.5454545454545454, 0.5410353535353535, 0.5454545454545454, 0.5473484848484849, 0.5404040404040404, 0.5486111111111112, 0.5486111111111112, 0.5460858585858586, 0.5467171717171717, 0.5441919191919192, 0.5505050505050505, 0.5511363636363636, 0.5454545454545454, 0.5498737373737373, 0.553030303030303, 0.5492424242424242, 0.553030303030303, 0.5555555555555556, 0.5441919191919192, 0.5486111111111112, 0.55239898989899, 0.5511363636363636, 0.5568181818181818, 0.5441919191919192, 0.5675505050505051, 0.5625, 0.5593434343434344, 0.5486111111111112, 0.5410353535353535, 0.5460858585858586, 0.5467171717171717, 0.5460858585858586, 0.5612373737373737, 0.5435606060606061, 0.5606060606060606, 0.5492424242424242, 0.5662878787878788, 0.5561868686868687, 0.5631313131313131, 0.5517676767676768, 0.5366161616161617, 0.5549242424242424, 0.5441919191919192, 0.5473484848484849, 0.5460858585858586, 0.5429292929292929, 0.5568181818181818, 0.5410353535353535, 0.5435606060606061, 0.5486111111111112, 0.5549242424242424, 0.5454545454545454, 0.5429292929292929, 0.5397727272727273, 0.5454545454545454, 0.5416666666666666, 0.5517676767676768, 0.5404040404040404, 0.26420454545454547, 0.0008680555555555555, 0.01171875, 0.00016276041666666666], "avg_mem": [0.012010431918008786, 0.019353953147877013, 0.01628843338213763, 0.015968155197657395, 0.015533491947291362, 0.015556368960468522, 0.016562957540263542, 0.01619692532942899, 0.01738653001464129, 0.01679172767203514, 0.016151171303074672, 0.01688323572474378, 0.017157759882869692, 0.016974743777452415, 0.01743228404099561, 0.017043374816983894, 0.01676885065885798, 0.016517203513909225, 0.01734077598828697, 0.016951866764275257, 0.016951866764275257, 0.016608711566617862, 0.01688323572474378, 0.01683748169838946, 0.016654465592972182, 0.01679172767203514, 0.016906112737920937, 0.016860358711566617, 0.016700219619326502, 0.016928989751098095, 0.016814604685212297, 0.016906112737920937, 0.016906112737920937, 0.016974743777452415, 0.017203513909224012, 0.016906112737920937, 0.01679172767203514, 0.01672309663250366, 0.01743228404099561, 0.016997620790629574, 0.01688323572474378, 0.017203513909224012, 0.017775439238653, 0.017409407027818447, 0.01718063689604685, 0.017020497803806735, 0.016974743777452415, 0.017249267935578332, 0.017478038067349926, 0.017112005856515372, 0.01731789897510981, 0.017455161054172767, 0.01727214494875549, 0.01676885065885798, 0.017020497803806735, 0.017203513909224012, 0.016928989751098095, 0.016814604685212297, 0.017592423133235724, 0.01722639092240117, 0.01672309663250366, 0.017249267935578332, 0.016814604685212297, 0.017020497803806735, 0.017043374816983894, 0.016906112737920937, 0.016997620790629574, 0.017089128843338214, 0.01729502196193265, 0.016700219619326502, 0.016814604685212297, 0.016654465592972182, 0.01674597364568082, 0.01679172767203514, 0.017043374816983894, 0.016562957540263542, 0.017134882869692534, 0.017249267935578332, 0.016974743777452415, 0.017066251830161056, 0.017089128843338214, 0.016974743777452415, 0.01722639092240117, 0.016814604685212297, 0.01674597364568082, 0.01731789897510981, 0.01718063689604685, 0.016951866764275257, 0.016013909224011712, 0.014366764275256223, 0.013222913616398243, 0.00011438506588579795]}