{"time": [1718.0, 1719.0, 1719.0, 1719.0, 1719.0, 1719.0, 1720.0, 1720.0, 1721.0, 1722.0, 1723.0, 1724.0, 1725.0, 1726.0, 1727.0, 1728.0, 1728.0, 1729.0, 1729.0, 1730.0, 1731.0, 1732.0, 1732.0, 1733.0, 1734.0, 1735.0, 1736.0, 1737.0, 1738.0, 1738.0, 1739.0, 1740.0, 1741.0, 1742.0, 1743.0, 1744.0, 1745.0, 1746.0, 1747.0, 1748.0, 1749.0, 1750.0, 1751.0, 1752.0, 1753.0, 1754.0, 1755.0, 1756.0, 1757.0, 1758.0, 1759.0, 1760.0, 1761.0, 1762.0, 1763.0, 1764.0, 1765.0, 1766.0, 1767.0, 1768.0, 1769.0, 1770.0, 1771.0, 1772.0, 1773.0, 1774.0, 1775.0, 1776.0, 1777.0, 1778.0, 1779.0, 1780.0, 1781.0, 1782.0, 1783.0, 1784.0, 1785.0, 1786.0, 1787.0, 1788.0, 1789.0, 1790.0, 1791.0, 1792.0, 1793.0, 1794.0, 1795.0, 1796.0, 1797.0, 1798.0, 1799.0, 1800.0, 1800.0, 1800.0, 1800.0], "avg_cpu": [0.002675072194719472, 0.15965346534653466, 0.2693894389438944, 0.32755775577557755, 0.3094059405940594, 0.2854785478547855, 0.29455445544554454, 0.3061056105610561, 0.3122937293729373, 0.2962046204620462, 0.27516501650165015, 0.28506600660066006, 0.3362211221122112, 0.34447194719471946, 0.3741749174917492, 0.4438943894389439, 0.4991749174917492, 0.452970297029703, 0.49587458745874585, 0.5198019801980198, 0.5016501650165016, 0.5536303630363036, 0.5627062706270627, 0.5511551155115512, 0.5544554455445545, 0.5396039603960396, 0.5346534653465347, 0.5544554455445545, 0.5264026402640264, 0.58003300330033, 0.5561056105610561, 0.5750825082508251, 0.5750825082508251, 0.5907590759075908, 0.5552805280528053, 0.5627062706270627, 0.5668316831683168, 0.608085808580858, 0.5981848184818482, 0.6031353135313532, 0.5643564356435643, 0.5750825082508251, 0.5577557755775577, 0.5742574257425742, 0.584983498349835, 0.5833333333333334, 0.5907590759075908, 0.5462046204620462, 0.5957095709570958, 0.551980198019802, 0.5858085808580858, 0.5742574257425742, 0.5891089108910891, 0.5808580858085809, 0.5767326732673267, 0.5693069306930693, 0.5503300330033003, 0.5511551155115512, 0.5627062706270627, 0.5643564356435643, 0.599009900990099, 0.551980198019802, 0.5973597359735974, 0.5594059405940595, 0.5610561056105611, 0.5511551155115512, 0.58003300330033, 0.6270627062706271, 0.5891089108910891, 0.5866336633663366, 0.5915841584158416, 0.5915841584158416, 0.5767326732673267, 0.58003300330033, 0.5503300330033003, 0.49834983498349833, 0.5363036303630363, 0.6229372937293729, 0.6353135313531353, 0.6039603960396039, 0.5783828382838284, 0.5915841584158416, 0.5841584158415841, 0.6064356435643564, 0.5981848184818482, 0.5783828382838284, 0.5759075907590759, 0.5643564356435643, 0.5742574257425742, 0.5668316831683168, 0.5858085808580858, 0.23267326732673269, 0.005640212458745875, 0.006072091584158416, 0.0], "avg_mem": [0.003557375549048316, 0.008189970717423133, 0.00947108345534407, 0.008750457540263544, 0.008601756954612006, 0.008212847730600293, 0.008796211566617862, 0.008567441434846267, 0.008681826500732064, 0.008750457540263544, 0.008430179355783309, 0.008761896046852123, 0.008956350658857979, 0.008739019033674963, 0.008876281112737921, 0.00886484260614934, 0.008693265007320644, 0.009391013909224012, 0.008681826500732064, 0.008830527086383601, 0.008807650073206443, 0.00953971449487555, 0.008498810395314787, 0.008784773060029283, 0.0088877196193265, 0.0089449121522694, 0.008750457540263544, 0.008796211566617862, 0.008899158125915081, 0.008716142020497804, 0.008773334553440702, 0.008876281112737921, 0.008819088579795022, 0.01006588579795022, 0.008819088579795022, 0.00893347364568082, 0.009082174231332358, 0.008727580527086384, 0.009024981698389459, 0.009070735724743777, 0.008819088579795022, 0.00892203513909224, 0.009676976573938506, 0.008704703513909224, 0.008841965592972182, 0.008979227672035139, 0.008807650073206443, 0.008681826500732064, 0.008670387994143484, 0.008956350658857979, 0.008601756954612006, 0.008853404099560761, 0.008739019033674963, 0.009265190336749635, 0.008750457540263544, 0.008750457540263544, 0.008681826500732064, 0.008727580527086384, 0.00892203513909224, 0.008807650073206443, 0.008841965592972182, 0.008841965592972182, 0.008899158125915081, 0.008819088579795022, 0.008830527086383601, 0.00886484260614934, 0.008681826500732064, 0.008956350658857979, 0.010168832357247437, 0.008830527086383601, 0.008853404099560761, 0.0089449121522694, 0.00891059663250366, 0.00893347364568082, 0.008716142020497804, 0.008899158125915081, 0.008739019033674963, 0.00891059663250366, 0.008899158125915081, 0.009059297218155198, 0.008761896046852123, 0.008853404099560761, 0.008739019033674963, 0.00892203513909224, 0.00892203513909224, 0.009951500732064422, 0.008693265007320644, 0.008773334553440702, 0.008876281112737921, 0.008853404099560761, 0.009082174231332358, 0.00783537701317716, 0.006874542459736457, 9.150805270863836e-05, 7.149066617862372e-05]}