{"time": [524.0, 525.0, 526.0, 527.0, 527.0, 527.0, 527.0, 529.0, 530.0, 530.0, 530.0, 531.0, 531.0, 532.0, 533.0, 534.0, 535.0, 536.0, 537.0, 538.0, 539.0, 540.0, 540.0, 541.0, 542.0, 543.0, 544.0, 545.0, 546.0, 547.0, 548.0, 549.0, 550.0, 551.0, 552.0, 553.0, 554.0, 555.0, 556.0, 557.0, 557.0, 558.0, 559.0, 560.0, 561.0, 562.0, 563.0, 564.0, 565.0, 566.0, 567.0, 568.0, 569.0, 570.0, 571.0, 571.0, 572.0, 572.0, 572.0, 575.0, 576.0, 577.0, 578.0, 579.0, 580.0, 581.0, 582.0, 583.0, 583.0, 583.0, 584.0, 584.0, 585.0, 586.0, 587.0, 588.0, 589.0, 590.0, 591.0, 592.0, 593.0, 594.0, 595.0, 596.0, 597.0, 598.0, 599.0, 600.0, 601.0, 602.0, 603.0, 604.0, 605.0, 606.0, 607.0, 608.0, 609.0, 610.0, 611.0, 612.0, 613.0, 614.0, 615.0, 616.0, 617.0, 618.0, 619.0, 620.0, 621.0, 622.0, 623.0, 624.0, 625.0, 626.0, 627.0, 628.0, 629.0, 630.0, 631.0, 632.0, 633.0, 634.0, 635.0, 636.0, 637.0, 638.0, 639.0, 640.0, 641.0, 642.0, 643.0, 644.0, 645.0, 646.0, 647.0, 648.0, 649.0, 650.0, 651.0, 652.0, 653.0, 653.0, 653.0, 653.0], "avg_cpu": [0.01635692464358452, 0.006555498981670061, 0.005608770366598778, 0.00032618380855397146, 0.0002545824847250509, 0.0, 0.00023568769093686355, 0.5033003300330033, 0.6056105610561056, 0.5528052805280528, 0.5841584158415841, 0.5668316831683168, 0.5404290429042904, 0.5808580858085809, 0.5643564356435643, 0.5470297029702971, 0.5775577557755776, 0.5874587458745875, 0.5816831683168316, 0.5717821782178217, 0.5899339933993399, 0.5536303630363036, 0.5453795379537953, 0.5833333333333334, 0.5618811881188119, 0.5792079207920792, 0.5544554455445545, 0.5503300330033003, 0.5585808580858086, 0.5676567656765676, 0.5701320132013201, 0.5544554455445545, 0.5371287128712872, 0.5610561056105611, 0.5561056105610561, 0.5701320132013201, 0.58003300330033, 0.5792079207920792, 0.5948844884488449, 0.5396039603960396, 0.5404290429042904, 0.5420792079207921, 0.5816831683168316, 0.5404290429042904, 0.5420792079207921, 0.5858085808580858, 0.5693069306930693, 0.599009900990099, 0.5610561056105611, 0.5610561056105611, 0.5635313531353136, 0.5759075907590759, 0.5973597359735974, 0.6097359735973598, 0.608085808580858, 0.5701320132013201, 0.5536303630363036, 0.21699669966996699, 0.0, 0.4793729372937294, 0.608085808580858, 0.6113861386138614, 0.584983498349835, 0.5717821782178217, 0.5610561056105611, 0.5841584158415841, 0.5635313531353136, 0.594059405940594, 0.5387788778877888, 0.0, 0.0, 0.5396039603960396, 0.5792079207920792, 0.509075907590759, 0.5379537953795379, 0.5717821782178217, 0.58003300330033, 0.5734323432343235, 0.5948844884488449, 0.5866336633663366, 0.5915841584158416, 0.5833333333333334, 0.5915841584158416, 0.5973597359735974, 0.5948844884488449, 0.6006600660066007, 0.5907590759075908, 0.5932343234323433, 0.5899339933993399, 0.5676567656765676, 0.5882838283828383, 0.5874587458745875, 0.594059405940594, 0.5891089108910891, 0.5891089108910891, 0.5907590759075908, 0.584983498349835, 0.5948844884488449, 0.5767326732673267, 0.5775577557755776, 0.594059405940594, 0.5907590759075908, 0.5965346534653465, 0.5932343234323433, 0.5882838283828383, 0.5907590759075908, 0.5866336633663366, 0.5924092409240924, 0.5981848184818482, 0.5948844884488449, 0.5948844884488449, 0.6023102310231023, 0.5965346534653465, 0.5998349834983498, 0.5957095709570958, 0.6006600660066007, 0.5932343234323433, 0.5973597359735974, 0.594059405940594, 0.5932343234323433, 0.5874587458745875, 0.6039603960396039, 0.5866336633663366, 0.5915841584158416, 0.5998349834983498, 0.5899339933993399, 0.5965346534653465, 0.5924092409240924, 0.5924092409240924, 0.5965346534653465, 0.5924092409240924, 0.5825082508250825, 0.5891089108910891, 0.5891089108910891, 0.5775577557755776, 0.58003300330033, 0.5981848184818482, 0.5899339933993399, 0.5891089108910891, 0.5858085808580858, 0.6031353135313532, 0.584983498349835, 0.11365511551155115, 0.0], "avg_mem": [0.00418853759765625, 0.003627777099609375, 0.00316619873046875, 0.00307464599609375, 0.00307464599609375, 0.003070831298828125, 0.000194549560546875, 0.030838213762811127, 0.04886530014641288, 0.04310029282576867, 0.04026354319180088, 0.036694729136163985, 0.04360358711566618, 0.042825768667642754, 0.04497620790629575, 0.0446101756954612, 0.04186493411420205, 0.042642752562225474, 0.04396961932650073, 0.04296303074670571, 0.045021961932650074, 0.04305453879941435, 0.0479502196193265, 0.04337481698389458, 0.043832357247437774, 0.04094985358711566, 0.04419838945827233, 0.0436493411420205, 0.04227672035139092, 0.04204795021961932, 0.042917276720351394, 0.04396961932650073, 0.04287152269399707, 0.041819180087847733, 0.04657759882869693, 0.04406112737920937, 0.044015373352855054, 0.04287152269399707, 0.042642752562225474, 0.052434114202049784, 0.04474743777452416, 0.04195644216691069, 0.04195644216691069, 0.04360358711566618, 0.042734260614934114, 0.04378660322108346, 0.04570827232796486, 0.04406112737920937, 0.042734260614934114, 0.043146046852122984, 0.04200219619326501, 0.04369509516837482, 0.042825768667642754, 0.043420571010248904, 0.043923865300146414, 0.042917276720351394, 0.07009516837481698, 0.0005776445827232797, 0.00039462847730600294, 0.027315153733528552, 0.04978038067349927, 0.042230966325036604, 0.04117862371888726, 0.04465592972181552, 0.042230966325036604, 0.044427159590043924, 0.04319180087847731, 0.04136163982430454, 0.04035505124450952, 0.0008550283674963396, 0.000334576317715959, 0.04278001464128843, 0.04410688140556369, 0.04305453879941435, 0.044244143484626644, 0.043237554904831624, 0.045433748169838944, 0.04259699853587116, 0.04259699853587116, 0.043146046852122984, 0.0446101756954612, 0.04213945827232796, 0.04410688140556369, 0.04538799414348463, 0.043237554904831624, 0.04191068814055637, 0.043832357247437774, 0.0424597364568082, 0.04195644216691069, 0.04346632503660322, 0.04310029282576867, 0.04488469985358712, 0.043146046852122984, 0.04236822840409956, 0.04355783308931186, 0.04369509516837482, 0.03742679355783309, 0.03783857979502196, 0.04085834553440703, 0.04447291361639824, 0.04428989751098097, 0.044015373352855054, 0.044427159590043924, 0.045113469985358715, 0.04497620790629575, 0.045616764275256225, 0.04250549048316252, 0.043923865300146414, 0.04369509516837482, 0.04538799414348463, 0.04410688140556369, 0.04428989751098097, 0.045616764275256225, 0.042734260614934114, 0.04300878477306003, 0.044518667642752564, 0.045616764275256225, 0.04360358711566618, 0.044427159590043924, 0.04346632503660322, 0.04474743777452416, 0.044335651537335284, 0.04520497803806735, 0.04447291361639824, 0.04506771595900439, 0.04387811127379209, 0.041819180087847733, 0.04378660322108346, 0.044518667642752564, 0.03934846266471449, 0.04177342606149341, 0.042322474377745244, 0.04296303074670571, 0.04378660322108346, 0.03893667642752562, 0.04227672035139092, 0.04213945827232796, 0.04465592972181552, 0.042917276720351394, 0.042322474377745244, 0.047218155197657395, 0.04259699853587116, 0.0005890830893118595, 0.00041178623718887263]}