{"time": [1718.0, 1718.0, 1719.0, 1719.0, 1719.0, 1719.0, 1719.0, 1720.0, 1720.0, 1721.0, 1722.0, 1722.0, 1723.0, 1724.0, 1725.0, 1726.0, 1726.0, 1727.0, 1728.0, 1729.0, 1730.0, 1731.0, 1732.0, 1733.0, 1734.0, 1735.0, 1736.0, 1737.0, 1738.0, 1739.0, 1740.0, 1741.0, 1742.0, 1743.0, 1744.0, 1745.0, 1746.0, 1747.0, 1748.0, 1749.0, 1750.0, 1751.0, 1752.0, 1753.0, 1754.0, 1755.0, 1756.0, 1757.0, 1758.0, 1759.0, 1760.0, 1761.0, 1762.0, 1763.0, 1764.0, 1765.0, 1766.0, 1767.0, 1768.0, 1769.0, 1770.0, 1771.0, 1772.0, 1773.0, 1774.0, 1775.0, 1776.0, 1777.0, 1778.0, 1779.0, 1780.0, 1781.0, 1782.0, 1783.0, 1784.0, 1785.0, 1786.0, 1787.0, 1788.0, 1789.0, 1790.0, 1791.0, 1792.0, 1793.0, 1794.0, 1795.0, 1796.0, 1797.0, 1798.0, 1799.0, 1800.0, 1800.0, 1800.0], "avg_cpu": [0.0, 0.24494949494949494, 0.3371212121212121, 0.26073232323232326, 0.28345959595959597, 0.32386363636363635, 0.3611111111111111, 0.351010101010101, 0.4027777777777778, 0.40025252525252525, 0.39835858585858586, 0.5498737373737373, 0.5454545454545454, 0.5467171717171717, 0.5340909090909091, 0.5441919191919192, 0.6515151515151515, 0.6515151515151515, 0.6477272727272727, 0.6578282828282829, 0.6578282828282829, 0.6578282828282829, 0.6565656565656566, 0.6458333333333334, 0.6565656565656566, 0.6502525252525253, 0.6553030303030303, 0.6527777777777778, 0.6641414141414141, 0.6553030303030303, 0.6590909090909091, 0.6603535353535354, 0.6420454545454546, 0.6553030303030303, 0.6477272727272727, 0.6527777777777778, 0.6515151515151515, 0.6565656565656566, 0.6590909090909091, 0.6578282828282829, 0.6477272727272727, 0.6628787878787878, 0.6603535353535354, 0.6603535353535354, 0.6565656565656566, 0.6540404040404041, 0.6603535353535354, 0.6565656565656566, 0.6603535353535354, 0.6540404040404041, 0.6628787878787878, 0.6590909090909091, 0.6553030303030303, 0.6641414141414141, 0.6553030303030303, 0.6616161616161617, 0.6553030303030303, 0.6553030303030303, 0.6565656565656566, 0.6578282828282829, 0.6603535353535354, 0.6540404040404041, 0.6590909090909091, 0.6553030303030303, 0.6590909090909091, 0.6590909090909091, 0.6515151515151515, 0.6553030303030303, 0.6578282828282829, 0.6553030303030303, 0.6553030303030303, 0.6553030303030303, 0.6553030303030303, 0.648989898989899, 0.6553030303030303, 0.6527777777777778, 0.6527777777777778, 0.6565656565656566, 0.6603535353535354, 0.6590909090909091, 0.6565656565656566, 0.6590909090909091, 0.6565656565656566, 0.6578282828282829, 0.6578282828282829, 0.6628787878787878, 0.6553030303030303, 0.6578282828282829, 0.6590909090909091, 0.6565656565656566, 0.30997474747474746, 0.0078125, 0.0016276041666666667], "avg_mem": [5.719253294289898e-06, 0.01397785505124451, 0.01839311859443631, 0.016151171303074672, 0.015830893118594435, 0.016562957540263542, 0.01731789897510981, 0.016517203513909225, 0.01674597364568082, 0.01667734260614934, 0.01729502196193265, 0.017615300146412886, 0.016608711566617862, 0.017089128843338214, 0.01772968521229868, 0.017020497803806735, 0.017112005856515372, 0.017134882869692534, 0.016974743777452415, 0.017478038067349926, 0.01731789897510981, 0.016860358711566617, 0.016974743777452415, 0.017020497803806735, 0.017089128843338214, 0.017089128843338214, 0.016951866764275257, 0.017089128843338214, 0.017089128843338214, 0.017089128843338214, 0.01727214494875549, 0.017249267935578332, 0.017683931185944364, 0.01727214494875549, 0.01667734260614934, 0.017089128843338214, 0.01738653001464129, 0.017478038067349926, 0.01731789897510981, 0.016997620790629574, 0.018507503660322108, 0.017112005856515372, 0.017157759882869692, 0.01679172767203514, 0.01674597364568082, 0.017363653001464127, 0.01729502196193265, 0.017638177159590044, 0.016906112737920937, 0.016814604685212297, 0.017157759882869692, 0.016814604685212297, 0.017043374816983894, 0.016951866764275257, 0.016951866764275257, 0.01672309663250366, 0.01782119326500732, 0.01743228404099561, 0.017020497803806735, 0.017249267935578332, 0.016951866764275257, 0.01718063689604685, 0.01841599560761347, 0.017478038067349926, 0.016814604685212297, 0.016928989751098095, 0.01722639092240117, 0.016562957540263542, 0.016997620790629574, 0.016974743777452415, 0.016906112737920937, 0.017523792093704246, 0.0178898243045388, 0.01722639092240117, 0.016951866764275257, 0.017157759882869692, 0.017043374816983894, 0.01731789897510981, 0.017066251830161056, 0.01683748169838946, 0.017409407027818447, 0.016906112737920937, 0.016654465592972182, 0.017478038067349926, 0.01727214494875549, 0.01772968521229868, 0.017066251830161056, 0.01738653001464129, 0.017500915080527087, 0.017066251830161056, 0.01512170571010249, 0.013383052708638361, 0.00013726207906295754]}