{"time": [1733.0, 1733.0, 1734.0, 1734.0, 1734.0, 1735.0, 1736.0, 1737.0, 1738.0, 1738.0, 1739.0, 1740.0, 1741.0, 1742.0, 1743.0, 1744.0, 1745.0, 1746.0, 1747.0, 1748.0, 1749.0, 1750.0, 1751.0, 1752.0, 1753.0, 1754.0, 1754.0, 1754.0, 1754.0, 1755.0, 1755.0, 1755.0, 1755.0, 1755.0, 1756.0, 1757.0, 1758.0, 1759.0, 1760.0, 1761.0, 1762.0, 1763.0, 1764.0, 1765.0, 1766.0, 1767.0, 1768.0, 1769.0, 1770.0, 1771.0, 1772.0, 1773.0, 1774.0, 1775.0, 1776.0, 1777.0, 1778.0, 1779.0, 1780.0, 1781.0, 1782.0, 1783.0, 1784.0, 1785.0, 1786.0, 1787.0, 1788.0, 1789.0, 1790.0, 1791.0, 1792.0, 1793.0, 1794.0, 1795.0, 1796.0, 1797.0, 1798.0, 1799.0, 1800.0, 1800.0, 1800.0, 1800.0], "avg_cpu": [0.0, 0.0, 0.0, 0.0, 0.26953125, 0.28564453125, 0.30810546875, 0.30224609375, 0.30712890625, 0.3642578125, 0.357421875, 0.3896484375, 0.38720703125, 0.35205078125, 0.3447265625, 0.345703125, 0.28271484375, 0.31298828125, 0.33349609375, 0.333984375, 0.3662109375, 0.35498046875, 0.36572265625, 0.3349609375, 0.33056640625, 0.3583984375, 0.0, 0.0335693359375, 0.0, 0.0001392364501953125, 0.0, 0.002788543701171875, 0.0, 0.8181818181818182, 0.9305555555555556, 0.9368686868686869, 0.9292929292929293, 0.9532828282828283, 0.9343434343434344, 0.9368686868686869, 0.9444444444444444, 0.9255050505050505, 0.9217171717171717, 0.9722222222222222, 0.9015151515151515, 0.898989898989899, 0.9179292929292929, 0.9103535353535354, 0.8952020202020202, 0.8964646464646465, 0.8876262626262627, 0.9646464646464646, 0.9457070707070707, 0.9381313131313131, 0.9255050505050505, 0.8939393939393939, 0.8964646464646465, 0.9116161616161617, 0.9040404040404041, 0.9078282828282829, 0.9090909090909091, 0.9595959595959596, 0.9457070707070707, 0.946969696969697, 0.9608585858585859, 0.9595959595959596, 0.9545454545454546, 0.9482323232323232, 0.9090909090909091, 0.9191919191919192, 0.9116161616161617, 0.898989898989899, 0.9191919191919192, 0.9027777777777778, 0.9419191919191919, 0.9090909090909091, 0.8952020202020202, 0.9053030303030303, 0.4090909090909091, 0.0013020833333333333, 0.0013020833333333333, 0.0003255208333333333], "avg_mem": [1.9073486328125e-06, 9.5367431640625e-07, 9.5367431640625e-07, 9.5367431640625e-07, 0.003078460693359375, 0.003108978271484375, 0.00301361083984375, 0.003055572509765625, 0.003063201904296875, 0.003162384033203125, 0.0030975341796875, 0.003086090087890625, 0.00307464599609375, 0.003070831298828125, 0.0030975341796875, 0.00307464599609375, 0.003101348876953125, 0.00304412841796875, 0.00307464599609375, 0.003032684326171875, 0.003131866455078125, 0.0030975341796875, 0.00311279296875, 0.003116607666015625, 0.00310516357421875, 0.003124237060546875, 1.1438506588579795e-05, 0.002841949462890625, 5.719253294289898e-06, 4.673004150390625e-05, 0.0, 3.719329833984375e-05, 3.719329833984375e-05, 0.01784407027818448, 0.01839311859443631, 0.01738653001464129, 0.01729502196193265, 0.01731789897510981, 0.017455161054172767, 0.017500915080527087, 0.0178898243045388, 0.017500915080527087, 0.018072840409956076, 0.01738653001464129, 0.01738653001464129, 0.016906112737920937, 0.01729502196193265, 0.017546669106881404, 0.01772968521229868, 0.017798316251830162, 0.01718063689604685, 0.017500915080527087, 0.01738653001464129, 0.01772968521229868, 0.01722639092240117, 0.01743228404099561, 0.017134882869692534, 0.01731789897510981, 0.01722639092240117, 0.01718063689604685, 0.017615300146412886, 0.017683931185944364, 0.017546669106881404, 0.01727214494875549, 0.017523792093704246, 0.01718063689604685, 0.01782119326500732, 0.017455161054172767, 0.017683931185944364, 0.01731789897510981, 0.01727214494875549, 0.017706808199121522, 0.017112005856515372, 0.01729502196193265, 0.01772968521229868, 0.017066251830161056, 0.01743228404099561, 0.017066251830161056, 0.015441983894582723, 0.014412518301610541, 0.014412518301610541, 0.00019445461200585652]}