{"time": [569.0, 570.0, 571.0, 571.0, 571.0, 571.0, 590.0, 591.0, 591.0, 591.0, 591.0, 593.0, 594.0, 595.0, 596.0, 596.0, 596.0, 596.0, 596.0, 596.0, 596.0, 596.0, 597.0, 598.0, 599.0, 600.0, 601.0, 602.0, 603.0, 604.0, 605.0, 606.0, 607.0, 608.0, 609.0, 610.0, 611.0, 612.0, 613.0, 614.0, 615.0, 616.0, 617.0, 618.0, 619.0, 620.0, 621.0, 622.0, 623.0, 624.0, 625.0, 626.0, 627.0, 627.0, 628.0, 628.0, 628.0, 628.0, 629.0, 629.0, 629.0, 629.0, 629.0, 630.0, 631.0, 632.0, 633.0, 634.0, 635.0, 636.0, 637.0, 638.0, 639.0, 640.0, 641.0, 642.0, 643.0, 643.0, 643.0, 643.0, 644.0, 645.0, 646.0, 646.0, 646.0, 646.0, 646.0, 647.0, 647.0, 648.0, 648.0, 648.0, 648.0, 649.0, 650.0, 650.0, 650.0, 650.0], "avg_cpu": [0.45544554455445546, 0.5404290429042904, 0.5354785478547854, 0.514026402640264, 0.040325907590759075, 3.2229785478547855e-06, 0.3896484375, 0.4091796875, 0.4169921875, 0.03875732421875, 0.0, 0.25244140625, 0.28759765625, 0.29443359375, 0.26611328125, 0.31396484375, 0.197021484375, 0.0, 0.5461432506887053, 0.5075757575757576, 0.0, 0.0, 0.9444444444444444, 0.9823232323232324, 0.9747474747474747, 0.9696969696969697, 0.976010101010101, 0.9709595959595959, 0.9835858585858586, 0.9772727272727273, 0.9835858585858586, 0.9873737373737373, 0.9810606060606061, 0.9785353535353535, 0.9785353535353535, 0.9772727272727273, 0.9747474747474747, 0.9684343434343434, 0.9696969696969697, 0.9684343434343434, 0.9684343434343434, 0.9659090909090909, 0.9659090909090909, 0.9659090909090909, 0.9684343434343434, 0.9684343434343434, 0.9684343434343434, 0.976010101010101, 0.9734848484848485, 0.9810606060606061, 0.9785353535353535, 0.9797979797979798, 0.9684343434343434, 0.9595959595959596, 0.7222222222222222, 0.03562973484848485, 0.0, 0.37016293279022405, 0.3615071283095723, 0.329938900203666, 0.038632892057026476, 0.0, 0.3640529531568228, 0.3579429735234216, 0.34470468431771895, 0.3324847250509165, 0.3625254582484725, 0.35081466395112015, 0.3615071283095723, 0.34012219959266804, 0.3594704684317719, 0.329938900203666, 0.32382892057026474, 0.38136456211812625, 0.34674134419551933, 0.359979633401222, 0.39613034623217924, 0.4139511201629328, 0.023994399185336048, 0.0, 0.3609979633401222, 0.3966395112016293, 0.43890020366598775, 0.3594704684317719, 0.0, 0.0, 0.1395112016293279, 0.3854378818737271, 0.3864562118126273, 0.40122199592668023, 0.003043056262729124, 0.0, 0.3604887983706721, 0.40071283095723015, 0.3966395112016293, 0.39969450101832993, 0.08986761710794297, 0.0], "avg_mem": [0.040400805270863836, 0.04154465592972181, 0.0381588579795022, 0.03976024890190337, 0.0007863973279648609, 0.0003631725841874085, 0.028656005859375, 0.029266357421875, 0.030975341796875, 0.00077056884765625, 0.000377655029296875, 0.028045654296875, 0.02978515625, 0.029052734375, 0.031097412109375, 0.02728271484375, 0.0005931854248046875, 0.0003414154052734375, 0.018118594436310396, 0.024295387994143484, 0.0012625251647144949, 0.0010680705527086384, 0.09644948755490483, 0.08903733528550513, 0.08519399707174231, 0.09150805270863836, 0.0861090775988287, 0.08574304538799414, 0.095900439238653, 0.07961200585651537, 0.08766471449487555, 0.08967789165446559, 0.08894582723279648, 0.08848828696925329, 0.08290629575402636, 0.08061859443631039, 0.08803074670571011, 0.08592606149341142, 0.08748169838945827, 0.09141654465592972, 0.0837298682284041, 0.08601756954612005, 0.09031844802342606, 0.08556002928257686, 0.0813506588579795, 0.09086749633967789, 0.08894582723279648, 0.08803074670571011, 0.09535139092240118, 0.08546852122986823, 0.08748169838945827, 0.08976939970717424, 0.09169106881405564, 0.07942898975109809, 0.11182284040995608, 0.002064650439238653, 0.0010123078330893118, 0.029449462890625, 0.0301513671875, 0.02838134765625, 0.0007343292236328125, 0.000637054443359375, 0.02642822265625, 0.02838134765625, 0.024871826171875, 0.027862548828125, 0.02655029296875, 0.029632568359375, 0.026763916015625, 0.027374267578125, 0.027923583984375, 0.026702880859375, 0.029937744140625, 0.027923583984375, 0.028839111328125, 0.02685546875, 0.02911376953125, 0.0294189453125, 0.00077056884765625, 0.0004673004150390625, 0.02618408203125, 0.027557373046875, 0.024932861328125, 0.028594970703125, 0.001583099365234375, 0.000843048095703125, 0.00583648681640625, 0.031036376953125, 0.018829345703125, 0.02777099609375, 0.0003910064697265625, 0.0001964569091796875, 0.02685546875, 0.02642822265625, 0.025726318359375, 0.02520751953125, 0.0008335113525390625, 0.00022125244140625]}