{"time": [525.0, 526.0, 527.0, 527.0, 527.0, 527.0, 530.0, 530.0, 531.0, 531.0, 532.0, 533.0, 534.0, 535.0, 536.0, 536.0, 536.0, 536.0, 550.0, 551.0, 552.0, 553.0, 554.0, 555.0, 556.0, 556.0, 557.0, 558.0, 559.0, 560.0, 561.0, 562.0, 563.0, 564.0, 565.0, 566.0, 567.0, 568.0, 569.0, 570.0, 571.0, 572.0, 573.0, 574.0, 575.0, 576.0, 577.0, 578.0, 579.0, 580.0, 581.0, 582.0, 583.0, 584.0, 585.0, 586.0, 587.0, 588.0, 589.0, 590.0, 591.0, 592.0, 593.0, 594.0, 595.0, 596.0, 597.0, 598.0, 599.0, 600.0, 601.0, 602.0, 603.0, 604.0, 605.0, 606.0, 607.0, 608.0, 609.0, 610.0, 611.0, 612.0, 613.0, 614.0, 615.0, 616.0, 617.0, 618.0, 619.0, 620.0, 621.0, 622.0, 622.0, 623.0, 624.0, 625.0, 626.0, 627.0, 628.0, 629.0, 630.0, 631.0, 632.0, 633.0, 634.0, 635.0, 636.0, 637.0, 638.0, 639.0, 640.0, 641.0, 642.0, 643.0, 644.0, 645.0, 646.0, 647.0, 648.0, 649.0, 650.0, 651.0, 652.0, 653.0, 653.0, 653.0, 653.0], "avg_cpu": [0.0001772638201320132, 0.0001289191419141914, 0.0001595374381188119, 0.0002272199876237624, 0.0, 0.00210138201320132, 0.08608815426997245, 0.42768595041322316, 0.44214876033057854, 0.46005509641873277, 0.43112947658402206, 0.44077134986225897, 0.49242424242424243, 0.5771349862258953, 0.6122589531680441, 0.5977961432506887, 0.0014204545454545455, 0.0, 0.00020788211633663366, 0.7665016501650165, 0.8250825082508251, 0.7235973597359736, 0.7186468646864687, 0.6608910891089109, 0.6023102310231023, 0.5924092409240924, 0.5833333333333334, 0.6113861386138614, 0.665016501650165, 0.641914191419142, 0.5907590759075908, 0.6072607260726073, 0.5957095709570958, 0.6221122112211221, 0.5965346534653465, 0.5866336633663366, 0.5750825082508251, 0.5932343234323433, 0.5866336633663366, 0.5808580858085809, 0.5297029702970297, 0.7194719471947195, 0.7153465346534653, 0.6691419141914191, 0.6163366336633663, 0.66996699669967, 0.6641914191419142, 0.655940594059406, 0.6518151815181518, 0.6006600660066007, 0.5973597359735974, 0.6204620462046204, 0.608085808580858, 0.6064356435643564, 0.6089108910891089, 0.6155115511551155, 0.6691419141914191, 0.6361386138613861, 0.594059405940594, 0.6361386138613861, 0.5825082508250825, 0.66996699669967, 0.6097359735973598, 0.6278877887788779, 0.5998349834983498, 0.5998349834983498, 0.6221122112211221, 0.5899339933993399, 0.5825082508250825, 0.6303630363036303, 0.6113861386138614, 0.650990099009901, 0.5462046204620462, 0.5503300330033003, 0.5998349834983498, 0.5808580858085809, 0.5882838283828383, 0.5684818481848185, 0.613036303630363, 0.5618811881188119, 0.6039603960396039, 0.6617161716171617, 0.6823432343234324, 0.5321782178217822, 0.5676567656765676, 0.5981848184818482, 0.5420792079207921, 0.5750825082508251, 0.5511551155115512, 0.5453795379537953, 0.5899339933993399, 0.5767326732673267, 0.6435643564356436, 0.5907590759075908, 0.6320132013201321, 0.641914191419142, 0.6617161716171617, 0.6163366336633663, 0.6410891089108911, 0.6386138613861386, 0.75, 0.6377887788778878, 0.7326732673267327, 0.6270627062706271, 0.6138613861386139, 0.6732673267326733, 0.6518151815181518, 0.6443894389438944, 0.6245874587458746, 0.6823432343234324, 0.7120462046204621, 0.5948844884488449, 0.6476897689768977, 0.6270627062706271, 0.66996699669967, 0.6452145214521452, 0.6254125412541254, 0.6254125412541254, 0.6377887788778878, 0.6146864686468647, 0.6287128712871287, 0.6278877887788779, 0.5932343234323433, 0.6097359735973598, 0.5973597359735974, 0.010906559405940593, 0.0], "avg_mem": [0.009871431185944362, 0.006817349926793558, 0.006325494143484627, 0.006325494143484627, 0.006325494143484627, 0.0009551153001464129, 0.004060669838945827, 0.01784407027818448, 0.01898792093704246, 0.02125274524158126, 0.020772327964860907, 0.021710285505124452, 0.022510980966325037, 0.022122071742313322, 0.021115483162518302, 0.020955344070278183, 0.0002902521046852123, 0.00020446330527086384, 0.000391768850658858, 0.04026354319180088, 0.046028550512445095, 0.04296303074670571, 0.042322474377745244, 0.04278001464128843, 0.04287152269399707, 0.04680636896046852, 0.043146046852122984, 0.0436493411420205, 0.04310029282576867, 0.04200219619326501, 0.041819180087847733, 0.04259699853587116, 0.04195644216691069, 0.04191068814055637, 0.04186493411420205, 0.04387811127379209, 0.04250549048316252, 0.042917276720351394, 0.040492313323572476, 0.044335651537335284, 0.04328330893118595, 0.04337481698389458, 0.04378660322108346, 0.04438140556368961, 0.044427159590043924, 0.04410688140556369, 0.04410688140556369, 0.043832357247437774, 0.04419838945827233, 0.04378660322108346, 0.043740849194729134, 0.04465592972181552, 0.04506771595900439, 0.0446101756954612, 0.043923865300146414, 0.044930453879941434, 0.04474743777452416, 0.044244143484626644, 0.04369509516837482, 0.0426885065885798, 0.0446101756954612, 0.04470168374816984, 0.04278001464128843, 0.04639458272327965, 0.0446101756954612, 0.04419838945827233, 0.044518667642752564, 0.04515922401171303, 0.045342240117130304, 0.046531844802342605, 0.045342240117130304, 0.04648609077598829, 0.04515922401171303, 0.043832357247437774, 0.04680636896046852, 0.045616764275256225, 0.04406112737920937, 0.04213945827232796, 0.041407393850658857, 0.04456442166910688, 0.046531844802342605, 0.047035139092240115, 0.048407759882869696, 0.047309663250366035, 0.04438140556368961, 0.04438140556368961, 0.04465592972181552, 0.04410688140556369, 0.04438140556368961, 0.04456442166910688, 0.04547950219619327, 0.0426885065885798, 0.04859077598828697, 0.046623352855051245, 0.045342240117130304, 0.04648609077598829, 0.04625732064421669, 0.04351207906295754, 0.045937042459736455, 0.04685212298682284, 0.0455710102489019, 0.045342240117130304, 0.04694363103953148, 0.04785871156661786, 0.04470168374816984, 0.047035139092240115, 0.04575402635431918, 0.044244143484626644, 0.044335651537335284, 0.047035139092240115, 0.0446101756954612, 0.04767569546120059, 0.045937042459736455, 0.045113469985358715, 0.047126647144948755, 0.043329062957540264, 0.045937042459736455, 0.04387811127379209, 0.045937042459736455, 0.045433748169838944, 0.04520497803806735, 0.046531844802342605, 0.04547950219619327, 0.04250549048316252, 0.044244143484626644, 0.0005948023426061494, 0.00040034773060029284]}