{"time": [530.0, 530.0, 531.0, 531.0, 532.0, 533.0, 534.0, 535.0, 536.0, 537.0, 538.0, 539.0, 540.0, 540.0, 541.0, 542.0, 543.0, 544.0, 545.0, 546.0, 547.0, 548.0, 549.0, 550.0, 551.0, 552.0, 553.0, 554.0, 555.0, 556.0, 556.0, 557.0, 558.0, 559.0, 560.0, 561.0, 562.0, 563.0, 564.0, 565.0, 566.0, 567.0, 568.0, 569.0, 570.0, 571.0, 572.0, 573.0, 574.0, 575.0, 576.0, 577.0, 578.0, 579.0, 580.0, 581.0, 582.0, 583.0, 584.0, 585.0, 586.0, 587.0, 588.0, 589.0, 590.0, 591.0, 592.0, 593.0, 594.0, 595.0, 596.0, 597.0, 598.0, 599.0, 600.0, 601.0, 602.0, 603.0, 604.0, 605.0, 606.0, 607.0, 608.0, 609.0, 610.0, 611.0, 612.0, 613.0, 614.0, 615.0, 616.0, 617.0, 618.0, 618.0, 619.0, 620.0, 621.0, 622.0, 623.0, 624.0, 625.0, 626.0, 627.0, 628.0, 629.0, 630.0, 631.0, 632.0, 633.0, 634.0, 635.0, 636.0, 637.0, 638.0, 639.0, 640.0, 641.0, 642.0, 643.0, 644.0, 645.0, 646.0, 647.0, 648.0, 649.0, 650.0, 651.0, 652.0, 653.0, 653.0, 653.0, 653.0], "avg_cpu": [0.18523102310231024, 0.5313531353135313, 0.584983498349835, 0.5717821782178217, 0.5528052805280528, 0.5511551155115512, 0.5808580858085809, 0.6221122112211221, 0.726897689768977, 0.7673267326732673, 0.7582508250825083, 0.6658415841584159, 0.7466996699669967, 0.6476897689768977, 0.5742574257425742, 0.5767326732673267, 0.594059405940594, 0.5767326732673267, 0.5734323432343235, 0.5429042904290429, 0.6353135313531353, 0.5288778877887789, 0.5585808580858086, 0.5379537953795379, 0.5354785478547854, 0.5453795379537953, 0.5396039603960396, 0.5420792079207921, 0.5462046204620462, 0.5965346534653465, 0.5924092409240924, 0.5627062706270627, 0.5750825082508251, 0.5792079207920792, 0.58003300330033, 0.5734323432343235, 0.5825082508250825, 0.5561056105610561, 0.5693069306930693, 0.584983498349835, 0.5833333333333334, 0.5668316831683168, 0.6122112211221122, 0.6006600660066007, 0.5635313531353136, 0.5792079207920792, 0.5734323432343235, 0.5783828382838284, 0.5750825082508251, 0.6113861386138614, 0.5948844884488449, 0.58003300330033, 0.5882838283828383, 0.551980198019802, 0.5701320132013201, 0.5668316831683168, 0.5585808580858086, 0.7120462046204621, 0.6947194719471947, 0.7400990099009901, 0.6468646864686468, 0.7062706270627063, 0.6353135313531353, 0.5363036303630363, 0.570957095709571, 0.5965346534653465, 0.5528052805280528, 0.6353135313531353, 0.5924092409240924, 0.6229372937293729, 0.6014851485148515, 0.5882838283828383, 0.5825082508250825, 0.5627062706270627, 0.5635313531353136, 0.58003300330033, 0.5643564356435643, 0.5371287128712872, 0.5528052805280528, 0.5470297029702971, 0.5486798679867987, 0.5627062706270627, 0.5618811881188119, 0.5627062706270627, 0.5618811881188119, 0.5552805280528053, 0.5627062706270627, 0.5783828382838284, 0.5874587458745875, 0.551980198019802, 0.556930693069307, 0.5561056105610561, 0.5453795379537953, 0.6328382838283828, 0.6146864686468647, 0.594059405940594, 0.6056105610561056, 0.5998349834983498, 0.6006600660066007, 0.6072607260726073, 0.5915841584158416, 0.6039603960396039, 0.6188118811881188, 0.5668316831683168, 0.6394389438943895, 0.6625412541254125, 0.6056105610561056, 0.5924092409240924, 0.58003300330033, 0.6245874587458746, 0.5858085808580858, 0.5866336633663366, 0.5833333333333334, 0.5981848184818482, 0.5981848184818482, 0.5792079207920792, 0.608085808580858, 0.5998349834983498, 0.5701320132013201, 0.6196369636963697, 0.6394389438943895, 0.6452145214521452, 0.6872937293729373, 0.6732673267326733, 0.6138613861386139, 0.6163366336633663, 0.5891089108910891, 0.6014851485148515, 0.6254125412541254, 0.5965346534653465, 0.015289810231023103, 0.0], "avg_mem": [0.018804904831625183, 0.08510248901903368, 0.09663250366032211, 0.08382137628111273, 0.08592606149341142, 0.0837298682284041, 0.08766471449487555, 0.08812225475841874, 0.09178257686676428, 0.09407027818448023, 0.09370424597364568, 0.08748169838945827, 0.09571742313323572, 0.08437042459736457, 0.09141654465592972, 0.08757320644216691, 0.0853770131771596, 0.09004392386530015, 0.09105051244509517, 0.0832723279648609, 0.08949487554904832, 0.0899524158125915, 0.08080161054172767, 0.09224011713030747, 0.08784773060029283, 0.08867130307467057, 0.09150805270863836, 0.087298682284041, 0.08601756954612005, 0.08793923865300146, 0.09498535871156662, 0.087298682284041, 0.08739019033674963, 0.09077598828696926, 0.0865666178623719, 0.08821376281112737, 0.08931185944363104, 0.08574304538799414, 0.08867130307467057, 0.0904099560761347, 0.08464494875549049, 0.09141654465592972, 0.08363836017569547, 0.08958638360175696, 0.08382137628111273, 0.09187408491947291, 0.08583455344070279, 0.08793923865300146, 0.08226573938506589, 0.09123352855051245, 0.08400439238653001, 0.09205710102489019, 0.09095900439238654, 0.09269765739385066, 0.08647510980966325, 0.08903733528550513, 0.08546852122986823, 0.08894582723279648, 0.09443631039531479, 0.09644948755490483, 0.08867130307467057, 0.087298682284041, 0.08976939970717424, 0.09068448023426061, 0.09407027818448023, 0.07366398243045388, 0.07531112737920936, 0.08775622254758418, 0.08702415812591507, 0.09461932650073207, 0.09013543191800878, 0.087298682284041, 0.087298682284041, 0.08583455344070279, 0.09004392386530015, 0.0841874084919473, 0.08775622254758418, 0.08931185944363104, 0.08739019033674963, 0.08702415812591507, 0.08967789165446559, 0.0911420204978038, 0.08629209370424597, 0.08601756954612005, 0.08839677891654465, 0.08857979502196194, 0.08949487554904832, 0.08821376281112737, 0.0923316251830161, 0.09205710102489019, 0.08629209370424597, 0.08986090775988287, 0.0861090775988287, 0.08848828696925329, 0.08848828696925329, 0.08867130307467057, 0.08674963396778916, 0.09535139092240118, 0.08967789165446559, 0.08876281112737922, 0.09068448023426061, 0.0837298682284041, 0.09169106881405564, 0.08793923865300146, 0.0899524158125915, 0.09141654465592972, 0.08894582723279648, 0.09141654465592972, 0.09407027818448023, 0.08912884333821376, 0.09150805270863836, 0.08976939970717424, 0.09608345534407028, 0.08876281112737922, 0.08757320644216691, 0.08958638360175696, 0.09205710102489019, 0.08775622254758418, 0.08885431918008785, 0.08638360175695461, 0.09333821376281112, 0.09022693997071743, 0.09187408491947291, 0.09388726207906296, 0.09425329428989751, 0.08885431918008785, 0.08848828696925329, 0.082997803806735, 0.10468521229868229, 0.0904099560761347, 0.0022648243045387995, 0.0010923773792093703]}