{"time": [559.0, 559.0, 559.0, 559.0, 560.0, 561.0, 562.0, 563.0, 564.0, 565.0, 566.0, 567.0, 568.0, 569.0, 570.0, 571.0, 572.0, 573.0, 574.0, 575.0, 576.0, 577.0, 578.0, 579.0, 580.0, 581.0, 582.0, 583.0, 584.0, 585.0, 586.0, 587.0, 588.0, 589.0, 590.0, 591.0, 592.0, 593.0, 594.0, 595.0, 596.0, 597.0, 598.0, 599.0, 600.0, 601.0, 602.0, 603.0, 604.0, 605.0, 606.0, 607.0, 608.0, 609.0, 610.0, 611.0, 612.0, 613.0, 614.0, 615.0, 616.0, 616.0, 617.0, 618.0, 619.0, 620.0, 621.0, 622.0, 623.0, 624.0, 625.0, 626.0, 627.0, 628.0, 629.0, 630.0, 631.0, 632.0, 633.0, 634.0, 635.0, 636.0, 637.0, 638.0, 639.0, 640.0, 641.0, 642.0, 643.0, 644.0, 645.0, 646.0, 647.0, 648.0, 649.0, 650.0, 651.0, 652.0, 653.0, 653.0, 653.0, 653.0], "avg_cpu": [0.0, 0.0, 0.0, 0.716996699669967, 0.7805280528052805, 0.7244224422442245, 0.6716171617161716, 0.6707920792079208, 0.6740924092409241, 0.5891089108910891, 0.6089108910891089, 0.599009900990099, 0.5816831683168316, 0.5825082508250825, 0.5486798679867987, 0.5503300330033003, 0.6204620462046204, 0.7194719471947195, 0.683993399339934, 0.5742574257425742, 0.5668316831683168, 0.6072607260726073, 0.58003300330033, 0.6988448844884488, 0.6171617161716172, 0.6320132013201321, 0.6278877887788779, 0.6047854785478548, 0.6204620462046204, 0.6311881188118812, 0.6179867986798679, 0.5816831683168316, 0.594059405940594, 0.6295379537953796, 0.6278877887788779, 0.6534653465346535, 0.6443894389438944, 0.6311881188118812, 0.5775577557755776, 0.5866336633663366, 0.6122112211221122, 0.6163366336633663, 0.5957095709570958, 0.5965346534653465, 0.6056105610561056, 0.6097359735973598, 0.6006600660066007, 0.584983498349835, 0.5610561056105611, 0.5981848184818482, 0.594059405940594, 0.5503300330033003, 0.5833333333333334, 0.5734323432343235, 0.5948844884488449, 0.6072607260726073, 0.6056105610561056, 0.6047854785478548, 0.6278877887788779, 0.5891089108910891, 0.6303630363036303, 0.641914191419142, 0.6534653465346535, 0.6402640264026402, 0.6534653465346535, 0.6443894389438944, 0.6534653465346535, 0.6542904290429042, 0.6757425742574258, 0.6394389438943895, 0.6716171617161716, 0.6567656765676567, 0.6617161716171617, 0.6567656765676567, 0.6740924092409241, 0.6493399339933993, 0.7722772277227723, 0.7103960396039604, 0.7871287128712872, 0.7301980198019802, 0.6617161716171617, 0.6485148514851485, 0.6386138613861386, 0.6526402640264026, 0.6377887788778878, 0.6534653465346535, 0.6452145214521452, 0.7384488448844885, 0.6443894389438944, 0.6782178217821783, 0.75, 0.7194719471947195, 0.655940594059406, 0.7442244224422442, 0.7574257425742574, 0.6386138613861386, 0.6278877887788779, 0.6295379537953796, 0.731023102310231, 0.5767326732673267, 0.011976588283828382, 0.0], "avg_mem": [0.00026022602489019034, 0.0002573663982430454, 0.0002573663982430454, 0.04108711566617863, 0.04255124450951684, 0.04465592972181552, 0.04396961932650073, 0.04328330893118595, 0.044244143484626644, 0.046440336749633965, 0.04305453879941435, 0.04328330893118595, 0.04419838945827233, 0.04200219619326501, 0.04598279648609078, 0.041407393850658857, 0.04506771595900439, 0.0446101756954612, 0.04419838945827233, 0.04547950219619327, 0.043146046852122984, 0.04598279648609078, 0.04278001464128843, 0.04396961932650073, 0.047309663250366035, 0.04474743777452416, 0.045113469985358715, 0.04438140556368961, 0.04319180087847731, 0.04428989751098097, 0.04378660322108346, 0.045525256222547585, 0.04369509516837482, 0.04241398243045388, 0.04639458272327965, 0.045525256222547585, 0.04515922401171303, 0.04575402635431918, 0.04186493411420205, 0.04584553440702782, 0.04360358711566618, 0.04529648609077599, 0.04406112737920937, 0.04369509516837482, 0.04639458272327965, 0.04305453879941435, 0.043740849194729134, 0.03724377745241581, 0.03756405563689605, 0.04776720351390922, 0.04497620790629575, 0.04072108345534407, 0.04515922401171303, 0.04328330893118595, 0.0410413616398243, 0.04694363103953148, 0.04255124450951684, 0.04410688140556369, 0.03943997071742313, 0.03907393850658858, 0.042230966325036604, 0.037701317715959005, 0.045342240117130304, 0.04447291361639824, 0.044244143484626644, 0.04456442166910688, 0.044335651537335284, 0.045937042459736455, 0.04428989751098097, 0.039119692532942896, 0.04072108345534407, 0.04117862371888726, 0.040217789165446556, 0.04410688140556369, 0.04186493411420205, 0.043329062957540264, 0.044244143484626644, 0.043832357247437774, 0.04474743777452416, 0.04447291361639824, 0.04520497803806735, 0.04310029282576867, 0.042917276720351394, 0.04506771595900439, 0.043329062957540264, 0.04470168374816984, 0.044427159590043924, 0.04241398243045388, 0.04346632503660322, 0.043923865300146414, 0.04186493411420205, 0.04515922401171303, 0.04195644216691069, 0.04255124450951684, 0.044015373352855054, 0.04396961932650073, 0.04241398243045388, 0.042734260614934114, 0.042642752562225474, 0.044930453879941434, 0.001066640739385066, 0.00056048682284041]}