{"time": [1718.0, 1719.0, 1719.0, 1719.0, 1719.0, 1719.0, 1720.0, 1720.0, 1721.0, 1721.0, 1722.0, 1723.0, 1724.0, 1725.0, 1726.0, 1727.0, 1727.0, 1728.0, 1729.0, 1729.0, 1730.0, 1731.0, 1732.0, 1733.0, 1733.0, 1734.0, 1735.0, 1736.0, 1737.0, 1737.0, 1738.0, 1739.0, 1740.0, 1741.0, 1742.0, 1743.0, 1744.0, 1745.0, 1746.0, 1747.0, 1748.0, 1749.0, 1750.0, 1751.0, 1752.0, 1753.0, 1754.0, 1755.0, 1756.0, 1757.0, 1758.0, 1759.0, 1760.0, 1761.0, 1762.0, 1763.0, 1764.0, 1765.0, 1766.0, 1767.0, 1768.0, 1769.0, 1770.0, 1771.0, 1772.0, 1773.0, 1774.0, 1775.0, 1776.0, 1777.0, 1778.0, 1779.0, 1780.0, 1781.0, 1782.0, 1783.0, 1784.0, 1785.0, 1786.0, 1787.0, 1788.0, 1789.0, 1790.0, 1791.0, 1792.0, 1793.0, 1794.0, 1795.0, 1796.0, 1797.0, 1798.0, 1799.0, 1800.0, 1800.0, 1800.0, 1800.0], "avg_cpu": [0.004273669554455446, 0.15016501650165018, 0.39315181518151815, 0.4042904290429043, 0.34405940594059403, 0.3188943894389439, 0.3201320132013201, 0.3271452145214521, 0.3432343234323432, 0.34735973597359737, 0.3296204620462046, 0.3551980198019802, 0.33745874587458746, 0.3432343234323432, 0.3481848184818482, 0.3704620462046205, 0.5, 0.4537953795379538, 0.46534653465346537, 0.5346534653465347, 0.5973597359735974, 0.5610561056105611, 0.5437293729372937, 0.5676567656765676, 0.514026402640264, 0.5115511551155115, 0.556930693069307, 0.5445544554455446, 0.5668316831683168, 0.6113861386138614, 0.599009900990099, 0.5503300330033003, 0.5759075907590759, 0.5767326732673267, 0.6204620462046204, 0.5643564356435643, 0.5734323432343235, 0.5627062706270627, 0.5635313531353136, 0.5833333333333334, 0.5684818481848185, 0.5726072607260726, 0.5627062706270627, 0.5717821782178217, 0.5808580858085809, 0.5684818481848185, 0.5775577557755776, 0.5668316831683168, 0.5701320132013201, 0.5693069306930693, 0.5577557755775577, 0.5841584158415841, 0.5577557755775577, 0.5759075907590759, 0.5750825082508251, 0.5891089108910891, 0.5585808580858086, 0.5602310231023102, 0.5742574257425742, 0.6237623762376238, 0.6072607260726073, 0.594059405940594, 0.6163366336633663, 0.5874587458745875, 0.5932343234323433, 0.5767326732673267, 0.5693069306930693, 0.613036303630363, 0.5882838283828383, 0.5932343234323433, 0.5734323432343235, 0.5676567656765676, 0.5585808580858086, 0.5643564356435643, 0.6155115511551155, 0.5841584158415841, 0.5726072607260726, 0.5668316831683168, 0.5742574257425742, 0.5478547854785478, 0.5643564356435643, 0.5643564356435643, 0.5874587458745875, 0.5668316831683168, 0.5676567656765676, 0.5635313531353136, 0.5750825082508251, 0.5668316831683168, 0.5577557755775577, 0.5957095709570958, 0.5808580858085809, 0.5610561056105611, 0.24834983498349836, 0.005640212458745875, 0.005208333333333333, 0.0], "avg_mem": [0.0021046852122986823, 0.007549414348462665, 0.00949396046852123, 0.008899158125915081, 0.008773334553440702, 0.008979227672035139, 0.008899158125915081, 0.008784773060029283, 0.008578879941434846, 0.008956350658857979, 0.00886484260614934, 0.008556002928257686, 0.00896778916544656, 0.008956350658857979, 0.008658949487554905, 0.008636072474377745, 0.008784773060029283, 0.008761896046852123, 0.008727580527086384, 0.008841965592972182, 0.008773334553440702, 0.008761896046852123, 0.008681826500732064, 0.008716142020497804, 0.008807650073206443, 0.008899158125915081, 0.0089449121522694, 0.008761896046852123, 0.008830527086383601, 0.008784773060029283, 0.00896778916544656, 0.00892203513909224, 0.008716142020497804, 0.008819088579795022, 0.008819088579795022, 0.008979227672035139, 0.00892203513909224, 0.009013543191800878, 0.008796211566617862, 0.009070735724743777, 0.00891059663250366, 0.008716142020497804, 0.008819088579795022, 0.008727580527086384, 0.00899066617862372, 0.00892203513909224, 0.008830527086383601, 0.008773334553440702, 0.008704703513909224, 0.008819088579795022, 0.008819088579795022, 0.008773334553440702, 0.008956350658857979, 0.008819088579795022, 0.008830527086383601, 0.008624633967789166, 0.0088877196193265, 0.009059297218155198, 0.0088877196193265, 0.00892203513909224, 0.008739019033674963, 0.008956350658857979, 0.00886484260614934, 0.00891059663250366, 0.00893347364568082, 0.008750457540263544, 0.009105051244509516, 0.008853404099560761, 0.00896778916544656, 0.008899158125915081, 0.0088877196193265, 0.00893347364568082, 0.008876281112737921, 0.008796211566617862, 0.00891059663250366, 0.009002104685212299, 0.008773334553440702, 0.008956350658857979, 0.009013543191800878, 0.008830527086383601, 0.00891059663250366, 0.008841965592972182, 0.009013543191800878, 0.010168832357247437, 0.009070735724743777, 0.00896778916544656, 0.008830527086383601, 0.009002104685212299, 0.008761896046852123, 0.008899158125915081, 0.008956350658857979, 0.009002104685212299, 0.0078696925329429, 0.006805911420204978, 0.006794472913616398, 9.150805270863836e-05]}