{"time": [591.0, 592.0, 593.0, 594.0, 594.0, 594.0, 594.0, 594.0, 595.0, 596.0, 596.0, 596.0, 596.0, 596.0, 597.0, 598.0, 599.0, 600.0, 601.0, 602.0, 603.0, 604.0, 605.0, 606.0, 607.0, 608.0, 609.0, 610.0, 611.0, 612.0, 613.0, 614.0, 615.0, 616.0, 617.0, 617.0, 618.0, 618.0, 624.0, 625.0, 626.0, 627.0, 628.0, 629.0, 630.0, 631.0, 632.0, 633.0, 634.0, 635.0, 636.0, 637.0, 638.0, 639.0, 640.0, 641.0, 642.0, 643.0, 644.0, 645.0, 646.0, 647.0, 648.0, 649.0, 650.0, 651.0, 652.0, 653.0, 653.0, 653.0], "avg_cpu": [0.27203856749311295, 0.3047520661157025, 0.31370523415977963, 0.3526170798898072, 0.35399449035812675, 0.0022060089531680442, 0.0, 0.3426680244399185, 0.4175152749490835, 0.4078411405295316, 0.414969450101833, 0.0, 0.0, 0.41603535353535354, 0.8244949494949495, 0.8257575757575758, 0.8282828282828283, 0.8169191919191919, 0.821969696969697, 0.8244949494949495, 0.8181818181818182, 0.8207070707070707, 0.8257575757575758, 0.8207070707070707, 0.8232323232323232, 0.8244949494949495, 0.8194444444444444, 0.827020202020202, 0.8282828282828283, 0.8194444444444444, 0.8257575757575758, 0.8257575757575758, 0.8169191919191919, 0.8207070707070707, 0.8257575757575758, 0.803030303030303, 0.06234217171717172, 0.0, 0.0, 0.858085808580858, 0.778052805280528, 0.6749174917491749, 0.6452145214521452, 0.6295379537953796, 0.6344884488448845, 0.6221122112211221, 0.6716171617161716, 0.6270627062706271, 0.650990099009901, 0.6600660066006601, 0.6377887788778878, 0.6518151815181518, 0.6427392739273927, 0.6493399339933993, 0.6732673267326733, 0.6336633663366337, 0.6105610561056105, 0.66996699669967, 0.6592409240924092, 0.6460396039603961, 0.6691419141914191, 0.6608910891089109, 0.6485148514851485, 0.641914191419142, 0.6485148514851485, 0.6518151815181518, 0.6435643564356436, 0.7772277227722773, 0.7095709570957096, 0.1674917491749175], "avg_mem": [0.030563689604685213, 0.04584553440702782, 0.04410688140556369, 0.04191068814055637, 0.035825402635431915, 0.0006577141288433382, 0.00039462847730600294, 0.02679443359375, 0.030303955078125, 0.028594970703125, 0.028350830078125, 0.0005588531494140625, 0.0002899169921875, 0.028092972181551976, 0.10047584187408493, 0.08519399707174231, 0.08510248901903368, 0.08583455344070279, 0.08080161054172767, 0.08674963396778916, 0.09297218155197658, 0.08949487554904832, 0.09461932650073207, 0.08620058565153733, 0.08281478770131771, 0.09059297218155198, 0.08336383601756954, 0.08080161054172767, 0.09461932650073207, 0.08931185944363104, 0.09150805270863836, 0.09809663250366032, 0.0935212298682284, 0.09407027818448023, 0.08793923865300146, 0.09956076134699854, 0.001172446925329429, 0.0005776445827232797, 0.0023248764641288435, 0.04355783308931186, 0.044244143484626644, 0.04351207906295754, 0.04438140556368961, 0.043740849194729134, 0.042230966325036604, 0.04204795021961932, 0.04278001464128843, 0.043146046852122984, 0.04191068814055637, 0.043146046852122984, 0.042642752562225474, 0.04159040995607614, 0.04154465592972181, 0.043420571010248904, 0.04355783308931186, 0.041819180087847733, 0.043420571010248904, 0.04584553440702782, 0.045616764275256225, 0.04241398243045388, 0.04278001464128843, 0.042230966325036604, 0.04255124450951684, 0.04241398243045388, 0.04209370424597365, 0.04296303074670571, 0.040995607613469986, 0.0446101756954612, 0.042734260614934114, 0.0009694134333821376]}