{"time": [595.0, 596.0, 597.0, 598.0, 599.0, 600.0, 601.0, 602.0, 603.0, 604.0, 605.0, 606.0, 607.0, 608.0, 609.0, 610.0, 611.0, 612.0, 613.0, 614.0, 615.0, 616.0, 616.0, 617.0, 618.0, 619.0, 620.0, 621.0, 622.0, 623.0, 624.0, 625.0, 626.0, 627.0, 628.0, 629.0, 630.0, 631.0, 632.0, 633.0, 634.0, 635.0, 636.0, 637.0, 638.0, 639.0, 640.0, 641.0, 642.0, 643.0, 644.0, 645.0, 646.0, 647.0, 648.0, 649.0, 650.0, 651.0, 652.0, 653.0, 653.0, 653.0, 653.0], "avg_cpu": [0.566006600660066, 0.5882838283828383, 0.566006600660066, 0.5965346534653465, 0.5783828382838284, 0.5874587458745875, 0.5907590759075908, 0.570957095709571, 0.5932343234323433, 0.5948844884488449, 0.5602310231023102, 0.5420792079207921, 0.556930693069307, 0.5610561056105611, 0.5693069306930693, 0.5891089108910891, 0.5684818481848185, 0.5717821782178217, 0.5602310231023102, 0.5767326732673267, 0.5767326732673267, 0.599009900990099, 0.6353135313531353, 0.6584158415841584, 0.6551155115511551, 0.650990099009901, 0.6567656765676567, 0.6410891089108911, 0.6254125412541254, 0.599009900990099, 0.6336633663366337, 0.6196369636963697, 0.6460396039603961, 0.6584158415841584, 0.6518151815181518, 0.6237623762376238, 0.613036303630363, 0.6320132013201321, 0.5907590759075908, 0.599009900990099, 0.5858085808580858, 0.6468646864686468, 0.6493399339933993, 0.6485148514851485, 0.6460396039603961, 0.650990099009901, 0.6443894389438944, 0.6278877887788779, 0.6427392739273927, 0.6575907590759076, 0.6641914191419142, 0.6542904290429042, 0.6625412541254125, 0.6608910891089109, 0.6617161716171617, 0.6551155115511551, 0.6518151815181518, 0.6600660066006601, 0.66996699669967, 0.6641914191419142, 0.6658415841584159, 9.668935643564357e-05, 0.0], "avg_mem": [0.04035505124450952, 0.04044655929721815, 0.042322474377745244, 0.043146046852122984, 0.042734260614934114, 0.040904099560761346, 0.04547950219619327, 0.0455710102489019, 0.04396961932650073, 0.04328330893118595, 0.043420571010248904, 0.04296303074670571, 0.04474743777452416, 0.04415263543191801, 0.042734260614934114, 0.04387811127379209, 0.04319180087847731, 0.0436493411420205, 0.043329062957540264, 0.04310029282576867, 0.045113469985358715, 0.04428989751098097, 0.04566251830161054, 0.04360358711566618, 0.043329062957540264, 0.04255124450951684, 0.04369509516837482, 0.04310029282576867, 0.0424597364568082, 0.04438140556368961, 0.043237554904831624, 0.04259699853587116, 0.04204795021961932, 0.04351207906295754, 0.04351207906295754, 0.04186493411420205, 0.04351207906295754, 0.04328330893118595, 0.04396961932650073, 0.044244143484626644, 0.04145314787701318, 0.045525256222547585, 0.04204795021961932, 0.04415263543191801, 0.040217789165446556, 0.04634882869692533, 0.043146046852122984, 0.04346632503660322, 0.04328330893118595, 0.044518667642752564, 0.04378660322108346, 0.04387811127379209, 0.042917276720351394, 0.04250549048316252, 0.04525073206442167, 0.04360358711566618, 0.04547950219619327, 0.04525073206442167, 0.04479319180087848, 0.04740117130307467, 0.04749267935578331, 0.0016156890556368961, 0.0005490483162518302]}