{"time": [5995.0, 5995.0, 5996.0, 5997.0, 5997.0, 5997.0, 5997.0, 5998.0, 5999.0, 6000.0, 6000.0, 6000.0, 6001.0, 6001.0, 6001.0, 6001.0, 6001.0, 6001.0, 6001.0, 6001.0, 6001.0, 6002.0, 6002.0, 6003.0, 6004.0, 6004.0, 6004.0, 6004.0, 6004.0, 6005.0, 6005.0, 6005.0, 6005.0, 6005.0, 6005.0, 6005.0, 6006.0, 6007.0, 6008.0, 6009.0, 6010.0, 6011.0, 6012.0, 6013.0, 6014.0, 6015.0, 6016.0, 6017.0, 6018.0, 6019.0, 6020.0, 6021.0, 6022.0, 6023.0, 6024.0, 6025.0, 6026.0, 6027.0, 6028.0, 6029.0, 6030.0, 6031.0, 6032.0, 6033.0, 6034.0, 6035.0, 6036.0, 6037.0, 6038.0, 6039.0, 6040.0, 6041.0, 6042.0, 6043.0, 6044.0, 6045.0, 6046.0, 6047.0, 6048.0, 6049.0, 6050.0, 6051.0, 6052.0, 6053.0, 6054.0, 6055.0, 6056.0, 6057.0, 6058.0, 6059.0, 6060.0, 6061.0, 6062.0, 6063.0, 6064.0, 6065.0, 6066.0, 6067.0, 6068.0, 6069.0, 6070.0, 6071.0, 6072.0, 6073.0, 6074.0, 6075.0, 6076.0, 6077.0, 6078.0, 6079.0, 6080.0, 6081.0, 6082.0, 6083.0, 6084.0, 6085.0, 6086.0, 6087.0, 6088.0, 6089.0, 6090.0, 6091.0, 6092.0, 6093.0, 6094.0, 6095.0, 6096.0, 6097.0, 6098.0, 6099.0, 6100.0, 6101.0, 6102.0, 6103.0, 6104.0, 6105.0, 6106.0, 6107.0, 6108.0, 6109.0, 6110.0, 6111.0, 6112.0, 6113.0, 6114.0, 6115.0, 6116.0, 6117.0, 6118.0, 6119.0, 6120.0, 6121.0, 6122.0, 6123.0, 6124.0, 6125.0, 6126.0, 6127.0, 6128.0, 6129.0, 6130.0, 6131.0, 6132.0, 6133.0, 6134.0, 6135.0, 6136.0, 6137.0, 6138.0, 6139.0, 6140.0, 6141.0, 6142.0, 6143.0, 6144.0, 6145.0, 6146.0, 6147.0, 6148.0, 6149.0, 6150.0, 6151.0, 6152.0, 6153.0, 6154.0, 6155.0, 6156.0, 6157.0, 6158.0, 6159.0, 6160.0, 6161.0, 6162.0, 6163.0, 6164.0, 6165.0, 6166.0, 6167.0, 6168.0, 6169.0, 6170.0, 6171.0, 6172.0, 6173.0, 6174.0, 6175.0, 6176.0, 6177.0, 6177.0, 6177.0, 6177.0], "avg_cpu": [0.0011738478535353535, 0.00031812263257575756, 0.0003625118371212121, 0.00035264756944444444, 0.007506707702020202, 0.008680555555555556, 0.0, 0.00033092498779296875, 0.08837890625, 0.135986328125, 0.146728515625, 0.1224365234375, 0.172607421875, 0.1591796875, 0.0, 0.0, 0.003673553466796875, 1.9073486328125e-06, 0.0, 0.0010660641547861507, 0.10654276985743381, 0.19679226069246436, 0.19781059063136455, 0.2303971486761711, 0.2522912423625255, 0.2780040733197556, 0.2805498981670061, 0.0, 0.0, 0.2591649694501018, 0.0, 0.0009596566318737271, 0.0, 0.0, 0.4703389830508475, 0.6374764595103578, 0.6346516007532956, 0.6318267419962336, 0.635593220338983, 0.6346516007532956, 0.632768361581921, 0.6337099811676082, 0.6346516007532956, 0.635593220338983, 0.6346516007532956, 0.635593220338983, 0.628060263653484, 0.635593220338983, 0.635593220338983, 0.6337099811676082, 0.6224105461393596, 0.6261770244821092, 0.6271186440677966, 0.628060263653484, 0.6290018832391714, 0.635593220338983, 0.6337099811676082, 0.6412429378531074, 0.6337099811676082, 0.632768361581921, 0.6318267419962336, 0.6629001883239172, 0.6629001883239172, 0.67984934086629, 0.6318267419962336, 0.632768361581921, 0.6308851224105462, 0.64030131826742, 0.6506591337099812, 0.6224105461393596, 0.6214689265536724, 0.628060263653484, 0.6252354048964218, 0.6261770244821092, 0.6271186440677966, 0.620527306967985, 0.6318267419962336, 0.6337099811676082, 0.6431261770244822, 0.6412429378531074, 0.635593220338983, 0.6365348399246704, 0.6534839924670434, 0.632768361581921, 0.6374764595103578, 0.6261770244821092, 0.6544256120527306, 0.6516007532956686, 0.6346516007532956, 0.635593220338983, 0.6497175141242938, 0.672316384180791, 0.6581920903954802, 0.6854990583804144, 0.6346516007532956, 0.6506591337099812, 0.6346516007532956, 0.632768361581921, 0.6412429378531074, 0.6581920903954802, 0.635593220338983, 0.6384180790960452, 0.7052730696798494, 0.6789077212806026, 0.6949152542372882, 0.6318267419962336, 0.635593220338983, 0.628060263653484, 0.6224105461393596, 0.6261770244821092, 0.6308851224105462, 0.6346516007532956, 0.6337099811676082, 0.6365348399246704, 0.6337099811676082, 0.6346516007532956, 0.6741996233521658, 0.6421845574387948, 0.6506591337099812, 0.699623352165725, 0.6629001883239172, 0.6393596986817326, 0.7146892655367232, 0.6713747645951036, 0.6299435028248588, 0.6308851224105462, 0.6450094161958568, 0.6384180790960452, 0.704331450094162, 0.7523540489642184, 0.803201506591337, 0.672316384180791, 0.6290018832391714, 0.6346516007532956, 0.628060263653484, 0.6694915254237288, 0.7024482109227872, 0.7033898305084746, 0.6760828625235404, 0.6365348399246704, 0.6308851224105462, 0.6308851224105462, 0.628060263653484, 0.632768361581921, 0.6468926553672316, 0.6713747645951036, 0.664783427495292, 0.6506591337099812, 0.664783427495292, 0.6346516007532956, 0.632768361581921, 0.6421845574387948, 0.6374764595103578, 0.6261770244821092, 0.6290018832391714, 0.632768361581921, 0.6374764595103578, 0.6337099811676082, 0.6384180790960452, 0.6195856873822976, 0.6318267419962336, 0.6337099811676082, 0.6308851224105462, 0.655367231638418, 0.6318267419962336, 0.6271186440677966, 0.6741996233521658, 0.731638418079096, 0.6854990583804144, 0.6563088512241054, 0.6393596986817326, 0.6271186440677966, 0.655367231638418, 0.6374764595103578, 0.6346516007532956, 0.632768361581921, 0.6384180790960452, 0.6450094161958568, 0.6393596986817326, 0.6393596986817326, 0.6450094161958568, 0.6468926553672316, 0.6365348399246704, 0.6629001883239172, 0.6958568738229756, 0.7288135593220338, 0.660075329566855, 0.7222222222222222, 0.7297551789077212, 0.628060263653484, 0.6516007532956686, 0.6299435028248588, 0.628060263653484, 0.6459510357815442, 0.6685499058380414, 0.6365348399246704, 0.6318267419962336, 0.6337099811676082, 0.652542372881356, 0.652542372881356, 0.660075329566855, 0.6459510357815442, 0.6440677966101694, 0.6365348399246704, 0.6318267419962336, 0.6271186440677966, 0.6337099811676082, 0.6412429378531074, 0.6638418079096046, 0.3300376647834275, 0.019538606403013182],