{"time": [5763.0, 5763.0, 5764.0, 5764.0, 5764.0, 5765.0, 5766.0, 5767.0, 5768.0, 5769.0, 5769.0, 5770.0, 5771.0, 5772.0, 5773.0, 5773.0, 5774.0, 5775.0, 5776.0, 5777.0, 5778.0, 5779.0, 5780.0, 5781.0, 5782.0, 5783.0, 5784.0, 5785.0, 5786.0, 5787.0, 5788.0, 5789.0, 5789.0, 5790.0, 5791.0, 5792.0, 5793.0, 5794.0, 5795.0, 5796.0, 5797.0, 5798.0, 5799.0, 5800.0, 5801.0, 5802.0, 5803.0, 5804.0, 5805.0, 5806.0, 5807.0, 5808.0, 5809.0, 5810.0, 5811.0, 5812.0, 5813.0, 5814.0, 5815.0, 5816.0, 5817.0, 5818.0, 5819.0, 5820.0, 5821.0, 5822.0, 5823.0, 5824.0, 5825.0, 5826.0, 5827.0, 5828.0, 5829.0, 5830.0, 5831.0, 5832.0, 5833.0, 5834.0, 5835.0, 5836.0, 5837.0, 5838.0, 5839.0, 5840.0, 5841.0, 5842.0, 5843.0, 5844.0, 5845.0, 5846.0, 5846.0, 5846.0, 5846.0], "avg_cpu": [3.2229785478547855e-06, 0.0, 0.0, 0.0, 0.34612211221122113, 0.4104785478547855, 0.466996699669967, 0.45792079207920794, 0.41089108910891087, 0.5363036303630363, 0.5379537953795379, 0.48514851485148514, 0.5016501650165016, 0.5057755775577558, 0.528052805280528, 0.5470297029702971, 0.5495049504950495, 0.5511551155115512, 0.5536303630363036, 0.5495049504950495, 0.5561056105610561, 0.5676567656765676, 0.5684818481848185, 0.566006600660066, 0.5544554455445545, 0.5561056105610561, 0.594059405940594, 0.5948844884488449, 0.5841584158415841, 0.5981848184818482, 0.5816831683168316, 0.5684818481848185, 0.5594059405940595, 0.5544554455445545, 0.5594059405940595, 0.5635313531353136, 0.5783828382838284, 0.5759075907590759, 0.5816831683168316, 0.5981848184818482, 0.6031353135313532, 0.5858085808580858, 0.5891089108910891, 0.5932343234323433, 0.5981848184818482, 0.6023102310231023, 0.6006600660066007, 0.5924092409240924, 0.5882838283828383, 0.5792079207920792, 0.566006600660066, 0.5891089108910891, 0.5891089108910891, 0.5915841584158416, 0.5858085808580858, 0.584983498349835, 0.58003300330033, 0.570957095709571, 0.5816831683168316, 0.5825082508250825, 0.5915841584158416, 0.5957095709570958, 0.5717821782178217, 0.5676567656765676, 0.5792079207920792, 0.5684818481848185, 0.5759075907590759, 0.5858085808580858, 0.5899339933993399, 0.5833333333333334, 0.5915841584158416, 0.5957095709570958, 0.5957095709570958, 0.5833333333333334, 0.5767326732673267, 0.570957095709571, 0.5866336633663366, 0.5825082508250825, 0.5618811881188119, 0.5602310231023102, 0.5651815181518152, 0.5808580858085809, 0.5726072607260726, 0.5511551155115512, 0.5453795379537953, 0.5643564356435643, 0.5627062706270627, 0.556930693069307, 0.4777227722772277, 0.003293884075907591, 0.000578524649339934, 0.00043349061468646863, 0.004338129125412541], "avg_mem": [5.719253294289898e-06, 5.719253294289898e-06, 0.0, 0.0, 0.016402818448023427, 0.016654465592972182, 0.017089128843338214, 0.017500915080527087, 0.01731789897510981, 0.02079520497803807, 0.017203513909224012, 0.01718063689604685, 0.017500915080527087, 0.017203513909224012, 0.017363653001464127, 0.01679172767203514, 0.017546669106881404, 0.01683748169838946, 0.01729502196193265, 0.017478038067349926, 0.017363653001464127, 0.019102306002928258, 0.016997620790629574, 0.017112005856515372, 0.017020497803806735, 0.017203513909224012, 0.017363653001464127, 0.018072840409956076, 0.017249267935578332, 0.017020497803806735, 0.01722639092240117, 0.016906112737920937, 0.017363653001464127, 0.017134882869692534, 0.017249267935578332, 0.016974743777452415, 0.017775439238653, 0.017592423133235724, 0.017363653001464127, 0.017455161054172767, 0.017157759882869692, 0.017409407027818447, 0.01727214494875549, 0.017592423133235724, 0.017203513909224012, 0.01738653001464129, 0.017798316251830162, 0.017523792093704246, 0.01734077598828697, 0.017546669106881404, 0.01734077598828697, 0.01743228404099561, 0.01743228404099561, 0.01827873352855051, 0.01743228404099561, 0.01743228404099561, 0.01727214494875549, 0.017043374816983894, 0.017661054172767202, 0.01782119326500732, 0.017249267935578332, 0.017546669106881404, 0.01898792093704246, 0.016997620790629574, 0.017157759882869692, 0.01718063689604685, 0.01729502196193265, 0.017546669106881404, 0.017615300146412886, 0.017089128843338214, 0.01722639092240117, 0.017363653001464127, 0.017615300146412886, 0.01782119326500732, 0.01738653001464129, 0.01734077598828697, 0.017592423133235724, 0.017500915080527087, 0.017752562225475842, 0.01729502196193265, 0.017706808199121522, 0.017249267935578332, 0.01718063689604685, 0.017615300146412886, 0.01772968521229868, 0.017523792093704246, 0.017615300146412886, 0.017020497803806735, 0.017112005856515372, 0.013680453879941434, 0.01281112737920937, 0.010763634699853588, 0.00012582357247437775]}