{"time": [1718.0, 1719.0, 1719.0, 1719.0, 1719.0, 1720.0, 1720.0, 1720.0, 1721.0, 1722.0, 1722.0, 1723.0, 1724.0, 1725.0, 1726.0, 1726.0, 1727.0, 1728.0, 1729.0, 1729.0, 1730.0, 1731.0, 1732.0, 1732.0, 1733.0, 1734.0, 1735.0, 1736.0, 1737.0, 1738.0, 1739.0, 1739.0, 1740.0, 1741.0, 1742.0, 1743.0, 1744.0, 1745.0, 1746.0, 1747.0, 1748.0, 1749.0, 1750.0, 1751.0, 1752.0, 1753.0, 1754.0, 1755.0, 1756.0, 1757.0, 1758.0, 1759.0, 1760.0, 1761.0, 1762.0, 1763.0, 1764.0, 1765.0, 1766.0, 1767.0, 1768.0, 1769.0, 1770.0, 1771.0, 1772.0, 1773.0, 1774.0, 1775.0, 1776.0, 1777.0, 1778.0, 1779.0, 1780.0, 1781.0, 1782.0, 1783.0, 1784.0, 1785.0, 1786.0, 1787.0, 1788.0, 1789.0, 1790.0, 1791.0, 1792.0, 1793.0, 1794.0, 1795.0, 1796.0, 1797.0, 1798.0, 1799.0, 1800.0, 1800.0, 1800.0, 1800.0], "avg_cpu": [0.00262672751650165, 0.08931518151815182, 0.2101897689768977, 0.2792904290429043, 0.2693894389438944, 0.26815181518151815, 0.2854785478547855, 0.2768151815181518, 0.27764026402640263, 0.27764026402640263, 0.44801980198019803, 0.3778877887788779, 0.36633663366336633, 0.3795379537953795, 0.4034653465346535, 0.4438943894389439, 0.5132013201320133, 0.45792079207920794, 0.485973597359736, 0.5610561056105611, 0.5107260726072608, 0.5371287128712872, 0.5033003300330033, 0.5874587458745875, 0.5379537953795379, 0.5363036303630363, 0.5858085808580858, 0.5882838283828383, 0.5957095709570958, 0.5478547854785478, 0.5379537953795379, 0.5726072607260726, 0.5651815181518152, 0.5651815181518152, 0.5825082508250825, 0.5643564356435643, 0.5585808580858086, 0.5734323432343235, 0.5651815181518152, 0.5627062706270627, 0.566006600660066, 0.5767326732673267, 0.5594059405940595, 0.5668316831683168, 0.5635313531353136, 0.5610561056105611, 0.5899339933993399, 0.58003300330033, 0.5726072607260726, 0.5816831683168316, 0.5899339933993399, 0.5792079207920792, 0.599009900990099, 0.5841584158415841, 0.5610561056105611, 0.5759075907590759, 0.570957095709571, 0.556930693069307, 0.5635313531353136, 0.599009900990099, 0.5734323432343235, 0.58003300330033, 0.5734323432343235, 0.5792079207920792, 0.5717821782178217, 0.5734323432343235, 0.5899339933993399, 0.5759075907590759, 0.6625412541254125, 0.599009900990099, 0.5924092409240924, 0.599009900990099, 0.5816831683168316, 0.58003300330033, 0.5882838283828383, 0.6212871287128713, 0.5924092409240924, 0.6105610561056105, 0.6617161716171617, 0.6402640264026402, 0.5882838283828383, 0.594059405940594, 0.5726072607260726, 0.5717821782178217, 0.5981848184818482, 0.6155115511551155, 0.5891089108910891, 0.5783828382838284, 0.5627062706270627, 0.5610561056105611, 0.599009900990099, 0.6155115511551155, 0.26196369636963696, 0.0008669812293729373, 0.0008669812293729373, 0.0017339624587458745], "avg_mem": [0.0036488836017569545, 0.007995516105417277, 0.009345259882869692, 0.00949396046852123, 0.00841874084919473, 0.008052708638360176, 0.00833867130307467, 0.008727580527086384, 0.008693265007320644, 0.008613195461200585, 0.008613195461200585, 0.008830527086383601, 0.008716142020497804, 0.008578879941434846, 0.008681826500732064, 0.008498810395314787, 0.008521687408491947, 0.008830527086383601, 0.008727580527086384, 0.008830527086383601, 0.009002104685212299, 0.008727580527086384, 0.008681826500732064, 0.009047858711566617, 0.008681826500732064, 0.008807650073206443, 0.008750457540263544, 0.008830527086383601, 0.008819088579795022, 0.00886484260614934, 0.008784773060029283, 0.008739019033674963, 0.008899158125915081, 0.009127928257686676, 0.008979227672035139, 0.008956350658857979, 0.008773334553440702, 0.008739019033674963, 0.008979227672035139, 0.00893347364568082, 0.009082174231332358, 0.008624633967789166, 0.009002104685212299, 0.008807650073206443, 0.008761896046852123, 0.008899158125915081, 0.008819088579795022, 0.008841965592972182, 0.009150805270863836, 0.00886484260614934, 0.00891059663250366, 0.009139366764275255, 0.009059297218155198, 0.009848554172767204, 0.008830527086383601, 0.008819088579795022, 0.008796211566617862, 0.00892203513909224, 0.008784773060029283, 0.008876281112737921, 0.008796211566617862, 0.008853404099560761, 0.009070735724743777, 0.008830527086383601, 0.008899158125915081, 0.009116489751098097, 0.008876281112737921, 0.009036420204978038, 0.009013543191800878, 0.009002104685212299, 0.008819088579795022, 0.00899066617862372, 0.009105051244509516, 0.008761896046852123, 0.00891059663250366, 0.009024981698389459, 0.009002104685212299, 0.008899158125915081, 0.008761896046852123, 0.009082174231332358, 0.009070735724743777, 0.008979227672035139, 0.009082174231332358, 0.008876281112737921, 0.00893347364568082, 0.009105051244509516, 0.008681826500732064, 0.0089449121522694, 0.009608345534407028, 0.009002104685212299, 0.009093612737920937, 0.009059297218155198, 0.008006954612005856, 0.007011804538799415, 0.007011804538799415, 8.578879941434847e-05]}