{"time": [1718.0, 1718.0, 1719.0, 1719.0, 1719.0, 1719.0, 1719.0, 1720.0, 1720.0, 1721.0, 1722.0, 1722.0, 1723.0, 1724.0, 1725.0, 1726.0, 1726.0, 1727.0, 1728.0, 1729.0, 1729.0, 1730.0, 1731.0, 1732.0, 1733.0, 1734.0, 1734.0, 1735.0, 1736.0, 1737.0, 1738.0, 1739.0, 1739.0, 1740.0, 1741.0, 1742.0, 1743.0, 1744.0, 1745.0, 1746.0, 1747.0, 1748.0, 1749.0, 1750.0, 1751.0, 1752.0, 1753.0, 1754.0, 1755.0, 1756.0, 1757.0, 1758.0, 1759.0, 1760.0, 1761.0, 1762.0, 1763.0, 1764.0, 1765.0, 1766.0, 1767.0, 1768.0, 1769.0, 1770.0, 1771.0, 1772.0, 1773.0, 1774.0, 1775.0, 1776.0, 1777.0, 1778.0, 1779.0, 1780.0, 1781.0, 1782.0, 1783.0, 1784.0, 1785.0, 1786.0, 1787.0, 1788.0, 1789.0, 1790.0, 1791.0, 1792.0, 1793.0, 1794.0, 1795.0, 1796.0, 1797.0, 1798.0, 1799.0, 1800.0, 1800.0, 1800.0, 1800.0], "avg_cpu": [0.0, 0.03310643564356436, 0.2110148514851485, 0.30981848184818483, 0.3341584158415842, 0.33292079207920794, 0.3226072607260726, 0.31146864686468645, 0.3325082508250825, 0.27805280528052806, 0.2768151815181518, 0.4018151815181518, 0.4282178217821782, 0.42244224422442245, 0.4471947194719472, 0.4104785478547855, 0.452970297029703, 0.5041254125412541, 0.5412541254125413, 0.5148514851485149, 0.584983498349835, 0.5610561056105611, 0.5387788778877888, 0.5668316831683168, 0.5082508250825083, 0.5453795379537953, 0.5536303630363036, 0.5379537953795379, 0.5503300330033003, 0.636963696369637, 0.5412541254125413, 0.5321782178217822, 0.594059405940594, 0.6155115511551155, 0.6163366336633663, 0.6064356435643564, 0.6113861386138614, 0.6006600660066007, 0.6072607260726073, 0.6386138613861386, 0.6402640264026402, 0.6542904290429042, 0.6377887788778878, 0.6625412541254125, 0.6031353135313532, 0.5981848184818482, 0.6023102310231023, 0.6056105610561056, 0.6625412541254125, 0.6122112211221122, 0.6014851485148515, 0.6031353135313532, 0.6113861386138614, 0.6097359735973598, 0.6064356435643564, 0.5866336633663366, 0.6353135313531353, 0.6270627062706271, 0.6031353135313532, 0.6320132013201321, 0.599009900990099, 0.6138613861386139, 0.5841584158415841, 0.6006600660066007, 0.6023102310231023, 0.5841584158415841, 0.5973597359735974, 0.6262376237623762, 0.6320132013201321, 0.5932343234323433, 0.5891089108910891, 0.5882838283828383, 0.6179867986798679, 0.5684818481848185, 0.6113861386138614, 0.594059405940594, 0.6361386138613861, 0.6452145214521452, 0.6212871287128713, 0.6303630363036303, 0.6452145214521452, 0.6361386138613861, 0.6460396039603961, 0.6072607260726073, 0.5965346534653465, 0.5907590759075908, 0.6254125412541254, 0.6336633663366337, 0.5973597359735974, 0.5866336633663366, 0.5891089108910891, 0.5759075907590759, 0.6394389438943895, 0.27351485148514854, 0.006072091584158416, 0.006935849834983498, 0.0], "avg_mem": [2.859626647144949e-06, 0.0059251464128843336, 0.009528275988286969, 0.009299505856515374, 0.008407302342606148, 0.008773334553440702, 0.00844161786237189, 0.008830527086383601, 0.008578879941434846, 0.008681826500732064, 0.008567441434846267, 0.008624633967789166, 0.00886484260614934, 0.008727580527086384, 0.008624633967789166, 0.009368136896046852, 0.009059297218155198, 0.008636072474377745, 0.008693265007320644, 0.00844161786237189, 0.008716142020497804, 0.008819088579795022, 0.00896778916544656, 0.009047858711566617, 0.009036420204978038, 0.008590318448023425, 0.008773334553440702, 0.008750457540263544, 0.008704703513909224, 0.008899158125915081, 0.008704703513909224, 0.008693265007320644, 0.009024981698389459, 0.008773334553440702, 0.0088877196193265, 0.0088877196193265, 0.00896778916544656, 0.008830527086383601, 0.008750457540263544, 0.0089449121522694, 0.0089449121522694, 0.00893347364568082, 0.008979227672035139, 0.008956350658857979, 0.00899066617862372, 0.00899066617862372, 0.008704703513909224, 0.008750457540263544, 0.008899158125915081, 0.008796211566617862, 0.00886484260614934, 0.008658949487554905, 0.008647510980966324, 0.00893347364568082, 0.00886484260614934, 0.008876281112737921, 0.00886484260614934, 0.009139366764275255, 0.008853404099560761, 0.00891059663250366, 0.008796211566617862, 0.00892203513909224, 0.008979227672035139, 0.008841965592972182, 0.008899158125915081, 0.009150805270863836, 0.008899158125915081, 0.008716142020497804, 0.00886484260614934, 0.008876281112737921, 0.008807650073206443, 0.008704703513909224, 0.00896778916544656, 0.009093612737920937, 0.008979227672035139, 0.009024981698389459, 0.008841965592972182, 0.008796211566617862, 0.009013543191800878, 0.0088877196193265, 0.008853404099560761, 0.00886484260614934, 0.008784773060029283, 0.00892203513909224, 0.009002104685212299, 0.009002104685212299, 0.00892203513909224, 0.009139366764275255, 0.008750457540263544, 0.008819088579795022, 0.008681826500732064, 0.009082174231332358, 0.008773334553440702, 0.007766745973645681, 0.006783034407027819, 0.006771595900439239, 7.149066617862372e-05]}