{"time": [1718.0, 1719.0, 1719.0, 1719.0, 1719.0, 1720.0, 1721.0, 1721.0, 1722.0, 1723.0, 1724.0, 1725.0, 1726.0, 1727.0, 1727.0, 1728.0, 1729.0, 1730.0, 1730.0, 1731.0, 1732.0, 1733.0, 1734.0, 1735.0, 1736.0, 1736.0, 1737.0, 1738.0, 1739.0, 1740.0, 1741.0, 1741.0, 1742.0, 1743.0, 1744.0, 1745.0, 1746.0, 1747.0, 1748.0, 1749.0, 1750.0, 1751.0, 1752.0, 1753.0, 1754.0, 1755.0, 1756.0, 1757.0, 1758.0, 1759.0, 1760.0, 1761.0, 1762.0, 1763.0, 1764.0, 1765.0, 1766.0, 1767.0, 1768.0, 1769.0, 1770.0, 1771.0, 1772.0, 1773.0, 1774.0, 1775.0, 1776.0, 1777.0, 1778.0, 1779.0, 1780.0, 1781.0, 1782.0, 1783.0, 1784.0, 1785.0, 1786.0, 1787.0, 1788.0, 1789.0, 1790.0, 1791.0, 1792.0, 1793.0, 1794.0, 1795.0, 1796.0, 1797.0, 1798.0, 1799.0, 1800.0, 1800.0, 1800.0, 1800.0], "avg_cpu": [0.005498401402640264, 0.04481229372937294, 0.1782178217821782, 0.28754125412541254, 0.31765676567656764, 0.3015676567656766, 0.43564356435643564, 0.40305280528052806, 0.38613861386138615, 0.3683993399339934, 0.3028052805280528, 0.32755775577557755, 0.40470297029702973, 0.41625412541254125, 0.4438943894389439, 0.46534653465346537, 0.5033003300330033, 0.5528052805280528, 0.5420792079207921, 0.5602310231023102, 0.5371287128712872, 0.5198019801980198, 0.5305280528052805, 0.4909240924092409, 0.5346534653465347, 0.5750825082508251, 0.5833333333333334, 0.5775577557755776, 0.5585808580858086, 0.5462046204620462, 0.5750825082508251, 0.5750825082508251, 0.5693069306930693, 0.5701320132013201, 0.5833333333333334, 0.58003300330033, 0.5734323432343235, 0.5866336633663366, 0.5891089108910891, 0.570957095709571, 0.584983498349835, 0.5816831683168316, 0.5841584158415841, 0.5816831683168316, 0.584983498349835, 0.5833333333333334, 0.5734323432343235, 0.5792079207920792, 0.5882838283828383, 0.5825082508250825, 0.6014851485148515, 0.5924092409240924, 0.5833333333333334, 0.5882838283828383, 0.5701320132013201, 0.5882838283828383, 0.5816831683168316, 0.5726072607260726, 0.5701320132013201, 0.5750825082508251, 0.5750825082508251, 0.5701320132013201, 0.5808580858085809, 0.5668316831683168, 0.5915841584158416, 0.5866336633663366, 0.5915841584158416, 0.5874587458745875, 0.5907590759075908, 0.5808580858085809, 0.58003300330033, 0.5915841584158416, 0.594059405940594, 0.5981848184818482, 0.5899339933993399, 0.5915841584158416, 0.5866336633663366, 0.5858085808580858, 0.5882838283828383, 0.5866336633663366, 0.5833333333333334, 0.5767326732673267, 0.5783828382838284, 0.5816831683168316, 0.5891089108910891, 0.5965346534653465, 0.5973597359735974, 0.5957095709570958, 0.5965346534653465, 0.5891089108910891, 0.2731023102310231, 0.007374174917491749, 0.008676258250825082, 0.0], "avg_mem": [0.001955984626647145, 0.007229136163982431, 0.009185120790629575, 0.00891059663250366, 0.00831579428989751, 0.0089449121522694, 0.008727580527086384, 0.008716142020497804, 0.009070735724743777, 0.008830527086383601, 0.008647510980966324, 0.008761896046852123, 0.008784773060029283, 0.009299505856515374, 0.008739019033674963, 0.008979227672035139, 0.008841965592972182, 0.00891059663250366, 0.008636072474377745, 0.008761896046852123, 0.009024981698389459, 0.0089449121522694, 0.008716142020497804, 0.008773334553440702, 0.008853404099560761, 0.008613195461200585, 0.008830527086383601, 0.00899066617862372, 0.008750457540263544, 0.008979227672035139, 0.013520314787701318, 0.009608345534407028, 0.008819088579795022, 0.008956350658857979, 0.00891059663250366, 0.0088877196193265, 0.00893347364568082, 0.00896778916544656, 0.00886484260614934, 0.008819088579795022, 0.008979227672035139, 0.009002104685212299, 0.008807650073206443, 0.009093612737920937, 0.008853404099560761, 0.00893347364568082, 0.008876281112737921, 0.009322382869692532, 0.00891059663250366, 0.009116489751098097, 0.008853404099560761, 0.00899066617862372, 0.009036420204978038, 0.008796211566617862, 0.008841965592972182, 0.009082174231332358, 0.008956350658857979, 0.008636072474377745, 0.008819088579795022, 0.00896778916544656, 0.008899158125915081, 0.008807650073206443, 0.009013543191800878, 0.008830527086383601, 0.008899158125915081, 0.009082174231332358, 0.00891059663250366, 0.00896778916544656, 0.00886484260614934, 0.008796211566617862, 0.008750457540263544, 0.009127928257686676, 0.008693265007320644, 0.0089449121522694, 0.009013543191800878, 0.00892203513909224, 0.0088877196193265, 0.009013543191800878, 0.009002104685212299, 0.008819088579795022, 0.008750457540263544, 0.009654099560761346, 0.008727580527086384, 0.0088877196193265, 0.00891059663250366, 0.008750457540263544, 0.008956350658857979, 0.009127928257686676, 0.008784773060029283, 0.009002104685212299, 0.008167093704245974, 0.007503660322108346, 0.007503660322108346, 7.149066617862372e-05]}