{"time": [4537.0, 4537.0, 4537.0, 4537.0, 4537.0, 4538.0, 4538.0, 4538.0, 4538.0, 4538.0, 4539.0, 4539.0, 4540.0, 4541.0, 4541.0, 4542.0, 4542.0, 4543.0, 4544.0, 4545.0, 4546.0, 4547.0, 4548.0, 4549.0, 4550.0, 4550.0, 4550.0, 4550.0, 4551.0, 4552.0, 4552.0, 4553.0, 4554.0, 4555.0, 4555.0, 4556.0, 4557.0, 4558.0, 4559.0, 4560.0, 4561.0, 4561.0, 4562.0, 4563.0, 4564.0, 4565.0, 4566.0, 4567.0, 4568.0, 4569.0, 4569.0, 4570.0, 4571.0, 4572.0, 4573.0, 4574.0, 4575.0, 4576.0, 4577.0, 4578.0, 4579.0, 4580.0, 4581.0, 4582.0, 4583.0, 4584.0, 4585.0, 4586.0, 4587.0, 4588.0, 4589.0, 4590.0, 4591.0, 4592.0, 4593.0, 4594.0, 4594.0, 4595.0, 4596.0, 4597.0, 4598.0, 4599.0, 4600.0, 4601.0, 4602.0, 4603.0, 4604.0, 4605.0, 4606.0, 4606.0, 4606.0], "avg_cpu": [0.014125631313131314, 0.15119949494949494, 0.2746212121212121, 0.2610479797979798, 0.2784090909090909, 0.32575757575757575, 0.3036616161616162, 0.28188131313131315, 0.27335858585858586, 0.2821969696969697, 0.2619949494949495, 0.0954861111111111, 0.3446969696969697, 0.3440656565656566, 0.3106060606060606, 0.3210227272727273, 0.3693181818181818, 0.319760101010101, 0.3434343434343434, 0.3162878787878788, 0.3465909090909091, 0.35795454545454547, 0.3453282828282828, 0.3143939393939394, 0.3371212121212121, 0.4071969696969697, 1.9728535353535355e-05, 0.3926767676767677, 0.5877525252525253, 0.5984848484848485, 0.5858585858585859, 0.6856060606060606, 0.6691919191919192, 0.7171717171717171, 0.7171717171717171, 0.6433080808080808, 0.639520202020202, 0.5713383838383839, 0.6199494949494949, 0.6123737373737373, 0.6805555555555556, 0.7146464646464646, 0.6742424242424242, 0.7159090909090909, 0.6792929292929293, 0.7095959595959596, 0.678030303030303, 0.7108585858585859, 0.6742424242424242, 0.7108585858585859, 0.6957070707070707, 0.6704545454545454, 0.7159090909090909, 0.678030303030303, 0.7196969696969697, 0.672979797979798, 0.7159090909090909, 0.672979797979798, 0.7184343434343434, 0.6755050505050505, 0.7133838383838383, 0.6755050505050505, 0.7121212121212122, 0.6388888888888888, 0.6628787878787878, 0.6281565656565656, 0.672979797979798, 0.6332070707070707, 0.6767676767676768, 0.639520202020202, 0.6717171717171717, 0.6161616161616161, 0.6666666666666666, 0.6388888888888888, 0.6792929292929293, 0.6515151515151515, 0.4551767676767677, 0.6502525252525253, 0.6527777777777778, 0.702020202020202, 0.6590909090909091, 0.31186868686868685, 0.4583333333333333, 0.4690656565656566, 0.5473484848484849, 0.55239898989899, 0.6502525252525253, 0.5751262626262627, 0.013356218434343434, 0.00016276041666666666, 0.0], "avg_mem": [0.003568814055636896, 0.02685761346998536, 0.03454428989751098, 0.04213945827232796, 0.029740117130307466, 0.03934846266471449, 0.039897510980966326, 0.03619143484626647, 0.037792825768667646, 0.027772693997071742, 0.03847913616398243, 0.014961566617862371, 0.03344619326500732, 0.03783857979502196, 0.025393484626647145, 0.03847913616398243, 0.04108711566617863, 0.031021229868228403, 0.03683199121522694, 0.03234809663250366, 0.03619143484626647, 0.03275988286969253, 0.03614568081991215, 0.033308931185944364, 0.017455161054172767, 0.017638177159590044, 0.00014870058565153734, 0.028092972181551976, 0.03683199121522694, 0.03587115666178624, 0.03152452415812591, 0.03843338213762811, 0.03358345534407028, 0.03838762811127379, 0.038799414348462666, 0.03335468521229868, 0.03843338213762811, 0.03275988286969253, 0.0381588579795022, 0.03385797950219619, 0.03797584187408492, 0.03875366032210834, 0.033812225475841874, 0.03847913616398243, 0.03404099560761347, 0.03852489019033675, 0.03376647144948756, 0.038707906295754026, 0.033720717423133234, 0.03852489019033675, 0.03847913616398243, 0.03385797950219619, 0.038707906295754026, 0.03399524158125915, 0.038707906295754026, 0.034315519765739384, 0.038799414348462666, 0.034315519765739384, 0.03893667642752562, 0.034315519765739384, 0.038890922401171306, 0.034224011713030744, 0.03893667642752562, 0.03394948755490483, 0.03857064421669107, 0.033903733528550514, 0.038616398243045386, 0.033720717423133234, 0.03838762811127379, 0.03426976573938507, 0.0379300878477306, 0.03536786237188873, 0.036694729136163985, 0.03637445095168375, 0.036603221083455345, 0.03806734992679356, 0.015991032210834553, 0.035916910688140555, 0.037106515373352855, 0.03587115666178624, 0.03847913616398243, 0.031707540263543194, 0.038204612005856516, 0.032027818448023423, 0.03875366032210834, 0.032531112737920934, 0.038890922401171306, 0.02745241581259151, 0.007034681551976574, 0.00017729685212298683, 0.00013154282576866765]}