{"time": [3989.0, 3990.0, 3991.0, 3992.0, 3992.0, 3993.0, 3993.0, 3994.0, 3995.0, 3996.0, 3997.0, 3998.0, 3999.0, 4000.0, 4001.0, 4002.0, 4003.0, 4004.0, 4005.0, 4006.0, 4007.0, 4008.0, 4009.0, 4010.0, 4011.0, 4012.0, 4013.0, 4014.0, 4015.0, 4016.0, 4017.0, 4018.0, 4019.0, 4020.0, 4021.0, 4022.0, 4023.0, 4024.0, 4025.0, 4026.0, 4027.0, 4028.0, 4029.0, 4030.0, 4031.0, 4032.0, 4033.0, 4034.0, 4035.0, 4036.0, 4036.0, 4036.0, 4036.0], "avg_cpu": [0.0002658957301980198, 0.00011441573844884489, 0.35932343234323433, 0.6674917491749175, 0.6386138613861386, 0.6740924092409241, 0.7004950495049505, 0.6757425742574258, 0.6815181518151815, 0.6848184818481848, 0.6872937293729373, 0.6922442244224423, 0.7037953795379538, 0.7235973597359736, 0.7112211221122112, 0.7334983498349835, 0.7202970297029703, 0.7145214521452146, 0.7194719471947195, 0.726897689768977, 0.7235973597359736, 0.7343234323432343, 0.7260726072607261, 0.721947194719472, 0.6988448844884488, 0.7235973597359736, 0.7087458745874587, 0.7293729372937293, 0.7260726072607261, 0.7211221122112211, 0.7070957095709571, 0.7136963696369637, 0.7244224422442245, 0.6848184818481848, 0.6897689768976898, 0.6732673267326733, 0.6749174917491749, 0.6262376237623762, 0.6262376237623762, 0.6278877887788779, 0.6848184818481848, 0.6897689768976898, 0.6600660066006601, 0.641914191419142, 0.7070957095709571, 0.6353135313531353, 0.6691419141914191, 0.6633663366336634, 0.23143564356435645, 0.000262672751650165, 0.00043349061468646863, 0.005208333333333333, 0.000759011448019802], "avg_mem": [0.005324624816983895, 0.00393484626647145, 0.02607979502196193, 0.044015373352855054, 0.044427159590043924, 0.04625732064421669, 0.04406112737920937, 0.04767569546120059, 0.04740117130307467, 0.047126647144948755, 0.0467606149341142, 0.04634882869692533, 0.044838945827232794, 0.04616581259150805, 0.048407759882869696, 0.04456442166910688, 0.04406112737920937, 0.04575402635431918, 0.046211566617862375, 0.04456442166910688, 0.04474743777452416, 0.04520497803806735, 0.046623352855051245, 0.04749267935578331, 0.04589128843338214, 0.04616581259150805, 0.04538799414348463, 0.0446101756954612, 0.044930453879941434, 0.046623352855051245, 0.04680636896046852, 0.04474743777452416, 0.045113469985358715, 0.04607430453879941, 0.04685212298682284, 0.03783857979502196, 0.0314787701317716, 0.043923865300146414, 0.042825768667642754, 0.045525256222547585, 0.04666910688140556, 0.04639458272327965, 0.04657759882869693, 0.04584553440702782, 0.04694363103953148, 0.04740117130307467, 0.045525256222547585, 0.040217789165446556, 0.022716874084919472, 0.015030197657393852, 0.014938689604685213, 0.014618411420204978, 0.002113264092240117]}