{"time": [1718.0, 1719.0, 1719.0, 1719.0, 1719.0, 1719.0, 1720.0, 1720.0, 1721.0, 1722.0, 1723.0, 1723.0, 1724.0, 1725.0, 1726.0, 1727.0, 1727.0, 1728.0, 1729.0, 1729.0, 1730.0, 1731.0, 1732.0, 1732.0, 1733.0, 1734.0, 1735.0, 1736.0, 1737.0, 1738.0, 1738.0, 1739.0, 1740.0, 1741.0, 1742.0, 1743.0, 1744.0, 1745.0, 1746.0, 1747.0, 1748.0, 1749.0, 1750.0, 1751.0, 1752.0, 1753.0, 1754.0, 1755.0, 1756.0, 1757.0, 1758.0, 1759.0, 1760.0, 1761.0, 1762.0, 1763.0, 1764.0, 1765.0, 1766.0, 1767.0, 1768.0, 1769.0, 1770.0, 1771.0, 1772.0, 1773.0, 1774.0, 1775.0, 1776.0, 1777.0, 1778.0, 1779.0, 1780.0, 1781.0, 1782.0, 1783.0, 1784.0, 1785.0, 1786.0, 1787.0, 1788.0, 1789.0, 1790.0, 1791.0, 1792.0, 1793.0, 1794.0, 1795.0, 1796.0, 1797.0, 1798.0, 1799.0, 1800.0, 1800.0, 1800.0], "avg_cpu": [0.004460602310231023, 0.28135313531353134, 0.30734323432343236, 0.2433993399339934, 0.2764026402640264, 0.2660891089108911, 0.24051155115511552, 0.31765676567656764, 0.29455445544554454, 0.2755775577557756, 0.2953795379537954, 0.3634488448844885, 0.36674917491749176, 0.3873762376237624, 0.40387788778877887, 0.43316831683168316, 0.47277227722772275, 0.4645214521452145, 0.46947194719471946, 0.5915841584158416, 0.5495049504950495, 0.5148514851485149, 0.5132013201320133, 0.5272277227722773, 0.5321782178217822, 0.5528052805280528, 0.5577557755775577, 0.5354785478547854, 0.5643564356435643, 0.5437293729372937, 0.5874587458745875, 0.5668316831683168, 0.6443894389438944, 0.6394389438943895, 0.6551155115511551, 0.5858085808580858, 0.6204620462046204, 0.5973597359735974, 0.6089108910891089, 0.5825082508250825, 0.5783828382838284, 0.5825082508250825, 0.570957095709571, 0.5825082508250825, 0.5957095709570958, 0.6097359735973598, 0.5981848184818482, 0.5503300330033003, 0.5528052805280528, 0.5577557755775577, 0.5602310231023102, 0.5684818481848185, 0.5627062706270627, 0.5651815181518152, 0.6014851485148515, 0.5651815181518152, 0.5866336633663366, 0.5775577557755776, 0.5676567656765676, 0.5701320132013201, 0.5585808580858086, 0.566006600660066, 0.5792079207920792, 0.5833333333333334, 0.5792079207920792, 0.6105610561056105, 0.5759075907590759, 0.5684818481848185, 0.5693069306930693, 0.5676567656765676, 0.5577557755775577, 0.570957095709571, 0.5717821782178217, 0.5891089108910891, 0.5651815181518152, 0.6229372937293729, 0.6600660066006601, 0.6204620462046204, 0.6295379537953796, 0.6600660066006601, 0.6592409240924092, 0.5899339933993399, 0.5371287128712872, 0.5462046204620462, 0.5585808580858086, 0.5561056105610561, 0.5726072607260726, 0.566006600660066, 0.566006600660066, 0.5594059405940595, 0.5618811881188119, 0.5602310231023102, 0.24793729372937293, 0.0008669812293729373, 0.000759011448019802], "avg_mem": [0.004718383967789165, 0.009127928257686676, 0.009654099560761346, 0.008739019033674963, 0.00844161786237189, 0.008693265007320644, 0.008613195461200585, 0.008510248901903368, 0.008876281112737921, 0.008739019033674963, 0.008739019033674963, 0.008956350658857979, 0.008693265007320644, 0.008761896046852123, 0.008716142020497804, 0.008350109809663251, 0.008693265007320644, 0.008819088579795022, 0.009024981698389459, 0.008647510980966324, 0.0088877196193265, 0.008830527086383601, 0.009162243777452415, 0.009127928257686676, 0.008853404099560761, 0.008704703513909224, 0.008647510980966324, 0.008750457540263544, 0.0088877196193265, 0.00891059663250366, 0.008658949487554905, 0.008727580527086384, 0.008819088579795022, 0.008773334553440702, 0.00886484260614934, 0.00892203513909224, 0.009002104685212299, 0.008773334553440702, 0.008716142020497804, 0.008773334553440702, 0.008956350658857979, 0.00892203513909224, 0.008658949487554905, 0.00891059663250366, 0.008830527086383601, 0.008773334553440702, 0.009711292093704246, 0.009013543191800878, 0.00891059663250366, 0.008739019033674963, 0.008796211566617862, 0.008681826500732064, 0.008819088579795022, 0.009139366764275255, 0.009013543191800878, 0.00893347364568082, 0.008773334553440702, 0.009036420204978038, 0.009013543191800878, 0.0088877196193265, 0.009093612737920937, 0.008761896046852123, 0.008739019033674963, 0.008716142020497804, 0.009024981698389459, 0.00896778916544656, 0.008853404099560761, 0.008670387994143484, 0.008796211566617862, 0.0088877196193265, 0.009139366764275255, 0.008841965592972182, 0.008841965592972182, 0.00899066617862372, 0.009047858711566617, 0.009013543191800878, 0.009448206442166911, 0.008899158125915081, 0.008807650073206443, 0.009310944363103953, 0.008636072474377745, 0.00896778916544656, 0.009002104685212299, 0.008853404099560761, 0.008784773060029283, 0.0089449121522694, 0.008841965592972182, 0.008979227672035139, 0.008761896046852123, 0.009779923133235724, 0.008796211566617862, 0.008807650073206443, 0.007766745973645681, 0.00555911420204978, 6.863103953147877e-05]}