{"time": [1718.0, 1719.0, 1719.0, 1719.0, 1719.0, 1719.0, 1720.0, 1720.0, 1721.0, 1721.0, 1722.0, 1723.0, 1724.0, 1725.0, 1726.0, 1727.0, 1727.0, 1728.0, 1729.0, 1729.0, 1730.0, 1731.0, 1732.0, 1732.0, 1733.0, 1734.0, 1735.0, 1736.0, 1737.0, 1738.0, 1739.0, 1740.0, 1741.0, 1742.0, 1743.0, 1744.0, 1745.0, 1746.0, 1747.0, 1748.0, 1749.0, 1750.0, 1751.0, 1752.0, 1753.0, 1754.0, 1755.0, 1756.0, 1757.0, 1758.0, 1759.0, 1760.0, 1761.0, 1762.0, 1763.0, 1764.0, 1765.0, 1766.0, 1767.0, 1768.0, 1769.0, 1770.0, 1771.0, 1772.0, 1773.0, 1774.0, 1775.0, 1776.0, 1777.0, 1778.0, 1779.0, 1780.0, 1781.0, 1782.0, 1783.0, 1784.0, 1785.0, 1786.0, 1787.0, 1788.0, 1789.0, 1790.0, 1791.0, 1792.0, 1793.0, 1794.0, 1795.0, 1796.0, 1797.0, 1798.0, 1799.0, 1800.0, 1800.0, 1800.0, 1800.0], "avg_cpu": [0.005653104372937294, 0.1219059405940594, 0.2145214521452145, 0.2986798679867987, 0.32054455445544555, 0.37376237623762376, 0.4158415841584158, 0.4018151815181518, 0.4381188118811881, 0.5239273927392739, 0.4051155115511551, 0.40924092409240925, 0.41171617161716173, 0.41254125412541254, 0.4570957095709571, 0.47029702970297027, 0.5247524752475248, 0.5214521452145214, 0.5222772277227723, 0.5825082508250825, 0.5610561056105611, 0.58003300330033, 0.599009900990099, 0.6361386138613861, 0.5973597359735974, 0.6542904290429042, 0.6897689768976898, 0.6394389438943895, 0.613036303630363, 0.7013201320132013, 0.6831683168316832, 0.6922442244224423, 0.7112211221122112, 0.7054455445544554, 0.7136963696369637, 0.6551155115511551, 0.6881188118811881, 0.6947194719471947, 0.6848184818481848, 0.6328382838283828, 0.6427392739273927, 0.6171617161716172, 0.6262376237623762, 0.6864686468646864, 0.6938943894389439, 0.6691419141914191, 0.6971947194719472, 0.6716171617161716, 0.6806930693069307, 0.7037953795379538, 0.7062706270627063, 0.7318481848184818, 0.7392739273927392, 0.7400990099009901, 0.7351485148514851, 0.7211221122112211, 0.7285478547854786, 0.7566006600660066, 0.7582508250825083, 0.7483498349834984, 0.7343234323432343, 0.7004950495049505, 0.6278877887788779, 0.6658415841584159, 0.6905940594059405, 0.7021452145214522, 0.683993399339934, 0.7087458745874587, 0.7145214521452146, 0.7260726072607261, 0.7120462046204621, 0.7029702970297029, 0.6757425742574258, 0.655940594059406, 0.7070957095709571, 0.6856435643564357, 0.6914191419141914, 0.6567656765676567, 0.6864686468646864, 0.7070957095709571, 0.683993399339934, 0.5808580858085809, 0.570957095709571, 0.5585808580858086, 0.5511551155115512, 0.570957095709571, 0.5470297029702971, 0.5478547854785478, 0.5561056105610561, 0.5610561056105611, 0.5396039603960396, 0.2553630363036304, 0.006072091584158416, 0.0017339624587458745, 0.0008669812293729373], "avg_mem": [0.002676610541727672, 0.008521687408491947, 0.009825677159590044, 0.009173682284040996, 0.008841965592972182, 0.00838442532942899, 0.00899066617862372, 0.009013543191800878, 0.00953971449487555, 0.009024981698389459, 0.00886484260614934, 0.008727580527086384, 0.008841965592972182, 0.008739019033674963, 0.009173682284040996, 0.008899158125915081, 0.009024981698389459, 0.009139366764275255, 0.009070735724743777, 0.008727580527086384, 0.0089449121522694, 0.009059297218155198, 0.00893347364568082, 0.009173682284040996, 0.00892203513909224, 0.0088877196193265, 0.009002104685212299, 0.009116489751098097, 0.009036420204978038, 0.008979227672035139, 0.0088877196193265, 0.008807650073206443, 0.008899158125915081, 0.009722730600292826, 0.008819088579795022, 0.009013543191800878, 0.009253751830161054, 0.008956350658857979, 0.008876281112737921, 0.009024981698389459, 0.00891059663250366, 0.00891059663250366, 0.00891059663250366, 0.009116489751098097, 0.008841965592972182, 0.009185120790629575, 0.009105051244509516, 0.009139366764275255, 0.009207997803806735, 0.00891059663250366, 0.00893347364568082, 0.009082174231332358, 0.00886484260614934, 0.008899158125915081, 0.00891059663250366, 0.009105051244509516, 0.00892203513909224, 0.009047858711566617, 0.009150805270863836, 0.009036420204978038, 0.00896778916544656, 0.009185120790629575, 0.0089449121522694, 0.008853404099560761, 0.009036420204978038, 0.009333821376281113, 0.009047858711566617, 0.009059297218155198, 0.009070735724743777, 0.009024981698389459, 0.008956350658857979, 0.008841965592972182, 0.009105051244509516, 0.008956350658857979, 0.00896778916544656, 0.009162243777452415, 0.009219436310395315, 0.009082174231332358, 0.009093612737920937, 0.00893347364568082, 0.009070735724743777, 0.008853404099560761, 0.00892203513909224, 0.009116489751098097, 0.009688415080527086, 0.009105051244509516, 0.0089449121522694, 0.009082174231332358, 0.009150805270863836, 0.00896778916544656, 0.008956350658857979, 0.008132778184480233, 0.007343521229868228, 8.006954612005857e-05, 7.435029282576867e-05]}