{"time": [525.0, 526.0, 527.0, 527.0, 527.0, 527.0, 529.0, 530.0, 530.0, 530.0, 531.0, 531.0, 532.0, 533.0, 534.0, 535.0, 536.0, 537.0, 538.0, 539.0, 540.0, 540.0, 541.0, 542.0, 543.0, 544.0, 545.0, 546.0, 547.0, 548.0, 549.0, 550.0, 551.0, 552.0, 553.0, 554.0, 555.0, 556.0, 557.0, 557.0, 558.0, 559.0, 560.0, 561.0, 562.0, 563.0, 564.0, 565.0, 566.0, 567.0, 568.0, 569.0, 570.0, 571.0, 571.0, 572.0, 572.0, 575.0, 576.0, 577.0, 578.0, 579.0, 580.0, 581.0, 582.0, 583.0, 584.0, 585.0, 586.0, 587.0, 588.0, 589.0, 590.0, 591.0, 592.0, 593.0, 594.0, 595.0, 596.0, 597.0, 598.0, 599.0, 600.0, 601.0, 602.0, 603.0, 604.0, 605.0, 606.0, 607.0, 608.0, 609.0, 610.0, 611.0, 612.0, 613.0, 614.0, 615.0, 616.0, 617.0, 618.0, 619.0, 620.0, 621.0, 622.0, 623.0, 624.0, 625.0, 626.0, 627.0, 628.0, 629.0, 630.0, 631.0, 632.0, 633.0, 634.0, 635.0, 636.0, 637.0, 638.0, 639.0, 640.0, 641.0, 642.0, 643.0, 644.0, 645.0, 646.0, 647.0, 648.0, 649.0, 650.0, 651.0, 652.0, 653.0, 653.0, 653.0, 653.0], "avg_cpu": [0.011602722772277228, 0.001542195235148515, 0.0004222101897689769, 0.00019499020214521452, 0.00027717615511551154, 7.735148514851485e-05, 0.4975247524752475, 0.6683168316831684, 0.594059405940594, 0.5874587458745875, 0.594059405940594, 0.5792079207920792, 0.5577557755775577, 0.5816831683168316, 0.5825082508250825, 0.5693069306930693, 0.599009900990099, 0.5635313531353136, 0.5726072607260726, 0.5511551155115512, 0.5701320132013201, 0.5297029702970297, 0.5462046204620462, 0.5668316831683168, 0.5561056105610561, 0.58003300330033, 0.5495049504950495, 0.5453795379537953, 0.5420792079207921, 0.5462046204620462, 0.5618811881188119, 0.5561056105610561, 0.5544554455445545, 0.58003300330033, 0.5808580858085809, 0.5668316831683168, 0.5321782178217822, 0.5726072607260726, 0.5998349834983498, 0.5478547854785478, 0.6097359735973598, 0.655940594059406, 0.6938943894389439, 0.5643564356435643, 0.5825082508250825, 0.5577557755775577, 0.5651815181518152, 0.5643564356435643, 0.5932343234323433, 0.6014851485148515, 0.6031353135313532, 0.5610561056105611, 0.556930693069307, 0.5544554455445545, 0.5734323432343235, 0.5478547854785478, 0.005163211633663367, 0.41955445544554454, 0.5429042904290429, 0.5371287128712872, 0.5132013201320133, 0.5792079207920792, 0.5264026402640264, 0.5181518151815182, 0.5453795379537953, 0.5363036303630363, 0.5462046204620462, 0.5371287128712872, 0.4933993399339934, 0.5, 0.5412541254125413, 0.5173267326732673, 0.5115511551155115, 0.518976897689769, 0.5346534653465347, 0.5297029702970297, 0.5247524752475248, 0.509075907590759, 0.5115511551155115, 0.5272277227722773, 0.5544554455445545, 0.5338283828382838, 0.5404290429042904, 0.5602310231023102, 0.5503300330033003, 0.5239273927392739, 0.5107260726072608, 0.4768976897689769, 0.4876237623762376, 0.5, 0.5107260726072608, 0.4966996699669967, 0.46947194719471946, 0.5066006600660066, 0.49834983498349833, 0.485973597359736, 0.48102310231023104, 0.5156765676567657, 0.5321782178217822, 0.5008250825082509, 0.48432343234323433, 0.4884488448844885, 0.5379537953795379, 0.5536303630363036, 0.5363036303630363, 0.533003300330033, 0.5024752475247525, 0.5, 0.5635313531353136, 0.5585808580858086, 0.5445544554455446, 0.5387788778877888, 0.504950495049505, 0.4752475247524752, 0.4884488448844885, 0.48267326732673266, 0.5676567656765676, 0.5585808580858086, 0.5387788778877888, 0.5396039603960396, 0.509075907590759, 0.5206270627062707, 0.4933993399339934, 0.4975247524752475, 0.5156765676567657, 0.5173267326732673, 0.5033003300330033, 0.5132013201320133, 0.5429042904290429, 0.518976897689769, 0.4876237623762376, 0.5354785478547854, 0.5156765676567657, 0.5082508250825083, 0.49587458745874585, 0.4884488448844885, 0.4735973597359736, 0.013188428217821782, 0.0], "avg_mem": [0.009310944363103953, 0.007789622986822841, 0.0076637994143484624, 0.007640922401171303, 0.0006748718887262079, 0.0006005215959004393, 0.02955710102489019, 0.04204795021961932, 0.04584553440702782, 0.04204795021961932, 0.0446101756954612, 0.04278001464128843, 0.044244143484626644, 0.04419838945827233, 0.04259699853587116, 0.044427159590043924, 0.043146046852122984, 0.0410413616398243, 0.04387811127379209, 0.04186493411420205, 0.04172767203513909, 0.04209370424597365, 0.0424597364568082, 0.04159040995607614, 0.043329062957540264, 0.042734260614934114, 0.04209370424597365, 0.04259699853587116, 0.039806002928257686, 0.043420571010248904, 0.04094985358711566, 0.042642752562225474, 0.04168191800878477, 0.043146046852122984, 0.042917276720351394, 0.042825768667642754, 0.04415263543191801, 0.042734260614934114, 0.036008418740849195, 0.042917276720351394, 0.0414989019033675, 0.042825768667642754, 0.043329062957540264, 0.0414989019033675, 0.04062957540263543, 0.04186493411420205, 0.04195644216691069, 0.04250549048316252, 0.04122437774524158, 0.04136163982430454, 0.04159040995607614, 0.04117862371888726, 0.04195644216691069, 0.043237554904831624, 0.04584553440702782, 0.02855051244509517, 0.0004889961566617862, 0.02585102489019034, 0.04859077598828697, 0.04465592972181552, 0.041819180087847733, 0.0426885065885798, 0.044335651537335284, 0.04355783308931186, 0.04895680819912152, 0.048224743777452415, 0.043237554904831624, 0.04447291361639824, 0.04387811127379209, 0.04195644216691069, 0.04296303074670571, 0.041819180087847733, 0.04250549048316252, 0.042230966325036604, 0.04186493411420205, 0.0446101756954612, 0.04195644216691069, 0.042322474377745244, 0.04479319180087848, 0.04218521229868229, 0.045525256222547585, 0.04474743777452416, 0.04191068814055637, 0.045021961932650074, 0.04506771595900439, 0.04396961932650073, 0.044244143484626644, 0.04396961932650073, 0.044930453879941434, 0.0436493411420205, 0.04177342606149341, 0.042825768667642754, 0.04163616398243045, 0.042734260614934114, 0.04259699853587116, 0.04117862371888726, 0.043146046852122984, 0.04287152269399707, 0.04410688140556369, 0.04278001464128843, 0.04296303074670571, 0.043923865300146414, 0.04387811127379209, 0.04328330893118595, 0.04378660322108346, 0.042734260614934114, 0.04145314787701318, 0.0426885065885798, 0.04346632503660322, 0.04204795021961932, 0.04168191800878477, 0.04145314787701318, 0.04296303074670571, 0.042642752562225474, 0.043923865300146414, 0.04236822840409956, 0.04191068814055637, 0.04346632503660322, 0.04191068814055637, 0.042230966325036604, 0.04163616398243045, 0.041407393850658857, 0.0410413616398243, 0.0424597364568082, 0.04278001464128843, 0.04278001464128843, 0.0424597364568082, 0.04085834553440703, 0.04287152269399707, 0.04172767203513909, 0.040995607613469986, 0.04218521229868229, 0.04328330893118595, 0.0424597364568082, 0.044335651537335284, 0.04639458272327965, 0.043237554904831624, 0.0004318036237188873, 0.000280243411420205]}