{"time": [530.0, 530.0, 531.0, 531.0, 532.0, 533.0, 534.0, 535.0, 536.0, 537.0, 538.0, 539.0, 540.0, 540.0, 541.0, 542.0, 543.0, 544.0, 545.0, 546.0, 547.0, 548.0, 549.0, 550.0, 551.0, 552.0, 553.0, 554.0, 555.0, 556.0, 556.0, 557.0, 558.0, 559.0, 560.0, 561.0, 562.0, 563.0, 564.0, 565.0, 566.0, 567.0, 568.0, 569.0, 570.0, 571.0, 571.0, 572.0, 572.0, 572.0, 579.0, 580.0, 581.0, 582.0, 583.0, 583.0, 583.0, 583.0, 584.0, 585.0, 586.0, 587.0, 588.0, 589.0, 590.0, 591.0, 592.0, 593.0, 594.0, 595.0, 596.0, 597.0, 598.0, 599.0, 600.0, 601.0, 602.0, 603.0, 604.0, 605.0, 606.0, 607.0, 608.0, 609.0, 610.0, 611.0, 612.0, 613.0, 614.0, 615.0, 616.0, 617.0, 618.0, 619.0, 620.0, 621.0, 622.0, 623.0, 624.0, 625.0, 626.0, 627.0, 628.0, 629.0, 630.0, 631.0, 632.0, 633.0, 634.0, 635.0, 636.0, 636.0, 636.0, 636.0, 636.0], "avg_cpu": [0.20915841584158415, 0.5420792079207921, 0.5148514851485149, 0.5239273927392739, 0.5181518151815182, 0.528052805280528, 0.5247524752475248, 0.5066006600660066, 0.5371287128712872, 0.528052805280528, 0.5074257425742574, 0.58003300330033, 0.5907590759075908, 0.5115511551155115, 0.5288778877887789, 0.5420792079207921, 0.5602310231023102, 0.5536303630363036, 0.5676567656765676, 0.5577557755775577, 0.551980198019802, 0.6031353135313532, 0.5552805280528053, 0.5198019801980198, 0.5915841584158416, 0.5148514851485149, 0.5156765676567657, 0.5750825082508251, 0.6410891089108911, 0.556930693069307, 0.6097359735973598, 0.6163366336633663, 0.570957095709571, 0.5313531353135313, 0.5998349834983498, 0.5099009900990099, 0.566006600660066, 0.5239273927392739, 0.5354785478547854, 0.5462046204620462, 0.5297029702970297, 0.5676567656765676, 0.5635313531353136, 0.5354785478547854, 0.5429042904290429, 0.5247524752475248, 0.5915841584158416, 0.6476897689768977, 0.0, 0.0, 0.7286501377410468, 0.6914600550964187, 0.6646005509641874, 0.7382920110192838, 0.6150137741046832, 0.6012396694214877, 0.29235537190082644, 0.0, 0.0, 0.6349862258953168, 0.5599173553719008, 0.559228650137741, 0.4965564738292011, 0.5296143250688705, 0.5454545454545454, 0.4951790633608815, 0.4931129476584022, 0.4896694214876033, 0.49449035812672176, 0.48622589531680444, 0.4951790633608815, 0.4965564738292011, 0.4793388429752066, 0.5137741046831956, 0.5110192837465565, 0.5027548209366391, 0.4703856749311295, 0.5206611570247934, 0.46487603305785125, 0.5247933884297521, 0.5261707988980716, 0.5213498622589532, 0.5, 0.47451790633608815, 0.45454545454545453, 0.5192837465564738, 0.540633608815427, 0.5227272727272727, 0.5447658402203857, 0.5103305785123967, 0.46487603305785125, 0.4889807162534435, 0.49242424242424243, 0.44490358126721763, 0.48140495867768596, 0.5227272727272727, 0.5172176308539945, 0.5365013774104683, 0.5137741046831956, 0.5110192837465565, 0.5117079889807162, 0.493801652892562, 0.5027548209366391, 0.4772727272727273, 0.5020661157024794, 0.5137741046831956, 0.5144628099173554, 0.5034435261707989, 0.5, 0.4807162534435262, 0.4855371900826446, 0.5006887052341598, 0.5020661157024794, 0.016335227272727272, 0.0], "avg_mem": [0.01116398243045388, 0.05087847730600293, 0.04859077598828697, 0.046211566617862375, 0.04749267935578331, 0.04428989751098097, 0.043146046852122984, 0.04479319180087848, 0.04538799414348463, 0.04680636896046852, 0.044838945827232794, 0.04465592972181552, 0.044838945827232794, 0.04094985358711566, 0.04328330893118595, 0.04415263543191801, 0.04360358711566618, 0.04406112737920937, 0.0426885065885798, 0.04360358711566618, 0.04406112737920937, 0.042322474377745244, 0.045525256222547585, 0.04305453879941435, 0.042322474377745244, 0.045113469985358715, 0.04378660322108346, 0.04218521229868229, 0.04438140556368961, 0.04575402635431918, 0.043740849194729134, 0.043420571010248904, 0.04415263543191801, 0.044335651537335284, 0.043832357247437774, 0.044335651537335284, 0.04406112737920937, 0.04355783308931186, 0.04634882869692533, 0.043740849194729134, 0.04488469985358712, 0.04351207906295754, 0.04218521229868229, 0.04415263543191801, 0.04497620790629575, 0.04410688140556369, 0.03953147877013177, 0.03303440702781845, 0.0005633464494875549, 0.0003688918374816984, 0.04470168374816984, 0.04648609077598829, 0.04474743777452416, 0.04415263543191801, 0.04525073206442167, 0.04163616398243045, 0.001283972364568082, 0.0006319774890190336, 0.00033743594436310396, 0.04117862371888726, 0.04410688140556369, 0.043420571010248904, 0.04360358711566618, 0.04319180087847731, 0.04200219619326501, 0.04305453879941435, 0.042917276720351394, 0.04360358711566618, 0.04497620790629575, 0.04163616398243045, 0.044838945827232794, 0.04346632503660322, 0.04287152269399707, 0.043420571010248904, 0.0457997803806735, 0.04396961932650073, 0.04209370424597365, 0.04351207906295754, 0.04319180087847731, 0.0436493411420205, 0.04255124450951684, 0.04419838945827233, 0.04296303074670571, 0.042734260614934114, 0.04305453879941435, 0.04287152269399707, 0.04428989751098097, 0.04337481698389458, 0.04355783308931186, 0.04525073206442167, 0.043237554904831624, 0.042734260614934114, 0.04776720351390922, 0.04479319180087848, 0.04538799414348463, 0.04547950219619327, 0.04319180087847731, 0.04387811127379209, 0.043923865300146414, 0.0457997803806735, 0.04630307467057101, 0.04355783308931186, 0.046440336749633965, 0.04566251830161054, 0.046531844802342605, 0.04419838945827233, 0.04456442166910688, 0.04428989751098097, 0.04369509516837482, 0.042917276720351394, 0.047035139092240115, 0.03687774524158126, 0.04886530014641288, 0.007332082723279649, 0.00035459370424597366]}