{"time": [1718.0, 1718.0, 1719.0, 1719.0, 1719.0, 1719.0, 1719.0, 1720.0, 1720.0, 1721.0, 1722.0, 1722.0, 1723.0, 1724.0, 1725.0, 1726.0, 1726.0, 1727.0, 1728.0, 1728.0, 1729.0, 1730.0, 1731.0, 1732.0, 1733.0, 1734.0, 1735.0, 1736.0, 1736.0, 1737.0, 1738.0, 1739.0, 1740.0, 1741.0, 1742.0, 1743.0, 1744.0, 1744.0, 1745.0, 1746.0, 1747.0, 1748.0, 1749.0, 1750.0, 1751.0, 1752.0, 1753.0, 1754.0, 1755.0, 1756.0, 1757.0, 1758.0, 1759.0, 1760.0, 1761.0, 1762.0, 1763.0, 1764.0, 1765.0, 1766.0, 1767.0, 1768.0, 1769.0, 1770.0, 1771.0, 1772.0, 1773.0, 1774.0, 1775.0, 1776.0, 1777.0, 1778.0, 1779.0, 1780.0, 1781.0, 1782.0, 1783.0, 1784.0, 1785.0, 1786.0, 1787.0, 1788.0, 1789.0, 1790.0, 1791.0, 1792.0, 1793.0, 1794.0, 1795.0, 1796.0, 1797.0, 1798.0, 1799.0, 1800.0, 1800.0, 1800.0, 1800.0], "avg_cpu": [0.0, 0.14954620462046206, 0.28052805280528054, 0.29207920792079206, 0.2632013201320132, 0.3015676567656766, 0.34282178217821785, 0.31724422442244227, 0.3721122112211221, 0.29372937293729373, 0.2693894389438944, 0.3778877887788779, 0.3556105610561056, 0.36674917491749176, 0.3543729372937294, 0.4661716171617162, 0.4397689768976898, 0.466996699669967, 0.4438943894389439, 0.4909240924092409, 0.5528052805280528, 0.5396039603960396, 0.6155115511551155, 0.5321782178217822, 0.4966996699669967, 0.4900990099009901, 0.5387788778877888, 0.48432343234323433, 0.5552805280528053, 0.5816831683168316, 0.584983498349835, 0.58003300330033, 0.5387788778877888, 0.6138613861386139, 0.6204620462046204, 0.6138613861386139, 0.6212871287128713, 0.6138613861386139, 0.584983498349835, 0.5726072607260726, 0.5750825082508251, 0.5948844884488449, 0.5808580858085809, 0.5907590759075908, 0.608085808580858, 0.570957095709571, 0.6171617161716172, 0.6146864686468647, 0.566006600660066, 0.5783828382838284, 0.5717821782178217, 0.5643564356435643, 0.5948844884488449, 0.6287128712871287, 0.641914191419142, 0.6056105610561056, 0.5693069306930693, 0.5726072607260726, 0.6064356435643564, 0.6683168316831684, 0.6270627062706271, 0.5833333333333334, 0.5998349834983498, 0.5726072607260726, 0.5833333333333334, 0.6295379537953796, 0.6163366336633663, 0.5767326732673267, 0.5816831683168316, 0.594059405940594, 0.5899339933993399, 0.6584158415841584, 0.6328382838283828, 0.6410891089108911, 0.6064356435643564, 0.5808580858085809, 0.5742574257425742, 0.5932343234323433, 0.5792079207920792, 0.6023102310231023, 0.6006600660066007, 0.5759075907590759, 0.594059405940594, 0.5759075907590759, 0.5899339933993399, 0.5808580858085809, 0.6006600660066007, 0.5833333333333334, 0.5833333333333334, 0.5948844884488449, 0.5866336633663366, 0.5957095709570958, 0.5932343234323433, 0.2953795379537954, 0.012144183168316832, 0.0020240305280528055, 0.001157049298679868], "avg_mem": [1.1438506588579795e-05, 0.013817715959004393, 0.01949121522693997, 0.018141471449487554, 0.016928989751098095, 0.016402818448023427, 0.01676885065885798, 0.017066251830161056, 0.017592423133235724, 0.017546669106881404, 0.017249267935578332, 0.01772968521229868, 0.01731789897510981, 0.01731789897510981, 0.017363653001464127, 0.016357064421669107, 0.01722639092240117, 0.018187225475841874, 0.01786694729136164, 0.017752562225475842, 0.017912701317715957, 0.017615300146412886, 0.017638177159590044, 0.017958455344070277, 0.017249267935578332, 0.017592423133235724, 0.01731789897510981, 0.01782119326500732, 0.020497803806734993, 0.017798316251830162, 0.0178898243045388, 0.017478038067349926, 0.017752562225475842, 0.017455161054172767, 0.017523792093704246, 0.01734077598828697, 0.0178898243045388, 0.017615300146412886, 0.017683931185944364, 0.01793557833089312, 0.017683931185944364, 0.01772968521229868, 0.018599011713030748, 0.01738653001464129, 0.017478038067349926, 0.017615300146412886, 0.01743228404099561, 0.017615300146412886, 0.01729502196193265, 0.017592423133235724, 0.017409407027818447, 0.017661054172767202, 0.01793557833089312, 0.017752562225475842, 0.017523792093704246, 0.017638177159590044, 0.01793557833089312, 0.017546669106881404, 0.017798316251830162, 0.017500915080527087, 0.01729502196193265, 0.017478038067349926, 0.01734077598828697, 0.017523792093704246, 0.017203513909224012, 0.017478038067349926, 0.01782119326500732, 0.01743228404099561, 0.017523792093704246, 0.017203513909224012, 0.017569546120058566, 0.0178898243045388, 0.017569546120058566, 0.017409407027818447, 0.017683931185944364, 0.017775439238653, 0.017546669106881404, 0.017615300146412886, 0.017569546120058566, 0.017478038067349926, 0.017523792093704246, 0.017523792093704246, 0.017592423133235724, 0.017546669106881404, 0.017615300146412886, 0.018072840409956076, 0.01743228404099561, 0.01727214494875549, 0.017409407027818447, 0.01731789897510981, 0.01784407027818448, 0.017112005856515372, 0.01738653001464129, 0.01564787701317716, 0.013726207906295754, 0.013703330893118594, 0.00016585834553440703]}