{"time": [5757.0, 5757.0, 5757.0, 5757.0, 5758.0, 5758.0, 5758.0, 5758.0, 5759.0, 5759.0, 5760.0, 5761.0, 5762.0, 5763.0, 5764.0, 5764.0, 5765.0, 5766.0, 5767.0, 5768.0, 5768.0, 5769.0, 5770.0, 5771.0, 5772.0, 5773.0, 5773.0, 5774.0, 5775.0, 5776.0, 5777.0, 5778.0, 5779.0, 5780.0, 5781.0, 5782.0, 5783.0, 5784.0, 5785.0, 5786.0, 5787.0, 5788.0, 5789.0, 5790.0, 5791.0, 5791.0, 5792.0, 5793.0, 5794.0, 5795.0, 5796.0, 5797.0, 5798.0, 5799.0, 5800.0, 5801.0, 5802.0, 5803.0, 5804.0, 5805.0, 5806.0, 5807.0, 5808.0, 5809.0, 5810.0, 5811.0, 5812.0, 5813.0, 5814.0, 5815.0, 5816.0, 5817.0, 5818.0, 5819.0, 5820.0, 5821.0, 5822.0, 5823.0, 5824.0, 5825.0, 5826.0, 5827.0, 5828.0, 5829.0, 5830.0, 5831.0, 5832.0, 5833.0, 5834.0, 5835.0, 5836.0, 5837.0, 5838.0, 5839.0, 5840.0, 5841.0, 5842.0, 5843.0, 5844.0, 5845.0, 5846.0, 5846.0, 5846.0, 5846.0], "avg_cpu": [0.0, 0.0, 0.06806930693069307, 0.16316006600660066, 0.18337458745874588, 0.24092409240924093, 0.24711221122112212, 0.24752475247524752, 0.26732673267326734, 0.275990099009901, 0.30074257425742573, 0.3634488448844885, 0.3325082508250825, 0.3411716171617162, 0.514026402640264, 0.5594059405940595, 0.47112211221122113, 0.44471947194719474, 0.4752475247524752, 0.4735973597359736, 0.5321782178217822, 0.514026402640264, 0.5008250825082509, 0.5272277227722773, 0.4793729372937294, 0.528052805280528, 0.5445544554455446, 0.5503300330033003, 0.5321782178217822, 0.5338283828382838, 0.5437293729372937, 0.556930693069307, 0.5536303630363036, 0.5759075907590759, 0.5668316831683168, 0.5610561056105611, 0.556930693069307, 0.551980198019802, 0.5627062706270627, 0.5783828382838284, 0.58003300330033, 0.5792079207920792, 0.5635313531353136, 0.5643564356435643, 0.5643564356435643, 0.5981848184818482, 0.5948844884488449, 0.5932343234323433, 0.5957095709570958, 0.5973597359735974, 0.5948844884488449, 0.5924092409240924, 0.5858085808580858, 0.5882838283828383, 0.5965346534653465, 0.5948844884488449, 0.5981848184818482, 0.594059405940594, 0.6031353135313532, 0.5965346534653465, 0.584983498349835, 0.5891089108910891, 0.6031353135313532, 0.5932343234323433, 0.5981848184818482, 0.5866336633663366, 0.5825082508250825, 0.5891089108910891, 0.5948844884488449, 0.5981848184818482, 0.6105610561056105, 0.5792079207920792, 0.584983498349835, 0.5816831683168316, 0.5998349834983498, 0.594059405940594, 0.5948844884488449, 0.6014851485148515, 0.5948844884488449, 0.5932343234323433, 0.5808580858085809, 0.5767326732673267, 0.5783828382838284, 0.5808580858085809, 0.5783828382838284, 0.594059405940594, 0.5907590759075908, 0.5915841584158416, 0.6039603960396039, 0.5981848184818482, 0.584983498349835, 0.5808580858085809, 0.6072607260726073, 0.6056105610561056, 0.6163366336633663, 0.6072607260726073, 0.6006600660066007, 0.5907590759075908, 0.5957095709570958, 0.5305280528052805, 0.00034324721534653463, 0.0026041666666666665, 0.005208333333333333, 0.0], "avg_mem": [1.1438506588579795e-05, 1.1438506588579795e-05, 0.01395497803806735, 0.015922401171303075, 0.01617404831625183, 0.016494326500732064, 0.016357064421669107, 0.015899524158125913, 0.016654465592972182, 0.016906112737920937, 0.01663158857979502, 0.017249267935578332, 0.016425695461200585, 0.01663158857979502, 0.016997620790629574, 0.017203513909224012, 0.016928989751098095, 0.016928989751098095, 0.016860358711566617, 0.017134882869692534, 0.016860358711566617, 0.016585834553440704, 0.01672309663250366, 0.017066251830161056, 0.016906112737920937, 0.01672309663250366, 0.017020497803806735, 0.017249267935578332, 0.016951866764275257, 0.016860358711566617, 0.017157759882869692, 0.017112005856515372, 0.017066251830161056, 0.01727214494875549, 0.01722639092240117, 0.017546669106881404, 0.017089128843338214, 0.016654465592972182, 0.016928989751098095, 0.017020497803806735, 0.01679172767203514, 0.016906112737920937, 0.017020497803806735, 0.016997620790629574, 0.017249267935578332, 0.01727214494875549, 0.01729502196193265, 0.016928989751098095, 0.017409407027818447, 0.01676885065885798, 0.016906112737920937, 0.017020497803806735, 0.01688323572474378, 0.01722639092240117, 0.01743228404099561, 0.017089128843338214, 0.01729502196193265, 0.017112005856515372, 0.017363653001464127, 0.017043374816983894, 0.017592423133235724, 0.016997620790629574, 0.017157759882869692, 0.017455161054172767, 0.017615300146412886, 0.01731789897510981, 0.01772968521229868, 0.017157759882869692, 0.01734077598828697, 0.017134882869692534, 0.01772968521229868, 0.01734077598828697, 0.01734077598828697, 0.017249267935578332, 0.017112005856515372, 0.016814604685212297, 0.017203513909224012, 0.01729502196193265, 0.016928989751098095, 0.017249267935578332, 0.017089128843338214, 0.017066251830161056, 0.017157759882869692, 0.019331076134699855, 0.017523792093704246, 0.01729502196193265, 0.01734077598828697, 0.017363653001464127, 0.017066251830161056, 0.01718063689604685, 0.01731789897510981, 0.017546669106881404, 0.017592423133235724, 0.01782119326500732, 0.017157759882869692, 0.017592423133235724, 0.018210102489019032, 0.017615300146412886, 0.017089128843338214, 0.01688323572474378, 0.0145497803806735, 0.013932101024890191, 0.00018873535871156662, 0.00017157759882869693]}