{"time": [530.0, 530.0, 531.0, 531.0, 532.0, 533.0, 534.0, 535.0, 536.0, 537.0, 538.0, 539.0, 540.0, 540.0, 541.0, 542.0, 543.0, 544.0, 545.0, 546.0, 547.0, 548.0, 549.0, 550.0, 551.0, 552.0, 553.0, 554.0, 555.0, 556.0, 556.0, 557.0, 558.0, 559.0, 560.0, 561.0, 562.0, 563.0, 564.0, 565.0, 566.0, 567.0, 568.0, 569.0, 570.0, 571.0, 571.0, 572.0, 572.0, 572.0, 577.0, 578.0, 579.0, 580.0, 581.0, 582.0, 583.0, 584.0, 585.0, 586.0, 587.0, 588.0, 589.0, 590.0, 591.0, 592.0, 593.0, 594.0, 595.0, 596.0, 597.0, 598.0, 599.0, 600.0, 601.0, 602.0, 603.0, 604.0, 605.0, 606.0, 607.0, 608.0, 609.0, 610.0, 611.0, 612.0, 613.0, 614.0, 615.0, 616.0, 616.0, 617.0, 618.0, 619.0, 620.0, 621.0, 622.0, 623.0, 624.0, 625.0, 626.0, 627.0, 628.0, 629.0, 630.0, 631.0, 632.0, 633.0, 634.0, 635.0, 636.0, 637.0, 638.0, 639.0, 640.0, 641.0, 642.0, 643.0, 644.0, 645.0, 646.0, 647.0, 648.0, 649.0, 650.0, 651.0, 652.0, 653.0, 653.0, 653.0, 653.0], "avg_cpu": [0.3997524752475248, 0.5445544554455446, 0.6476897689768977, 0.49504950495049505, 0.5123762376237624, 0.5726072607260726, 0.5486798679867987, 0.5264026402640264, 0.5288778877887789, 0.523102310231023, 0.5544554455445545, 0.5998349834983498, 0.5891089108910891, 0.5198019801980198, 0.5792079207920792, 0.5651815181518152, 0.608085808580858, 0.5981848184818482, 0.5866336633663366, 0.6204620462046204, 0.5858085808580858, 0.5371287128712872, 0.4900990099009901, 0.5016501650165016, 0.5123762376237624, 0.49834983498349833, 0.5503300330033003, 0.5222772277227723, 0.5165016501650165, 0.5783828382838284, 0.5808580858085809, 0.551980198019802, 0.5858085808580858, 0.5585808580858086, 0.683993399339934, 0.6641914191419142, 0.5354785478547854, 0.5272277227722773, 0.6608910891089109, 0.6584158415841584, 0.5701320132013201, 0.5981848184818482, 0.6402640264026402, 0.6221122112211221, 0.6460396039603961, 0.5750825082508251, 0.5420792079207921, 0.5486798679867987, 0.844059405940594, 0.0003255208333333333, 0.4428374655647383, 0.8181818181818182, 0.6852617079889807, 0.518595041322314, 0.559228650137741, 0.5330578512396694, 0.43870523415977963, 0.4511019283746556, 0.4476584022038568, 0.453168044077135, 0.46487603305785125, 0.4634986225895317, 0.4903581267217631, 0.4765840220385675, 0.46831955922865015, 0.4455922865013774, 0.4497245179063361, 0.4621212121212121, 0.46143250688705234, 0.459366391184573, 0.5268595041322314, 0.4366391184573003, 0.4641873278236915, 0.48484848484848486, 0.4366391184573003, 0.46487603305785125, 0.4807162534435262, 0.45798898071625344, 0.4393939393939394, 0.41391184573002754, 0.41460055096418735, 0.4263085399449036, 0.4228650137741047, 0.44421487603305787, 0.44490358126721763, 0.47451790633608815, 0.47451790633608815, 0.5723140495867769, 0.5082644628099173, 0.4511019283746556, 0.44421487603305787, 0.48760330578512395, 0.5261707988980716, 0.5289256198347108, 0.5413223140495868, 0.4786501377410468, 0.5006887052341598, 0.4931129476584022, 0.5020661157024794, 0.46831955922865015, 0.4634986225895317, 0.509641873278237, 0.45454545454545453, 0.49104683195592286, 0.4758953168044077, 0.5578512396694215, 0.4573002754820937, 0.4214876033057851, 0.6067493112947658, 0.5668044077134986, 0.5798898071625345, 0.5709366391184573, 0.5488980716253443, 0.5027548209366391, 0.550275482093664, 0.49104683195592286, 0.5578512396694215, 0.5860881542699724, 0.5, 0.5674931129476584, 0.5792011019283747, 0.5585399449035813, 0.5654269972451791, 0.5365013774104683, 0.5523415977961432, 0.5495867768595041, 0.5413223140495868, 0.48760330578512395, 0.5179063360881543, 0.002130681818181818, 0.0], "avg_mem": [0.03353770131771596, 0.047309663250366035, 0.05289165446559297, 0.042734260614934114, 0.04191068814055637, 0.04195644216691069, 0.04012628111273792, 0.04236822840409956, 0.03957723279648609, 0.04438140556368961, 0.04278001464128843, 0.04328330893118595, 0.04310029282576867, 0.0410413616398243, 0.042322474377745244, 0.04200219619326501, 0.04319180087847731, 0.042734260614934114, 0.04186493411420205, 0.045021961932650074, 0.043832357247437774, 0.04406112737920937, 0.04227672035139092, 0.04218521229868229, 0.041315885797950216, 0.042230966325036604, 0.042825768667642754, 0.042230966325036604, 0.04287152269399707, 0.04346632503660322, 0.05481332357247438, 0.04145314787701318, 0.0412701317715959, 0.04218521229868229, 0.04360358711566618, 0.04378660322108346, 0.04236822840409956, 0.04145314787701318, 0.04145314787701318, 0.04406112737920937, 0.043420571010248904, 0.0436493411420205, 0.04337481698389458, 0.04456442166910688, 0.044244143484626644, 0.04474743777452416, 0.039806002928257686, 0.024798682284040995, 0.015487737920937043, 0.0005061539165446559, 0.01882778184480234, 0.0479502196193265, 0.04630307467057101, 0.04355783308931186, 0.04406112737920937, 0.04520497803806735, 0.04186493411420205, 0.04396961932650073, 0.04570827232796486, 0.0436493411420205, 0.04685212298682284, 0.046440336749633965, 0.04598279648609078, 0.04369509516837482, 0.044930453879941434, 0.04616581259150805, 0.04447291361639824, 0.043923865300146414, 0.04767569546120059, 0.04305453879941435, 0.04479319180087848, 0.04406112737920937, 0.04378660322108346, 0.04360358711566618, 0.04236822840409956, 0.044930453879941434, 0.043832357247437774, 0.04547950219619327, 0.044335651537335284, 0.04529648609077599, 0.04607430453879941, 0.048316251830161056, 0.0479502196193265, 0.04278001464128843, 0.04685212298682284, 0.04538799414348463, 0.04575402635431918, 0.04648609077598829, 0.04575402635431918, 0.04172767203513909, 0.04648609077598829, 0.049505856515373356, 0.047218155197657395, 0.045616764275256225, 0.04310029282576867, 0.047035139092240115, 0.04570827232796486, 0.043740849194729134, 0.045616764275256225, 0.0467606149341142, 0.044518667642752564, 0.04428989751098097, 0.046531844802342605, 0.04346632503660322, 0.04584553440702782, 0.044930453879941434, 0.043420571010248904, 0.04438140556368961, 0.04465592972181552, 0.044518667642752564, 0.045525256222547585, 0.04589128843338214, 0.04575402635431918, 0.04566251830161054, 0.046623352855051245, 0.045342240117130304, 0.04767569546120059, 0.044838945827232794, 0.04479319180087848, 0.044838945827232794, 0.046211566617862375, 0.04804172767203514, 0.04520497803806735, 0.044518667642752564, 0.04525073206442167, 0.0457997803806735, 0.043832357247437774, 0.047218155197657395, 0.047035139092240115, 0.0007292047950219619, 0.0003860495973645681]}