{"time": [3989.0, 3990.0, 3991.0, 3992.0, 3992.0, 3993.0, 3993.0, 3994.0, 3995.0, 3996.0, 3997.0, 3998.0, 3999.0, 4000.0, 4001.0, 4002.0, 4003.0, 4004.0, 4005.0, 4006.0, 4007.0, 4008.0, 4009.0, 4010.0, 4011.0, 4012.0, 4013.0, 4014.0, 4015.0, 4016.0, 4017.0, 4018.0, 4019.0, 4020.0, 4021.0, 4022.0, 4023.0, 4024.0, 4025.0, 4026.0, 4027.0, 4028.0, 4029.0, 4030.0, 4031.0, 4032.0, 4033.0, 4034.0, 4035.0, 4036.0, 4036.0, 4036.0, 4036.0], "avg_cpu": [0.030992161716171616, 0.0034356951320132015, 0.3292079207920792, 0.6006600660066007, 0.6039603960396039, 0.6188118811881188, 0.613036303630363, 0.6270627062706271, 0.6287128712871287, 0.6320132013201321, 0.6402640264026402, 0.6394389438943895, 0.6377887788778878, 0.6377887788778878, 0.6336633663366337, 0.6278877887788779, 0.6287128712871287, 0.6303630363036303, 0.6320132013201321, 0.6237623762376238, 0.6311881188118812, 0.6237623762376238, 0.6427392739273927, 0.6377887788778878, 0.6229372937293729, 0.6262376237623762, 0.6353135313531353, 0.6163366336633663, 0.6254125412541254, 0.5816831683168316, 0.584983498349835, 0.5841584158415841, 0.5866336633663366, 0.5858085808580858, 0.5907590759075908, 0.5915841584158416, 0.5726072607260726, 0.6031353135313532, 0.5932343234323433, 0.5965346534653465, 0.6146864686468647, 0.6262376237623762, 0.6097359735973598, 0.6320132013201321, 0.6237623762376238, 0.6179867986798679, 0.6204620462046204, 0.6336633663366337, 0.14872112211221122, 0.0003319667904290429, 0.00043349061468646863, 0.0, 0.001239235251650165], "avg_mem": [0.0059365849194729136, 0.004089266105417277, 0.025164714494875548, 0.04163616398243045, 0.045342240117130304, 0.045525256222547585, 0.04172767203513909, 0.048316251830161056, 0.046623352855051245, 0.045342240117130304, 0.046120058565153735, 0.051427525622254756, 0.047126647144948755, 0.048316251830161056, 0.04877379209370425, 0.04895680819912152, 0.04634882869692533, 0.046440336749633965, 0.04904831625183016, 0.04410688140556369, 0.04625732064421669, 0.0436493411420205, 0.0436493411420205, 0.04396961932650073, 0.04488469985358712, 0.04520497803806735, 0.04685212298682284, 0.04387811127379209, 0.04547950219619327, 0.046120058565153735, 0.044518667642752564, 0.046531844802342605, 0.04680636896046852, 0.04589128843338214, 0.04685212298682284, 0.04406112737920937, 0.044427159590043924, 0.04859077598828697, 0.043329062957540264, 0.043740849194729134, 0.04136163982430454, 0.04639458272327965, 0.04666910688140556, 0.046440336749633965, 0.04634882869692533, 0.04584553440702782, 0.04396961932650073, 0.044518667642752564, 0.017203513909224012, 0.012628111273792094, 0.012650988286969254, 0.012650988286969254, 0.0003231378111273792]}