{"time": [526.0, 527.0, 527.0, 527.0, 527.0, 530.0, 530.0, 531.0, 531.0, 531.0, 532.0, 532.0, 532.0, 552.0, 553.0, 554.0, 555.0, 556.0, 556.0, 557.0, 558.0, 559.0, 560.0, 561.0, 562.0, 563.0, 564.0, 565.0, 566.0, 567.0, 568.0, 569.0, 570.0, 571.0, 571.0, 571.0, 571.0, 576.0, 577.0, 578.0, 579.0, 580.0, 581.0, 582.0, 583.0, 584.0, 585.0, 586.0, 587.0, 588.0, 589.0, 590.0, 591.0, 592.0, 593.0, 594.0, 595.0, 596.0, 597.0, 598.0, 599.0, 600.0, 601.0, 602.0, 603.0, 604.0, 605.0, 606.0, 607.0, 608.0, 609.0, 610.0, 611.0, 612.0, 613.0, 614.0, 615.0, 616.0, 617.0, 618.0, 619.0, 620.0, 621.0, 622.0, 623.0, 624.0, 625.0, 626.0, 627.0, 628.0, 629.0, 630.0, 631.0, 632.0, 633.0, 634.0, 635.0, 636.0, 637.0, 638.0, 639.0, 640.0, 641.0, 642.0, 643.0, 644.0, 645.0, 646.0, 647.0, 648.0, 649.0, 650.0, 651.0, 652.0, 653.0, 653.0, 653.0, 653.0], "avg_cpu": [0.00011348724365234375, 7.534027099609375e-05, 0.00023555755615234375, 0.00726318359375, 0.0, 0.09659090909090909, 0.25068870523415976, 0.20488980716253444, 0.23760330578512398, 0.21349862258953167, 0.2262396694214876, 0.011019283746556474, 0.0, 0.9255050505050505, 0.9646464646464646, 0.9684343434343434, 0.9646464646464646, 0.9659090909090909, 0.9671717171717171, 0.9722222222222222, 0.9659090909090909, 0.9696969696969697, 0.9722222222222222, 0.9646464646464646, 0.9608585858585859, 0.9709595959595959, 0.9646464646464646, 0.9684343434343434, 0.9709595959595959, 0.9659090909090909, 0.9684343434343434, 0.9671717171717171, 0.9659090909090909, 0.9684343434343434, 0.9608585858585859, 0.0, 0.0, 0.0008363629331683168, 0.6105610561056105, 0.613036303630363, 0.5717821782178217, 0.5693069306930693, 0.5808580858085809, 0.5561056105610561, 0.5478547854785478, 0.5651815181518152, 0.6171617161716172, 0.6105610561056105, 0.5825082508250825, 0.5965346534653465, 0.6278877887788779, 0.5676567656765676, 0.58003300330033, 0.6138613861386139, 0.6138613861386139, 0.6237623762376238, 0.5891089108910891, 0.5701320132013201, 0.5610561056105611, 0.5272277227722773, 0.6031353135313532, 0.6377887788778878, 0.6278877887788779, 0.5858085808580858, 0.5882838283828383, 0.5618811881188119, 0.5363036303630363, 0.6270627062706271, 0.6105610561056105, 0.636963696369637, 0.5924092409240924, 0.6155115511551155, 0.613036303630363, 0.6221122112211221, 0.6287128712871287, 0.6105610561056105, 0.5998349834983498, 0.6320132013201321, 0.6377887788778878, 0.6237623762376238, 0.6361386138613861, 0.6196369636963697, 0.608085808580858, 0.6023102310231023, 0.5915841584158416, 0.584983498349835, 0.5643564356435643, 0.5833333333333334, 0.6138613861386139, 0.5610561056105611, 0.5577557755775577, 0.5635313531353136, 0.6179867986798679, 0.6064356435643564, 0.6221122112211221, 0.6097359735973598, 0.6064356435643564, 0.6163366336633663, 0.6122112211221122, 0.5775577557755776, 0.5932343234323433, 0.5726072607260726, 0.5973597359735974, 0.6097359735973598, 0.6014851485148515, 0.608085808580858, 0.5948844884488449, 0.5907590759075908, 0.5759075907590759, 0.5734323432343235, 0.5841584158415841, 0.5478547854785478, 0.556930693069307, 0.5767326732673267, 0.5486798679867987, 0.5775577557755776, 0.0, 0.0], "avg_mem": [0.00250244140625, 0.0020751953125, 0.0020904541015625, 0.001728057861328125, 0.000232696533203125, 0.004346632503660322, 0.02388360175695461, 0.02079520497803807, 0.019239568081991214, 0.019788616398243045, 0.018507503660322108, 0.00018015647877013178, 0.00012725338579795022, 0.08638360175695461, 0.08116764275256222, 0.07814787701317716, 0.09068448023426061, 0.08354685212298682, 0.08308931185944363, 0.08363836017569547, 0.09105051244509517, 0.09031844802342606, 0.095900439238653, 0.0899524158125915, 0.08784773060029283, 0.09288067349926793, 0.08382137628111273, 0.0841874084919473, 0.09342972181551977, 0.08565153733528551, 0.08848828696925329, 0.08867130307467057, 0.08409590043923865, 0.09407027818448023, 0.0911420204978038, 0.001973142386530015, 0.0005318905563689605, 0.002733803074670571, 0.04259699853587116, 0.04172767203513909, 0.043329062957540264, 0.04250549048316252, 0.04447291361639824, 0.04410688140556369, 0.04250549048316252, 0.04154465592972181, 0.04259699853587116, 0.04378660322108346, 0.043146046852122984, 0.04355783308931186, 0.04113286969253294, 0.04108711566617863, 0.04163616398243045, 0.04278001464128843, 0.042322474377745244, 0.042917276720351394, 0.044427159590043924, 0.04355783308931186, 0.04213945827232796, 0.04136163982430454, 0.042917276720351394, 0.0446101756954612, 0.04310029282576867, 0.04419838945827233, 0.04209370424597365, 0.04328330893118595, 0.044427159590043924, 0.04447291361639824, 0.04387811127379209, 0.044427159590043924, 0.04236822840409956, 0.0424597364568082, 0.04204795021961932, 0.04296303074670571, 0.04195644216691069, 0.04438140556368961, 0.043420571010248904, 0.04250549048316252, 0.042230966325036604, 0.04337481698389458, 0.04360358711566618, 0.042642752562225474, 0.042642752562225474, 0.04172767203513909, 0.042642752562225474, 0.04241398243045388, 0.04296303074670571, 0.043329062957540264, 0.04497620790629575, 0.043146046852122984, 0.04296303074670571, 0.0414989019033675, 0.04479319180087848, 0.0455710102489019, 0.04419838945827233, 0.04456442166910688, 0.0426885065885798, 0.04387811127379209, 0.04351207906295754, 0.04209370424597365, 0.04319180087847731, 0.04287152269399707, 0.043740849194729134, 0.04250549048316252, 0.044244143484626644, 0.04378660322108346, 0.043329062957540264, 0.04117862371888726, 0.04227672035139092, 0.04300878477306003, 0.04415263543191801, 0.04474743777452416, 0.04410688140556369, 0.04278001464128843, 0.045021961932650074, 0.04058382137628111, 0.0005690657027818448, 0.000280243411420205]}