{"time": [1718.0, 1719.0, 1719.0, 1719.0, 1719.0, 1719.0, 1720.0, 1720.0, 1721.0, 1722.0, 1723.0, 1723.0, 1724.0, 1725.0, 1726.0, 1727.0, 1727.0, 1728.0, 1729.0, 1729.0, 1730.0, 1731.0, 1732.0, 1732.0, 1733.0, 1734.0, 1735.0, 1736.0, 1737.0, 1738.0, 1739.0, 1739.0, 1740.0, 1741.0, 1742.0, 1743.0, 1744.0, 1745.0, 1746.0, 1747.0, 1748.0, 1749.0, 1750.0, 1751.0, 1752.0, 1753.0, 1754.0, 1755.0, 1756.0, 1757.0, 1758.0, 1759.0, 1760.0, 1761.0, 1762.0, 1763.0, 1764.0, 1765.0, 1766.0, 1767.0, 1768.0, 1769.0, 1770.0, 1771.0, 1772.0, 1773.0, 1774.0, 1775.0, 1776.0, 1777.0, 1778.0, 1779.0, 1780.0, 1781.0, 1782.0, 1783.0, 1784.0, 1785.0, 1786.0, 1787.0, 1788.0, 1789.0, 1790.0, 1791.0, 1792.0, 1793.0, 1794.0, 1795.0, 1796.0, 1797.0, 1798.0, 1799.0, 1800.0, 1800.0, 1800.0, 1800.0], "avg_cpu": [0.01802289603960396, 0.25742574257425743, 0.2660891089108911, 0.24422442244224424, 0.2495874587458746, 0.31724422442244227, 0.26897689768976896, 0.2607260726072607, 0.3325082508250825, 0.3584983498349835, 0.34405940594059403, 0.40222772277227725, 0.3741749174917492, 0.3712871287128713, 0.36221122112211224, 0.3589108910891089, 0.43234323432343236, 0.4471947194719472, 0.45544554455445546, 0.5561056105610561, 0.4777227722772277, 0.485973597359736, 0.5907590759075908, 0.5825082508250825, 0.5495049504950495, 0.5734323432343235, 0.5585808580858086, 0.5255775577557755, 0.6089108910891089, 0.5420792079207921, 0.5107260726072608, 0.6064356435643564, 0.5684818481848185, 0.5676567656765676, 0.5635313531353136, 0.5973597359735974, 0.6188118811881188, 0.5957095709570958, 0.5759075907590759, 0.5643564356435643, 0.5701320132013201, 0.6188118811881188, 0.5981848184818482, 0.6006600660066007, 0.6031353135313532, 0.5734323432343235, 0.6031353135313532, 0.5734323432343235, 0.566006600660066, 0.570957095709571, 0.5486798679867987, 0.5544554455445545, 0.5701320132013201, 0.566006600660066, 0.5627062706270627, 0.5693069306930693, 0.570957095709571, 0.5618811881188119, 0.5577557755775577, 0.5668316831683168, 0.5594059405940595, 0.5552805280528053, 0.5602310231023102, 0.5701320132013201, 0.5536303630363036, 0.5775577557755776, 0.58003300330033, 0.5825082508250825, 0.5841584158415841, 0.6105610561056105, 0.5726072607260726, 0.5816831683168316, 0.5841584158415841, 0.5841584158415841, 0.5816831683168316, 0.6006600660066007, 0.566006600660066, 0.5948844884488449, 0.599009900990099, 0.5676567656765676, 0.6155115511551155, 0.5924092409240924, 0.5610561056105611, 0.556930693069307, 0.551980198019802, 0.6072607260726073, 0.5981848184818482, 0.5717821782178217, 0.5676567656765676, 0.5618811881188119, 0.5742574257425742, 0.5602310231023102, 0.2677392739273927, 0.000578524649339934, 0.0008669812293729373, 0.000496338696369637], "avg_mem": [0.005193081991215227, 0.00945964494875549, 0.009310944363103953, 0.008819088579795022, 0.008556002928257686, 0.008430179355783309, 0.008899158125915081, 0.00892203513909224, 0.008761896046852123, 0.008853404099560761, 0.008658949487554905, 0.008693265007320644, 0.008899158125915081, 0.008739019033674963, 0.0088877196193265, 0.00838442532942899, 0.008601756954612006, 0.008636072474377745, 0.009059297218155198, 0.008773334553440702, 0.008658949487554905, 0.008658949487554905, 0.008761896046852123, 0.008681826500732064, 0.008773334553440702, 0.008739019033674963, 0.008578879941434846, 0.008636072474377745, 0.008853404099560761, 0.008681826500732064, 0.008784773060029283, 0.00893347364568082, 0.008841965592972182, 0.008739019033674963, 0.008956350658857979, 0.00891059663250366, 0.008750457540263544, 0.008796211566617862, 0.008670387994143484, 0.008636072474377745, 0.008784773060029283, 0.009070735724743777, 0.00899066617862372, 0.009024981698389459, 0.008716142020497804, 0.008956350658857979, 0.00886484260614934, 0.0089449121522694, 0.008658949487554905, 0.008773334553440702, 0.008739019033674963, 0.00899066617862372, 0.00891059663250366, 0.008807650073206443, 0.008796211566617862, 0.008841965592972182, 0.00891059663250366, 0.008773334553440702, 0.008773334553440702, 0.009105051244509516, 0.008807650073206443, 0.008716142020497804, 0.00891059663250366, 0.009036420204978038, 0.008841965592972182, 0.00886484260614934, 0.00893347364568082, 0.008761896046852123, 0.009230874816983894, 0.008681826500732064, 0.008899158125915081, 0.008841965592972182, 0.008750457540263544, 0.00886484260614934, 0.008899158125915081, 0.008899158125915081, 0.009047858711566617, 0.009310944363103953, 0.008830527086383601, 0.00899066617862372, 0.008773334553440702, 0.009173682284040996, 0.009814238653001465, 0.009619784040995607, 0.00892203513909224, 0.008830527086383601, 0.00891059663250366, 0.008876281112737921, 0.008853404099560761, 0.008693265007320644, 0.00899066617862372, 0.00893347364568082, 0.0078696925329429, 0.006519948755490483, 9.436767935578331e-05, 7.149066617862372e-05]}