{"time": [530.0, 530.0, 530.0, 531.0, 531.0, 532.0, 533.0, 534.0, 535.0, 536.0, 537.0, 538.0, 539.0, 540.0, 540.0, 541.0, 542.0, 543.0, 544.0, 545.0, 546.0, 547.0, 548.0, 549.0, 550.0, 551.0, 552.0, 553.0, 554.0, 555.0, 556.0, 556.0, 557.0, 558.0, 559.0, 560.0, 561.0, 562.0, 563.0, 564.0, 565.0, 566.0, 567.0, 568.0, 569.0, 570.0, 571.0, 571.0, 572.0, 572.0, 572.0, 578.0, 579.0, 580.0, 581.0, 582.0, 583.0, 584.0, 585.0, 586.0, 587.0, 588.0, 589.0, 590.0, 591.0, 592.0, 593.0, 594.0, 595.0, 596.0, 597.0, 598.0, 599.0, 600.0, 601.0, 602.0, 603.0, 604.0, 605.0, 606.0, 607.0, 608.0, 609.0, 610.0, 611.0, 612.0, 613.0, 614.0, 615.0, 616.0, 617.0, 618.0, 619.0, 620.0, 621.0, 622.0, 623.0, 624.0, 625.0, 626.0, 627.0, 628.0, 629.0, 630.0, 631.0, 632.0, 633.0, 634.0, 635.0, 636.0, 637.0, 638.0, 639.0, 640.0, 641.0, 642.0, 643.0, 644.0, 645.0, 646.0, 647.0, 648.0, 649.0, 650.0, 651.0, 652.0, 653.0, 653.0, 653.0, 653.0], "avg_cpu": [0.28506600660066006, 0.5635313531353136, 0.5816831683168316, 0.5396039603960396, 0.5577557755775577, 0.5792079207920792, 0.5734323432343235, 0.5792079207920792, 0.5668316831683168, 0.5594059405940595, 0.5453795379537953, 0.5866336633663366, 0.5882838283828383, 0.5948844884488449, 0.5932343234323433, 0.5635313531353136, 0.5750825082508251, 0.570957095709571, 0.5907590759075908, 0.5866336633663366, 0.594059405940594, 0.5915841584158416, 0.584983498349835, 0.5957095709570958, 0.5973597359735974, 0.5635313531353136, 0.5693069306930693, 0.5866336633663366, 0.599009900990099, 0.584983498349835, 0.5792079207920792, 0.613036303630363, 0.551980198019802, 0.6014851485148515, 0.5775577557755776, 0.5585808580858086, 0.6056105610561056, 0.5841584158415841, 0.5767326732673267, 0.5957095709570958, 0.5635313531353136, 0.5907590759075908, 0.5998349834983498, 0.5965346534653465, 0.6064356435643564, 0.6047854785478548, 0.5841584158415841, 0.6295379537953796, 0.5833333333333334, 0.0028201062293729375, 0.0, 0.5082508250825083, 0.6047854785478548, 0.6518151815181518, 0.650990099009901, 0.6336633663366337, 0.6344884488448845, 0.608085808580858, 0.6179867986798679, 0.6196369636963697, 0.6196369636963697, 0.6188118811881188, 0.6452145214521452, 0.6460396039603961, 0.6353135313531353, 0.6468646864686468, 0.6600660066006601, 0.655940594059406, 0.6353135313531353, 0.6229372937293729, 0.6402640264026402, 0.6344884488448845, 0.5957095709570958, 0.6014851485148515, 0.5833333333333334, 0.608085808580858, 0.5816831683168316, 0.5693069306930693, 0.5924092409240924, 0.6221122112211221, 0.6278877887788779, 0.6344884488448845, 0.6221122112211221, 0.6344884488448845, 0.6353135313531353, 0.6435643564356436, 0.6336633663366337, 0.6221122112211221, 0.6394389438943895, 0.6270627062706271, 0.6311881188118812, 0.6452145214521452, 0.6270627062706271, 0.6245874587458746, 0.613036303630363, 0.6287128712871287, 0.6179867986798679, 0.6163366336633663, 0.6047854785478548, 0.6039603960396039, 0.6006600660066007, 0.6122112211221122, 0.6237623762376238, 0.6171617161716172, 0.6212871287128713, 0.6204620462046204, 0.6377887788778878, 0.6303630363036303, 0.6089108910891089, 0.6072607260726073, 0.6155115511551155, 0.6089108910891089, 0.6122112211221122, 0.6287128712871287, 0.6303630363036303, 0.5915841584158416, 0.584983498349835, 0.6163366336633663, 0.6031353135313532, 0.6138613861386139, 0.6105610561056105, 0.6064356435643564, 0.6188118811881188, 0.6056105610561056, 0.6031353135313532, 0.6212871287128713, 0.6278877887788779, 0.5792079207920792, 0.013716996699669966, 0.0], "avg_mem": [0.01340592972181552, 0.0510614934114202, 0.045342240117130304, 0.048316251830161056, 0.04506771595900439, 0.04447291361639824, 0.04465592972181552, 0.043740849194729134, 0.04200219619326501, 0.044335651537335284, 0.04328330893118595, 0.042734260614934114, 0.04346632503660322, 0.044930453879941434, 0.04250549048316252, 0.043329062957540264, 0.04195644216691069, 0.04410688140556369, 0.0436493411420205, 0.04337481698389458, 0.045342240117130304, 0.045021961932650074, 0.04438140556368961, 0.04241398243045388, 0.04378660322108346, 0.043146046852122984, 0.04113286969253294, 0.04410688140556369, 0.04378660322108346, 0.04387811127379209, 0.04328330893118595, 0.04328330893118595, 0.043329062957540264, 0.04415263543191801, 0.04227672035139092, 0.04346632503660322, 0.04305453879941435, 0.04195644216691069, 0.0424597364568082, 0.04287152269399707, 0.0426885065885798, 0.04296303074670571, 0.04479319180087848, 0.044838945827232794, 0.04360358711566618, 0.04227672035139092, 0.04525073206442167, 0.04300878477306003, 0.03728953147877013, 0.0004346632503660322, 0.0002916819180087848, 0.04200219619326501, 0.04415263543191801, 0.047218155197657395, 0.04227672035139092, 0.04337481698389458, 0.04525073206442167, 0.044518667642752564, 0.04204795021961932, 0.042917276720351394, 0.04287152269399707, 0.045021961932650074, 0.04351207906295754, 0.03884516837481698, 0.04227672035139092, 0.046623352855051245, 0.04630307467057101, 0.04470168374816984, 0.04529648609077599, 0.043832357247437774, 0.044244143484626644, 0.04607430453879941, 0.04616581259150805, 0.042825768667642754, 0.04369509516837482, 0.0426885065885798, 0.04319180087847731, 0.04136163982430454, 0.0436493411420205, 0.043923865300146414, 0.043237554904831624, 0.04076683748169839, 0.0455710102489019, 0.04396961932650073, 0.04396961932650073, 0.04360358711566618, 0.04319180087847731, 0.04255124450951684, 0.044427159590043924, 0.043832357247437774, 0.043329062957540264, 0.04396961932650073, 0.04360358711566618, 0.04278001464128843, 0.04305453879941435, 0.043146046852122984, 0.042642752562225474, 0.04369509516837482, 0.04250549048316252, 0.043420571010248904, 0.047218155197657395, 0.04488469985358712, 0.04346632503660322, 0.04351207906295754, 0.04319180087847731, 0.04369509516837482, 0.04346632503660322, 0.044015373352855054, 0.0446101756954612, 0.04241398243045388, 0.04360358711566618, 0.04351207906295754, 0.04479319180087848, 0.04337481698389458, 0.04369509516837482, 0.04305453879941435, 0.04547950219619327, 0.044838945827232794, 0.04337481698389458, 0.044244143484626644, 0.043832357247437774, 0.042917276720351394, 0.04369509516837482, 0.04447291361639824, 0.04415263543191801, 0.04694363103953148, 0.04209370424597365, 0.05069546120058565, 0.0007320644216691069, 0.0004403825036603221]}