{"time": [526.0, 527.0, 527.0, 527.0, 527.0, 551.0, 552.0, 553.0, 554.0, 555.0, 556.0, 556.0, 557.0, 558.0, 559.0, 560.0, 561.0, 562.0, 563.0, 564.0, 565.0, 566.0, 567.0, 568.0, 569.0, 570.0, 571.0, 571.0, 572.0, 572.0, 572.0, 576.0, 577.0, 578.0, 579.0, 580.0, 581.0, 582.0, 583.0, 584.0, 585.0, 586.0, 587.0, 588.0, 589.0, 590.0, 591.0, 592.0, 593.0, 594.0, 595.0, 596.0, 597.0, 598.0, 599.0, 600.0, 601.0, 602.0, 603.0, 604.0, 605.0, 606.0, 607.0, 608.0, 609.0, 610.0, 611.0, 612.0, 613.0, 614.0, 615.0, 616.0, 617.0, 618.0, 619.0, 620.0, 621.0, 622.0, 623.0, 624.0, 625.0, 626.0, 627.0, 628.0, 629.0, 630.0, 631.0, 632.0, 633.0, 634.0, 635.0, 636.0, 637.0, 638.0, 639.0, 640.0, 641.0, 642.0, 643.0, 644.0, 645.0, 646.0, 647.0, 648.0, 649.0, 650.0, 651.0, 652.0, 653.0, 653.0, 653.0, 653.0], "avg_cpu": [0.000152587890625, 0.00010395050048828125, 9.918212890625e-05, 0.006927490234375, 0.0, 0.6691419141914191, 0.5577557755775577, 0.5495049504950495, 0.6097359735973598, 0.566006600660066, 0.5453795379537953, 0.6039603960396039, 0.5305280528052805, 0.5338283828382838, 0.5478547854785478, 0.5148514851485149, 0.5363036303630363, 0.5701320132013201, 0.5503300330033003, 0.5684818481848185, 0.5948844884488449, 0.5371287128712872, 0.6171617161716172, 0.6039603960396039, 0.5165016501650165, 0.551980198019802, 0.5412541254125413, 0.6947194719471947, 0.6526402640264026, 0.013020833333333334, 0.0, 0.5297029702970297, 0.5808580858085809, 0.5453795379537953, 0.6394389438943895, 0.5973597359735974, 0.5668316831683168, 0.5181518151815182, 0.5932343234323433, 0.5338283828382838, 0.5486798679867987, 0.5156765676567657, 0.551980198019802, 0.5379537953795379, 0.5552805280528053, 0.5775577557755776, 0.5742574257425742, 0.5486798679867987, 0.5726072607260726, 0.58003300330033, 0.5297029702970297, 0.5544554455445545, 0.5165016501650165, 0.5693069306930693, 0.518976897689769, 0.5635313531353136, 0.5264026402640264, 0.5511551155115512, 0.5693069306930693, 0.5404290429042904, 0.5552805280528053, 0.5016501650165016, 0.5783828382838284, 0.5726072607260726, 0.5132013201320133, 0.5998349834983498, 0.5825082508250825, 0.6287128712871287, 0.5561056105610561, 0.5429042904290429, 0.5998349834983498, 0.6155115511551155, 0.5825082508250825, 0.5932343234323433, 0.6113861386138614, 0.5561056105610561, 0.5255775577557755, 0.5495049504950495, 0.6336633663366337, 0.5528052805280528, 0.6014851485148515, 0.613036303630363, 0.6303630363036303, 0.6592409240924092, 0.6089108910891089, 0.5396039603960396, 0.5833333333333334, 0.584983498349835, 0.5833333333333334, 0.5750825082508251, 0.570957095709571, 0.5668316831683168, 0.556930693069307, 0.5643564356435643, 0.6460396039603961, 0.6229372937293729, 0.6716171617161716, 0.5255775577557755, 0.5602310231023102, 0.5222772277227723, 0.6056105610561056, 0.5693069306930693, 0.5313531353135313, 0.5371287128712872, 0.6072607260726073, 0.4892739273927393, 0.6600660066006601, 0.6534653465346535, 0.6377887788778878, 0.6097359735973598, 0.0, 0.0], "avg_mem": [0.003307342529296875, 0.002307891845703125, 0.00212860107421875, 0.001682281494140625, 0.0002918243408203125, 0.0849194729136164, 0.08903733528550513, 0.08199121522693997, 0.08665812591508053, 0.08903733528550513, 0.08903733528550513, 0.10980966325036604, 0.08757320644216691, 0.08574304538799414, 0.08400439238653001, 0.08546852122986823, 0.0849194729136164, 0.08739019033674963, 0.08912884333821376, 0.09214860907759882, 0.0899524158125915, 0.08592606149341142, 0.08986090775988287, 0.08702415812591507, 0.08885431918008785, 0.08702415812591507, 0.08803074670571011, 0.09718155197657394, 0.053257686676427524, 0.001063781112737921, 0.0007091874084919473, 0.03294289897510981, 0.04758418740849195, 0.04328330893118595, 0.0436493411420205, 0.046028550512445095, 0.0424597364568082, 0.04305453879941435, 0.046440336749633965, 0.044244143484626644, 0.04680636896046852, 0.043420571010248904, 0.04319180087847731, 0.045113469985358715, 0.045113469985358715, 0.04351207906295754, 0.043832357247437774, 0.04296303074670571, 0.0446101756954612, 0.0446101756954612, 0.04241398243045388, 0.045616764275256225, 0.045937042459736455, 0.043420571010248904, 0.043329062957540264, 0.04447291361639824, 0.044335651537335284, 0.043740849194729134, 0.041407393850658857, 0.04195644216691069, 0.044838945827232794, 0.04213945827232796, 0.04296303074670571, 0.042917276720351394, 0.04456442166910688, 0.044244143484626644, 0.04428989751098097, 0.043923865300146414, 0.043740849194729134, 0.042642752562225474, 0.045616764275256225, 0.043237554904831624, 0.04117862371888726, 0.0455710102489019, 0.04497620790629575, 0.04236822840409956, 0.04209370424597365, 0.04428989751098097, 0.042734260614934114, 0.043923865300146414, 0.0426885065885798, 0.04026354319180088, 0.04525073206442167, 0.043832357247437774, 0.04172767203513909, 0.041819180087847733, 0.04305453879941435, 0.040904099560761346, 0.045342240117130304, 0.04415263543191801, 0.043420571010248904, 0.04300878477306003, 0.04287152269399707, 0.043740849194729134, 0.04296303074670571, 0.04287152269399707, 0.04479319180087848, 0.041819180087847733, 0.042642752562225474, 0.04310029282576867, 0.04278001464128843, 0.0446101756954612, 0.0414989019033675, 0.042825768667642754, 0.043832357247437774, 0.04241398243045388, 0.0436493411420205, 0.042825768667642754, 0.051519033674963396, 0.04625732064421669, 0.0006720122620790629, 0.00028882229136163983]}