{"time": [5757.0, 5757.0, 5758.0, 5758.0, 5758.0, 5759.0, 5759.0, 5760.0, 5761.0, 5762.0, 5763.0, 5764.0, 5765.0, 5766.0, 5767.0, 5768.0, 5769.0, 5770.0, 5771.0, 5772.0, 5773.0, 5774.0, 5775.0, 5776.0, 5777.0, 5778.0, 5779.0, 5780.0, 5781.0, 5782.0, 5783.0, 5784.0, 5785.0, 5786.0, 5787.0, 5788.0, 5789.0, 5790.0, 5791.0, 5792.0, 5793.0, 5794.0, 5795.0, 5796.0, 5797.0, 5798.0, 5799.0, 5800.0, 5801.0, 5802.0, 5803.0, 5804.0, 5805.0, 5806.0, 5807.0, 5808.0, 5809.0, 5810.0, 5811.0, 5812.0, 5813.0, 5814.0, 5815.0, 5816.0, 5817.0, 5818.0, 5819.0, 5820.0, 5821.0, 5822.0, 5823.0, 5824.0, 5825.0, 5826.0, 5827.0, 5828.0, 5829.0, 5830.0, 5831.0, 5832.0, 5833.0, 5834.0, 5835.0, 5836.0, 5837.0, 5838.0, 5839.0, 5840.0, 5841.0, 5842.0, 5843.0, 5844.0, 5845.0, 5846.0, 5846.0, 5846.0, 5846.0], "avg_cpu": [0.0353695856873823, 0.2787193973634652, 0.243879472693032, 0.4472693032015066, 0.5188323917137476, 0.4981167608286252, 0.5451977401129944, 0.5480225988700564, 0.5338983050847458, 0.5602636534839924, 0.6346516007532956, 0.5376647834274952, 0.5809792843691148, 0.5800376647834274, 0.6374764595103578, 0.5809792843691148, 0.5546139359698682, 0.6544256120527306, 0.6374764595103578, 0.6054613935969868, 0.591337099811676, 0.5932203389830508, 0.6064030131826742, 0.5951035781544256, 0.596045197740113, 0.6064030131826742, 0.603578154425612, 0.6120527306967984, 0.568738229755179, 0.5772128060263654, 0.5951035781544256, 0.5725047080979284, 0.571563088512241, 0.583804143126177, 0.5772128060263654, 0.5668549905838042, 0.5894538606403014, 0.5630885122410546, 0.6450094161958568, 0.551789077212806, 0.53954802259887, 0.5536723163841808, 0.6139359698681732, 0.5951035781544256, 0.5772128060263654, 0.6789077212806026, 0.556497175141243, 0.556497175141243, 0.5621468926553672, 0.5659133709981168, 0.6054613935969868, 0.6384180790960452, 0.5725047080979284, 0.571563088512241, 0.5706214689265536, 0.571563088512241, 0.5489642184557438, 0.5602636534839924, 0.7128060263653484, 0.6054613935969868, 0.6054613935969868, 0.6064030131826742, 0.5951035781544256, 0.5951035781544256, 0.6308851224105462, 0.5875706214689266, 0.6195856873822976, 0.635593220338983, 0.6101694915254238, 0.620527306967985, 0.6581920903954802, 0.6054613935969868, 0.6337099811676082, 0.6591337099811676, 0.6666666666666666, 0.6779661016949152, 0.6412429378531074, 0.6261770244821092, 0.6412429378531074, 0.6770244821092278, 0.6807909604519774, 0.6365348399246704, 0.6666666666666666, 0.6412429378531074, 0.6374764595103578, 0.6101694915254238, 0.5951035781544256, 0.6506591337099812, 0.6581920903954802, 0.6242937853107344, 0.6073446327683616, 0.6384180790960452, 0.5470809792843692, 0.0008938029661016949, 0.0068340983992467045, 0.0034170491996233523, 0.0034170491996233523], "avg_mem": [0.012353587115666179, 0.015625, 0.01507595168374817, 0.015579245973645682, 0.015464860907759883, 0.015304721815519767, 0.01608254026354319, 0.016036786237188873, 0.016105417276720352, 0.016425695461200585, 0.01608254026354319, 0.015853770131771597, 0.01617404831625183, 0.01578513909224012, 0.016494326500732064, 0.01608254026354319, 0.01567075402635432, 0.01569363103953148, 0.01578513909224012, 0.016265556368960467, 0.015922401171303075, 0.01624267935578331, 0.016585834553440704, 0.01617404831625183, 0.016059663250366032, 0.016105417276720352, 0.01612829428989751, 0.01688323572474378, 0.01617404831625183, 0.01679172767203514, 0.01633418740849195, 0.015922401171303075, 0.016654465592972182, 0.01621980234260615, 0.01619692532942899, 0.015922401171303075, 0.01564787701317716, 0.016379941434846265, 0.01683748169838946, 0.015853770131771597, 0.01621980234260615, 0.01578513909224012, 0.01624267935578331, 0.015945278184480233, 0.016059663250366032, 0.01621980234260615, 0.016151171303074672, 0.015968155197657395, 0.016814604685212297, 0.016311310395314787, 0.01679172767203514, 0.016471449487554905, 0.016448572474377744, 0.016402818448023427, 0.016311310395314787, 0.016265556368960467, 0.016608711566617862, 0.01612829428989751, 0.01617404831625183, 0.015968155197657395, 0.016059663250366032, 0.016379941434846265, 0.016654465592972182, 0.01617404831625183, 0.01621980234260615, 0.015876647144948755, 0.016059663250366032, 0.015762262079062957, 0.01621980234260615, 0.01608254026354319, 0.015968155197657395, 0.016951866764275257, 0.01608254026354319, 0.016471449487554905, 0.016402818448023427, 0.015853770131771597, 0.01672309663250366, 0.016059663250366032, 0.015991032210834553, 0.01612829428989751, 0.016357064421669107, 0.01619692532942899, 0.016425695461200585, 0.016311310395314787, 0.01619692532942899, 0.01628843338213763, 0.016906112737920937, 0.016517203513909225, 0.016036786237188873, 0.016448572474377744, 0.01619692532942899, 0.016540080527086384, 0.016105417276720352, 0.012467972181551977, 0.012147693997071742, 0.012147693997071742, 0.00012582357247437775]}