{"time": [560.0, 561.0, 562.0, 563.0, 564.0, 565.0, 566.0, 567.0, 568.0, 569.0, 570.0, 571.0, 572.0, 572.0, 572.0, 572.0, 587.0, 588.0, 589.0, 590.0, 591.0, 592.0, 593.0, 594.0, 595.0, 596.0, 597.0, 598.0, 599.0, 600.0, 601.0, 602.0, 603.0, 604.0, 605.0, 606.0, 607.0, 608.0, 609.0, 610.0, 611.0, 612.0, 613.0, 614.0, 615.0, 616.0, 616.0, 617.0, 618.0, 619.0, 620.0, 621.0, 622.0, 623.0, 624.0, 625.0, 626.0, 627.0, 628.0, 629.0, 630.0, 631.0, 632.0, 633.0, 634.0, 635.0, 636.0, 637.0, 638.0, 639.0, 640.0, 641.0, 642.0, 643.0, 644.0, 645.0, 646.0, 647.0, 648.0, 649.0, 650.0, 651.0, 652.0, 653.0, 653.0, 653.0, 653.0], "avg_cpu": [0.10967630853994491, 0.518595041322314, 0.4758953168044077, 0.5681818181818182, 0.4972451790633609, 0.5013774104683195, 0.45798898071625344, 0.4800275482093664, 0.4393939393939394, 0.493801652892562, 0.4573002754820937, 0.48829201101928377, 0.6460055096418733, 0.6825068870523416, 0.48622589531680444, 0.0, 0.7912541254125413, 0.5816831683168316, 0.566006600660066, 0.6394389438943895, 0.6163366336633663, 0.6353135313531353, 0.594059405940594, 0.6303630363036303, 0.5833333333333334, 0.6443894389438944, 0.6163366336633663, 0.6105610561056105, 0.5536303630363036, 0.6146864686468647, 0.5808580858085809, 0.5783828382838284, 0.5783828382838284, 0.570957095709571, 0.5528052805280528, 0.5495049504950495, 0.566006600660066, 0.5602310231023102, 0.5618811881188119, 0.5437293729372937, 0.5165016501650165, 0.570957095709571, 0.5651815181518152, 0.5717821782178217, 0.5404290429042904, 0.5313531353135313, 0.5915841584158416, 0.6212871287128713, 0.6402640264026402, 0.6270627062706271, 0.608085808580858, 0.6056105610561056, 0.594059405940594, 0.608085808580858, 0.6196369636963697, 0.6295379537953796, 0.6344884488448845, 0.6254125412541254, 0.6064356435643564, 0.6047854785478548, 0.5981848184818482, 0.6089108910891089, 0.6493399339933993, 0.6262376237623762, 0.6798679867986799, 0.641914191419142, 0.6163366336633663, 0.6212871287128713, 0.6254125412541254, 0.6146864686468647, 0.6831683168316832, 0.6542904290429042, 0.6014851485148515, 0.6023102310231023, 0.6014851485148515, 0.641914191419142, 0.6155115511551155, 0.5808580858085809, 0.6575907590759076, 0.5759075907590759, 0.6212871287128713, 0.6097359735973598, 0.6344884488448845, 0.5825082508250825, 0.5924092409240924, 8.70204207920792e-05, 0.0], "avg_mem": [0.0038833729868228404, 0.023746339677891654, 0.02063506588579795, 0.022053440702781844, 0.02129849926793558, 0.021961932650073207, 0.021550146412884334, 0.021046852122986823, 0.02168740849194729, 0.02177891654465593, 0.02052068081991215, 0.022556734992679357, 0.021618777452415812, 0.019948755490483163, 0.0007735290080527087, 0.0002673750915080527, 0.04387811127379209, 0.04410688140556369, 0.04346632503660322, 0.04570827232796486, 0.045021961932650074, 0.04355783308931186, 0.04415263543191801, 0.04351207906295754, 0.04213945827232796, 0.04227672035139092, 0.04438140556368961, 0.04296303074670571, 0.040812591508052706, 0.04506771595900439, 0.043740849194729134, 0.04154465592972181, 0.04305453879941435, 0.04177342606149341, 0.04117862371888726, 0.04319180087847731, 0.04287152269399707, 0.0414989019033675, 0.04337481698389458, 0.042825768667642754, 0.042230966325036604, 0.04625732064421669, 0.04241398243045388, 0.04191068814055637, 0.04447291361639824, 0.04305453879941435, 0.04959736456808199, 0.048133235724743775, 0.04204795021961932, 0.04406112737920937, 0.04497620790629575, 0.04438140556368961, 0.04351207906295754, 0.04570827232796486, 0.042230966325036604, 0.04328330893118595, 0.04328330893118595, 0.04351207906295754, 0.04465592972181552, 0.04172767203513909, 0.044518667642752564, 0.04456442166910688, 0.045616764275256225, 0.04300878477306003, 0.04566251830161054, 0.0446101756954612, 0.0457997803806735, 0.04287152269399707, 0.046440336749633965, 0.042917276720351394, 0.043923865300146414, 0.04387811127379209, 0.0455710102489019, 0.044427159590043924, 0.043740849194729134, 0.04479319180087848, 0.043329062957540264, 0.043832357247437774, 0.04319180087847731, 0.043923865300146414, 0.04396961932650073, 0.044244143484626644, 0.04337481698389458, 0.039989019033674966, 0.04136163982430454, 0.000617679355783309, 0.00035459370424597366]}