{"time": [530.0, 530.0, 531.0, 531.0, 532.0, 533.0, 534.0, 535.0, 536.0, 537.0, 538.0, 539.0, 540.0, 540.0, 541.0, 542.0, 543.0, 544.0, 545.0, 546.0, 547.0, 548.0, 549.0, 550.0, 551.0, 552.0, 553.0, 554.0, 555.0, 556.0, 556.0, 557.0, 558.0, 559.0, 560.0, 561.0, 562.0, 563.0, 564.0, 565.0, 566.0, 567.0, 568.0, 569.0, 570.0, 571.0, 571.0, 571.0, 571.0, 578.0, 579.0, 580.0, 581.0, 582.0, 583.0, 584.0, 585.0, 586.0, 587.0, 588.0, 589.0, 590.0, 591.0, 592.0, 593.0, 594.0, 595.0, 596.0, 597.0, 598.0, 599.0, 600.0, 601.0, 602.0, 603.0, 604.0, 605.0, 606.0, 607.0, 608.0, 609.0, 610.0, 611.0, 612.0, 613.0, 614.0, 615.0, 616.0, 617.0, 618.0, 619.0, 620.0, 621.0, 622.0, 623.0, 624.0, 625.0, 626.0, 627.0, 628.0, 629.0, 630.0, 631.0, 632.0, 633.0, 634.0, 635.0, 636.0, 637.0, 638.0, 639.0, 640.0, 641.0, 642.0, 643.0, 644.0, 645.0, 646.0, 647.0, 648.0, 649.0, 650.0, 651.0, 652.0, 653.0, 653.0, 653.0, 653.0], "avg_cpu": [0.1841996699669967, 0.5924092409240924, 0.58003300330033, 0.5734323432343235, 0.5833333333333334, 0.5767326732673267, 0.5684818481848185, 0.5717821782178217, 0.5602310231023102, 0.5602310231023102, 0.551980198019802, 0.5412541254125413, 0.6097359735973598, 0.5924092409240924, 0.5577557755775577, 0.5602310231023102, 0.5668316831683168, 0.5536303630363036, 0.5651815181518152, 0.5511551155115512, 0.5470297029702971, 0.5684818481848185, 0.5536303630363036, 0.5594059405940595, 0.5577557755775577, 0.556930693069307, 0.556930693069307, 0.5486798679867987, 0.5627062706270627, 0.5552805280528053, 0.6138613861386139, 0.5701320132013201, 0.5750825082508251, 0.5808580858085809, 0.5717821782178217, 0.5866336633663366, 0.5742574257425742, 0.5833333333333334, 0.5684818481848185, 0.5808580858085809, 0.5742574257425742, 0.5602310231023102, 0.5528052805280528, 0.5643564356435643, 0.5701320132013201, 0.5866336633663366, 0.5676567656765676, 0.0002884565800330033, 0.0, 0.008341068481848185, 0.5198019801980198, 0.5165016501650165, 0.5338283828382838, 0.5198019801980198, 0.5272277227722773, 0.5346534653465347, 0.5511551155115512, 0.5371287128712872, 0.5181518151815182, 0.5420792079207921, 0.5412541254125413, 0.5305280528052805, 0.5206270627062707, 0.5181518151815182, 0.5198019801980198, 0.5206270627062707, 0.5404290429042904, 0.551980198019802, 0.5181518151815182, 0.5363036303630363, 0.5338283828382838, 0.5387788778877888, 0.5024752475247525, 0.5750825082508251, 0.5651815181518152, 0.5198019801980198, 0.5272277227722773, 0.5206270627062707, 0.5214521452145214, 0.5148514851485149, 0.5379537953795379, 0.5024752475247525, 0.5041254125412541, 0.4867986798679868, 0.5156765676567657, 0.5635313531353136, 0.5387788778877888, 0.5313531353135313, 0.5, 0.49834983498349833, 0.4975247524752475, 0.49504950495049505, 0.5445544554455446, 0.5181518151815182, 0.5082508250825083, 0.5173267326732673, 0.5214521452145214, 0.5288778877887789, 0.5239273927392739, 0.5255775577557755, 0.5404290429042904, 0.5470297029702971, 0.49504950495049505, 0.5676567656765676, 0.5668316831683168, 0.5635313531353136, 0.5132013201320133, 0.5156765676567657, 0.5313531353135313, 0.5354785478547854, 0.5214521452145214, 0.5610561056105611, 0.5734323432343235, 0.5453795379537953, 0.5759075907590759, 0.5338283828382838, 0.5445544554455446, 0.5561056105610561, 0.5239273927392739, 0.5552805280528053, 0.5536303630363036, 0.5305280528052805, 0.5412541254125413, 0.5321782178217822, 0.5462046204620462, 0.5684818481848185, 0.12623762376237624, 0.0], "avg_mem": [0.00945964494875549, 0.05316617862371889, 0.045113469985358715, 0.04547950219619327, 0.04337481698389458, 0.04419838945827233, 0.0410413616398243, 0.042917276720351394, 0.04319180087847731, 0.043420571010248904, 0.04447291361639824, 0.04227672035139092, 0.044335651537335284, 0.040904099560761346, 0.04438140556368961, 0.04351207906295754, 0.04241398243045388, 0.046120058565153735, 0.0426885065885798, 0.04076683748169839, 0.04616581259150805, 0.04428989751098097, 0.0412701317715959, 0.043740849194729134, 0.042322474377745244, 0.040812591508052706, 0.04497620790629575, 0.043146046852122984, 0.042642752562225474, 0.042734260614934114, 0.04204795021961932, 0.04328330893118595, 0.045021961932650074, 0.04547950219619327, 0.0414989019033675, 0.04337481698389458, 0.04465592972181552, 0.04259699853587116, 0.0426885065885798, 0.04406112737920937, 0.04172767203513909, 0.04438140556368961, 0.042734260614934114, 0.04360358711566618, 0.0446101756954612, 0.04474743777452416, 0.04346632503660322, 0.01505307467057101, 0.00035459370424597366, 0.006371248169838946, 0.044930453879941434, 0.04136163982430454, 0.04547950219619327, 0.043329062957540264, 0.04296303074670571, 0.044427159590043924, 0.04122437774524158, 0.044838945827232794, 0.04396961932650073, 0.044930453879941434, 0.04547950219619327, 0.04117862371888726, 0.043420571010248904, 0.04337481698389458, 0.042230966325036604, 0.04497620790629575, 0.04163616398243045, 0.04607430453879941, 0.04250549048316252, 0.042825768667642754, 0.044930453879941434, 0.0410413616398243, 0.0446101756954612, 0.042642752562225474, 0.04287152269399707, 0.04456442166910688, 0.0426885065885798, 0.042825768667642754, 0.0446101756954612, 0.04136163982430454, 0.044335651537335284, 0.042917276720351394, 0.04776720351390922, 0.0424597364568082, 0.043146046852122984, 0.04428989751098097, 0.04072108345534407, 0.045021961932650074, 0.043237554904831624, 0.04589128843338214, 0.04396961932650073, 0.04209370424597365, 0.04447291361639824, 0.04328330893118595, 0.04191068814055637, 0.04520497803806735, 0.03994326500732064, 0.042825768667642754, 0.04154465592972181, 0.04566251830161054, 0.04145314787701318, 0.0426885065885798, 0.04447291361639824, 0.043146046852122984, 0.04428989751098097, 0.04474743777452416, 0.04470168374816984, 0.04419838945827233, 0.041315885797950216, 0.041819180087847733, 0.04296303074670571, 0.04186493411420205, 0.044427159590043924, 0.04218521229868229, 0.04209370424597365, 0.04447291361639824, 0.04058382137628111, 0.045113469985358715, 0.04310029282576867, 0.04255124450951684, 0.04465592972181552, 0.04094985358711566, 0.04319180087847731, 0.042734260614934114, 0.044518667642752564, 0.04639458272327965, 0.0005204520497803807, 0.00034315519765739386]}