{"time": [1718.0, 1719.0, 1719.0, 1719.0, 1719.0, 1719.0, 1720.0, 1720.0, 1721.0, 1722.0, 1722.0, 1723.0, 1724.0, 1725.0, 1725.0, 1726.0, 1727.0, 1728.0, 1728.0, 1729.0, 1730.0, 1731.0, 1731.0, 1732.0, 1733.0, 1734.0, 1735.0, 1736.0, 1737.0, 1738.0, 1738.0, 1739.0, 1740.0, 1741.0, 1742.0, 1743.0, 1744.0, 1745.0, 1746.0, 1747.0, 1748.0, 1749.0, 1750.0, 1751.0, 1752.0, 1753.0, 1754.0, 1755.0, 1756.0, 1757.0, 1758.0, 1759.0, 1760.0, 1761.0, 1762.0, 1763.0, 1764.0, 1765.0, 1766.0, 1767.0, 1768.0, 1769.0, 1770.0, 1771.0, 1772.0, 1773.0, 1774.0, 1775.0, 1776.0, 1777.0, 1778.0, 1779.0, 1780.0, 1781.0, 1782.0, 1783.0, 1784.0, 1785.0, 1786.0, 1787.0, 1788.0, 1789.0, 1790.0, 1791.0, 1792.0, 1793.0, 1794.0, 1795.0, 1796.0, 1797.0, 1798.0, 1799.0, 1800.0, 1800.0, 1800.0, 1800.0], "avg_cpu": [0.13263201320132012, 0.32755775577557755, 0.3259075907590759, 0.3023927392739274, 0.3803630363036304, 0.3362211221122112, 0.31683168316831684, 0.3015676567656766, 0.3296204620462046, 0.3056930693069307, 0.37706270627062705, 0.36922442244224424, 0.3844884488448845, 0.4113036303630363, 0.49834983498349833, 0.46947194719471946, 0.5313531353135313, 0.5206270627062707, 0.5561056105610561, 0.5511551155115512, 0.5734323432343235, 0.5643564356435643, 0.5470297029702971, 0.5321782178217822, 0.5338283828382838, 0.5734323432343235, 0.5264026402640264, 0.5602310231023102, 0.5561056105610561, 0.6485148514851485, 0.6328382838283828, 0.5668316831683168, 0.6138613861386139, 0.5759075907590759, 0.6988448844884488, 0.6138613861386139, 0.5750825082508251, 0.6245874587458746, 0.6196369636963697, 0.5899339933993399, 0.6881188118811881, 0.6262376237623762, 0.5924092409240924, 0.5808580858085809, 0.6047854785478548, 0.6089108910891089, 0.5973597359735974, 0.6204620462046204, 0.6320132013201321, 0.6072607260726073, 0.551980198019802, 0.5874587458745875, 0.5775577557755776, 0.5643564356435643, 0.594059405940594, 0.6097359735973598, 0.5651815181518152, 0.6122112211221122, 0.6072607260726073, 0.5998349834983498, 0.5874587458745875, 0.5882838283828383, 0.5717821782178217, 0.570957095709571, 0.5511551155115512, 0.5726072607260726, 0.5899339933993399, 0.6014851485148515, 0.5651815181518152, 0.6212871287128713, 0.5882838283828383, 0.6485148514851485, 0.6237623762376238, 0.6072607260726073, 0.5792079207920792, 0.6254125412541254, 0.6146864686468647, 0.6773927392739274, 0.6551155115511551, 0.5981848184818482, 0.6229372937293729, 0.5684818481848185, 0.5643564356435643, 0.5684818481848185, 0.6039603960396039, 0.6237623762376238, 0.6064356435643564, 0.5841584158415841, 0.570957095709571, 0.5948844884488449, 0.5891089108910891, 0.6542904290429042, 0.3188943894389439, 0.0008669812293729373, 0.00043349061468646863, 0.0008669812293729373], "avg_mem": [0.007137628111273792, 0.009722730600292826, 0.008830527086383601, 0.008578879941434846, 0.008716142020497804, 0.008327232796486091, 0.008670387994143484, 0.008601756954612006, 0.008727580527086384, 0.009059297218155198, 0.008624633967789166, 0.008658949487554905, 0.008487371888726208, 0.008830527086383601, 0.008624633967789166, 0.008773334553440702, 0.008807650073206443, 0.008830527086383601, 0.008773334553440702, 0.008773334553440702, 0.008841965592972182, 0.008899158125915081, 0.008658949487554905, 0.008784773060029283, 0.008876281112737921, 0.008750457540263544, 0.008693265007320644, 0.00896778916544656, 0.008670387994143484, 0.008658949487554905, 0.008739019033674963, 0.00886484260614934, 0.008750457540263544, 0.008658949487554905, 0.00893347364568082, 0.008750457540263544, 0.0088877196193265, 0.008853404099560761, 0.008784773060029283, 0.008841965592972182, 0.008899158125915081, 0.008830527086383601, 0.008704703513909224, 0.009036420204978038, 0.008853404099560761, 0.008750457540263544, 0.008796211566617862, 0.008899158125915081, 0.009791361639824305, 0.008784773060029283, 0.00892203513909224, 0.009905746705710103, 0.00886484260614934, 0.009024981698389459, 0.008796211566617862, 0.008784773060029283, 0.009002104685212299, 0.008979227672035139, 0.008841965592972182, 0.008796211566617862, 0.0089449121522694, 0.00891059663250366, 0.008819088579795022, 0.008841965592972182, 0.008899158125915081, 0.00891059663250366, 0.008784773060029283, 0.008956350658857979, 0.00893347364568082, 0.008750457540263544, 0.008739019033674963, 0.008704703513909224, 0.008899158125915081, 0.009173682284040996, 0.00886484260614934, 0.00891059663250366, 0.009379575402635431, 0.008796211566617862, 0.008899158125915081, 0.008841965592972182, 0.009837115666178623, 0.008716142020497804, 0.008716142020497804, 0.008830527086383601, 0.008773334553440702, 0.009024981698389459, 0.008841965592972182, 0.009036420204978038, 0.008819088579795022, 0.00892203513909224, 0.008956350658857979, 0.008853404099560761, 0.008189970717423133, 0.007068997071742313, 0.007057558565153734, 0.0012439375915080527]}