{"time": [1718.0, 1719.0, 1719.0, 1719.0, 1720.0, 1721.0, 1721.0, 1722.0, 1723.0, 1723.0, 1724.0, 1725.0, 1726.0, 1726.0, 1727.0, 1728.0, 1728.0, 1729.0, 1730.0, 1731.0, 1731.0, 1732.0, 1733.0, 1734.0, 1735.0, 1736.0, 1737.0, 1738.0, 1738.0, 1739.0, 1740.0, 1741.0, 1742.0, 1743.0, 1744.0, 1745.0, 1746.0, 1747.0, 1748.0, 1749.0, 1750.0, 1751.0, 1752.0, 1753.0, 1754.0, 1755.0, 1756.0, 1757.0, 1758.0, 1759.0, 1760.0, 1761.0, 1762.0, 1763.0, 1764.0, 1765.0, 1766.0, 1767.0, 1768.0, 1769.0, 1770.0, 1771.0, 1772.0, 1773.0, 1774.0, 1775.0, 1776.0, 1777.0, 1778.0, 1779.0, 1780.0, 1781.0, 1782.0, 1783.0, 1784.0, 1785.0, 1786.0, 1787.0, 1788.0, 1789.0, 1790.0, 1791.0, 1792.0, 1793.0, 1794.0, 1795.0, 1796.0, 1797.0, 1798.0, 1799.0, 1800.0, 1800.0, 1800.0, 1800.0], "avg_cpu": [0.05796204620462046, 0.21864686468646866, 0.16254125412541254, 0.183993399339934, 0.1870874587458746, 0.2007013201320132, 0.31724422442244227, 0.257013201320132, 0.2615511551155115, 0.3712871287128713, 0.3642739273927393, 0.3655115511551155, 0.3741749174917492, 0.4414191419141914, 0.45627062706270627, 0.48514851485148514, 0.504950495049505, 0.48102310231023104, 0.5247524752475248, 0.5478547854785478, 0.5816831683168316, 0.5297029702970297, 0.5618811881188119, 0.5429042904290429, 0.5528052805280528, 0.5610561056105611, 0.5783828382838284, 0.528052805280528, 0.6427392739273927, 0.5948844884488449, 0.5585808580858086, 0.6146864686468647, 0.6666666666666666, 0.6113861386138614, 0.608085808580858, 0.5891089108910891, 0.5783828382838284, 0.5750825082508251, 0.6179867986798679, 0.5882838283828383, 0.5882838283828383, 0.6179867986798679, 0.6072607260726073, 0.5684818481848185, 0.5915841584158416, 0.5965346534653465, 0.5618811881188119, 0.556930693069307, 0.5486798679867987, 0.5585808580858086, 0.566006600660066, 0.570957095709571, 0.5816831683168316, 0.5668316831683168, 0.5874587458745875, 0.5948844884488449, 0.6163366336633663, 0.599009900990099, 0.5998349834983498, 0.6138613861386139, 0.566006600660066, 0.5858085808580858, 0.5643564356435643, 0.5767326732673267, 0.6113861386138614, 0.6064356435643564, 0.5981848184818482, 0.5775577557755776, 0.6204620462046204, 0.594059405940594, 0.5610561056105611, 0.5924092409240924, 0.5734323432343235, 0.5882838283828383, 0.5668316831683168, 0.5891089108910891, 0.5594059405940595, 0.5825082508250825, 0.5701320132013201, 0.5833333333333334, 0.5701320132013201, 0.5775577557755776, 0.5808580858085809, 0.6476897689768977, 0.6163366336633663, 0.5816831683168316, 0.5858085808580858, 0.5767326732673267, 0.5808580858085809, 0.608085808580858, 0.31064356435643564, 0.000578524649339934, 0.006072091584158416, 0.00043349061468646863], "avg_mem": [0.006256863103953148, 0.009711292093704246, 0.008807650073206443, 0.008167093704245974, 0.008292917276720352, 0.008716142020497804, 0.008475933382137629, 0.008510248901903368, 0.008453056368960469, 0.008578879941434846, 0.008693265007320644, 0.008807650073206443, 0.008899158125915081, 0.00896778916544656, 0.008521687408491947, 0.008681826500732064, 0.008693265007320644, 0.008727580527086384, 0.008636072474377745, 0.009082174231332358, 0.008658949487554905, 0.0089449121522694, 0.008807650073206443, 0.00899066617862372, 0.008979227672035139, 0.008739019033674963, 0.008693265007320644, 0.008739019033674963, 0.008693265007320644, 0.008899158125915081, 0.008830527086383601, 0.008807650073206443, 0.008761896046852123, 0.008819088579795022, 0.008693265007320644, 0.00893347364568082, 0.008899158125915081, 0.008658949487554905, 0.008899158125915081, 0.009002104685212299, 0.008750457540263544, 0.008761896046852123, 0.008773334553440702, 0.0088877196193265, 0.008693265007320644, 0.008796211566617862, 0.008750457540263544, 0.008841965592972182, 0.009024981698389459, 0.009047858711566617, 0.0088877196193265, 0.00892203513909224, 0.009013543191800878, 0.008773334553440702, 0.00892203513909224, 0.009070735724743777, 0.008658949487554905, 0.008796211566617862, 0.00893347364568082, 0.009768484626647145, 0.008727580527086384, 0.008761896046852123, 0.008704703513909224, 0.008796211566617862, 0.00893347364568082, 0.008819088579795022, 0.008876281112737921, 0.008750457540263544, 0.008876281112737921, 0.008704703513909224, 0.008739019033674963, 0.009642661054172767, 0.009505398975109809, 0.008979227672035139, 0.009425329428989751, 0.0088877196193265, 0.008899158125915081, 0.008727580527086384, 0.008739019033674963, 0.008796211566617862, 0.008830527086383601, 0.009173682284040996, 0.00891059663250366, 0.009265190336749635, 0.009002104685212299, 0.008841965592972182, 0.008841965592972182, 0.008853404099560761, 0.009047858711566617, 0.009047858711566617, 0.008064147144948755, 0.0066800878477306005, 0.0066686493411420205, 8.006954612005857e-05]}