{"time": [1716.0, 1716.0, 1717.0, 1718.0, 1719.0, 1719.0, 1720.0, 1721.0, 1721.0, 1722.0, 1723.0, 1724.0, 1725.0, 1726.0, 1727.0, 1728.0, 1729.0, 1730.0, 1731.0, 1732.0, 1733.0, 1734.0, 1735.0, 1736.0, 1737.0, 1738.0, 1739.0, 1740.0, 1741.0, 1742.0, 1743.0, 1744.0, 1745.0, 1746.0, 1747.0, 1748.0, 1749.0, 1750.0, 1751.0, 1752.0, 1753.0, 1754.0, 1755.0, 1756.0, 1757.0, 1758.0, 1759.0, 1760.0, 1761.0, 1762.0, 1763.0, 1764.0, 1765.0, 1766.0, 1767.0, 1768.0, 1769.0, 1770.0, 1771.0, 1772.0, 1773.0, 1774.0, 1775.0, 1776.0, 1777.0, 1778.0, 1779.0, 1780.0, 1781.0, 1782.0, 1783.0, 1784.0, 1785.0, 1786.0, 1787.0, 1788.0, 1789.0, 1790.0, 1791.0, 1792.0, 1793.0, 1794.0, 1795.0, 1796.0, 1797.0, 1798.0, 1799.0, 1800.0, 1800.0, 1800.0, 1800.0], "avg_cpu": [0.0, 0.10346045197740113, 0.07015065913370998, 0.2641242937853107, 0.4750470809792844, 0.5169491525423728, 0.4858757062146893, 0.60075329566855, 0.6468926553672316, 0.632768361581921, 0.6299435028248588, 0.5706214689265536, 0.6534839924670434, 0.6026365348399246, 0.6374764595103578, 0.632768361581921, 0.6450094161958568, 0.6167608286252354, 0.6431261770244822, 0.635593220338983, 0.5903954802259888, 0.5536723163841808, 0.6111111111111112, 0.6299435028248588, 0.6421845574387948, 0.660075329566855, 0.6224105461393596, 0.5932203389830508, 0.5612052730696798, 0.623352165725047, 0.6195856873822976, 0.6252354048964218, 0.6299435028248588, 0.6148775894538606, 0.5894538606403014, 0.4806967984934087, 0.5112994350282486, 0.5546139359698682, 0.5668549905838042, 0.5160075329566854, 0.5753295668549906, 0.60075329566855, 0.5668549905838042, 0.5602636534839924, 0.5103578154425612, 0.5009416195856874, 0.519774011299435, 0.5404896421845574, 0.53954802259887, 0.6129943502824858, 0.632768361581921, 0.5376647834274952, 0.5536723163841808, 0.544256120527307, 0.5499058380414312, 0.6101694915254238, 0.5988700564971752, 0.5282485875706214, 0.5018832391713748, 0.5348399246704332, 0.6092278719397364, 0.5932203389830508, 0.5207156308851224, 0.5254237288135594, 0.5216572504708098, 0.512241054613936, 0.5630885122410546, 0.6290018832391714, 0.620527306967985, 0.507532956685499, 0.5009416195856874, 0.559322033898305, 0.6497175141242938, 0.6337099811676082, 0.608286252354049, 0.5847457627118644, 0.6167608286252354, 0.6224105461393596, 0.6421845574387948, 0.6374764595103578, 0.6365348399246704, 0.5998116760828626, 0.6026365348399246, 0.603578154425612, 0.6092278719397364, 0.6092278719397364, 0.6101694915254238, 0.2999058380414313, 0.0034170491996233523, 0.0048846516007532955, 0.0], "avg_mem": [5.719253294289898e-06, 0.01619692532942899, 0.015991032210834553, 0.019331076134699855, 0.02511896046852123, 0.02452415812591508, 0.025164714494875548, 0.0245699121522694, 0.024203879941434848, 0.02402086383601757, 0.024295387994143484, 0.024890190336749635, 0.024249633967789164, 0.024203879941434848, 0.024341142020497804, 0.024112371888726208, 0.024661420204978038, 0.024203879941434848, 0.024112371888726208, 0.02447840409956076, 0.02402086383601757, 0.024386896046852125, 0.0245699121522694, 0.024341142020497804, 0.024661420204978038, 0.024341142020497804, 0.02452415812591508, 0.024386896046852125, 0.024203879941434848, 0.024249633967789164, 0.024112371888726208, 0.024386896046852125, 0.024295387994143484, 0.024661420204978038, 0.024249633967789164, 0.024386896046852125, 0.024386896046852125, 0.024341142020497804, 0.023792093704245974, 0.024158125915080528, 0.02443265007320644, 0.02511896046852123, 0.02388360175695461, 0.02397510980966325, 0.024112371888726208, 0.02392935578330893, 0.024112371888726208, 0.024249633967789164, 0.024249633967789164, 0.02388360175695461, 0.024707174231332358, 0.02392935578330893, 0.024661420204978038, 0.02392935578330893, 0.024615666178623718, 0.02443265007320644, 0.024341142020497804, 0.024158125915080528, 0.02447840409956076, 0.024066617862371888, 0.0245699121522694, 0.024798682284040995, 0.02443265007320644, 0.02392935578330893, 0.024386896046852125, 0.024295387994143484, 0.02443265007320644, 0.024386896046852125, 0.024158125915080528, 0.02402086383601757, 0.02452415812591508, 0.024844436310395315, 0.024112371888726208, 0.024249633967789164, 0.024066617862371888, 0.024295387994143484, 0.024249633967789164, 0.024158125915080528, 0.024295387994143484, 0.024295387994143484, 0.024158125915080528, 0.02452415812591508, 0.02443265007320644, 0.024158125915080528, 0.024112371888726208, 0.024341142020497804, 0.023792093704245974, 0.023197291361639824, 0.020978221083455345, 0.01059205710102489, 0.00016013909224011713]}