{"time": [526.0, 526.0, 526.0, 527.0, 527.0, 527.0, 527.0, 530.0, 530.0, 531.0, 531.0, 532.0, 533.0, 533.0, 533.0, 533.0, 552.0, 552.0, 552.0, 552.0, 552.0, 553.0, 554.0, 555.0, 555.0, 555.0, 555.0, 555.0, 556.0, 556.0, 557.0, 558.0, 559.0, 560.0, 561.0, 562.0, 563.0, 564.0, 565.0, 566.0, 567.0, 568.0, 569.0, 570.0, 571.0, 572.0, 573.0, 574.0, 575.0, 576.0, 577.0, 578.0, 579.0, 580.0, 581.0, 582.0, 583.0, 584.0, 585.0, 586.0, 587.0, 588.0, 589.0, 590.0, 591.0, 592.0, 593.0, 594.0, 595.0, 596.0, 597.0, 598.0, 599.0, 600.0, 601.0, 602.0, 603.0, 604.0, 605.0, 606.0, 607.0, 608.0, 609.0, 610.0, 611.0, 612.0, 613.0, 614.0, 615.0, 616.0, 616.0, 617.0, 618.0, 619.0, 620.0, 621.0, 622.0, 623.0, 624.0, 625.0, 626.0, 627.0, 628.0, 629.0, 630.0, 631.0, 632.0, 633.0, 634.0, 635.0, 636.0, 637.0, 638.0, 639.0, 640.0, 641.0, 642.0, 643.0, 644.0, 645.0, 646.0, 647.0, 648.0, 649.0, 650.0, 651.0, 652.0, 653.0, 654.0, 655.0, 656.0, 657.0, 658.0, 659.0, 660.0, 661.0, 662.0, 663.0, 664.0, 665.0, 666.0, 667.0, 668.0, 669.0, 670.0, 671.0, 672.0, 673.0, 674.0, 675.0, 676.0, 677.0, 678.0, 679.0, 680.0, 681.0, 682.0, 683.0, 684.0, 685.0, 686.0, 687.0, 688.0, 689.0, 690.0, 691.0, 692.0, 693.0, 694.0, 695.0, 696.0, 697.0, 698.0, 699.0, 700.0, 701.0, 702.0, 703.0, 704.0, 705.0, 706.0, 706.0, 707.0, 707.0, 707.0], "avg_cpu": [0.0, 0.0, 0.00019504347451790633, 6.994662534435262e-05, 0.00020580449380165288, 0.010416666666666666, 2.1522038567493114e-05, 0.14979338842975207, 0.2513774104683196, 0.25206611570247933, 0.24173553719008264, 0.25826446280991733, 0.2772038567493113, 0.22933884297520662, 0.021974001377410467, 0.0, 0.19077134986225897, 0.6005509641873278, 0.0, 0.0, 0.07928719008264463, 0.5702479338842975, 0.4869146005509642, 0.4965564738292011, 0.43526170798898073, 0.17837465564738292, 0.0, 0.5057755775577558, 0.608085808580858, 0.6179867986798679, 0.584983498349835, 0.6221122112211221, 0.6171617161716172, 0.6270627062706271, 0.5899339933993399, 0.6138613861386139, 0.6047854785478548, 0.6039603960396039, 0.5915841584158416, 0.5998349834983498, 0.5948844884488449, 0.6039603960396039, 0.5750825082508251, 0.5726072607260726, 0.5825082508250825, 0.6501650165016502, 0.6064356435643564, 0.5973597359735974, 0.5808580858085809, 0.6056105610561056, 0.58003300330033, 0.594059405940594, 0.5866336633663366, 0.5759075907590759, 0.6064356435643564, 0.5783828382838284, 0.5882838283828383, 0.5775577557755776, 0.599009900990099, 0.5684818481848185, 0.599009900990099, 0.5767326732673267, 0.5478547854785478, 0.6443894389438944, 0.6138613861386139, 0.594059405940594, 0.5924092409240924, 0.5915841584158416, 0.5882838283828383, 0.5841584158415841, 0.5816831683168316, 0.5858085808580858, 0.5808580858085809, 0.5635313531353136, 0.5841584158415841, 0.5668316831683168, 0.5585808580858086, 0.5635313531353136, 0.5478547854785478, 0.5635313531353136, 0.5412541254125413, 0.5618811881188119, 0.5478547854785478, 0.5437293729372937, 0.5396039603960396, 0.5429042904290429, 0.5346534653465347, 0.570957095709571, 0.5750825082508251, 0.5462046204620462, 0.6039603960396039, 0.6097359735973598, 0.5998349834983498, 0.6047854785478548, 0.6311881188118812, 0.6014851485148515, 0.608085808580858, 0.6361386138613861, 0.6122112211221122, 0.6113861386138614, 0.6023102310231023, 0.6146864686468647, 0.6188118811881188, 0.6155115511551155, 0.6113861386138614, 0.6336633663366337, 0.6179867986798679, 0.66996699669967, 0.6089108910891089, 0.6072607260726073, 0.6452145214521452, 0.6262376237623762, 0.6138613861386139, 0.6237623762376238, 0.6287128712871287, 0.6270627062706271, 0.6270627062706271, 0.6221122112211221, 0.6146864686468647, 0.636963696369637, 0.6328382838283828, 0.6427392739273927, 0.6526402640264026, 0.6625412541254125, 0.6386138613861386, 0.6485148514851485, 0.6270627062706271, 0.6072607260726073, 0.8275577557755776, 0.6897689768976898, 0.5948844884488449, 0.7054455445544554, 0.6460396039603961, 0.641914191419142, 0.6410891089108911, 0.7235973597359736, 0.650990099009901, 0.6551155115511551, 0.5965346534653465, 0.6641914191419142, 0.6377887788778878, 0.6122112211221122, 0.6311881188118812, 0.5841584158415841, 0.6567656765676567, 0.6229372937293729, 0.608085808580858, 0.6155115511551155, 0.6732673267326733, 0.6353135313531353, 0.6270627062706271, 0.6443894389438944, 0.6179867986798679, 0.6377887788778878, 0.6188118811881188, 0.6204620462046204, 0.6336633663366337, 0.6204620462046204, 0.6410891089108911, 0.6567656765676567, 0.66996699669967, 0.6518151815181518, 0.6097359735973598, 0.641914191419142, 0.6452145214521452, 0.655940594059406, 0.6336633663366337, 0.6617161716171617, 0.6452145214521452, 0.5874587458745875, 0.6113861386138614, 0.6567656765676567, 0.613036303630363, 0.5717821782178217, 0.6221122112211221, 0.5866336633663366, 0.6188118811881188, 0.6303630363036303, 0.6229372937293729, 0.5602310231023102, 0.6320132013201321, 0.6014851485148515, 0.5693069306930693, 0.0, 0.0],