{"time": [3761.0, 3762.0, 3763.0, 3764.0, 3765.0, 3766.0, 3767.0, 3768.0, 3769.0, 3770.0, 3771.0, 3772.0, 3773.0, 3774.0, 3775.0, 3776.0, 3777.0, 3778.0, 3779.0, 3780.0, 3781.0, 3782.0, 3783.0, 3784.0, 3785.0, 3786.0, 3787.0, 3788.0, 3789.0, 3790.0, 3791.0, 3792.0, 3793.0, 3794.0, 3795.0, 3796.0, 3797.0, 3798.0, 3799.0, 3800.0, 3801.0, 3802.0, 3803.0, 3804.0, 3805.0, 3806.0, 3807.0, 3808.0, 3809.0, 3810.0, 3811.0, 3812.0, 3813.0, 3814.0, 3815.0, 3816.0, 3817.0, 3818.0, 3819.0, 3820.0, 3821.0, 3822.0, 3823.0, 3824.0, 3825.0, 3826.0, 3827.0, 3828.0, 3829.0, 3830.0, 3831.0, 3832.0, 3833.0, 3834.0, 3835.0, 3836.0, 3837.0, 3838.0, 3839.0, 3840.0, 3841.0, 3842.0, 3843.0, 3844.0, 3845.0, 3846.0, 3847.0, 3848.0, 3849.0, 3850.0, 3851.0, 3852.0, 3853.0, 3854.0, 3855.0, 3856.0, 3857.0, 3858.0, 3859.0, 3860.0, 3861.0, 3862.0, 3863.0, 3864.0, 3865.0, 3866.0, 3867.0, 3868.0, 3869.0, 3870.0, 3871.0, 3872.0, 3873.0, 3874.0, 3875.0, 3876.0, 3877.0, 3878.0, 3879.0, 3880.0, 3881.0, 3882.0, 3883.0, 3884.0, 3884.0, 3885.0, 3886.0, 3886.0, 3887.0, 3888.0, 3889.0, 3890.0, 3891.0, 3892.0, 3892.0, 3893.0, 3893.0, 3894.0, 3895.0, 3895.0, 3896.0, 3897.0, 3898.0, 3899.0, 3900.0, 3901.0, 3902.0, 3903.0, 3904.0, 3905.0, 3906.0, 3906.0, 3907.0, 3908.0, 3909.0, 3910.0, 3910.0, 3911.0, 3912.0, 3913.0, 3914.0, 3915.0, 3916.0, 3917.0, 3918.0, 3918.0, 3919.0, 3920.0, 3921.0, 3922.0, 3923.0, 3924.0, 3924.0, 3925.0, 3926.0, 3927.0, 3928.0, 3929.0, 3930.0, 3931.0, 3932.0, 3933.0, 3934.0, 3935.0, 3935.0, 3936.0, 3937.0, 3938.0, 3939.0, 3940.0, 3941.0, 3942.0, 3943.0, 3944.0, 3945.0, 3946.0, 3947.0, 3948.0, 3949.0, 3950.0, 3951.0, 3952.0, 3953.0, 3954.0, 3955.0, 3956.0, 3957.0, 3958.0, 3959.0, 3960.0, 3961.0, 3962.0, 3963.0, 3964.0, 3965.0, 3966.0, 3967.0, 3968.0, 3969.0, 3970.0, 3971.0, 3972.0, 3973.0, 3974.0, 3975.0, 3976.0, 3977.0, 3978.0, 3979.0, 3980.0, 3981.0, 3982.0, 3983.0, 3984.0, 3985.0, 3986.0, 3987.0, 3988.0, 3989.0, 3990.0, 3991.0, 3992.0, 3993.0, 3994.0, 3995.0, 3996.0, 3997.0, 3998.0, 3999.0, 4000.0, 4001.0, 4002.0, 4002.0, 4003.0, 4004.0, 4005.0, 4006.0, 4007.0, 4008.0, 4009.0, 4009.0, 4010.0, 4011.0, 4012.0, 4013.0, 4014.0, 4015.0, 4016.0, 4017.0, 4018.0, 4019.0, 4020.0, 4021.0, 4022.0, 4023.0, 4024.0, 4025.0, 4026.0, 4027.0, 4028.0, 4029.0, 4030.0, 4031.0, 4032.0, 4033.0, 4034.0, 4035.0, 4036.0, 4036.0, 4036.0, 4037.0, 4037.0, 4038.0, 4039.0, 4039.0, 4040.0, 4041.0, 4041.0, 4042.0, 4043.0, 4044.0, 4045.0, 4046.0, 4047.0, 4048.0, 4048.0], "avg_cpu": [0.18422865013774103, 0.31921487603305787, 0.5254820936639119, 0.5495867768595041, 0.5599173553719008, 0.5254820936639119, 0.553030303030303, 0.5440771349862259, 0.5440771349862259, 0.5454545454545454, 0.559228650137741, 0.5709366391184573, 0.5709366391184573, 0.5668044077134986, 0.5674931129476584, 0.5792011019283747, 0.5798898071625345, 0.5495867768595041, 0.6012396694214877, 0.5564738292011019, 0.5668044077134986, 0.5798898071625345, 0.5723140495867769, 0.5606060606060606, 0.5557851239669421, 0.5585399449035813, 0.5612947658402204, 0.5654269972451791, 0.5695592286501377, 0.5647382920110193, 0.5275482093663911, 0.5392561983471075, 0.5254820936639119, 0.4690082644628099, 0.49931129476584024, 0.45041322314049587, 0.465564738292011, 0.38016528925619836, 0.5495867768595041, 0.5557851239669421, 0.550275482093664, 0.5599173553719008, 0.5647382920110193, 0.5550964187327824, 0.5488980716253443, 0.5681818181818182, 0.5612947658402204, 0.5557851239669421, 0.5909090909090909, 0.5599173553719008, 0.5564738292011019, 0.5606060606060606, 0.5509641873278237, 0.5488980716253443, 0.5440771349862259, 0.5771349862258953, 0.5640495867768595, 0.5571625344352618, 0.5702479338842975, 0.5619834710743802, 0.5730027548209367, 0.6432506887052342, 0.5971074380165289, 0.5792011019283747, 0.5909090909090909, 0.5668044077134986, 0.6122589531680441, 0.5853994490358126, 0.6012396694214877, 0.5695592286501377, 0.5915977961432507, 0.5881542699724518, 0.6225895316804407, 0.6962809917355371, 0.5826446280991735, 0.6012396694214877, 0.5736914600550964, 0.5619834710743802, 0.5612947658402204, 0.49104683195592286, 0.47107438016528924, 0.5303030303030303, 0.5358126721763086, 0.5330578512396694, 0.5668044077134986, 0.5619834710743802, 0.550275482093664, 0.5495867768595041, 0.5027548209366391, 0.5550964187327824, 0.5316804407713499, 0.49104683195592286, 0.3939393939393939, 0.4201101928374656, 0.49449035812672176, 0.44352617079889806, 0.3739669421487603, 0.45798898071625344, 0.4703856749311295, 0.5440771349862259, 0.3884297520661157, 0.4462809917355372, 0.41046831955922863, 0.5523415977961432, 0.5158402203856749, 0.3409090909090909, 0.3440082644628099, 0.4084022038567493, 0.40702479338842973, 0.45385674931129477, 0.29476584022038566, 0.4297520661157025, 0.3106060606060606, 0.2713498622589532, 0.39118457300275483, 0.5509641873278237, 0.40082644628099173, 0.4221763085399449, 0.5358126721763086, 0.5420110192837465, 0.550275482093664, 0.5192837465564738, 0.29338842975206614, 0.259297520661157, 0.48140495867768596, 0.5351239669421488, 0.5082644628099173, 0.5516528925619835, 0.5433884297520661, 0.5544077134986226, 0.5619834710743802, 0.5358126721763086, 0.5482093663911846, 0.5268595041322314, 0.4290633608815427, 0.5413223140495868, 0.5275482093663911, 0.5661157024793388, 0.46831955922865015, 0.46143250688705234, 0.4986225895316804, 0.5027548209366391, 0.5771349862258953, 0.546831955922865, 0.6432506887052342, 0.6287878787878788, 0.6129476584022039, 0.6418732782369146, 0.5764462809917356, 0.5922865013774105, 0.4772727272727273, 0.6157024793388429, 0.5668044077134986, 0.571625344352617, 0.5557851239669421, 0.5323691460055097, 0.2713498622589532, 0.6232782369146006, 0.6232782369146006, 0.6659779614325069, 0.5647382920110193, 0.5681818181818182, 0.5743801652892562, 0.5633608815426997, 0.6053719008264463, 0.6260330578512396, 0.5798898071625345, 0.5578512396694215, 0.6005509641873278, 0.6418732782369146, 0.6053719008264463, 0.5757575757575758, 0.6439393939393939, 0.5853994490358126, 0.6039944903581267, 0.6170798898071626, 0.6267217630853994, 0.5860881542699724, 0.53099173553719, 0.4628099173553719, 0.48140495867768596, 0.5647382920110193, 0.5867768595041323, 0.5606060606060606, 0.5495867768595041, 0.5495867768595041, 0.5640495867768595, 0.5640495867768595, 0.5626721763085399, 0.5785123966942148, 0.5702479338842975, 0.5798898071625345, 0.5633608815426997, 0.5433884297520661, 0.5668044077134986, 0.5833333333333334, 0.5902203856749312, 0.5654269972451791, 0.5585399449035813, 0.5564738292011019, 0.5681818181818182, 0.5537190082644629, 0.5578512396694215, 0.546831955922865, 0.5633608815426997, 0.540633608815427, 0.5640495867768595, 0.546831955922865, 0.5599173553719008, 0.5378787878787878, 0.506198347107438, 0.5461432506887053, 0.553030303030303, 0.5516528925619835, 0.5344352617079889, 0.550275482093664, 0.5599173553719008, 0.5440771349862259, 0.5599173553719008, 0.5585399449035813, 0.53099173553719, 0.5296143250688705, 0.5495867768595041, 0.5523415977961432, 0.5365013774104683, 0.5440771349862259, 0.5392561983471075, 0.5482093663911846, 0.559228650137741, 0.5702479338842975, 0.5537190082644629, 0.5544077134986226, 0.5482093663911846, 0.5778236914600551, 0.5420110192837465, 0.5585399449035813, 0.546831955922865, 0.5440771349862259, 0.5550964187327824, 0.5488980716253443, 0.5516528925619835, 0.559228650137741, 0.5792011019283747, 0.5571625344352618, 0.5495867768595041, 0.5454545454545454, 0.5447658402203857, 0.5805785123966942, 0.5557851239669421, 0.5344352617079889, 0.5433884297520661, 0.540633608815427, 0.5695592286501377, 0.5929752066115702, 0.5709366391184573, 0.5385674931129476, 0.5192837465564738, 0.5289256198347108, 0.5399449035812672, 0.5199724517906336, 0.5247933884297521, 0.5192837465564738, 0.5192837465564738, 0.5351239669421488, 0.5392561983471075, 0.5454545454545454, 0.5482093663911846, 0.5454545454545454, 0.5578512396694215, 0.5454545454545454, 0.53099173553719, 0.5509641873278237, 0.5413223140495868, 0.5461432506887053, 0.5537190082644629, 0.571625344352617, 