{"time": [1718.0, 1719.0, 1719.0, 1719.0, 1719.0, 1719.0, 1720.0, 1720.0, 1721.0, 1722.0, 1723.0, 1723.0, 1724.0, 1725.0, 1726.0, 1727.0, 1728.0, 1729.0, 1730.0, 1731.0, 1732.0, 1733.0, 1734.0, 1735.0, 1736.0, 1737.0, 1738.0, 1739.0, 1740.0, 1741.0, 1742.0, 1743.0, 1744.0, 1745.0, 1746.0, 1747.0, 1748.0, 1749.0, 1750.0, 1751.0, 1752.0, 1753.0, 1754.0, 1755.0, 1756.0, 1757.0, 1758.0, 1759.0, 1760.0, 1761.0, 1762.0, 1763.0, 1764.0, 1765.0, 1766.0, 1767.0, 1768.0, 1769.0, 1770.0, 1771.0, 1772.0, 1773.0, 1774.0, 1775.0, 1776.0, 1777.0, 1778.0, 1779.0, 1780.0, 1781.0, 1782.0, 1783.0, 1784.0, 1785.0, 1786.0, 1787.0, 1788.0, 1789.0, 1790.0, 1791.0, 1792.0, 1793.0, 1794.0, 1795.0, 1796.0, 1797.0, 1798.0, 1799.0, 1800.0, 1800.0, 1800.0, 1800.0], "avg_cpu": [0.047269570707070704, 0.24337121212121213, 0.2765151515151515, 0.30176767676767674, 0.3194444444444444, 0.39835858585858586, 0.4551767676767677, 0.5359848484848485, 0.41919191919191917, 0.41224747474747475, 0.45896464646464646, 0.6332070707070707, 0.6073232323232324, 0.5991161616161617, 0.5801767676767676, 0.5991161616161617, 0.61489898989899, 0.6085858585858586, 0.6073232323232324, 0.6098484848484849, 0.6123737373737373, 0.6130050505050505, 0.6123737373737373, 0.6136363636363636, 0.5946969696969697, 0.5978535353535354, 0.6313131313131313, 0.5928030303030303, 0.5827020202020202, 0.5751262626262627, 0.5814393939393939, 0.5839646464646465, 0.5738636363636364, 0.5612373737373737, 0.5928030303030303, 0.57260101010101, 0.5795454545454546, 0.5839646464646465, 0.5707070707070707, 0.6035353535353535, 0.6079545454545454, 0.5801767676767676, 0.5928030303030303, 0.5934343434343434, 0.5928030303030303, 0.5858585858585859, 0.5852272727272727, 0.6275252525252525, 0.6199494949494949, 0.6167929292929293, 0.5909090909090909, 0.5839646464646465, 0.5808080808080808, 0.6092171717171717, 0.6161616161616161, 0.6180555555555556, 0.6212121212121212, 0.6218434343434344, 0.5965909090909091, 0.5782828282828283, 0.5738636363636364, 0.5827020202020202, 0.5782828282828283, 0.5808080808080808, 0.5612373737373737, 0.5896464646464646, 0.5738636363636364, 0.5707070707070707, 0.57260101010101, 0.5713383838383839, 0.5801767676767676, 0.577020202020202, 0.586489898989899, 0.5890151515151515, 0.5928030303030303, 0.5921717171717171, 0.5839646464646465, 0.5820707070707071, 0.5580808080808081, 0.57260101010101, 0.5675505050505051, 0.5688131313131313, 0.571969696969697, 0.57260101010101, 0.5707070707070707, 0.5827020202020202, 0.5827020202020202, 0.57260101010101, 0.27872474747474746, 0.001953125, 0.0013020833333333333, 0.001859414457070707], "avg_mem": [0.010969527818448023, 0.018004209370424597, 0.017638177159590044, 0.016654465592972182, 0.016906112737920937, 0.016105417276720352, 0.01672309663250366, 0.016585834553440704, 0.01628843338213763, 0.017546669106881404, 0.016562957540263542, 0.01743228404099561, 0.01727214494875549, 0.017478038067349926, 0.017020497803806735, 0.017455161054172767, 0.016997620790629574, 0.016562957540263542, 0.017043374816983894, 0.01683748169838946, 0.016425695461200585, 0.017157759882869692, 0.01688323572474378, 0.017363653001464127, 0.01663158857979502, 0.01663158857979502, 0.01679172767203514, 0.016928989751098095, 0.01663158857979502, 0.017089128843338214, 0.016997620790629574, 0.016974743777452415, 0.017066251830161056, 0.019925878477306, 0.01683748169838946, 0.017112005856515372, 0.017089128843338214, 0.01667734260614934, 0.016494326500732064, 0.017043374816983894, 0.017569546120058566, 0.01679172767203514, 0.01738653001464129, 0.017203513909224012, 0.01672309663250366, 0.017203513909224012, 0.01683748169838946, 0.016974743777452415, 0.016928989751098095, 0.016906112737920937, 0.016974743777452415, 0.016608711566617862, 0.016814604685212297, 0.01683748169838946, 0.01731789897510981, 0.017157759882869692, 0.016860358711566617, 0.016906112737920937, 0.01663158857979502, 0.017203513909224012, 0.01734077598828697, 0.01729502196193265, 0.016471449487554905, 0.017066251830161056, 0.016700219619326502, 0.017020497803806735, 0.017043374816983894, 0.016814604685212297, 0.017066251830161056, 0.017112005856515372, 0.017523792093704246, 0.017043374816983894, 0.017089128843338214, 0.017249267935578332, 0.016974743777452415, 0.016928989751098095, 0.017157759882869692, 0.017134882869692534, 0.017157759882869692, 0.017089128843338214, 0.017020497803806735, 0.01727214494875549, 0.016860358711566617, 0.016860358711566617, 0.01676885065885798, 0.016974743777452415, 0.01683748169838946, 0.017020497803806735, 0.01509882869692533, 0.012559480234260616, 0.012559480234260616, 0.00011438506588579795]}