{"time": [530.0, 531.0, 531.0, 532.0, 533.0, 534.0, 535.0, 536.0, 537.0, 538.0, 539.0, 540.0, 540.0, 541.0, 542.0, 542.0, 542.0, 542.0, 558.0, 559.0, 559.0, 560.0, 560.0, 560.0, 560.0, 561.0, 562.0, 563.0, 564.0, 565.0, 566.0, 567.0, 568.0, 569.0, 570.0, 571.0, 571.0, 572.0, 572.0, 572.0, 583.0, 584.0, 585.0, 585.0, 586.0, 586.0, 586.0, 586.0, 587.0, 588.0, 589.0, 590.0, 591.0, 592.0, 593.0, 594.0, 595.0, 596.0, 597.0, 598.0, 599.0, 600.0, 601.0, 602.0, 603.0, 604.0, 605.0, 606.0, 607.0, 608.0, 609.0, 610.0, 611.0, 612.0, 613.0, 614.0, 615.0, 615.0, 616.0, 617.0, 618.0, 619.0, 620.0, 621.0, 622.0, 623.0, 624.0, 625.0, 626.0, 627.0, 628.0, 629.0, 630.0, 631.0, 632.0, 633.0, 634.0, 635.0, 636.0, 637.0, 638.0, 639.0, 640.0, 641.0, 642.0, 643.0, 644.0, 645.0, 646.0, 647.0, 648.0, 649.0, 650.0, 651.0, 652.0, 653.0, 653.0, 653.0, 653.0], "avg_cpu": [0.0032390668044077137, 0.34228650137741046, 0.4414600550964187, 0.4132231404958678, 0.4573002754820937, 0.46763085399449034, 0.509641873278237, 0.47520661157024796, 0.4869146005509642, 0.4573002754820937, 0.609504132231405, 0.5867768595041323, 0.5881542699724518, 0.5915977961432507, 0.6446280991735537, 0.6391184573002755, 0.09710743801652892, 0.0, 0.17973523421588594, 0.16929735234215887, 0.17464358452138493, 0.1690427698574338, 0.0016388747454175153, 0.0, 0.6641914191419142, 0.764026402640264, 0.599009900990099, 0.6039603960396039, 0.6006600660066007, 0.5973597359735974, 0.58003300330033, 0.6097359735973598, 0.6526402640264026, 0.584983498349835, 0.6328382838283828, 0.5825082508250825, 0.5825082508250825, 0.5552805280528053, 0.0028748968646864687, 0.0, 0.33984375, 0.39697265625, 0.42138671875, 0.40869140625, 0.4052734375, 0.0, 0.0, 0.6633663366336634, 0.8044554455445545, 0.6336633663366337, 0.6320132013201321, 0.693069306930693, 0.6229372937293729, 0.613036303630363, 0.613036303630363, 0.6196369636963697, 0.6146864686468647, 0.650990099009901, 0.6188118811881188, 0.6204620462046204, 0.5965346534653465, 0.599009900990099, 0.5948844884488449, 0.5965346534653465, 0.6064356435643564, 0.6047854785478548, 0.6155115511551155, 0.5948844884488449, 0.5767326732673267, 0.5899339933993399, 0.5965346534653465, 0.5924092409240924, 0.5924092409240924, 0.6056105610561056, 0.5882838283828383, 0.5981848184818482, 0.5948844884488449, 0.7483498349834984, 0.650990099009901, 0.6254125412541254, 0.6229372937293729, 0.6287128712871287, 0.641914191419142, 0.6377887788778878, 0.6443894389438944, 0.6575907590759076, 0.6518151815181518, 0.650990099009901, 0.6493399339933993, 0.6526402640264026, 0.655940594059406, 0.6617161716171617, 0.6542904290429042, 0.6468646864686468, 0.6889438943894389, 0.683993399339934, 0.6567656765676567, 0.665016501650165, 0.655940594059406, 0.650990099009901, 0.683993399339934, 0.650990099009901, 0.6518151815181518, 0.6551155115511551, 0.6575907590759076, 0.6377887788778878, 0.6641914191419142, 0.6394389438943895, 0.6724422442244224, 0.6542904290429042, 0.6394389438943895, 0.6188118811881188, 0.6460396039603961, 0.613036303630363, 0.6212871287128713, 0.6163366336633663, 0.5470297029702971, 0.000578524649339934, 0.0], "avg_mem": [0.004718383967789165, 0.01727214494875549, 0.04630307467057101, 0.04117862371888726, 0.04287152269399707, 0.0424597364568082, 0.04191068814055637, 0.04287152269399707, 0.04369509516837482, 0.04195644216691069, 0.04287152269399707, 0.04145314787701318, 0.04438140556368961, 0.04538799414348463, 0.04387811127379209, 0.045525256222547585, 0.0005890830893118595, 0.00025450677159590045, 0.02081298828125, 0.02398681640625, 0.02301025390625, 0.02972412109375, 0.00055694580078125, 0.000240325927734375, 0.07576866764275256, 0.08455344070278184, 0.08693265007320644, 0.08574304538799414, 0.08766471449487555, 0.08766471449487555, 0.09205710102489019, 0.0951683748169839, 0.0892203513909224, 0.08867130307467057, 0.09535139092240118, 0.08830527086383602, 0.0927891654465593, 0.10084187408491947, 0.001332586017569546, 0.0009551153001464129, 0.025787353515625, 0.0301513671875, 0.0301513671875, 0.0313720703125, 0.027862548828125, 0.0005702972412109375, 0.000278472900390625, 0.04154465592972181, 0.048133235724743775, 0.04547950219619327, 0.043740849194729134, 0.04351207906295754, 0.04410688140556369, 0.043146046852122984, 0.04186493411420205, 0.04515922401171303, 0.04360358711566618, 0.043923865300146414, 0.0446101756954612, 0.04616581259150805, 0.045342240117130304, 0.043740849194729134, 0.04428989751098097, 0.04186493411420205, 0.042642752562225474, 0.04419838945827233, 0.04300878477306003, 0.04186493411420205, 0.04465592972181552, 0.04474743777452416, 0.04278001464128843, 0.043740849194729134, 0.0436493411420205, 0.04387811127379209, 0.04241398243045388, 0.04296303074670571, 0.042642752562225474, 0.05527086383601757, 0.04300878477306003, 0.04378660322108346, 0.04337481698389458, 0.04236822840409956, 0.04369509516837482, 0.04438140556368961, 0.043740849194729134, 0.043923865300146414, 0.04447291361639824, 0.04300878477306003, 0.042917276720351394, 0.0426885065885798, 0.04415263543191801, 0.043420571010248904, 0.04351207906295754, 0.043923865300146414, 0.044427159590043924, 0.04346632503660322, 0.04479319180087848, 0.042734260614934114, 0.04369509516837482, 0.044518667642752564, 0.04474743777452416, 0.0400805270863836, 0.04767569546120059, 0.04072108345534407, 0.04758418740849195, 0.042322474377745244, 0.04497620790629575, 0.04785871156661786, 0.04044655929721815, 0.04346632503660322, 0.04172767203513909, 0.04410688140556369, 0.045342240117130304, 0.0426885065885798, 0.04470168374816984, 0.04598279648609078, 0.03605417276720351, 0.003397236456808199, 0.0012496568448023427]}