{"time": [1718.0, 1719.0, 1719.0, 1719.0, 1719.0, 1719.0, 1720.0, 1720.0, 1721.0, 1722.0, 1723.0, 1723.0, 1724.0, 1725.0, 1726.0, 1726.0, 1727.0, 1728.0, 1728.0, 1729.0, 1730.0, 1731.0, 1731.0, 1732.0, 1733.0, 1734.0, 1735.0, 1736.0, 1737.0, 1738.0, 1738.0, 1739.0, 1740.0, 1741.0, 1742.0, 1743.0, 1744.0, 1745.0, 1746.0, 1747.0, 1748.0, 1749.0, 1750.0, 1751.0, 1752.0, 1753.0, 1754.0, 1755.0, 1756.0, 1757.0, 1758.0, 1759.0, 1760.0, 1761.0, 1762.0, 1763.0, 1764.0, 1765.0, 1766.0, 1767.0, 1768.0, 1769.0, 1770.0, 1771.0, 1772.0, 1773.0, 1774.0, 1775.0, 1776.0, 1777.0, 1778.0, 1779.0, 1780.0, 1781.0, 1782.0, 1783.0, 1784.0, 1785.0, 1786.0, 1787.0, 1788.0, 1789.0, 1790.0, 1791.0, 1792.0, 1793.0, 1794.0, 1795.0, 1796.0, 1797.0, 1798.0, 1799.0, 1800.0, 1800.0, 1800.0, 1800.0], "avg_cpu": [0.036148927392739276, 0.3721122112211221, 0.4005775577557756, 0.37912541254125415, 0.4104785478547855, 0.40016501650165015, 0.4075907590759076, 0.43646864686468645, 0.3589108910891089, 0.39026402640264024, 0.4768976897689769, 0.5, 0.46204620462046203, 0.4628712871287129, 0.4315181518151815, 0.5470297029702971, 0.5651815181518152, 0.5957095709570958, 0.6806930693069307, 0.6526402640264026, 0.5297029702970297, 0.5123762376237624, 0.5767326732673267, 0.6707920792079208, 0.5882838283828383, 0.5585808580858086, 0.599009900990099, 0.594059405940594, 0.6468646864686468, 0.6179867986798679, 0.6254125412541254, 0.5610561056105611, 0.608085808580858, 0.6386138613861386, 0.6443894389438944, 0.6262376237623762, 0.6278877887788779, 0.6452145214521452, 0.650990099009901, 0.5767326732673267, 0.6155115511551155, 0.6452145214521452, 0.6328382838283828, 0.5858085808580858, 0.6485148514851485, 0.6493399339933993, 0.6782178217821783, 0.6740924092409241, 0.6831683168316832, 0.6237623762376238, 0.5998349834983498, 0.608085808580858, 0.6031353135313532, 0.6237623762376238, 0.5874587458745875, 0.5742574257425742, 0.5948844884488449, 0.6023102310231023, 0.6023102310231023, 0.599009900990099, 0.6105610561056105, 0.5891089108910891, 0.5759075907590759, 0.5651815181518152, 0.5783828382838284, 0.5957095709570958, 0.6064356435643564, 0.6476897689768977, 0.6443894389438944, 0.6592409240924092, 0.6056105610561056, 0.5932343234323433, 0.5973597359735974, 0.5965346534653465, 0.6014851485148515, 0.5965346534653465, 0.6039603960396039, 0.6295379537953796, 0.6485148514851485, 0.6171617161716172, 0.6460396039603961, 0.6221122112211221, 0.6196369636963697, 0.5948844884488449, 0.6122112211221122, 0.6806930693069307, 0.6724422442244224, 0.6237623762376238, 0.6303630363036303, 0.6155115511551155, 0.6278877887788779, 0.5965346534653465, 0.2896039603960396, 0.0017339624587458745, 0.0017339624587458745, 0.00021755105198019802], "avg_mem": [0.00559914897510981, 0.00953971449487555, 0.01006588579795022, 0.00893347364568082, 0.009002104685212299, 0.009207997803806735, 0.00886484260614934, 0.008899158125915081, 0.008739019033674963, 0.009116489751098097, 0.009047858711566617, 0.009024981698389459, 0.0088877196193265, 0.0089449121522694, 0.008636072474377745, 0.00899066617862372, 0.009139366764275255, 0.009013543191800878, 0.008453056368960469, 0.009265190336749635, 0.00896778916544656, 0.009082174231332358, 0.008761896046852123, 0.00892203513909224, 0.009242313323572475, 0.0089449121522694, 0.0088877196193265, 0.009082174231332358, 0.00891059663250366, 0.009150805270863836, 0.0089449121522694, 0.009024981698389459, 0.00896778916544656, 0.00892203513909224, 0.009219436310395315, 0.008830527086383601, 0.009082174231332358, 0.008899158125915081, 0.009105051244509516, 0.0089449121522694, 0.008979227672035139, 0.00899066617862372, 0.009013543191800878, 0.0088877196193265, 0.008796211566617862, 0.00891059663250366, 0.00896778916544656, 0.00886484260614934, 0.00892203513909224, 0.009345259882869692, 0.009013543191800878, 0.008979227672035139, 0.00896778916544656, 0.008773334553440702, 0.00886484260614934, 0.009185120790629575, 0.008853404099560761, 0.0089449121522694, 0.008899158125915081, 0.009036420204978038, 0.008899158125915081, 0.008876281112737921, 0.00899066617862372, 0.009013543191800878, 0.009093612737920937, 0.00899066617862372, 0.008876281112737921, 0.008899158125915081, 0.0088877196193265, 0.008956350658857979, 0.008841965592972182, 0.009002104685212299, 0.00893347364568082, 0.009047858711566617, 0.0088877196193265, 0.008876281112737921, 0.008853404099560761, 0.008876281112737921, 0.008819088579795022, 0.009002104685212299, 0.009070735724743777, 0.00893347364568082, 0.008853404099560761, 0.008876281112737921, 0.009127928257686676, 0.008899158125915081, 0.00941389092240117, 0.009230874816983894, 0.009768484626647145, 0.009024981698389459, 0.009036420204978038, 0.0088877196193265, 0.007961200585651538, 0.007080435578330893, 0.0035859718155197657, 6.577141288433382e-05]}