{"time": [5784.0, 5785.0, 5786.0, 5787.0, 5788.0, 5789.0, 5790.0, 5791.0, 5792.0, 5793.0, 5794.0, 5795.0, 5796.0, 5797.0, 5798.0, 5799.0, 5800.0, 5801.0, 5802.0, 5803.0, 5804.0, 5805.0, 5806.0, 5807.0, 5808.0, 5809.0, 5810.0, 5811.0, 5812.0, 5813.0, 5814.0, 5815.0, 5816.0, 5817.0, 5818.0, 5819.0, 5820.0, 5821.0, 5822.0, 5823.0, 5824.0, 5825.0, 5826.0, 5827.0, 5828.0, 5829.0, 5830.0, 5831.0, 5832.0, 5833.0, 5834.0, 5835.0, 5836.0, 5837.0, 5838.0, 5839.0, 5840.0, 5841.0, 5842.0, 5843.0, 5844.0, 5845.0, 5846.0, 5847.0, 5848.0, 5849.0, 5850.0, 5851.0, 5852.0, 5853.0, 5854.0, 5855.0, 5856.0, 5857.0, 5858.0, 5859.0, 5860.0, 5861.0, 5862.0, 5863.0, 5864.0, 5865.0, 5866.0, 5867.0, 5868.0, 5869.0, 5870.0, 5871.0, 5872.0, 5873.0, 5874.0, 5875.0, 5876.0, 5877.0, 5878.0, 5879.0, 5880.0, 5881.0, 5882.0, 5883.0, 5884.0, 5885.0, 5886.0, 5887.0, 5888.0, 5889.0, 5890.0, 5891.0, 5892.0, 5893.0, 5894.0, 5895.0, 5896.0, 5897.0, 5898.0, 5899.0, 5900.0, 5901.0, 5902.0, 5903.0, 5904.0, 5905.0, 5906.0, 5907.0, 5908.0, 5909.0, 5910.0, 5911.0, 5912.0, 5913.0, 5914.0, 5915.0, 5916.0, 5917.0, 5918.0, 5919.0, 5920.0, 5921.0, 5922.0, 5923.0, 5924.0, 5925.0, 5926.0, 5927.0, 5928.0, 5929.0, 5930.0, 5931.0, 5932.0, 5933.0, 5934.0, 5935.0, 5936.0, 5937.0, 5938.0, 5939.0, 5940.0, 5941.0, 5942.0, 5943.0, 5944.0, 5945.0, 5946.0, 5947.0, 5948.0, 5949.0, 5950.0, 5951.0, 5952.0, 5953.0, 5954.0, 5955.0, 5956.0, 5957.0, 5958.0, 5959.0, 5960.0, 5961.0, 5962.0, 5963.0, 5964.0, 5965.0, 5966.0, 5967.0, 5968.0, 5969.0, 5970.0, 5971.0, 5972.0, 5973.0, 5974.0, 5975.0, 5976.0, 5977.0, 5978.0, 5979.0, 5980.0, 5981.0, 5982.0, 5983.0, 5984.0, 5985.0, 5986.0, 5987.0, 5988.0, 5989.0, 5990.0, 5991.0, 5992.0, 5993.0, 5994.0, 5995.0, 5996.0, 5997.0, 5998.0, 5999.0, 6000.0, 6001.0, 6002.0, 6003.0, 6004.0, 6005.0, 6006.0, 6007.0, 6008.0, 6009.0, 6010.0, 6011.0, 6012.0, 6013.0, 6014.0, 6015.0, 6016.0, 6017.0, 6018.0, 6019.0, 6020.0, 6021.0, 6022.0, 6023.0, 6024.0, 6025.0, 6026.0, 6027.0, 6028.0, 6029.0, 6030.0, 6031.0, 6032.0, 6033.0, 6034.0, 6035.0, 6036.0, 6037.0, 6038.0, 6039.0, 6040.0, 6041.0, 6042.0, 6043.0, 6044.0, 6045.0, 6046.0, 6047.0, 6048.0, 6049.0, 6050.0, 6051.0, 6052.0, 6053.0, 6054.0, 6055.0, 6056.0, 6057.0, 6058.0, 6059.0, 6060.0, 6061.0, 6062.0, 6063.0, 6064.0, 6065.0, 6066.0, 6067.0, 6068.0, 6069.0, 6070.0, 6071.0, 6072.0, 6072.0], "avg_cpu": [0.19180440771349863, 0.36707988980716255, 0.540633608815427, 0.5330578512396694, 0.5482093663911846, 0.6046831955922864, 0.6177685950413223, 0.5867768595041323, 0.5654269972451791, 0.5902203856749312, 0.5984848484848485, 0.6129476584022039, 0.6046831955922864, 0.5971074380165289, 0.7369146005509641, 0.5619834710743802, 0.6122589531680441, 0.553030303030303, 0.5537190082644629, 0.5626721763085399, 0.5420110192837465, 0.5461432506887053, 0.5681818181818182, 0.5778236914600551, 0.5385674931129476, 0.5619834710743802, 0.5785123966942148, 0.6391184573002755, 0.5764462809917356, 0.5909090909090909, 0.5736914600550964, 0.5771349862258953, 0.6294765840220385, 0.5151515151515151, 0.5709366391184573, 0.6287878787878788, 0.5950413223140496, 0.5537190082644629, 0.5943526170798898, 0.5654269972451791, 0.518595041322314, 0.512396694214876, 0.5316804407713499, 0.5544077134986226, 0.4972451790633609, 0.5984848484848485, 0.5420110192837465, 0.45385674931129477, 0.44352617079889806, 0.10210055096418733, 0.09400826446280992, 0.4325068870523416, 0.48484848484848486, 0.5296143250688705, 0.5075757575757576, 0.42699724517906334, 0.4986225895316804, 0.40082644628099173, 0.49173553719008267, 0.2878787878787879, 0.5695592286501377, 0.3464187327823691, 0.38360881542699726, 0.512396694214876, 0.4772727272727273, 0.45798898071625344, 0.47107438016528924, 0.5778236914600551, 0.4180440771349862, 0.26515151515151514, 0.11707988980716254, 0.00909306129476584, 0.042871900826446284, 0.2131542699724518, 0.22865013774104684, 0.4772727272727273, 0.48829201101928377, 0.5805785123966942, 0.5488980716253443, 0.37947658402203854, 0.11673553719008264, 0.24896694214876033, 0.3333333333333333, 0.5316804407713499, 0.5488980716253443, 0.5413223140495868, 0.5261707988980716, 0.4318181818181818, 0.28960055096418735, 0.5144628099173554, 0.5413223140495868, 0.5564738292011019, 0.5578512396694215, 0.5544077134986226, 0.5151515151515151, 0.4896694214876033, 0.5227272727272727, 0.5544077134986226, 0.5771349862258953, 0.6115702479338843, 0.609504132231405, 0.5764462809917356, 0.5447658402203857, 0.5606060606060606, 0.6115702479338843, 0.5516528925619835, 0.6039944903581267, 0.6143250688705234, 0.6212121212121212, 0.5743801652892562, 0.6039944903581267, 0.5681818181818182, 0.5853994490358126, 0.6363636363636364, 0.5578512396694215, 0.5626721763085399, 0.5909090909090909, 0.5619834710743802, 0.6157024793388429, 0.6212121212121212, 0.7203856749311295, 0.5909090909090909, 0.5826446280991735, 0.5922865013774105, 0.6225895316804407, 0.6184573002754821, 0.6143250688705234, 0.6411845730027548, 0.6225895316804407, 0.5661157024793388, 0.6232782369146006, 0.621900826446281, 0.6101928374655647, 0.6418732782369146, 0.6398071625344353, 0.6294765840220385, 0.6398071625344353, 0.6349862258953168, 0.599862258953168, 0.6329201101928374, 0.6239669421487604, 0.6418732782369146, 0.6363636363636364, 0.621900826446281, 0.5702479338842975, 0.6170798898071626, 0.5440771349862259, 0.5647382920110193, 0.6019283746556474, 0.5888429752066116, 0.550275482093664, 0.5702479338842975, 0.5840220385674931, 0.5144628099173554, 0.5495867768595041, 0.5475206611570248, 0.5695592286501377, 0.559228650137741, 0.5647382920110193, 0.5654269972451791, 0.559228650137741, 0.5564738292011019, 0.5247933884297521, 0.5509641873278237, 0.42424242424242425, 0.1928374655647383, 0.24517906336088155, 0.3333333333333333, 0.18663911845730027, 0.5378787878787878, 0.5654269972451791, 0.5647382920110193, 0.5619834710743802, 0.4889807162534435, 0.5392561983471075, 0.559228650137741, 0.559228650137741, 0.5819559228650137, 0.5633608815426997, 0.48278236914600553, 0.09779614325068871, 0.09211432506887052, 0.02068267906336088, 0.371900826446281, 0.4834710743801653, 0.4869146005509642, 0.5426997245179064, 0.5578512396694215, 0.559228650137741, 0.5557851239669421, 0.5599173553719008, 0.45179063360881544, 0.5296143250688705, 0.568870523415978, 0.5612947658402204, 0.5681818181818182, 0.5426997245179064, 0.5392561983471075, 0.49242424242424243, 0.37052341597796146, 0.4414600550964187, 0.4731404958677686, 0.5303030303030303, 0.5055096418732782, 0.5537190082644629, 0.5447658402203857, 0.5771349862258953, 0.5426997245179064, 0.546831955922865, 0.5475206611570248, 0.5495867768595041, 0.5254820936639119, 0.5241046831955923, 0.5241046831955923, 0.465564738292011, 0.33264462809917356, 0.39462809917355374, 0.4256198347107438, 0.4669421487603306, 0.5151515151515151, 0.522038567493113, 0.5261707988980716, 0.518595041322314, 0.5075757575757576, 0.5055096418732782, 0.506198347107438, 0.49793388429752067, 0.5055096418732782, 0.5365013774104683, 0.5447658402203857, 0.5337465564738292, 0.5420110192837465, 0.5351239669421488, 0.5296143250688705, 0.5399449035812672, 0.5179063360881543, 0.5137741046831956, 0.553030303030303, 0.5254820936639119, 0.522038567493113, 0.5296143250688705, 0.522038567493113, 0.5557851239669421, 0.5330578512396694, 0.5351239669421488, 0.5426997245179064, 0.4786501377410468, 0.5585399449035813, 0.5206611570247934, 0.5179063360881543, 0.5509641873278237, 0.4765840220385675, 0.31714876033057854, 0.3119834710743802, 0.275137741046832, 0.33505509641873277, 0.4696969696969697, 0.4869146005509642, 0.4366391184573003, 0.40771349862258954, 0.5371900826446281, 0.546831955922865, 0.5351239669421488, 0.42355371900826444, 0.49242424242424243, 0.553030303030303, 0.5323691460055097, 0.5454545454545454, 0.5461432506887053, 0.587465564738292, 0.5426997245179064, 0.546831955922865, 0.5881542699724518, 0.553030303030303, 0.5757575757575758, 0.5337465564738292, 0.5351239669421488, 0.5447658402203857, 0.6646005509641874, 0.5413223140495868, 0.5557851239669421, 0.5626721763085399, 