{"time": [602.0, 603.0, 604.0, 605.0, 606.0, 607.0, 608.0, 608.0, 608.0, 608.0, 611.0, 612.0, 613.0, 614.0, 615.0, 616.0, 617.0, 617.0, 618.0, 619.0, 620.0, 621.0, 622.0, 623.0, 624.0, 625.0, 626.0, 627.0, 628.0, 629.0, 630.0, 631.0, 632.0, 633.0, 634.0, 635.0, 636.0, 637.0, 638.0, 639.0, 640.0, 641.0, 642.0, 643.0, 644.0, 645.0, 646.0, 647.0, 648.0, 649.0, 650.0, 651.0, 652.0, 653.0, 653.0, 653.0, 653.0], "avg_cpu": [0.129638671875, 0.177734375, 0.21630859375, 0.225341796875, 0.24072265625, 0.236328125, 0.220947265625, 0.22802734375, 0.016845703125, 0.0, 0.2854785478547855, 0.7871287128712872, 0.7194719471947195, 0.7178217821782178, 0.6476897689768977, 0.5123762376237624, 0.42574257425742573, 0.6047854785478548, 0.6122112211221122, 0.5585808580858086, 0.5321782178217822, 0.5643564356435643, 0.509075907590759, 0.5453795379537953, 0.5717821782178217, 0.5495049504950495, 0.6328382838283828, 0.5247524752475248, 0.6567656765676567, 0.7211221122112211, 0.7285478547854786, 0.7623762376237624, 0.7648514851485149, 0.7953795379537953, 0.6988448844884488, 0.6443894389438944, 0.650990099009901, 0.584983498349835, 0.6188118811881188, 0.6501650165016502, 0.6056105610561056, 0.594059405940594, 0.5981848184818482, 0.6592409240924092, 0.6361386138613861, 0.7211221122112211, 0.6064356435643564, 0.5858085808580858, 0.6864686468646864, 0.5313531353135313, 0.5412541254125413, 0.5816831683168316, 0.570957095709571, 0.5874587458745875, 0.6014851485148515, 0.0007719033622112211, 0.0], "avg_mem": [0.022552490234375, 0.029296875, 0.02801513671875, 0.03033447265625, 0.028472900390625, 0.02801513671875, 0.0279541015625, 0.02880859375, 0.0006256103515625, 0.0002288818359375, 0.02347181551976574, 0.09095900439238654, 0.07915446559297218, 0.0865666178623719, 0.08638360175695461, 0.08446193265007321, 0.07668374816983894, 0.08739019033674963, 0.0849194729136164, 0.08601756954612005, 0.08052708638360176, 0.08629209370424597, 0.08857979502196194, 0.08556002928257686, 0.08400439238653001, 0.08693265007320644, 0.08684114202049781, 0.08565153733528551, 0.08583455344070279, 0.08876281112737922, 0.08674963396778916, 0.08501098096632503, 0.08848828696925329, 0.08510248901903368, 0.09132503660322108, 0.08894582723279648, 0.08665812591508053, 0.0892203513909224, 0.08839677891654465, 0.08976939970717424, 0.09297218155197658, 0.08958638360175696, 0.08464494875549049, 0.08857979502196194, 0.08638360175695461, 0.08702415812591507, 0.08986090775988287, 0.08931185944363104, 0.10102489019033675, 0.08976939970717424, 0.08803074670571011, 0.09095900439238654, 0.08958638360175696, 0.09407027818448023, 0.07567715959004392, 0.0010237463396778916, 0.0007091874084919473]}