{"time": [3178.0, 3178.0, 3179.0, 3180.0, 3181.0, 3182.0, 3183.0, 3184.0, 3184.0, 3185.0, 3186.0, 3187.0, 3188.0, 3189.0, 3189.0, 3190.0, 3191.0, 3192.0, 3193.0, 3193.0, 3194.0, 3195.0, 3196.0, 3197.0, 3198.0, 3199.0, 3199.0, 3200.0, 3201.0, 3202.0, 3203.0, 3203.0, 3204.0, 3205.0, 3206.0, 3207.0, 3208.0, 3209.0, 3210.0, 3211.0, 3212.0, 3213.0, 3214.0, 3214.0, 3215.0, 3216.0, 3217.0, 3218.0, 3219.0, 3220.0, 3221.0, 3222.0, 3223.0, 3224.0, 3225.0, 3226.0, 3227.0, 3228.0, 3229.0, 3230.0, 3231.0, 3232.0, 3233.0, 3234.0, 3235.0, 3236.0, 3237.0, 3238.0, 3239.0, 3240.0, 3241.0, 3242.0, 3243.0, 3244.0, 3245.0, 3246.0, 3247.0, 3248.0, 3249.0, 3250.0, 3251.0, 3252.0, 3253.0, 3254.0, 3254.0, 3255.0, 3255.0, 3256.0, 3257.0, 3258.0, 3259.0, 3260.0, 3260.0, 3261.0, 3262.0, 3263.0, 3264.0, 3265.0, 3266.0, 3267.0, 3268.0, 3269.0, 3270.0, 3271.0, 3272.0, 3273.0, 3274.0, 3275.0, 3276.0, 3277.0, 3278.0, 3279.0, 3280.0, 3281.0, 3282.0, 3283.0, 3284.0, 3285.0, 3286.0, 3287.0, 3288.0, 3288.0, 3289.0, 3290.0, 3291.0, 3292.0, 3293.0, 3294.0, 3295.0, 3296.0, 3297.0, 3298.0, 3299.0, 3300.0, 3301.0, 3302.0, 3302.0, 3303.0, 3304.0, 3304.0, 3305.0, 3306.0, 3307.0, 3308.0, 3309.0, 3310.0, 3311.0, 3312.0, 3313.0, 3314.0, 3315.0, 3316.0, 3317.0, 3318.0, 3319.0, 3320.0, 3320.0, 3321.0, 3322.0, 3323.0, 3324.0, 3324.0, 3325.0, 3326.0, 3327.0, 3328.0, 3329.0, 3330.0, 3331.0, 3332.0, 3333.0, 3334.0, 3335.0, 3336.0, 3337.0, 3338.0, 3339.0, 3340.0, 3341.0, 3342.0, 3343.0, 3344.0, 3345.0, 3346.0, 3347.0, 3348.0, 3349.0, 3350.0, 3351.0, 3352.0, 3353.0, 3354.0, 3355.0, 3356.0, 3357.0, 3358.0, 3359.0, 3360.0, 3361.0, 3362.0, 3363.0, 3364.0, 3365.0, 3366.0, 3367.0, 3368.0, 3369.0, 3370.0, 3371.0, 3372.0, 3373.0, 3374.0, 3375.0, 3376.0, 3377.0, 3378.0, 3379.0, 3380.0, 3381.0, 3382.0, 3383.0, 3384.0, 3385.0, 3386.0, 3387.0, 3388.0, 3389.0, 3390.0, 3391.0, 3392.0, 3393.0, 3394.0, 3395.0, 3396.0, 3397.0, 3398.0, 3399.0, 3400.0, 3401.0, 3402.0, 3403.0, 3404.0, 3405.0, 3406.0, 3407.0, 3408.0, 3409.0, 3410.0, 3411.0, 3412.0, 3413.0, 3414.0, 3415.0, 3416.0, 3417.0, 3418.0, 3419.0, 3420.0, 3421.0, 3422.0, 3423.0, 3424.0, 3425.0, 3426.0, 3427.0, 3428.0, 3429.0, 3430.0, 3431.0, 3432.0, 3433.0, 3434.0, 3435.0, 3436.0, 3437.0, 3438.0, 3439.0, 3440.0, 3441.0, 3442.0, 3443.0, 3444.0, 3445.0, 3446.0, 3447.0, 3448.0, 3449.0, 3450.0, 3451.0, 3452.0, 3453.0, 3454.0, 3455.0, 3456.0, 3457.0, 3458.0, 3459.0, 3460.0, 3461.0, 3462.0, 3463.0, 3464.0, 3465.0, 3466.0, 3466.0], "avg_cpu": [0.0, 0.42355371900826444, 0.44214876033057854, 0.43388429752066116, 0.47451790633608815, 0.5482093663911846, 0.5826446280991735, 0.5764462809917356, 0.5495867768595041, 0.5764462809917356, 0.5709366391184573, 0.5902203856749312, 0.587465564738292, 0.6033057851239669, 0.5743801652892562, 0.5544077134986226, 0.5488980716253443, 0.550275482093664, 0.5461432506887053, 0.5736914600550964, 0.5661157024793388, 0.5550964187327824, 0.5619834710743802, 0.571625344352617, 0.5695592286501377, 0.5509641873278237, 0.5909090909090909, 0.6081267217630854, 0.550275482093664, 0.5640495867768595, 0.5805785123966942, 0.8691460055096418, 0.5957300275482094, 0.6019283746556474, 0.731404958677686, 0.6198347107438017, 0.6163911845730028, 0.6714876033057852, 0.5743801652892562, 0.5943526170798898, 0.5833333333333334, 0.6039944903581267, 0.4263085399449036, 0.40633608815426997, 0.9269972451790633, 0.6955922865013774, 0.6425619834710744, 0.6487603305785123, 0.7231404958677686, 0.6294765840220385, 0.6301652892561983, 0.6873278236914601, 0.581267217630854, 0.6618457300275482, 0.8815426997245179, 0.5433884297520661, 0.6825068870523416, 0.5847107438016529, 0.6549586776859504, 0.5192837465564738, 0.849862258953168, 0.5826446280991735, 0.6046831955922864, 0.6274104683195593, 0.6287878787878788, 0.6831955922865014, 0.703168044077135, 0.6067493112947658, 0.6060606060606061, 0.5929752066115702, 0.5006887052341598, 0.7727272727272727, 0.5853994490358126, 0.6177685950413223, 0.6239669421487604, 0.6714876033057852, 1.06198347107438, 0.4786501377410468, 1.0523415977961432, 0.6232782369146006, 0.7892561983471075, 0.8223140495867769, 0.4084022038567493, 0.0, 1.1501377410468319, 1.3292011019283747, 0.9104683195592287, 0.6990358126721763, 0.6549586776859504, 0.7878787878787878, 0.6721763085399449, 0.8443526170798898, 0.6707988980716253, 0.7534435261707989, 0.6370523415977961, 0.8953168044077136, 0.6418732782369146, 0.6212121212121212, 0.6253443526170799, 0.6074380165289256, 0.7272727272727273, 0.6453168044077136, 0.609504132231405, 0.7203856749311295, 0.6088154269972452, 0.6666666666666666, 0.5950413223140496, 0.6005509641873278, 0.5881542699724518, 0.5840220385674931, 0.5991735537190083, 0.599862258953168, 0.59366391184573, 0.6198347107438017, 0.6260330578512396, 0.587465564738292, 0.5957300275482094, 0.6170798898071626, 0.6012396694214877, 0.609504132231405, 0.5909090909090909, 0.6418732782369146, 0.5709366391184573, 0.6067493112947658, 0.6322314049586777, 0.65633608815427, 0.5853994490358126, 0.6260330578512396, 0.5991735537190083, 0.628099173553719, 0.5785123966942148, 0.6163911845730028, 0.568870523415978, 0.5557851239669421, 0.5413223140495868, 0.5537190082644629, 0.5695592286501377, 0.540633608815427, 0.5482093663911846, 0.5599173553719008, 0.5640495867768595, 0.5805785123966942, 0.5792011019283747, 0.5895316804407713, 0.59366391184573, 0.5743801652892562, 0.628099173553719, 0.6225895316804407, 0.5750688705234159, 0.571625344352617, 0.5661157024793388, 0.5785123966942148, 0.5909090909090909, 0.5695592286501377, 0.5730027548209367, 0.6088154269972452, 0.6088154269972452, 0.6246556473829201, 0.6108815426997245, 0.5757575757575758, 0.6859504132231405, 0.628099173553719, 0.6604683195592287, 0.6026170798898072, 0.5709366391184573, 0.6184573002754821, 0.6060606060606061, 0.5984848484848485, 0.6515151515151515, 0.5915977961432507, 0.6039944903581267, 0.6012396694214877, 0.5984848484848485, 0.6308539944903582, 0.6143250688705234, 0.6177685950413223, 0.5915977961432507, 0.599862258953168, 0.5964187327823691, 0.5833333333333334, 0.6129476584022039, 0.6046831955922864, 0.6067493112947658, 0.6143250688705234, 0.6267217630853994, 0.6005509641873278, 0.5860881542699724, 0.5902203856749312, 0.5792011019283747, 0.5826446280991735, 0.5640495867768595, 0.5736914600550964, 0.5730027548209367, 0.581267217630854, 0.5922865013774105, 0.5785123966942148, 0.5833333333333334, 0.5750688705234159, 0.5805785123966942, 0.5654269972451791, 0.568870523415978, 0.5709366391184573, 0.5736914600550964, 0.5626721763085399, 0.5674931129476584, 0.5723140495867769, 0.5792011019283747, 0.5805785123966942, 0.5709366391184573, 0.5681818181818182, 0.5792011019283747, 0.5730027548209367, 0.559228650137741, 0.5661157024793388, 0.553030303030303, 0.568870523415978, 0.5674931129476584, 0.5785123966942148, 0.6136363636363636, 0.5902203856749312, 0.5730027548209367, 0.5860881542699724, 0.6019283746556474, 0.5709366391184573, 0.6088154269972452, 0.5681818181818182, 0.5785123966942148, 0.5902203856749312, 0.5991735537190083, 0.581267217630854, 0.5977961432506887, 0.5860881542699724, 0.5881542699724518, 0.5853994490358126, 0.5847107438016529, 0.587465564738292, 0.5736914600550964, 0.5736914600550964, 0.6012396694214877, 0.5695592286501377, 0.5571625344352618, 0.568870523415978, 0.5736914600550964, 0.5881542699724518, 0.5764462809917356, 0.5668044077134986, 0.5619834710743802, 0.5695592286501377, 0.5585399449035813, 0.5626721763085399, 0.5723140495867769, 0.5509641873278237, 0.5674931129476584, 0.6239669421487604, 0.5778236914600551, 0.5867768595041323, 0.5606060606060606, 0.5764462809917356, 0.5674931129476584, 0.5674931129476584, 0.6411845730027548, 0.5213498622589532, 0.650137741046832, 0.5633608815426997, 0.5909090909090909, 0.6418732782369146, 0.6150137741046832, 0.5826446280991735, 0.6274104683195593, 0.6460055096418733, 0.668732782369146, 0.6136363636363636, 0.5902203856749312, 0.6012396694214877, 0.6818181818181818, 0.6212121212121212, 0.5881542699724518, 0.6088154269972452, 0.5860881542699724, 0.5895316804407713,