{"time": [590.0, 591.0, 592.0, 593.0, 594.0, 595.0, 595.0, 595.0, 595.0, 596.0, 597.0, 598.0, 598.0, 598.0, 598.0, 599.0, 600.0, 600.0, 600.0, 600.0, 601.0, 601.0, 601.0, 602.0, 603.0, 603.0, 603.0, 603.0, 604.0, 605.0, 605.0, 605.0, 605.0, 606.0, 607.0, 608.0, 609.0, 610.0, 611.0, 612.0, 613.0, 614.0, 615.0, 615.0, 616.0, 617.0, 618.0, 619.0, 620.0, 621.0, 622.0, 623.0, 624.0, 625.0, 626.0, 627.0, 628.0, 629.0, 630.0, 631.0, 632.0, 633.0, 634.0, 635.0, 636.0, 637.0, 638.0, 639.0, 640.0, 641.0, 642.0, 643.0, 644.0, 645.0, 646.0, 647.0, 648.0, 649.0, 650.0, 651.0, 652.0, 653.0, 654.0, 655.0, 656.0, 657.0, 658.0, 659.0, 660.0, 661.0, 662.0, 663.0, 664.0, 665.0, 666.0, 667.0, 668.0, 669.0, 670.0, 671.0, 672.0, 673.0, 674.0, 675.0, 676.0, 677.0, 678.0, 679.0, 680.0, 681.0, 682.0, 683.0, 684.0, 685.0, 686.0, 687.0, 688.0, 689.0, 690.0, 691.0, 692.0, 693.0, 694.0, 695.0, 696.0, 697.0, 698.0, 699.0, 700.0, 701.0, 702.0, 703.0, 704.0, 705.0, 706.0, 707.0, 707.0, 707.0, 707.0], "avg_cpu": [0.1082763671875, 0.37939453125, 0.32861328125, 0.32275390625, 0.3076171875, 0.294921875, 0.30224609375, 0.03106689453125, 0.0, 0.31494140625, 0.353515625, 0.35107421875, 0.38525390625, 0.05352783203125, 0.0, 0.294921875, 0.31884765625, 0.31640625, 0.15576171875, 0.0, 0.0, 0.0, 0.1630859375, 0.249267578125, 0.22705078125, 0.2353515625, 0.00015735626220703125, 0.0, 0.5244399185336049, 0.45875763747454174, 0.3803462321792261, 0.0013246244908350305, 0.0, 0.33457095709570955, 0.683993399339934, 0.665016501650165, 0.6336633663366337, 0.6204620462046204, 0.6105610561056105, 0.6089108910891089, 0.6551155115511551, 0.6691419141914191, 0.5882838283828383, 0.6658415841584159, 0.6757425742574258, 0.665016501650165, 0.6592409240924092, 0.6641914191419142, 0.6617161716171617, 0.6600660066006601, 0.6460396039603961, 0.6493399339933993, 0.6534653465346535, 0.6666666666666666, 0.6584158415841584, 0.6806930693069307, 0.6674917491749175, 0.6815181518151815, 0.6542904290429042, 0.6608910891089109, 0.7095709570957096, 0.6658415841584159, 0.6501650165016502, 0.6600660066006601, 0.7136963696369637, 0.6122112211221122, 0.6278877887788779, 0.6592409240924092, 0.6204620462046204, 0.6864686468646864, 0.683993399339934, 0.6435643564356436, 0.6344884488448845, 0.6138613861386139, 0.6344884488448845, 0.6311881188118812, 0.6278877887788779, 0.6254125412541254, 0.6262376237623762, 0.6344884488448845, 0.6394389438943895, 0.6823432343234324, 0.7986798679867987, 0.6336633663366337, 0.6270627062706271, 0.6014851485148515, 0.6377887788778878, 0.6641914191419142, 0.6707920792079208, 0.6633663366336634, 0.6361386138613861, 0.6410891089108911, 0.6617161716171617, 0.6311881188118812, 0.6600660066006601, 0.6047854785478548, 0.6188118811881188, 0.6031353135313532, 0.6171617161716172, 0.6262376237623762, 0.6386138613861386, 0.6212871287128713, 0.6501650165016502, 0.6476897689768977, 0.6377887788778878, 0.6600660066006601, 0.650990099009901, 0.6188118811881188, 0.641914191419142, 0.641914191419142, 0.6320132013201321, 0.6270627062706271, 0.6270627062706271, 0.6674917491749175, 0.6212871287128713, 0.6402640264026402, 0.5808580858085809, 0.6097359735973598, 0.5792079207920792, 0.6155115511551155, 0.6427392739273927, 0.6410891089108911, 0.6245874587458746, 0.5783828382838284, 0.594059405940594, 0.6765676567656765, 0.6089108910891089, 0.5998349834983498, 0.6320132013201321, 0.6476897689768977, 0.6171617161716172, 0.6122112211221122, 0.5899339933993399, 0.6204620462046204, 0.641914191419142, 0.6006600660066007, 0.6237623762376238, 0.18275577557755776, 0.0], "avg_mem": [0.0024871826171875, 0.0139007568359375, 0.0138092041015625, 0.0133209228515625, 0.0137786865234375, 0.013671875, 0.0132598876953125, 0.0005521774291992188, 0.0004863739013671875, 0.031494140625, 0.0303955078125, 0.03021240234375, 0.028228759765625, 0.0002841949462890625, 0.000186920166015625, 0.0131072998046875, 0.013214111328125, 0.012298583984375, 0.00039768218994140625, 0.000118255615234375, 0.000164031982421875, 0.000164031982421875, 0.012115478515625, 0.0321044921875, 0.030120849609375, 0.030975341796875, 0.00077056884765625, 0.000316619873046875, 0.03045654296875, 0.029266357421875, 0.020904541015625, 0.0002727508544921875, 0.0002117156982421875, 0.010431918008784773, 0.04305453879941435, 0.0424597364568082, 0.04300878477306003, 0.04117862371888726, 0.04378660322108346, 0.0412701317715959, 0.0426885065885798, 0.04598279648609078, 0.04186493411420205, 0.04804172767203514, 0.04369509516837482, 0.04428989751098097, 0.043237554904831624, 0.042734260614934114, 0.043329062957540264, 0.04278001464128843, 0.04470168374816984, 0.04355783308931186, 0.04355783308931186, 0.04236822840409956, 0.044838945827232794, 0.04305453879941435, 0.041315885797950216, 0.047126647144948755, 0.043923865300146414, 0.044930453879941434, 0.04575402635431918, 0.045616764275256225, 0.04168191800878477, 0.04195644216691069, 0.047126647144948755, 0.04694363103953148, 0.04094985358711566, 0.044015373352855054, 0.04410688140556369, 0.04625732064421669, 0.04300878477306003, 0.042642752562225474, 0.04300878477306003, 0.04172767203513909, 0.0446101756954612, 0.04328330893118595, 0.04241398243045388, 0.04337481698389458, 0.04218521229868229, 0.043146046852122984, 0.043740849194729134, 0.045113469985358715, 0.04506771595900439, 0.04305453879941435, 0.045342240117130304, 0.042230966325036604, 0.04186493411420205, 0.04396961932650073, 0.04300878477306003, 0.04003477306002928, 0.04396961932650073, 0.044427159590043924, 0.04168191800878477, 0.0426885065885798, 0.04186493411420205, 0.04369509516837482, 0.04163616398243045, 0.04474743777452416, 0.043420571010248904, 0.04319180087847731, 0.042917276720351394, 0.041819180087847733, 0.04172767203513909, 0.042642752562225474, 0.04227672035139092, 0.04369509516837482, 0.043329062957540264, 0.04255124450951684, 0.04351207906295754, 0.0424597364568082, 0.04204795021961932, 0.04428989751098097, 0.043237554904831624, 0.04296303074670571, 0.04419838945827233, 0.04255124450951684, 0.04369509516837482, 0.04319180087847731, 0.04278001464128843, 0.04255124450951684, 0.04154465592972181, 0.044244143484626644, 0.043329062957540264, 0.04172767203513909, 0.0436493411420205, 0.04387811127379209, 0.04387811127379209, 0.042230966325036604, 0.0414989019033675, 0.04136163982430454, 0.042825768667642754, 0.04396961932650073, 0.04456442166910688, 0.0426885065885798, 0.04113286969253294, 0.04351207906295754, 0.043237554904831624, 0.0004804172767203514, 0.0003116993045387994]}