{"time": [597.0, 598.0, 599.0, 600.0, 601.0, 602.0, 603.0, 604.0, 605.0, 606.0, 607.0, 608.0, 609.0, 610.0, 611.0, 612.0, 613.0, 614.0, 615.0, 616.0, 616.0, 617.0, 618.0, 619.0, 620.0, 621.0, 622.0, 623.0, 624.0, 625.0, 626.0, 627.0, 628.0, 629.0, 630.0, 631.0, 632.0, 633.0, 634.0, 635.0, 636.0, 637.0, 638.0, 639.0, 640.0, 641.0, 642.0, 643.0, 644.0, 645.0, 646.0, 647.0, 648.0, 649.0, 650.0, 651.0, 652.0, 653.0, 653.0, 654.0, 654.0, 654.0], "avg_cpu": [0.570957095709571, 0.5742574257425742, 0.556930693069307, 0.5602310231023102, 0.5618811881188119, 0.5429042904290429, 0.5577557755775577, 0.5470297029702971, 0.5618811881188119, 0.528052805280528, 0.5214521452145214, 0.5627062706270627, 0.5495049504950495, 0.5511551155115512, 0.5552805280528053, 0.5198019801980198, 0.5561056105610561, 0.5561056105610561, 0.5973597359735974, 0.5858085808580858, 0.6542904290429042, 0.6592409240924092, 0.6303630363036303, 0.6361386138613861, 0.6361386138613861, 0.6534653465346535, 0.6600660066006601, 0.6666666666666666, 0.6567656765676567, 0.6575907590759076, 0.6476897689768977, 0.6468646864686468, 0.6262376237623762, 0.636963696369637, 0.6460396039603961, 0.5965346534653465, 0.5874587458745875, 0.6163366336633663, 0.6031353135313532, 0.6328382838283828, 0.6278877887788779, 0.6056105610561056, 0.6427392739273927, 0.6336633663366337, 0.6212871287128713, 0.6336633663366337, 0.6452145214521452, 0.6493399339933993, 0.6336633663366337, 0.6551155115511551, 0.6658415841584159, 0.6485148514851485, 0.6485148514851485, 0.6691419141914191, 0.6105610561056105, 0.6122112211221122, 0.6394389438943895, 0.6377887788778878, 0.6361386138613861, 0.6435643564356436, 0.0, 0.0], "avg_mem": [0.03806734992679356, 0.04076683748169839, 0.04209370424597365, 0.04319180087847731, 0.0412701317715959, 0.04355783308931186, 0.03838762811127379, 0.037701317715959005, 0.04122437774524158, 0.04145314787701318, 0.037106515373352855, 0.03527635431918009, 0.0412701317715959, 0.04072108345534407, 0.03587115666178624, 0.035916910688140555, 0.03605417276720351, 0.044244143484626644, 0.03907393850658858, 0.03628294289897511, 0.03655746705710102, 0.036694729136163985, 0.03934846266471449, 0.042642752562225474, 0.03683199121522694, 0.0369692532942899, 0.0410413616398243, 0.041315885797950216, 0.03742679355783309, 0.04108711566617863, 0.04200219619326501, 0.036923499267935575, 0.04204795021961932, 0.04122437774524158, 0.03573389458272328, 0.04035505124450952, 0.04195644216691069, 0.037518301610541725, 0.04035505124450952, 0.042734260614934114, 0.037609809663250365, 0.04113286969253294, 0.04378660322108346, 0.037015007320644215, 0.03934846266471449, 0.04195644216691069, 0.03623718887262079, 0.04163616398243045, 0.043832357247437774, 0.03742679355783309, 0.03738103953147877, 0.04159040995607614, 0.041315885797950216, 0.03568814055636896, 0.03628294289897511, 0.04227672035139092, 0.04053806734992679, 0.03774707174231332, 0.038113103953147875, 0.034315519765739384, 0.0007377836749633968, 0.00046039989019033676]}