{"time": [591.0, 592.0, 593.0, 593.0, 593.0, 593.0, 594.0, 595.0, 595.0, 596.0, 596.0, 596.0, 596.0, 597.0, 598.0, 598.0, 598.0, 598.0, 599.0, 600.0, 600.0, 600.0, 600.0, 601.0, 601.0, 602.0, 603.0, 604.0, 605.0, 606.0, 607.0, 608.0, 609.0, 610.0, 611.0, 612.0, 613.0, 614.0, 615.0, 616.0, 616.0, 617.0, 618.0, 619.0, 620.0, 621.0, 622.0, 623.0, 624.0, 625.0, 626.0, 627.0, 628.0, 629.0, 630.0, 631.0, 632.0, 633.0, 634.0, 635.0, 636.0, 637.0, 638.0, 639.0, 640.0, 641.0, 642.0, 643.0, 644.0, 645.0, 646.0, 647.0, 648.0, 649.0, 650.0, 651.0, 652.0, 653.0, 654.0, 655.0, 656.0, 657.0, 658.0, 659.0, 660.0, 661.0, 662.0, 663.0, 664.0, 665.0, 666.0, 667.0, 668.0, 669.0, 670.0, 671.0, 672.0, 673.0, 674.0, 675.0, 676.0, 677.0, 678.0, 679.0, 680.0, 681.0, 682.0, 683.0, 684.0, 685.0, 686.0, 687.0, 688.0, 689.0, 690.0, 691.0, 692.0, 693.0, 694.0, 695.0, 696.0, 697.0, 698.0, 699.0, 700.0, 701.0, 702.0, 703.0, 704.0, 705.0, 706.0, 707.0, 707.0, 707.0, 707.0], "avg_cpu": [0.249755859375, 0.26904296875, 0.2939453125, 0.2861328125, 0.0, 0.0, 0.3271484375, 0.3525390625, 0.36279296875, 0.3271484375, 0.03924560546875, 0.0, 0.3125, 0.3701171875, 0.3779296875, 0.32958984375, 0.0386962890625, 3.814697265625e-06, 0.3671875, 0.36083984375, 0.34375, 0.25146484375, 0.0, 1.6114892739273928e-06, 0.4104785478547855, 0.5734323432343235, 0.523102310231023, 0.6262376237623762, 0.6188118811881188, 0.6113861386138614, 0.5684818481848185, 0.5742574257425742, 0.5858085808580858, 0.556930693069307, 0.5693069306930693, 0.5808580858085809, 0.5693069306930693, 0.6254125412541254, 0.6386138613861386, 0.6443894389438944, 0.679042904290429, 0.6460396039603961, 0.6155115511551155, 0.6584158415841584, 0.6460396039603961, 0.6443894389438944, 0.6353135313531353, 0.6452145214521452, 0.6427392739273927, 0.6493399339933993, 0.6617161716171617, 0.6567656765676567, 0.665016501650165, 0.6320132013201321, 0.6320132013201321, 0.6732673267326733, 0.6674917491749175, 0.6493399339933993, 0.6617161716171617, 0.6476897689768977, 0.6782178217821783, 0.6212871287128713, 0.6229372937293729, 0.6221122112211221, 0.6245874587458746, 0.6336633663366337, 0.6377887788778878, 0.6064356435643564, 0.6435643564356436, 0.608085808580858, 0.6163366336633663, 0.6072607260726073, 0.6270627062706271, 0.6270627062706271, 0.6155115511551155, 0.6138613861386139, 0.6113861386138614, 0.6047854785478548, 0.7681518151815182, 0.6427392739273927, 0.5833333333333334, 0.608085808580858, 0.5981848184818482, 0.6518151815181518, 0.6410891089108911, 0.6122112211221122, 0.6245874587458746, 0.5594059405940595, 0.5973597359735974, 0.6204620462046204, 0.5684818481848185, 0.6113861386138614, 0.6163366336633663, 0.5404290429042904, 0.5561056105610561, 0.6336633663366337, 0.6353135313531353, 0.6402640264026402, 0.6171617161716172, 0.6311881188118812, 0.5783828382838284, 0.6056105610561056, 0.5907590759075908, 0.6221122112211221, 0.6658415841584159, 0.6625412541254125, 0.6344884488448845, 0.6295379537953796, 0.6287128712871287, 0.6047854785478548, 0.6410891089108911, 0.5618811881188119, 0.5924092409240924, 0.5759075907590759, 0.5833333333333334, 0.5841584158415841, 0.6476897689768977, 0.6476897689768977, 0.5561056105610561, 0.6435643564356436, 0.6097359735973598, 0.58003300330033, 0.6336633663366337, 0.5808580858085809, 0.6179867986798679, 0.5874587458745875, 0.6476897689768977, 0.6270627062706271, 0.6295379537953796, 0.5965346534653465, 0.6386138613861386, 0.6212871287128713, 0.6394389438943895, 0.0017339624587458745, 0.0], "avg_mem": [0.02691650390625, 0.029541015625, 0.03155517578125, 0.0283203125, 0.0007801055908203125, 0.0002956390380859375, 0.028900146484375, 0.030670166015625, 0.0382080078125, 0.029632568359375, 0.001007080078125, 0.0006561279296875, 0.0104522705078125, 0.0155029296875, 0.0128173828125, 0.0126495361328125, 0.00017547607421875, 0.00011539459228515625, 0.0130767822265625, 0.0132904052734375, 0.013153076171875, 0.00028514862060546875, 0.00010013580322265625, 0.00033171669106881406, 0.026171303074670572, 0.041819180087847733, 0.04145314787701318, 0.04438140556368961, 0.04250549048316252, 0.04218521229868229, 0.04515922401171303, 0.043832357247437774, 0.04438140556368961, 0.04538799414348463, 0.04355783308931186, 0.041819180087847733, 0.04634882869692533, 0.044518667642752564, 0.042734260614934114, 0.04396961932650073, 0.04351207906295754, 0.04685212298682284, 0.044015373352855054, 0.04213945827232796, 0.04410688140556369, 0.04515922401171303, 0.04479319180087848, 0.04387811127379209, 0.04419838945827233, 0.044518667642752564, 0.04305453879941435, 0.04360358711566618, 0.04369509516837482, 0.04415263543191801, 0.04177342606149341, 0.044244143484626644, 0.04666910688140556, 0.043832357247437774, 0.044838945827232794, 0.04255124450951684, 0.047035139092240115, 0.04406112737920937, 0.04351207906295754, 0.04241398243045388, 0.04328330893118595, 0.04419838945827233, 0.04337481698389458, 0.04209370424597365, 0.04305453879941435, 0.04520497803806735, 0.04488469985358712, 0.04241398243045388, 0.04456442166910688, 0.045525256222547585, 0.042825768667642754, 0.04488469985358712, 0.044015373352855054, 0.043329062957540264, 0.04378660322108346, 0.045021961932650074, 0.043420571010248904, 0.04465592972181552, 0.045021961932650074, 0.0446101756954612, 0.04300878477306003, 0.04589128843338214, 0.044838945827232794, 0.0414989019033675, 0.04351207906295754, 0.04520497803806735, 0.04529648609077599, 0.04387811127379209, 0.044930453879941434, 0.0446101756954612, 0.042734260614934114, 0.04767569546120059, 0.046120058565153735, 0.04465592972181552, 0.04497620790629575, 0.044838945827232794, 0.046211566617862375, 0.045616764275256225, 0.04488469985358712, 0.044930453879941434, 0.045937042459736455, 0.04575402635431918, 0.04488469985358712, 0.045342240117130304, 0.0467606149341142, 0.045525256222547585, 0.04465592972181552, 0.048316251830161056, 0.047218155197657395, 0.04529648609077599, 0.046211566617862375, 0.04598279648609078, 0.04570827232796486, 0.046028550512445095, 0.04749267935578331, 0.04749267935578331, 0.04538799414348463, 0.04465592972181552, 0.04776720351390922, 0.046531844802342605, 0.047035139092240115, 0.04538799414348463, 0.04749267935578331, 0.04575402635431918, 0.045021961932650074, 0.04694363103953148, 0.04538799414348463, 0.045525256222547585, 0.039806002928257686, 0.00047755765007320646, 0.00031455893118594437]}