{"time": [530.0, 530.0, 531.0, 531.0, 532.0, 533.0, 534.0, 535.0, 536.0, 537.0, 538.0, 539.0, 540.0, 540.0, 541.0, 542.0, 543.0, 544.0, 545.0, 546.0, 547.0, 548.0, 549.0, 550.0, 551.0, 552.0, 553.0, 554.0, 555.0, 556.0, 556.0, 557.0, 558.0, 559.0, 560.0, 561.0, 562.0, 563.0, 564.0, 565.0, 566.0, 567.0, 568.0, 569.0, 570.0, 571.0, 571.0, 571.0, 571.0, 578.0, 579.0, 580.0, 581.0, 582.0, 583.0, 584.0, 585.0, 586.0, 587.0, 588.0, 589.0, 590.0, 591.0, 592.0, 593.0, 594.0, 595.0, 596.0, 597.0, 598.0, 599.0, 600.0, 601.0, 602.0, 603.0, 604.0, 605.0, 606.0, 607.0, 608.0, 609.0, 610.0, 611.0, 612.0, 613.0, 614.0, 615.0, 616.0, 617.0, 618.0, 619.0, 620.0, 621.0, 622.0, 623.0, 624.0, 625.0, 626.0, 627.0, 628.0, 629.0, 630.0, 631.0, 632.0, 633.0, 634.0, 635.0, 636.0, 637.0, 638.0, 639.0, 640.0, 641.0, 642.0, 643.0, 644.0, 645.0, 646.0, 647.0, 648.0, 649.0, 650.0, 651.0, 652.0, 653.0, 653.0, 653.0, 653.0], "avg_cpu": [0.009797854785478548, 0.5775577557755776, 0.6047854785478548, 0.5948844884488449, 0.5915841584158416, 0.5536303630363036, 0.6221122112211221, 0.6518151815181518, 0.6237623762376238, 0.6377887788778878, 0.6468646864686468, 0.6344884488448845, 0.6212871287128713, 0.6270627062706271, 0.5866336633663366, 0.6056105610561056, 0.6163366336633663, 0.5651815181518152, 0.6179867986798679, 0.5957095709570958, 0.5338283828382838, 0.6245874587458746, 0.6155115511551155, 0.6188118811881188, 0.6056105610561056, 0.6344884488448845, 0.5891089108910891, 0.6485148514851485, 0.6270627062706271, 0.6468646864686468, 0.6641914191419142, 0.608085808580858, 0.5676567656765676, 0.6031353135313532, 0.5602310231023102, 0.6163366336633663, 0.6171617161716172, 0.6501650165016502, 0.6460396039603961, 0.5668316831683168, 0.5503300330033003, 0.608085808580858, 0.6468646864686468, 0.6410891089108911, 0.6179867986798679, 0.6575907590759076, 0.6765676567656765, 0.06507838283828384, 0.0, 0.33003300330033003, 0.5264026402640264, 0.5404290429042904, 0.5445544554455446, 0.5379537953795379, 0.5379537953795379, 0.5107260726072608, 0.5346534653465347, 0.5354785478547854, 0.5305280528052805, 0.5181518151815182, 0.5173267326732673, 0.5495049504950495, 0.5107260726072608, 0.5115511551155115, 0.5297029702970297, 0.5305280528052805, 0.5057755775577558, 0.5354785478547854, 0.5552805280528053, 0.5643564356435643, 0.566006600660066, 0.5602310231023102, 0.5354785478547854, 0.5792079207920792, 0.570957095709571, 0.5627062706270627, 0.5775577557755776, 0.5478547854785478, 0.5503300330033003, 0.5775577557755776, 0.5816831683168316, 0.5734323432343235, 0.5734323432343235, 0.5594059405940595, 0.566006600660066, 0.5561056105610561, 0.5396039603960396, 0.5453795379537953, 0.5412541254125413, 0.556930693069307, 0.5338283828382838, 0.5544554455445545, 0.5734323432343235, 0.5792079207920792, 0.570957095709571, 0.5734323432343235, 0.5717821782178217, 0.5420792079207921, 0.5041254125412541, 0.5585808580858086, 0.5041254125412541, 0.5627062706270627, 0.5371287128712872, 0.5544554455445545, 0.5008250825082509, 0.49257425742574257, 0.5536303630363036, 0.5115511551155115, 0.528052805280528, 0.5544554455445545, 0.5676567656765676, 0.5693069306930693, 0.5874587458745875, 0.5742574257425742, 0.5486798679867987, 0.6064356435643564, 0.6584158415841584, 0.6229372937293729, 0.551980198019802, 0.5693069306930693, 0.5676567656765676, 0.5338283828382838, 0.5503300330033003, 0.5288778877887789, 0.49504950495049505, 0.6113861386138614, 0.0, 0.0], "avg_mem": [0.007126189604685212, 0.043237554904831624, 0.04648609077598829, 0.040995607613469986, 0.04419838945827233, 0.043237554904831624, 0.04136163982430454, 0.04470168374816984, 0.042917276720351394, 0.04465592972181552, 0.045021961932650074, 0.04740117130307467, 0.04406112737920937, 0.05197657393850659, 0.045342240117130304, 0.04804172767203514, 0.04497620790629575, 0.04767569546120059, 0.04776720351390922, 0.04406112737920937, 0.04740117130307467, 0.04630307467057101, 0.04300878477306003, 0.047309663250366035, 0.045342240117130304, 0.045021961932650074, 0.048316251830161056, 0.045937042459736455, 0.0467606149341142, 0.04625732064421669, 0.05069546120058565, 0.04474743777452416, 0.04694363103953148, 0.044244143484626644, 0.0455710102489019, 0.044335651537335284, 0.046120058565153735, 0.04767569546120059, 0.046440336749633965, 0.045021961932650074, 0.046714860907759885, 0.04428989751098097, 0.046531844802342605, 0.04186493411420205, 0.048224743777452415, 0.04255124450951684, 0.04076683748169839, 0.002344893850658858, 0.001181025805270864, 0.014618411420204978, 0.04538799414348463, 0.0436493411420205, 0.04209370424597365, 0.042642752562225474, 0.043923865300146414, 0.04584553440702782, 0.0424597364568082, 0.04506771595900439, 0.04168191800878477, 0.04278001464128843, 0.04218521229868229, 0.04195644216691069, 0.040995607613469986, 0.0424597364568082, 0.04044655929721815, 0.04310029282576867, 0.043146046852122984, 0.041315885797950216, 0.04145314787701318, 0.04236822840409956, 0.04218521229868229, 0.0410413616398243, 0.0424597364568082, 0.0412701317715959, 0.04319180087847731, 0.04186493411420205, 0.04355783308931186, 0.04163616398243045, 0.04250549048316252, 0.04328330893118595, 0.0426885065885798, 0.0426885065885798, 0.04213945827232796, 0.042230966325036604, 0.04117862371888726, 0.04369509516837482, 0.0446101756954612, 0.04186493411420205, 0.045937042459736455, 0.04428989751098097, 0.04396961932650073, 0.0426885065885798, 0.045113469985358715, 0.044244143484626644, 0.04204795021961932, 0.04213945827232796, 0.043146046852122984, 0.04310029282576867, 0.045616764275256225, 0.04465592972181552, 0.044427159590043924, 0.04387811127379209, 0.04387811127379209, 0.0424597364568082, 0.04209370424597365, 0.04287152269399707, 0.04406112737920937, 0.0436493411420205, 0.04259699853587116, 0.0412701317715959, 0.04685212298682284, 0.04529648609077599, 0.04296303074670571, 0.043832357247437774, 0.04255124450951684, 0.04387811127379209, 0.043329062957540264, 0.04447291361639824, 0.04360358711566618, 0.042642752562225474, 0.04337481698389458, 0.044244143484626644, 0.0436493411420205, 0.042230966325036604, 0.04241398243045388, 0.04241398243045388, 0.0006205389824304538, 0.0003174185578330893]}