{"time": [5757.0, 5757.0, 5757.0, 5758.0, 5758.0, 5758.0, 5759.0, 5759.0, 5760.0, 5761.0, 5762.0, 5763.0, 5764.0, 5765.0, 5766.0, 5767.0, 5768.0, 5769.0, 5770.0, 5771.0, 5772.0, 5773.0, 5774.0, 5775.0, 5776.0, 5777.0, 5778.0, 5779.0, 5780.0, 5781.0, 5782.0, 5783.0, 5784.0, 5785.0, 5786.0, 5787.0, 5788.0, 5789.0, 5790.0, 5791.0, 5792.0, 5793.0, 5794.0, 5795.0, 5796.0, 5797.0, 5798.0, 5799.0, 5800.0, 5801.0, 5802.0, 5803.0, 5804.0, 5805.0, 5806.0, 5807.0, 5808.0, 5809.0, 5810.0, 5811.0, 5812.0, 5813.0, 5814.0, 5815.0, 5816.0, 5817.0, 5818.0, 5819.0, 5820.0, 5821.0, 5822.0, 5823.0, 5824.0, 5825.0, 5826.0, 5827.0, 5828.0, 5829.0, 5830.0, 5831.0, 5832.0, 5833.0, 5834.0, 5835.0, 5836.0, 5837.0, 5838.0, 5839.0, 5840.0, 5841.0, 5842.0, 5843.0, 5844.0, 5845.0, 5846.0, 5846.0, 5846.0], "avg_cpu": [0.0, 0.043255649717514125, 0.2396421845574388, 0.3182674199623352, 0.4246704331450094, 0.4665725047080979, 0.4656308851224105, 0.474105461393597, 0.5216572504708098, 0.536723163841808, 0.5338983050847458, 0.5338983050847458, 0.5433145009416196, 0.5451977401129944, 0.5499058380414312, 0.5489642184557438, 0.5404896421845574, 0.5470809792843692, 0.5423728813559322, 0.5470809792843692, 0.5404896421845574, 0.5310734463276836, 0.5178907721280602, 0.5357815442561206, 0.5451977401129944, 0.5423728813559322, 0.5508474576271186, 0.5451977401129944, 0.5404896421845574, 0.5414312617702448, 0.5338983050847458, 0.5451977401129944, 0.5414312617702448, 0.536723163841808, 0.536723163841808, 0.53954802259887, 0.5357815442561206, 0.5329566854990584, 0.5461393596986818, 0.5451977401129944, 0.5414312617702448, 0.5499058380414312, 0.5461393596986818, 0.5376647834274952, 0.5451977401129944, 0.5414312617702448, 0.53954802259887, 0.544256120527307, 0.5282485875706214, 0.5423728813559322, 0.5470809792843692, 0.5508474576271186, 0.5480225988700564, 0.5499058380414312, 0.5470809792843692, 0.5461393596986818, 0.544256120527307, 0.5451977401129944, 0.5461393596986818, 0.544256120527307, 0.544256120527307, 0.5480225988700564, 0.5480225988700564, 0.5451977401129944, 0.5404896421845574, 0.5433145009416196, 0.5433145009416196, 0.5301318267419962, 0.5423728813559322, 0.5461393596986818, 0.5480225988700564, 0.5480225988700564, 0.5480225988700564, 0.5451977401129944, 0.5527306967984934, 0.5423728813559322, 0.5451977401129944, 0.5480225988700564, 0.5480225988700564, 0.5461393596986818, 0.53954802259887, 0.4971751412429379, 0.4444444444444444, 0.5348399246704332, 0.5348399246704332, 0.5414312617702448, 0.5357815442561206, 0.5414312617702448, 0.5433145009416196, 0.5433145009416196, 0.5480225988700564, 0.5461393596986818, 0.5329566854990584, 0.4736346516007533, 0.006856167608286253, 0.010004708097928437, 0.0], "avg_mem": [5.719253294289898e-06, 0.012307833089311859, 0.016654465592972182, 0.014961566617862371, 0.015533491947291362, 0.01612829428989751, 0.015441983894582723, 0.016105417276720352, 0.015533491947291362, 0.015716508052708637, 0.015876647144948755, 0.016425695461200585, 0.016402818448023427, 0.015968155197657395, 0.016036786237188873, 0.016494326500732064, 0.01567075402635432, 0.015830893118594435, 0.01578513909224012, 0.01617404831625183, 0.015762262079062957, 0.015762262079062957, 0.015556368960468522, 0.015510614934114202, 0.01621980234260615, 0.016059663250366032, 0.016105417276720352, 0.016151171303074672, 0.016105417276720352, 0.016059663250366032, 0.01578513909224012, 0.015533491947291362, 0.015968155197657395, 0.016036786237188873, 0.015556368960468522, 0.016540080527086384, 0.01564787701317716, 0.015830893118594435, 0.015991032210834553, 0.01621980234260615, 0.015899524158125913, 0.016059663250366032, 0.01612829428989751, 0.015945278184480233, 0.01578513909224012, 0.016105417276720352, 0.01617404831625183, 0.015830893118594435, 0.01569363103953148, 0.01612829428989751, 0.015968155197657395, 0.0157393850658858, 0.01628843338213763, 0.016494326500732064, 0.01578513909224012, 0.015716508052708637, 0.015945278184480233, 0.01612829428989751, 0.015716508052708637, 0.01567075402635432, 0.015808016105417277, 0.015899524158125913, 0.016357064421669107, 0.015853770131771597, 0.015510614934114202, 0.015945278184480233, 0.016311310395314787, 0.015579245973645682, 0.015945278184480233, 0.01619692532942899, 0.01667734260614934, 0.016494326500732064, 0.016448572474377744, 0.015556368960468522, 0.016036786237188873, 0.016059663250366032, 0.016357064421669107, 0.015625, 0.015945278184480233, 0.015899524158125913, 0.015991032210834553, 0.016860358711566617, 0.016608711566617862, 0.01937683016105417, 0.018553257686676428, 0.016471449487554905, 0.01663158857979502, 0.015945278184480233, 0.015716508052708637, 0.015991032210834553, 0.01560212298682284, 0.016402818448023427, 0.0157393850658858, 0.01507595168374817, 0.012628111273792094, 0.012124816983894582, 0.00010866581259150806]}