{"time": [530.0, 531.0, 531.0, 532.0, 533.0, 534.0, 535.0, 536.0, 537.0, 538.0, 539.0, 540.0, 540.0, 541.0, 542.0, 543.0, 544.0, 545.0, 546.0, 547.0, 548.0, 549.0, 550.0, 551.0, 552.0, 553.0, 554.0, 555.0, 556.0, 556.0, 557.0, 558.0, 559.0, 560.0, 561.0, 562.0, 563.0, 564.0, 565.0, 566.0, 567.0, 568.0, 569.0, 570.0, 570.0, 570.0, 570.0, 578.0, 579.0, 579.0, 579.0, 579.0, 580.0, 580.0, 580.0, 580.0, 580.0, 581.0, 582.0, 583.0, 584.0, 585.0, 586.0, 587.0, 588.0, 589.0, 590.0, 591.0, 592.0, 593.0, 594.0, 595.0, 596.0, 597.0, 598.0, 599.0, 600.0, 601.0, 602.0, 603.0, 604.0, 605.0, 606.0, 607.0, 608.0, 609.0, 610.0, 611.0, 612.0, 613.0, 614.0, 615.0, 615.0, 616.0, 617.0, 618.0, 619.0, 620.0, 621.0, 622.0, 623.0, 624.0, 625.0, 626.0, 627.0, 628.0, 629.0, 630.0, 631.0, 632.0, 633.0, 634.0, 635.0, 636.0, 637.0, 638.0, 639.0, 640.0, 641.0, 642.0, 643.0, 644.0, 645.0, 646.0, 647.0, 648.0, 649.0, 650.0, 651.0, 652.0, 653.0, 653.0, 653.0, 653.0], "avg_cpu": [0.09746287128712872, 0.584983498349835, 0.5561056105610561, 0.5297029702970297, 0.5676567656765676, 0.566006600660066, 0.5371287128712872, 0.5759075907590759, 0.5412541254125413, 0.5594059405940595, 0.594059405940594, 0.551980198019802, 0.6443894389438944, 0.5783828382838284, 0.6064356435643564, 0.5767326732673267, 0.5998349834983498, 0.5907590759075908, 0.5899339933993399, 0.6031353135313532, 0.584983498349835, 0.5907590759075908, 0.5841584158415841, 0.5915841584158416, 0.5891089108910891, 0.594059405940594, 0.6047854785478548, 0.5445544554455446, 0.5973597359735974, 0.6303630363036303, 0.6188118811881188, 0.5816831683168316, 0.5808580858085809, 0.5948844884488449, 0.5825082508250825, 0.5544554455445545, 0.6056105610561056, 0.5874587458745875, 0.5833333333333334, 0.5759075907590759, 0.5792079207920792, 0.5882838283828383, 0.584983498349835, 0.6006600660066007, 0.5948844884488449, 0.0, 0.0, 0.40283203125, 0.4501953125, 0.4638671875, 0.051025390625, 0.0, 0.42041015625, 0.333984375, 0.0, 0.0, 0.0, 0.7351485148514851, 0.7772277227722773, 0.698019801980198, 0.7037953795379538, 0.6155115511551155, 0.6270627062706271, 0.641914191419142, 0.6254125412541254, 0.5594059405940595, 0.6427392739273927, 0.5676567656765676, 0.6303630363036303, 0.5957095709570958, 0.5825082508250825, 0.5808580858085809, 0.5874587458745875, 0.599009900990099, 0.5899339933993399, 0.5693069306930693, 0.5882838283828383, 0.5957095709570958, 0.5998349834983498, 0.5594059405940595, 0.5759075907590759, 0.6344884488448845, 0.5742574257425742, 0.5701320132013201, 0.570957095709571, 0.5717821782178217, 0.5668316831683168, 0.5833333333333334, 0.6006600660066007, 0.636963696369637, 0.6287128712871287, 0.6328382838283828, 0.6798679867986799, 0.6212871287128713, 0.6386138613861386, 0.6435643564356436, 0.6336633663366337, 0.6485148514851485, 0.6245874587458746, 0.6377887788778878, 0.636963696369637, 0.6097359735973598, 0.6534653465346535, 0.636963696369637, 0.6344884488448845, 0.641914191419142, 0.650990099009901, 0.6377887788778878, 0.6295379537953796, 0.6468646864686468, 0.6435643564356436, 0.636963696369637, 0.6427392739273927, 0.6336633663366337, 0.6320132013201321, 0.6171617161716172, 0.6328382838283828, 0.6707920792079208, 0.6584158415841584, 0.6204620462046204, 0.6402640264026402, 0.6377887788778878, 0.5907590759075908, 0.6443894389438944, 0.6278877887788779, 0.6361386138613861, 0.6097359735973598, 0.5924092409240924, 0.6047854785478548, 0.6105610561056105, 0.6295379537953796, 0.6221122112211221, 0.0, 0.0], "avg_mem": [0.0074464677891654465, 0.033720717423133234, 0.04529648609077599, 0.04351207906295754, 0.043740849194729134, 0.042734260614934114, 0.043740849194729134, 0.04355783308931186, 0.04337481698389458, 0.04360358711566618, 0.04497620790629575, 0.043329062957540264, 0.046531844802342605, 0.042825768667642754, 0.04287152269399707, 0.0436493411420205, 0.04387811127379209, 0.04566251830161054, 0.042734260614934114, 0.04479319180087848, 0.045616764275256225, 0.043740849194729134, 0.046120058565153735, 0.04598279648609078, 0.044427159590043924, 0.04415263543191801, 0.043923865300146414, 0.04191068814055637, 0.046211566617862375, 0.04319180087847731, 0.0457997803806735, 0.04236822840409956, 0.04351207906295754, 0.0455710102489019, 0.04300878477306003, 0.04204795021961932, 0.043420571010248904, 0.043832357247437774, 0.043420571010248904, 0.04396961932650073, 0.04296303074670571, 0.044427159590043924, 0.04575402635431918, 0.04255124450951684, 0.04497620790629575, 0.0010380444729136164, 0.0004889961566617862, 0.028045654296875, 0.028594970703125, 0.0321044921875, 0.000579833984375, 0.00034332275390625, 0.029388427734375, 0.022064208984375, 0.000244140625, 0.000213623046875, 0.0, 0.041407393850658857, 0.046211566617862375, 0.04465592972181552, 0.04387811127379209, 0.044930453879941434, 0.04479319180087848, 0.045021961932650074, 0.0436493411420205, 0.04410688140556369, 0.04259699853587116, 0.042825768667642754, 0.04589128843338214, 0.04300878477306003, 0.043832357247437774, 0.043420571010248904, 0.04241398243045388, 0.045525256222547585, 0.04296303074670571, 0.043923865300146414, 0.04520497803806735, 0.04250549048316252, 0.04406112737920937, 0.044518667642752564, 0.04346632503660322, 0.04305453879941435, 0.04337481698389458, 0.042642752562225474, 0.040217789165446556, 0.04062957540263543, 0.04012628111273792, 0.04428989751098097, 0.03884516837481698, 0.04351207906295754, 0.04305453879941435, 0.043832357247437774, 0.041819180087847733, 0.04360358711566618, 0.03957723279648609, 0.041819180087847733, 0.04227672035139092, 0.04415263543191801, 0.04177342606149341, 0.0414989019033675, 0.044244143484626644, 0.04163616398243045, 0.043420571010248904, 0.042825768667642754, 0.04172767203513909, 0.042642752562225474, 0.04589128843338214, 0.04538799414348463, 0.04538799414348463, 0.044930453879941434, 0.04488469985358712, 0.045525256222547585, 0.04310029282576867, 0.04410688140556369, 0.04305453879941435, 0.0424597364568082, 0.044015373352855054, 0.04154465592972181, 0.042917276720351394, 0.04378660322108346, 0.04204795021961932, 0.04525073206442167, 0.04177342606149341, 0.04396961932650073, 0.04259699853587116, 0.042642752562225474, 0.04369509516837482, 0.043146046852122984, 0.0410413616398243, 0.04346632503660322, 0.03413250366032211, 0.04062957540263543, 0.0008064147144948756, 0.0006262582357247437]}