{"time": [134.0, 134.0, 135.0, 135.0, 136.0, 137.0, 138.0, 139.0, 140.0, 141.0, 142.0, 143.0, 144.0, 145.0, 146.0, 147.0, 148.0, 148.0, 149.0, 150.0, 151.0, 152.0, 153.0, 154.0, 155.0, 156.0, 157.0, 158.0, 159.0, 160.0, 161.0, 162.0, 163.0, 164.0, 165.0, 166.0, 167.0, 168.0, 169.0, 170.0, 170.0, 171.0, 172.0, 173.0, 174.0, 175.0, 176.0, 177.0, 178.0, 179.0, 180.0, 181.0, 182.0, 183.0, 184.0, 185.0, 186.0, 187.0, 188.0, 189.0, 190.0, 191.0, 192.0, 193.0, 194.0, 195.0, 196.0, 197.0, 198.0, 199.0, 200.0, 201.0, 202.0, 203.0, 204.0, 205.0, 206.0, 207.0, 208.0, 209.0, 210.0, 211.0, 212.0, 213.0, 214.0, 215.0, 216.0, 217.0, 218.0, 219.0, 220.0, 221.0, 222.0, 223.0, 224.0, 225.0, 226.0, 227.0, 228.0, 229.0, 230.0, 231.0, 232.0, 233.0, 234.0, 235.0, 236.0, 236.0, 237.0, 238.0, 239.0, 240.0, 241.0, 242.0, 243.0, 244.0, 245.0, 246.0, 247.0, 248.0, 249.0, 250.0, 251.0, 252.0, 253.0, 254.0, 255.0, 256.0, 257.0, 258.0, 259.0, 260.0, 261.0, 262.0, 263.0, 264.0, 265.0, 266.0, 267.0, 268.0, 269.0, 270.0, 271.0, 272.0, 273.0, 274.0, 275.0, 276.0, 277.0, 278.0, 279.0, 280.0, 281.0, 282.0, 283.0, 284.0, 285.0, 286.0, 287.0, 288.0, 289.0, 290.0, 291.0, 292.0, 293.0, 294.0, 295.0, 296.0, 297.0, 298.0, 299.0, 300.0, 301.0, 302.0, 303.0, 304.0, 305.0, 305.0, 306.0, 307.0, 308.0, 308.0, 308.0, 308.0], "avg_cpu": [0.37327823691460055, 0.46487603305785125, 0.5337465564738292, 0.5550964187327824, 0.506198347107438, 0.4820936639118457, 0.5358126721763086, 0.5268595041322314, 0.5192837465564738, 0.5, 0.5433884297520661, 0.5241046831955923, 0.5323691460055097, 0.5516528925619835, 0.5034435261707989, 0.5385674931129476, 0.5606060606060606, 0.5261707988980716, 0.5371900826446281, 0.5296143250688705, 0.5144628099173554, 0.5234159779614325, 0.4986225895316804, 0.4731404958677686, 0.5130853994490359, 0.47451790633608815, 0.4696969696969697, 0.493801652892562, 0.5082644628099173, 0.5103305785123967, 0.5089531680440771, 0.5358126721763086, 0.540633608815427, 0.528236914600551, 0.5165289256198347, 0.5289256198347108, 0.5571625344352618, 0.5426997245179064, 0.5523415977961432, 0.5089531680440771, 0.5392561983471075, 0.5488980716253443, 0.5550964187327824, 0.5661157024793388, 0.559228650137741, 0.5206611570247934, 0.5048209366391184, 0.5254820936639119, 0.5254820936639119, 0.5378787878787878, 0.546831955922865, 0.5633608815426997, 0.5392561983471075, 0.5730027548209367, 0.5902203856749312, 0.5853994490358126, 0.5764462809917356, 0.5261707988980716, 0.5668044077134986, 0.5902203856749312, 0.5633608815426997, 0.5557851239669421, 0.5523415977961432, 0.5344352617079889, 0.5337465564738292, 0.5544077134986226, 0.581267217630854, 0.550275482093664, 0.5805785123966942, 0.5785123966942148, 0.553030303030303, 0.5440771349862259, 0.5461432506887053, 0.5647382920110193, 0.5661157024793388, 0.5709366391184573, 0.5585399449035813, 0.5750688705234159, 0.568870523415978, 0.5378787878787878, 0.5495867768595041, 0.5206611570247934, 0.5137741046831956, 0.5495867768595041, 0.5585399449035813, 0.5378787878787878, 0.5626721763085399, 0.5798898071625345, 0.581267217630854, 0.5915977961432507, 0.5736914600550964, 0.5654269972451791, 0.5365013774104683, 0.5426997245179064, 0.5433884297520661, 0.5461432506887053, 0.5557851239669421, 0.5695592286501377, 0.6005509641873278, 0.6074380165289256, 0.5798898071625345, 0.5371900826446281, 0.5027548209366391, 0.53099173553719, 0.5137741046831956, 0.5158402203856749, 0.6212121212121212, 0.6308539944903582, 0.6129476584022039, 0.6053719008264463, 0.609504132231405, 0.5984848484848485, 0.5413223140495868, 0.5013774104683195, 0.5647382920110193, 0.5303030303030303, 0.5461432506887053, 0.5447658402203857, 0.621900826446281, 0.6136363636363636, 0.5833333333333334, 0.5750688705234159, 0.5482093663911846, 0.587465564738292, 0.559228650137741, 0.5819559228650137, 0.5902203856749312, 0.5833333333333334, 0.5867768595041323, 0.6074380165289256, 0.6239669421487604, 0.6274104683195593, 0.6253443526170799, 0.6136363636363636, 0.6205234159779615, 0.5626721763085399, 0.5833333333333334, 0.587465564738292, 0.5847107438016529, 0.5571625344352618, 0.6067493112947658, 0.5764462809917356, 0.5654269972451791, 0.5475206611570248, 0.5902203856749312, 0.6115702479338843, 0.6336088154269972, 0.6225895316804407, 0.5661157024793388, 0.5764462809917356, 0.6019283746556474, 0.5888429752066116, 0.6322314049586777, 0.6377410468319559, 0.6150137741046832, 0.5482093663911846, 0.6088154269972452, 0.5943526170798898, 0.6157024793388429, 0.6150137741046832, 0.6184573002754821, 0.6012396694214877, 0.6067493112947658, 0.48415977961432505, 0.42079889807162535, 0.4855371900826446, 0.5867768595041323, 0.6143250688705234, 0.5702479338842975, 0.6039944903581267, 0.6088154269972452, 0.6349862258953168, 0.5902203856749312, 0.5888429752066116, 0.5743801652892562, 0.568870523415978, 0.49931129476584024, 0.28856749311294766, 0.19352617079889808, 0.02496556473829201, 0.0008649169249311295, 0.0, 0.0014204545454545455, 0.001263074638429752],