{"time": [521.0, 522.0, 523.0, 524.0, 525.0, 526.0, 527.0, 527.0, 527.0, 527.0, 535.0, 536.0, 537.0, 538.0, 539.0, 540.0, 540.0, 541.0, 542.0, 543.0, 544.0, 544.0, 544.0, 544.0, 544.0, 544.0, 545.0, 545.0, 545.0, 545.0, 546.0, 547.0, 548.0, 549.0, 550.0, 551.0, 552.0, 553.0, 554.0, 555.0, 556.0, 557.0, 557.0, 558.0, 559.0, 560.0, 561.0, 562.0, 563.0, 564.0, 565.0, 566.0, 567.0, 568.0, 569.0, 570.0, 571.0, 571.0, 572.0, 572.0, 572.0, 575.0, 576.0, 577.0, 578.0, 579.0, 580.0, 581.0, 582.0, 583.0, 584.0, 585.0, 586.0, 587.0, 588.0, 589.0, 590.0, 591.0, 592.0, 593.0, 594.0, 595.0, 596.0, 597.0, 598.0, 599.0, 600.0, 601.0, 602.0, 603.0, 604.0, 605.0, 606.0, 607.0, 608.0, 609.0, 610.0, 611.0, 612.0, 613.0, 614.0, 615.0, 616.0, 617.0, 618.0, 619.0, 620.0, 621.0, 622.0, 623.0, 624.0, 625.0, 626.0, 627.0, 628.0, 629.0, 630.0, 631.0, 632.0, 633.0, 634.0, 635.0, 636.0, 637.0, 638.0, 639.0, 640.0, 641.0, 642.0, 643.0, 644.0, 645.0, 646.0, 647.0, 648.0, 649.0, 650.0, 651.0, 652.0, 653.0, 653.0, 653.0, 653.0, 709.0, 710.0, 711.0, 712.0, 713.0, 714.0, 715.0, 716.0, 717.0, 718.0, 719.0, 720.0, 721.0, 722.0, 723.0, 724.0, 725.0, 725.0, 726.0, 727.0, 728.0, 729.0, 730.0, 731.0, 732.0, 733.0, 734.0, 735.0, 735.0, 735.0, 735.0], "avg_cpu": [0.055526859504132234, 0.050189393939393936, 0.06275826446280992, 0.048984159779614324, 0.02221074380165289, 0.0015119232093663913, 0.0005017325241046832, 0.00161684314738292, 0.0, 0.0003013085399449036, 0.003228305785123967, 0.5599173553719008, 0.5440771349862259, 0.4972451790633609, 0.5557851239669421, 0.5378787878787878, 0.5750688705234159, 0.5358126721763086, 0.4724517906336088, 0.48760330578512395, 0.5048209366391184, 0.4765840220385675, 0.0962465564738292, 0.0, 0.39669421487603307, 0.5241046831955923, 0.5068870523415978, 0.0, 0.0, 0.7004950495049505, 0.5544554455445545, 0.6171617161716172, 0.655940594059406, 0.6204620462046204, 0.5676567656765676, 0.5866336633663366, 0.5610561056105611, 0.5866336633663366, 0.5767326732673267, 0.6155115511551155, 0.5808580858085809, 0.5577557755775577, 0.5858085808580858, 0.6320132013201321, 0.5948844884488449, 0.5948844884488449, 0.6204620462046204, 0.5643564356435643, 0.5552805280528053, 0.6171617161716172, 0.5825082508250825, 0.5676567656765676, 0.5899339933993399, 0.5701320132013201, 0.5511551155115512, 0.5528052805280528, 0.5882838283828383, 0.6204620462046204, 0.6361386138613861, 0.1481023102310231, 0.0, 0.5495049504950495, 0.6171617161716172, 0.6278877887788779, 0.6691419141914191, 0.66996699669967, 0.6320132013201321, 0.6006600660066007, 0.5775577557755776, 0.6221122112211221, 0.6113861386138614, 0.650990099009901, 0.6039603960396039, 0.594059405940594, 0.5643564356435643, 0.5973597359735974, 0.5404290429042904, 0.6204620462046204, 0.6014851485148515, 0.5684818481848185, 0.5651815181518152, 0.594059405940594, 0.6196369636963697, 0.6196369636963697, 0.6303630363036303, 0.6600660066006601, 0.6229372937293729, 0.5594059405940595, 0.49504950495049505, 0.5074257425742574, 0.556930693069307, 0.5948844884488449, 0.6006600660066007, 0.5783828382838284, 0.613036303630363, 0.6113861386138614, 0.5981848184818482, 0.5932343234323433, 0.6039603960396039, 0.6262376237623762, 0.5981848184818482, 0.5412541254125413, 0.5338283828382838, 0.5874587458745875, 0.6270627062706271, 0.5668316831683168, 0.6047854785478548, 0.6014851485148515, 0.5932343234323433, 0.5816831683168316, 0.6006600660066007, 0.6196369636963697, 0.6328382838283828, 0.5693069306930693, 0.570957095709571, 0.608085808580858, 0.6097359735973598, 0.5684818481848185, 0.5635313531353136, 0.5437293729372937, 0.5363036303630363, 0.594059405940594, 0.5651815181518152, 0.6072607260726073, 0.6097359735973598, 0.5891089108910891, 0.551980198019802, 0.608085808580858, 0.613036303630363, 0.6344884488448845, 0.6435643564356436, 0.6113861386138614, 0.6303630363036303, 0.6328382838283828, 0.5981848184818482, 0.5858085808580858, 0.5792079207920792, 0.5808580858085809, 0.6031353135313532, 0.6196369636963697, 0.6394389438943895, 0.0, 0.0, 0.2136963696369637, 0.6237623762376238, 0.6221122112211221, 0.5973597359735974, 0.5866336633663366, 0.5866336633663366, 0.5767326732673267, 0.5907590759075908, 0.6039603960396039, 0.5759075907590759, 0.5973597359735974, 0.566006600660066, 0.5602310231023102, 0.5726072607260726, 0.5478547854785478, 0.599009900990099, 0.6064356435643564, 0.608085808580858, 0.6155115511551155, 0.6031353135313532, 0.6113861386138614, 0.6056105610561056, 0.6163366336633663, 0.6047854785478548, 0.5907590759075908, 0.594059405940594, 0.16192244224422442, 0.0005688557136963696, 0.001953125, 0.004338129125412541, 0.0003029599834983498],