{"time": [1718.0, 1718.0, 1719.0, 1719.0, 1719.0, 1719.0, 1719.0, 1720.0, 1720.0, 1721.0, 1722.0, 1722.0, 1723.0, 1724.0, 1725.0, 1726.0, 1726.0, 1727.0, 1728.0, 1728.0, 1729.0, 1730.0, 1731.0, 1732.0, 1733.0, 1734.0, 1734.0, 1735.0, 1736.0, 1737.0, 1738.0, 1738.0, 1739.0, 1740.0, 1741.0, 1742.0, 1743.0, 1744.0, 1745.0, 1746.0, 1747.0, 1748.0, 1749.0, 1750.0, 1751.0, 1752.0, 1753.0, 1754.0, 1755.0, 1756.0, 1757.0, 1758.0, 1759.0, 1760.0, 1761.0, 1762.0, 1763.0, 1764.0, 1765.0, 1766.0, 1767.0, 1768.0, 1769.0, 1770.0, 1771.0, 1772.0, 1773.0, 1774.0, 1775.0, 1776.0, 1777.0, 1778.0, 1779.0, 1780.0, 1781.0, 1782.0, 1783.0, 1784.0, 1785.0, 1786.0, 1787.0, 1788.0, 1789.0, 1790.0, 1791.0, 1792.0, 1793.0, 1794.0, 1795.0, 1796.0, 1797.0, 1798.0, 1799.0, 1800.0, 1800.0, 1800.0, 1800.0], "avg_cpu": [0.0, 0.05007219471947195, 0.23803630363036304, 0.23638613861386137, 0.28754125412541254, 0.3395214521452145, 0.2722772277227723, 0.28135313531353134, 0.304042904290429, 0.26196369636963696, 0.27764026402640263, 0.3910891089108911, 0.35602310231023104, 0.4121287128712871, 0.40594059405940597, 0.45874587458745875, 0.5247524752475248, 0.5528052805280528, 0.4867986798679868, 0.5156765676567657, 0.5206270627062707, 0.5684818481848185, 0.5610561056105611, 0.5363036303630363, 0.5132013201320133, 0.5107260726072608, 0.5536303630363036, 0.5297029702970297, 0.5486798679867987, 0.5825082508250825, 0.5247524752475248, 0.5486798679867987, 0.5701320132013201, 0.5585808580858086, 0.5602310231023102, 0.5627062706270627, 0.5486798679867987, 0.5701320132013201, 0.5684818481848185, 0.5536303630363036, 0.5693069306930693, 0.5783828382838284, 0.6212871287128713, 0.5561056105610561, 0.5585808580858086, 0.5486798679867987, 0.5577557755775577, 0.5717821782178217, 0.5981848184818482, 0.5924092409240924, 0.5841584158415841, 0.5981848184818482, 0.5948844884488449, 0.5445544554455446, 0.5750825082508251, 0.5981848184818482, 0.5775577557755776, 0.6064356435643564, 0.5858085808580858, 0.594059405940594, 0.5684818481848185, 0.5866336633663366, 0.566006600660066, 0.5462046204620462, 0.504950495049505, 0.5041254125412541, 0.533003300330033, 0.5668316831683168, 0.5858085808580858, 0.5915841584158416, 0.5932343234323433, 0.5841584158415841, 0.5899339933993399, 0.5924092409240924, 0.6014851485148515, 0.5874587458745875, 0.6353135313531353, 0.5874587458745875, 0.5874587458745875, 0.5932343234323433, 0.5891089108910891, 0.5767326732673267, 0.5891089108910891, 0.5627062706270627, 0.5618811881188119, 0.5717821782178217, 0.5676567656765676, 0.5973597359735974, 0.566006600660066, 0.5585808580858086, 0.5957095709570958, 0.6014851485148515, 0.584983498349835, 0.2665016501650165, 0.0008669812293729373, 0.00043349061468646863, 0.0009765625], "avg_mem": [5.719253294289898e-06, 0.006279740117130308, 0.010363286969253295, 0.008636072474377745, 0.00838442532942899, 0.008796211566617862, 0.008578879941434846, 0.008841965592972182, 0.008739019033674963, 0.008784773060029283, 0.008658949487554905, 0.008681826500732064, 0.008601756954612006, 0.008830527086383601, 0.008544564421669107, 0.00886484260614934, 0.0088877196193265, 0.008979227672035139, 0.008681826500732064, 0.00886484260614934, 0.00896778916544656, 0.008681826500732064, 0.008750457540263544, 0.008830527086383601, 0.008841965592972182, 0.008773334553440702, 0.008773334553440702, 0.00892203513909224, 0.009047858711566617, 0.009047858711566617, 0.008899158125915081, 0.00892203513909224, 0.008670387994143484, 0.008716142020497804, 0.00893347364568082, 0.00892203513909224, 0.008853404099560761, 0.008807650073206443, 0.009150805270863836, 0.008853404099560761, 0.008658949487554905, 0.008796211566617862, 0.008784773060029283, 0.008899158125915081, 0.008681826500732064, 0.008807650073206443, 0.008750457540263544, 0.00886484260614934, 0.008819088579795022, 0.008716142020497804, 0.0088877196193265, 0.008853404099560761, 0.00891059663250366, 0.008841965592972182, 0.00896778916544656, 0.008807650073206443, 0.009150805270863836, 0.009013543191800878, 0.00893347364568082, 0.008807650073206443, 0.009768484626647145, 0.008876281112737921, 0.0088877196193265, 0.008761896046852123, 0.00892203513909224, 0.008819088579795022, 0.008761896046852123, 0.00893347364568082, 0.008899158125915081, 0.009036420204978038, 0.00899066617862372, 0.00891059663250366, 0.009082174231332358, 0.00899066617862372, 0.008853404099560761, 0.008841965592972182, 0.0089449121522694, 0.00891059663250366, 0.008739019033674963, 0.009013543191800878, 0.008830527086383601, 0.00891059663250366, 0.008876281112737921, 0.008773334553440702, 0.008807650073206443, 0.00891059663250366, 0.009013543191800878, 0.008716142020497804, 0.008739019033674963, 0.009013543191800878, 0.008876281112737921, 0.00891059663250366, 0.010111639824304538, 0.007972639092240117, 0.007046120058565154, 0.007046120058565154, 0.0009322382869692533]}