{"time": [530.0, 530.0, 530.0, 531.0, 531.0, 532.0, 533.0, 534.0, 535.0, 536.0, 537.0, 538.0, 539.0, 540.0, 541.0, 541.0, 542.0, 543.0, 544.0, 545.0, 546.0, 547.0, 548.0, 549.0, 550.0, 551.0, 552.0, 553.0, 554.0, 555.0, 556.0, 556.0, 557.0, 558.0, 559.0, 560.0, 561.0, 562.0, 563.0, 564.0, 565.0, 566.0, 567.0, 568.0, 569.0, 570.0, 571.0, 571.0, 572.0, 572.0, 572.0, 578.0, 579.0, 580.0, 581.0, 582.0, 583.0, 584.0, 585.0, 586.0, 587.0, 588.0, 589.0, 590.0, 591.0, 592.0, 593.0, 594.0, 595.0, 596.0, 597.0, 598.0, 599.0, 600.0, 601.0, 602.0, 603.0, 604.0, 605.0, 606.0, 607.0, 608.0, 609.0, 610.0, 611.0, 612.0, 613.0, 614.0, 615.0, 616.0, 617.0, 618.0, 619.0, 620.0, 621.0, 622.0, 623.0, 624.0, 625.0, 626.0, 627.0, 628.0, 629.0, 630.0, 631.0, 632.0, 633.0, 634.0, 635.0, 636.0, 637.0, 638.0, 639.0, 640.0, 641.0, 642.0, 643.0, 644.0, 645.0, 646.0, 647.0, 648.0, 649.0, 650.0, 651.0, 652.0, 653.0, 653.0, 653.0, 653.0], "avg_cpu": [0.2660891089108911, 0.5495049504950495, 0.5420792079207921, 0.5783828382838284, 0.5404290429042904, 0.5486798679867987, 0.5396039603960396, 0.5453795379537953, 0.5503300330033003, 0.5429042904290429, 0.5453795379537953, 0.5478547854785478, 0.5495049504950495, 0.5288778877887789, 0.5305280528052805, 0.5495049504950495, 0.5412541254125413, 0.5387788778877888, 0.5536303630363036, 0.5561056105610561, 0.5528052805280528, 0.5297029702970297, 0.5651815181518152, 0.5536303630363036, 0.5561056105610561, 0.5561056105610561, 0.5536303630363036, 0.5478547854785478, 0.5453795379537953, 0.5321782178217822, 0.5816831683168316, 0.5841584158415841, 0.5594059405940595, 0.5445544554455446, 0.5264026402640264, 0.5528052805280528, 0.5577557755775577, 0.5503300330033003, 0.533003300330033, 0.5594059405940595, 0.5528052805280528, 0.5354785478547854, 0.5412541254125413, 0.566006600660066, 0.5676567656765676, 0.5891089108910891, 0.5742574257425742, 0.5404290429042904, 0.6518151815181518, 0.0, 0.0, 0.4801980198019802, 0.518976897689769, 0.5123762376237624, 0.5379537953795379, 0.5387788778877888, 0.5618811881188119, 0.5684818481848185, 0.5618811881188119, 0.5396039603960396, 0.5453795379537953, 0.5486798679867987, 0.5264026402640264, 0.5651815181518152, 0.5429042904290429, 0.5478547854785478, 0.5396039603960396, 0.5396039603960396, 0.5371287128712872, 0.5363036303630363, 0.533003300330033, 0.5684818481848185, 0.5783828382838284, 0.556930693069307, 0.5627062706270627, 0.5651815181518152, 0.6056105610561056, 0.5561056105610561, 0.584983498349835, 0.5363036303630363, 0.523102310231023, 0.5272277227722773, 0.5767326732673267, 0.5536303630363036, 0.5156765676567657, 0.5470297029702971, 0.5734323432343235, 0.5412541254125413, 0.5503300330033003, 0.5420792079207921, 0.5115511551155115, 0.5437293729372937, 0.5544554455445545, 0.5783828382838284, 0.5396039603960396, 0.5478547854785478, 0.5272277227722773, 0.5033003300330033, 0.5198019801980198, 0.5132013201320133, 0.5321782178217822, 0.5437293729372937, 0.5437293729372937, 0.5363036303630363, 0.5404290429042904, 0.5181518151815182, 0.5272277227722773, 0.5321782178217822, 0.5313531353135313, 0.5470297029702971, 0.533003300330033, 0.5338283828382838, 0.5148514851485149, 0.5717821782178217, 0.5379537953795379, 0.5470297029702971, 0.5255775577557755, 0.5379537953795379, 0.5404290429042904, 0.5561056105610561, 0.5107260726072608, 0.5313531353135313, 0.5486798679867987, 0.5099009900990099, 0.5470297029702971, 0.518976897689769, 0.551980198019802, 0.5470297029702971, 0.0, 0.0], "avg_mem": [0.015167459736456808, 0.040904099560761346, 0.04204795021961932, 0.037106515373352855, 0.04209370424597365, 0.04236822840409956, 0.0446101756954612, 0.04241398243045388, 0.04360358711566618, 0.04355783308931186, 0.043237554904831624, 0.04204795021961932, 0.04346632503660322, 0.04479319180087848, 0.04346632503660322, 0.04497620790629575, 0.04186493411420205, 0.04355783308931186, 0.04360358711566618, 0.042734260614934114, 0.04378660322108346, 0.04419838945827233, 0.0426885065885798, 0.043923865300146414, 0.04438140556368961, 0.04300878477306003, 0.0436493411420205, 0.04387811127379209, 0.04630307467057101, 0.04250549048316252, 0.04406112737920937, 0.040492313323572476, 0.04740117130307467, 0.04186493411420205, 0.04319180087847731, 0.04474743777452416, 0.043740849194729134, 0.044518667642752564, 0.04575402635431918, 0.0446101756954612, 0.047126647144948755, 0.04337481698389458, 0.04355783308931186, 0.041819180087847733, 0.04044655929721815, 0.045021961932650074, 0.043923865300146414, 0.04355783308931186, 0.059022693997071746, 0.00168146046852123, 0.0007492221815519766, 0.03834187408491947, 0.03962298682284041, 0.044335651537335284, 0.042734260614934114, 0.04177342606149341, 0.044930453879941434, 0.042734260614934114, 0.04067532942898975, 0.044518667642752564, 0.04428989751098097, 0.0424597364568082, 0.04159040995607614, 0.0412701317715959, 0.04094985358711566, 0.04168191800878477, 0.04122437774524158, 0.042825768667642754, 0.04154465592972181, 0.04122437774524158, 0.04177342606149341, 0.044244143484626644, 0.044244143484626644, 0.042825768667642754, 0.043923865300146414, 0.04136163982430454, 0.043237554904831624, 0.0424597364568082, 0.040217789165446556, 0.041315885797950216, 0.04515922401171303, 0.04113286969253294, 0.04337481698389458, 0.040217789165446556, 0.04191068814055637, 0.042642752562225474, 0.04328330893118595, 0.042917276720351394, 0.041819180087847733, 0.045342240117130304, 0.046531844802342605, 0.04250549048316252, 0.04278001464128843, 0.045113469985358715, 0.0412701317715959, 0.04351207906295754, 0.04186493411420205, 0.04145314787701318, 0.042322474377745244, 0.04058382137628111, 0.04319180087847731, 0.045021961932650074, 0.044244143484626644, 0.04438140556368961, 0.04053806734992679, 0.0446101756954612, 0.043146046852122984, 0.042322474377745244, 0.04259699853587116, 0.04108711566617863, 0.043237554904831624, 0.040217789165446556, 0.04159040995607614, 0.042734260614934114, 0.038296120058565156, 0.044015373352855054, 0.04154465592972181, 0.043740849194729134, 0.0412701317715959, 0.04136163982430454, 0.04136163982430454, 0.04195644216691069, 0.04346632503660322, 0.04044655929721815, 0.04547950219619327, 0.042322474377745244, 0.06149341142020498, 0.04337481698389458, 0.0004689787701317716, 0.0003402955710102489]}