{"time": [1718.0, 1719.0, 1719.0, 1719.0, 1719.0, 1719.0, 1720.0, 1720.0, 1721.0, 1722.0, 1723.0, 1723.0, 1724.0, 1725.0, 1726.0, 1727.0, 1727.0, 1728.0, 1729.0, 1729.0, 1730.0, 1731.0, 1731.0, 1732.0, 1733.0, 1734.0, 1735.0, 1736.0, 1737.0, 1738.0, 1739.0, 1739.0, 1740.0, 1741.0, 1742.0, 1743.0, 1744.0, 1745.0, 1746.0, 1747.0, 1748.0, 1749.0, 1750.0, 1751.0, 1752.0, 1753.0, 1754.0, 1755.0, 1756.0, 1757.0, 1758.0, 1759.0, 1760.0, 1761.0, 1762.0, 1763.0, 1764.0, 1765.0, 1766.0, 1767.0, 1768.0, 1769.0, 1770.0, 1771.0, 1772.0, 1773.0, 1774.0, 1775.0, 1776.0, 1777.0, 1778.0, 1779.0, 1780.0, 1781.0, 1782.0, 1783.0, 1784.0, 1785.0, 1786.0, 1787.0, 1788.0, 1789.0, 1790.0, 1791.0, 1792.0, 1793.0, 1794.0, 1795.0, 1796.0, 1797.0, 1798.0, 1799.0, 1800.0, 1800.0, 1800.0, 1800.0], "avg_cpu": [0.014619430693069308, 0.18007425742574257, 0.22153465346534654, 0.27887788778877887, 0.28094059405940597, 0.28052805280528054, 0.2747524752475248, 0.3056930693069307, 0.3147689768976898, 0.3048679867986799, 0.3015676567656766, 0.4661716171617162, 0.4249174917491749, 0.42244224422442245, 0.4088283828382838, 0.3976897689768977, 0.4636963696369637, 0.5024752475247525, 0.5272277227722773, 0.5792079207920792, 0.6056105610561056, 0.5907590759075908, 0.6344884488448845, 0.5882838283828383, 0.5668316831683168, 0.5470297029702971, 0.6113861386138614, 0.5874587458745875, 0.594059405940594, 0.5717821782178217, 0.5412541254125413, 0.594059405940594, 0.5833333333333334, 0.5858085808580858, 0.5932343234323433, 0.6105610561056105, 0.5965346534653465, 0.6105610561056105, 0.5948844884488449, 0.5899339933993399, 0.5891089108910891, 0.6089108910891089, 0.6031353135313532, 0.5924092409240924, 0.5932343234323433, 0.594059405940594, 0.5915841584158416, 0.5767326732673267, 0.6064356435643564, 0.5858085808580858, 0.5858085808580858, 0.5957095709570958, 0.5866336633663366, 0.594059405940594, 0.5907590759075908, 0.5957095709570958, 0.5948844884488449, 0.5734323432343235, 0.5767326732673267, 0.5973597359735974, 0.5750825082508251, 0.5783828382838284, 0.594059405940594, 0.6089108910891089, 0.6221122112211221, 0.5734323432343235, 0.6394389438943895, 0.6617161716171617, 0.6394389438943895, 0.5882838283828383, 0.6064356435643564, 0.5899339933993399, 0.6179867986798679, 0.6229372937293729, 0.6683168316831684, 0.6526402640264026, 0.6468646864686468, 0.6485148514851485, 0.6551155115511551, 0.6740924092409241, 0.6765676567656765, 0.6608910891089109, 0.570957095709571, 0.5618811881188119, 0.5602310231023102, 0.6039603960396039, 0.5833333333333334, 0.5651815181518152, 0.5899339933993399, 0.5651815181518152, 0.6402640264026402, 0.566006600660066, 0.2792904290429043, 0.009540016501650164, 0.003181079826732673, 0.0], "avg_mem": [0.004832769033674964, 0.009242313323572475, 0.00893347364568082, 0.008590318448023425, 0.008270040263543192, 0.008155655197657393, 0.008327232796486091, 0.009242313323572475, 0.008498810395314787, 0.008761896046852123, 0.008670387994143484, 0.008876281112737921, 0.008544564421669107, 0.008658949487554905, 0.008658949487554905, 0.00836154831625183, 0.008773334553440702, 0.008670387994143484, 0.008899158125915081, 0.008601756954612006, 0.008567441434846267, 0.008681826500732064, 0.008430179355783309, 0.008773334553440702, 0.008636072474377745, 0.008658949487554905, 0.008807650073206443, 0.008704703513909224, 0.008784773060029283, 0.008578879941434846, 0.008601756954612006, 0.008876281112737921, 0.008544564421669107, 0.00941389092240117, 0.008773334553440702, 0.008773334553440702, 0.008761896046852123, 0.008544564421669107, 0.00841874084919473, 0.008739019033674963, 0.008590318448023425, 0.008761896046852123, 0.00896778916544656, 0.008761896046852123, 0.008693265007320644, 0.008761896046852123, 0.008807650073206443, 0.008578879941434846, 0.008636072474377745, 0.008750457540263544, 0.008761896046852123, 0.0088877196193265, 0.008647510980966324, 0.00892203513909224, 0.008681826500732064, 0.008727580527086384, 0.008819088579795022, 0.008704703513909224, 0.008613195461200585, 0.008716142020497804, 0.008693265007320644, 0.00892203513909224, 0.008761896046852123, 0.008841965592972182, 0.008841965592972182, 0.008807650073206443, 0.008624633967789166, 0.008773334553440702, 0.008807650073206443, 0.008761896046852123, 0.008853404099560761, 0.008670387994143484, 0.008727580527086384, 0.008590318448023425, 0.009002104685212299, 0.008830527086383601, 0.008750457540263544, 0.008899158125915081, 0.008899158125915081, 0.008761896046852123, 0.008704703513909224, 0.008784773060029283, 0.008784773060029283, 0.008704703513909224, 0.008636072474377745, 0.008613195461200585, 0.008716142020497804, 0.008750457540263544, 0.008876281112737921, 0.008784773060029283, 0.008613195461200585, 0.008773334553440702, 0.007904008052708638, 0.006359809663250366, 0.0042608437042459734, 6.577141288433382e-05]}