{"time": [1715.0, 1715.0, 1716.0, 1717.0, 1718.0, 1719.0, 1719.0, 1720.0, 1720.0, 1721.0, 1722.0, 1723.0, 1724.0, 1725.0, 1725.0, 1726.0, 1727.0, 1728.0, 1729.0, 1729.0, 1730.0, 1731.0, 1732.0, 1732.0, 1733.0, 1734.0, 1735.0, 1736.0, 1737.0, 1738.0, 1739.0, 1740.0, 1741.0, 1742.0, 1743.0, 1744.0, 1745.0, 1746.0, 1747.0, 1748.0, 1749.0, 1750.0, 1751.0, 1752.0, 1753.0, 1754.0, 1755.0, 1756.0, 1757.0, 1758.0, 1759.0, 1760.0, 1761.0, 1762.0, 1763.0, 1764.0, 1765.0, 1766.0, 1767.0, 1768.0, 1769.0, 1770.0, 1771.0, 1772.0, 1773.0, 1774.0, 1775.0, 1776.0, 1777.0, 1778.0, 1779.0, 1780.0, 1781.0, 1782.0, 1783.0, 1784.0, 1785.0, 1786.0, 1787.0, 1788.0, 1789.0, 1790.0, 1791.0, 1792.0, 1793.0, 1793.0, 1793.0, 1793.0, 1793.0, 1793.0, 1793.0, 1793.0, 1793.0, 1794.0, 1795.0, 1796.0, 1797.0, 1798.0, 1799.0, 1800.0, 1800.0, 1800.0, 1800.0], "avg_cpu": [0.0, 0.05539772727272727, 0.07244318181818182, 0.04655934343434343, 0.10653409090909091, 0.24936868686868688, 0.28345959595959597, 0.24242424242424243, 0.413510101010101, 0.41224747474747475, 0.380050505050505, 0.3952020202020202, 0.3926767676767677, 0.4797979797979798, 0.6433080808080808, 0.6003787878787878, 0.6136363636363636, 0.6325757575757576, 0.6994949494949495, 0.8143939393939394, 0.86489898989899, 0.8371212121212122, 0.7196969696969697, 0.8371212121212122, 0.8232323232323232, 0.8244949494949495, 0.8308080808080808, 0.827020202020202, 0.827020202020202, 0.827020202020202, 0.8232323232323232, 0.8232323232323232, 0.8244949494949495, 0.8181818181818182, 0.8232323232323232, 0.8169191919191919, 0.8143939393939394, 0.8143939393939394, 0.8181818181818182, 0.8093434343434344, 0.8257575757575758, 0.8295454545454546, 0.8257575757575758, 0.8232323232323232, 0.8207070707070707, 0.8181818181818182, 0.827020202020202, 0.8232323232323232, 0.8333333333333334, 0.8345959595959596, 0.8257575757575758, 0.8333333333333334, 0.8257575757575758, 0.827020202020202, 0.8244949494949495, 0.8143939393939394, 0.8244949494949495, 0.8244949494949495, 0.8244949494949495, 0.8232323232323232, 0.8282828282828283, 0.8232323232323232, 0.8295454545454546, 0.8232323232323232, 0.8194444444444444, 0.8232323232323232, 0.827020202020202, 0.8345959595959596, 0.827020202020202, 0.8244949494949495, 0.8257575757575758, 0.8295454545454546, 0.8257575757575758, 0.8371212121212122, 0.8308080808080808, 0.8257575757575758, 0.8207070707070707, 0.8320707070707071, 0.8282828282828283, 0.8345959595959596, 0.8345959595959596, 0.8345959595959596, 0.7916666666666666, 0.7765151515151515, 0.7651515151515151, 2.86102294921875e-06, 0.7689393939393939, 0.0, 0.04703282828282828, 0.0, 0.001736111111111111, 0.0, 0.279296875, 0.4287109375, 0.40478515625, 0.40576171875, 0.39697265625, 0.39404296875, 0.3916015625, 0.206298828125, 0.001010894775390625, 0.00383758544921875, 0.0], "avg_mem": [2.859626647144949e-06, 0.006920296486090776, 0.008784773060029283, 0.008018393118594437, 0.009699853587115666, 0.012422218155197657, 0.01223920204978038, 0.012330710102489019, 0.012376464128843339, 0.012445095168374817, 0.012628111273792094, 0.012399341142020497, 0.012467972181551977, 0.012719619326500732, 0.012559480234260616, 0.013177159590043924, 0.012994143484626648, 0.012856881405563689, 0.01512170571010249, 0.013863469985358711, 0.012994143484626648, 0.012673865300146412, 0.01278825036603221, 0.01283400439238653, 0.01283400439238653, 0.013039897510980966, 0.013154282576866764, 0.012948389458272327, 0.01292551244509517, 0.013017020497803808, 0.012971266471449487, 0.013245790629575403, 0.012994143484626648, 0.012696742313323572, 0.01283400439238653, 0.01292551244509517, 0.012948389458272327, 0.01281112737920937, 0.012948389458272327, 0.013108528550512446, 0.01276537335285505, 0.012673865300146412, 0.013085651537335286, 0.013039897510980966, 0.012879758418740849, 0.012856881405563689, 0.013039897510980966, 0.01290263543191801, 0.012948389458272327, 0.01281112737920937, 0.013085651537335286, 0.012971266471449487, 0.013017020497803808, 0.012879758418740849, 0.013177159590043924, 0.01283400439238653, 0.01290263543191801, 0.012719619326500732, 0.012696742313323572, 0.01283400439238653, 0.012994143484626648, 0.012856881405563689, 0.013085651537335286, 0.012948389458272327, 0.012856881405563689, 0.01292551244509517, 0.012971266471449487, 0.013245790629575403, 0.012948389458272327, 0.01292551244509517, 0.012948389458272327, 0.012879758418740849, 0.012719619326500732, 0.012742496339677892, 0.012719619326500732, 0.012673865300146412, 0.012650988286969254, 0.012948389458272327, 0.01278825036603221, 0.013017020497803808, 0.01278825036603221, 0.012673865300146412, 0.012605234260614934, 0.012948389458272327, 0.012673865300146412, 1.9073486328125e-06, 0.012399341142020497, 1.9073486328125e-06, 0.011232613469985359, 1.9073486328125e-06, 7.435029282576867e-05, 6.863103953147877e-05, 0.0056915283203125, 0.0065460205078125, 0.0065155029296875, 0.00628662109375, 0.006317138671875, 0.00629425048828125, 0.00634765625, 0.0055999755859375, 0.00490570068359375, 0.0048828125, 7.82012939453125e-05]}