{"time": [5995.0, 5995.0, 5996.0, 5997.0, 5997.0, 5997.0, 5997.0, 5997.0, 5998.0, 5999.0, 6000.0, 6001.0, 6002.0, 6003.0, 6004.0, 6005.0, 6006.0, 6007.0, 6008.0, 6009.0, 6010.0, 6011.0, 6012.0, 6013.0, 6014.0, 6015.0, 6016.0, 6017.0, 6018.0, 6019.0, 6020.0, 6021.0, 6022.0, 6023.0, 6024.0, 6025.0, 6026.0, 6027.0, 6028.0, 6029.0, 6030.0, 6031.0, 6033.0, 6033.0, 6038.0, 6039.0, 6040.0, 6041.0, 6041.0, 6041.0, 6041.0, 6048.0, 6049.0, 6050.0, 6050.0, 6050.0, 6050.0, 6050.0, 6050.0, 6051.0, 6052.0, 6052.0, 6052.0, 6052.0, 6052.0, 6052.0, 6052.0, 6052.0, 6053.0, 6054.0, 6054.0, 6054.0, 6054.0, 6056.0, 6057.0, 6058.0, 6059.0, 6060.0, 6061.0, 6062.0, 6062.0, 6062.0, 6062.0, 6063.0, 6064.0, 6065.0, 6066.0, 6067.0, 6068.0, 6069.0, 6070.0, 6071.0, 6072.0, 6073.0, 6073.0, 6074.0, 6075.0, 6076.0, 6077.0, 6078.0, 6079.0, 6080.0, 6081.0, 6082.0, 6083.0, 6084.0, 6085.0, 6086.0, 6087.0, 6088.0, 6089.0, 6090.0, 6091.0, 6092.0, 6093.0, 6094.0, 6095.0, 6096.0, 6097.0, 6098.0, 6099.0, 6100.0, 6101.0, 6102.0, 6103.0, 6104.0, 6105.0, 6106.0, 6107.0, 6108.0, 6109.0, 6110.0, 6111.0, 6112.0, 6113.0, 6114.0, 6115.0, 6116.0, 6117.0, 6118.0, 6119.0, 6120.0, 6121.0, 6121.0, 6122.0, 6123.0, 6124.0, 6125.0, 6126.0, 6127.0, 6128.0, 6129.0, 6130.0, 6131.0, 6132.0, 6133.0, 6134.0, 6135.0, 6136.0, 6137.0, 6138.0, 6139.0, 6140.0, 6141.0, 6142.0, 6143.0, 6144.0, 6145.0, 6146.0, 6147.0, 6148.0, 6149.0, 6150.0, 6151.0, 6152.0, 6153.0, 6154.0, 6155.0, 6156.0, 6157.0, 6158.0, 6159.0, 6160.0, 6161.0, 6162.0, 6163.0, 6164.0, 6165.0, 6166.0, 6167.0, 6168.0, 6169.0, 6170.0, 6171.0, 6172.0, 6173.0, 6174.0, 6175.0, 6176.0, 6177.0, 6177.0, 6177.0, 6177.0], "avg_cpu": [0.0005914165635313531, 0.00023527743399339934, 0.0002691187087458746, 0.00026106126237623764, 0.004776454207920792, 0.006001186056105611, 0.00029812551567656763, 0.0011255296610169492, 0.00044874058380414315, 0.06991525423728813, 0.2033898305084746, 0.20080037664783426, 0.2019774011299435, 0.20221280602636535, 0.2055084745762712, 0.20527306967984935, 0.2076271186440678, 0.24811676082862524, 0.2196327683615819, 0.2163370998116761, 0.20268361581920905, 0.2170433145009416, 0.3427495291902072, 0.2598870056497175, 0.22033898305084745, 0.22904896421845575, 0.22504708097928436, 0.2059792843691149, 0.2024482109227872, 0.2029190207156309, 0.20951035781544255, 0.2111581920903955, 0.20315442561205274, 0.2024482109227872, 0.2226930320150659, 0.2205743879472693, 0.21610169491525424, 0.21398305084745764, 0.20527306967984935, 0.21680790960451976, 0.23846516007532956, 0.2015065913370998, 0.0, 0.0, 0.2469450101832994, 0.31924643584521384, 0.3518329938900204, 0.34725050916496947, 0.37372708757637474, 0.004009674134419552, 0.0, 0.34033203125, 0.4287109375, 0.271484375, 0.26171875, 0.0, 0.188720703125, 0.0, 0.05035400390625, 0.314453125, 0.26513671875, 0.0, 0.0, 0.3017578125, 0.0, 0.002887725830078125, 0.0, 0.239990234375, 0.294921875, 0.328125, 0.3330078125, 0.0, 0.0, 0.3054989816700611, 0.3228105906313646, 0.3340122199592668, 0.3640529531568228, 0.41446028513238287, 0.3971486761710794, 0.3981670061099796, 0.34674134419551933, 0.04843431771894094, 0.0, 0.6306818181818182, 0.7196969696969697, 0.7146464646464646, 0.7070707070707071, 0.7146464646464646, 0.7121212121212122, 0.7133838383838383, 0.7159090909090909, 0.7184343434343434, 0.7196969696969697, 0.7146464646464646, 0.7222222222222222, 0.7272727272727273, 0.7095959595959596, 0.7095959595959596, 0.7070707070707071, 0.7159090909090909, 0.7146464646464646, 0.7108585858585859, 0.7121212121212122, 0.7171717171717171, 0.7310606060606061, 0.7032828282828283, 0.7159090909090909, 0.7196969696969697, 0.7108585858585859, 0.7083333333333334, 0.7234848484848485, 0.7171717171717171, 0.7272727272727273, 0.7222222222222222, 0.7285353535353535, 0.7209595959595959, 0.7121212121212122, 0.7171717171717171, 0.7285353535353535, 0.7310606060606061, 0.7196969696969697, 0.73989898989899, 0.7449494949494949, 0.7310606060606061, 0.7436868686868687, 0.7828282828282829, 0.7878787878787878, 0.7424242424242424, 0.726010101010101, 0.7386363636363636, 0.7108585858585859, 0.7285353535353535, 0.7335858585858586, 0.7209595959595959, 0.7222222222222222, 0.7424242424242424, 0.7575757575757576, 0.7348484848484849, 0.76010101010101, 0.7297979797979798, 0.7462121212121212, 0.7613636363636364, 0.7803030303030303, 0.7790404040404041, 0.7752525252525253, 0.7790404040404041, 0.7777777777777778, 0.7803030303030303, 0.7777777777777778, 0.7487373737373737, 0.7525252525252525, 0.7941919191919192, 0.7714646464646465, 0.7424242424242424, 0.7436868686868687, 0.7297979797979798, 0.7348484848484849, 0.7588383838383839, 0.8017676767676768, 0.7840909090909091, 0.7575757575757576, 0.7664141414141414, 0.7727272727272727, 0.7449494949494949, 0.7550505050505051, 0.7133838383838383, 0.7323232323232324, 0.6893939393939394, 0.7613636363636364, 0.7487373737373737, 0.7487373737373737, 0.7803030303030303, 0.7853535353535354, 0.7803030303030303, 0.7702020202020202, 0.7613636363636364, 0.7702020202020202, 0.7904040404040404, 0.7853535353535354, 0.7777777777777778, 0.7828282828282829, 0.7815656565656566, 0.7651515151515151, 0.76010101010101, 0.7676767676767676, 0.7676767676767676, 0.7651515151515151, 0.7777777777777778, 0.7714646464646465, 0.7752525252525253, 0.7702020202020202, 0.773989898989899, 0.7714646464646465, 0.7702020202020202, 0.7765151515151515, 0.7714646464646465, 0.7702020202020202, 0.7777777777777778, 0.773989898989899, 0.7689393939393939, 0.7727272727272727, 1.4292929292929293, 0.0],