{"time": [530.0, 530.0, 531.0, 531.0, 532.0, 533.0, 534.0, 535.0, 536.0, 537.0, 538.0, 539.0, 540.0, 540.0, 541.0, 542.0, 543.0, 544.0, 545.0, 546.0, 547.0, 548.0, 549.0, 550.0, 551.0, 552.0, 553.0, 554.0, 555.0, 556.0, 556.0, 557.0, 558.0, 559.0, 560.0, 561.0, 562.0, 563.0, 564.0, 565.0, 566.0, 567.0, 568.0, 569.0, 570.0, 571.0, 571.0, 571.0, 571.0, 584.0, 585.0, 586.0, 586.0, 586.0, 586.0, 586.0, 587.0, 587.0, 588.0, 588.0, 588.0, 588.0, 589.0, 590.0, 591.0, 592.0, 593.0, 594.0, 595.0, 596.0, 597.0, 598.0, 599.0, 600.0, 601.0, 602.0, 603.0, 604.0, 605.0, 606.0, 607.0, 608.0, 609.0, 610.0, 611.0, 612.0, 613.0, 614.0, 615.0, 616.0, 617.0, 618.0, 619.0, 620.0, 621.0, 622.0, 623.0, 624.0, 625.0, 626.0, 627.0, 627.0, 627.0, 627.0, 628.0, 629.0, 630.0, 631.0, 631.0, 631.0, 631.0, 631.0, 632.0, 633.0, 634.0, 634.0, 634.0, 634.0, 635.0, 635.0, 636.0, 637.0, 638.0, 639.0, 640.0, 640.0, 640.0, 640.0, 640.0, 641.0, 642.0, 642.0, 642.0, 642.0, 643.0, 644.0, 644.0, 644.0, 644.0, 644.0, 645.0, 645.0, 645.0, 645.0, 645.0, 646.0, 646.0, 647.0, 647.0, 647.0, 648.0, 648.0, 648.0, 648.0, 648.0, 649.0, 650.0, 650.0, 650.0, 650.0, 652.0, 653.0, 653.0, 653.0, 653.0], "avg_cpu": [0.016604785478547854, 0.5882838283828383, 0.6262376237623762, 0.5866336633663366, 0.5602310231023102, 0.5882838283828383, 0.650990099009901, 0.6229372937293729, 0.6518151815181518, 0.665016501650165, 0.5882838283828383, 0.5915841584158416, 0.6336633663366337, 0.6749174917491749, 0.6460396039603961, 0.6493399339933993, 0.6683168316831684, 0.6435643564356436, 0.5924092409240924, 0.6410891089108911, 0.5891089108910891, 0.5379537953795379, 0.5866336633663366, 0.5247524752475248, 0.6056105610561056, 0.5651815181518152, 0.5470297029702971, 0.5313531353135313, 0.4884488448844885, 0.5734323432343235, 0.7054455445544554, 0.5297029702970297, 0.5495049504950495, 0.5635313531353136, 0.6064356435643564, 0.5651815181518152, 0.5206270627062707, 0.5833333333333334, 0.5445544554455446, 0.5627062706270627, 0.5750825082508251, 0.5528052805280528, 0.504950495049505, 0.5981848184818482, 0.556930693069307, 0.613036303630363, 0.683993399339934, 0.038882013201320134, 0.0, 0.26123046875, 0.34375, 0.3828125, 0.3505859375, 0.001041412353515625, 0.0, 0.32958984375, 0.3876953125, 0.34326171875, 0.33203125, 0.0013427734375, 0.0, 0.9242424242424242, 0.9747474747474747, 0.9583333333333334, 0.9532828282828283, 0.9381313131313131, 0.9570707070707071, 0.9633838383838383, 0.9633838383838383, 0.9583333333333334, 0.952020202020202, 0.9608585858585859, 0.9583333333333334, 0.9633838383838383, 0.9671717171717171, 0.9633838383838383, 0.9722222222222222, 0.9633838383838383, 0.952020202020202, 0.9671717171717171, 0.9671717171717171, 0.9595959595959596, 0.9671717171717171, 0.9507575757575758, 0.9570707070707071, 0.9696969696969697, 0.9646464646464646, 0.9696969696969697, 0.9684343434343434, 0.9583333333333334, 0.9696969696969697, 0.9570707070707071, 0.9646464646464646, 0.9747474747474747, 0.9709595959595959, 0.976010101010101, 0.9696969696969697, 0.9671717171717171, 0.9482323232323232, 0.9545454545454546, 0.9633838383838383, 0.9671717171717171, 0.001736111111111111, 0.0, 0.34521484375, 0.3876953125, 0.3486328125, 0.337890625, 0.34423828125, 0.04931640625, 0.0, 0.33837890625, 0.3720703125, 0.35595703125, 0.341796875, 0.328125, 0.0445556640625, 0.0, 0.0, 0.33935546875, 0.34765625, 0.33447265625, 0.3427734375, 0.333984375, 0.35400390625, 0.36669921875, 0.0092010498046875, 0.0, 0.3154296875, 0.36181640625, 0.361328125, 0.3662109375, 0.192626953125, 0.0, 0.36767578125, 0.36474609375, 0.28369140625, 0.000133514404296875, 0.0, 0.3017578125, 0.34228515625, 0.349609375, 0.006561279296875, 9.5367431640625e-07, 0.30712890625, 0.34814453125, 0.337890625, 0.3369140625, 0.0066375732421875, 0.0, 0.31396484375, 0.3544921875, 0.0, 0.0, 0.3349609375, 0.35986328125, 0.3681640625, 0.36083984375, 0.05133056640625, 0.0, 0.322265625, 0.38232421875, 0.31689453125, 0.002925872802734375, 0.0], "avg_mem": [0.007572291361639824, 0.03747254758418741, 0.036603221083455345, 0.038113103953147875, 0.0414989019033675, 0.04035505124450952, 0.04072108345534407, 0.04625732064421669, 0.04067532942898975, 0.04191068814055637, 0.043237554904831624, 0.03943997071742313, 0.044244143484626644, 0.03678623718887262, 0.04241398243045388, 0.04076683748169839, 0.04200219619326501, 0.04538799414348463, 0.04159040995607614, 0.041315885797950216, 0.04259699853587116, 0.04172767203513909, 0.04310029282576867, 0.04085834553440703, 0.04017203513909224, 0.04296303074670571, 0.039989019033674966, 0.040904099560761346, 0.04062957540263543, 0.0436493411420205, 0.04410688140556369, 0.040309297218155196, 0.04168191800878477, 0.039714494875549046, 0.04241398243045388, 0.043146046852122984, 0.03596266471449488, 0.04428989751098097, 0.03774707174231332, 0.04584553440702782, 0.047218155197657395, 0.04195644216691069, 0.044335651537335284, 0.0426885065885798, 0.04122437774524158, 0.054538799414348464, 0.04346632503660322, 0.002665172035139092, 0.0006519948755490483, 0.015411376953125, 0.03155517578125, 0.02960205078125, 0.027374267578125, 0.0006847381591796875, 0.00030517578125, 0.0283203125, 0.031097412109375, 0.029998779296875, 0.031097412109375, 0.00083160400390625, 0.0003376007080078125, 0.0951683748169839, 0.08757320644216691, 0.07869692532942898, 0.08025256222547585, 0.08199121522693997, 0.08382137628111273, 0.08446193265007321, 0.07860541727672035, 0.08876281112737922, 0.08784773060029283, 0.08711566617862372, 0.08857979502196194, 0.08363836017569547, 0.0841874084919473, 0.08528550512445095, 0.08052708638360176, 0.08665812591508053, 0.09132503660322108, 0.08903733528550513, 0.09937774524158126, 0.09178257686676428, 0.08583455344070279, 0.0853770131771596, 0.0825402635431918, 0.08116764275256222, 0.08583455344070279, 0.08565153733528551, 0.0899524158125915, 0.09224011713030747, 0.0923316251830161, 0.0892203513909224, 0.0832723279648609, 0.08647510980966325, 0.08638360175695461, 0.08583455344070279, 0.08583455344070279, 0.08821376281112737, 0.08757320644216691, 0.09141654465592972, 0.09022693997071743, 0.07787335285505124, 0.0018015647877013177, 0.001000869326500732, 0.029327392578125, 0.029052734375, 0.029022216796875, 0.0306396484375, 0.0272216796875, 0.001552581787109375, 0.0014190673828125, 0.014129638671875, 0.02911376953125, 0.023895263671875, 0.02783203125, 0.029998779296875, 0.000774383544921875, 0.000514984130859375, 0.0001926422119140625, 0.0252685546875, 0.02764892578125, 0.03045654296875, 0.027984619140625, 0.029205322265625, 0.02862548828125, 0.027923583984375, 0.000308990478515625, 0.0002193450927734375, 0.026214599609375, 0.028472900390625, 0.02508544921875, 0.027374267578125, 0.00069427490234375, 0.0002918243408203125, 0.02679443359375, 0.02593994140625, 0.019927978515625, 0.000751495361328125, 0.000530242919921875, 0.0139617919921875, 0.029205322265625, 0.03240966796875, 0.000827789306640625, 0.00054168701171875, 0.020172119140625, 0.022308349609375, 0.027252197265625, 0.0240478515625, 0.0005741119384765625, 0.0003032684326171875, 0.02294921875, 0.03179931640625, 0.0010814666748046875, 0.000713348388671875, 0.013092041015625, 0.028533935546875, 0.027008056640625, 0.026611328125, 0.000362396240234375, 0.000209808349609375, 0.026336669921875, 0.03167724609375, 0.02130126953125, 0.0002803802490234375, 0.0002269744873046875]}