{"time": [530.0, 530.0, 531.0, 531.0, 532.0, 533.0, 534.0, 535.0, 536.0, 537.0, 538.0, 539.0, 540.0, 540.0, 541.0, 542.0, 543.0, 544.0, 545.0, 546.0, 547.0, 548.0, 549.0, 550.0, 551.0, 552.0, 553.0, 554.0, 555.0, 556.0, 556.0, 557.0, 558.0, 559.0, 560.0, 561.0, 562.0, 563.0, 564.0, 565.0, 566.0, 567.0, 568.0, 569.0, 570.0, 571.0, 571.0, 571.0, 571.0, 579.0, 580.0, 581.0, 582.0, 583.0, 584.0, 585.0, 586.0, 587.0, 588.0, 589.0, 590.0, 591.0, 592.0, 593.0, 594.0, 595.0, 595.0, 595.0, 595.0, 596.0, 596.0, 597.0, 598.0, 599.0, 600.0, 601.0, 602.0, 603.0, 604.0, 605.0, 606.0, 607.0, 608.0, 609.0, 610.0, 611.0, 612.0, 613.0, 614.0, 615.0, 616.0, 616.0, 617.0, 618.0, 619.0, 620.0, 621.0, 622.0, 623.0, 624.0, 625.0, 626.0, 627.0, 628.0, 629.0, 630.0, 631.0, 632.0, 633.0, 634.0, 635.0, 636.0, 637.0, 638.0, 639.0, 640.0, 641.0, 642.0, 643.0, 644.0, 645.0, 646.0, 647.0, 648.0, 649.0, 650.0, 650.0, 650.0, 650.0, 651.0, 652.0, 653.0, 653.0, 653.0, 653.0], "avg_cpu": [0.23473597359735973, 0.6047854785478548, 0.6229372937293729, 0.5651815181518152, 0.5346534653465347, 0.5462046204620462, 0.608085808580858, 0.5882838283828383, 0.5602310231023102, 0.6039603960396039, 0.6270627062706271, 0.6353135313531353, 0.5915841584158416, 0.5899339933993399, 0.5775577557755776, 0.5891089108910891, 0.6229372937293729, 0.5074257425742574, 0.5445544554455446, 0.5486798679867987, 0.641914191419142, 0.5610561056105611, 0.58003300330033, 0.5239273927392739, 0.5825082508250825, 0.5643564356435643, 0.6196369636963697, 0.5726072607260726, 0.4867986798679868, 0.509075907590759, 0.5445544554455446, 0.514026402640264, 0.5734323432343235, 0.5198019801980198, 0.5602310231023102, 0.5, 0.5404290429042904, 0.556930693069307, 0.641914191419142, 0.6633663366336634, 0.6501650165016502, 0.6353135313531353, 0.6757425742574258, 0.6567656765676567, 0.6658415841584159, 0.6724422442244224, 0.6815181518151815, 0.3411716171617162, 0.0, 0.30816831683168316, 0.6938943894389439, 0.6188118811881188, 0.6270627062706271, 0.5874587458745875, 0.584983498349835, 0.5750825082508251, 0.5610561056105611, 0.5717821782178217, 0.5528052805280528, 0.5412541254125413, 0.6105610561056105, 0.5742574257425742, 0.5808580858085809, 0.6097359735973598, 0.6089108910891089, 0.6089108910891089, 0.6072607260726073, 3.545276402640264e-05, 0.0, 0.0, 0.5627062706270627, 0.5717821782178217, 0.5792079207920792, 0.5965346534653465, 0.6014851485148515, 0.5899339933993399, 0.5907590759075908, 0.570957095709571, 0.5932343234323433, 0.6014851485148515, 0.551980198019802, 0.5594059405940595, 0.5742574257425742, 0.594059405940594, 0.5858085808580858, 0.5833333333333334, 0.566006600660066, 0.5684818481848185, 0.5858085808580858, 0.5792079207920792, 0.5264026402640264, 0.6625412541254125, 0.6575907590759076, 0.6641914191419142, 0.6806930693069307, 0.6815181518151815, 0.6815181518151815, 0.655940594059406, 0.6526402640264026, 0.6518151815181518, 0.655940594059406, 0.6608910891089109, 0.6485148514851485, 0.6171617161716172, 0.6617161716171617, 0.6311881188118812, 0.6204620462046204, 0.6336633663366337, 0.6122112211221122, 0.6237623762376238, 0.6171617161716172, 0.6072607260726073, 0.6402640264026402, 0.6468646864686468, 0.6254125412541254, 0.6245874587458746, 0.5981848184818482, 0.5775577557755776, 0.6278877887788779, 0.5915841584158416, 0.5676567656765676, 0.6047854785478548, 0.6212871287128713, 0.6394389438943895, 0.650990099009901, 0.6410891089108911, 0.0, 0.0, 0.5387788778877888, 0.5874587458745875, 0.5998349834983498, 0.6402640264026402, 0.5726072607260726, 0.017352516501650164, 0.0], "avg_mem": [0.011244051976573938, 0.04968887262079063, 0.050420937042459736, 0.044930453879941434, 0.04589128843338214, 0.04465592972181552, 0.04767569546120059, 0.0457997803806735, 0.04337481698389458, 0.04625732064421669, 0.047035139092240115, 0.04447291361639824, 0.04849926793557833, 0.04886530014641288, 0.042734260614934114, 0.04959736456808199, 0.04410688140556369, 0.047309663250366035, 0.04310029282576867, 0.045433748169838944, 0.04547950219619327, 0.04978038067349927, 0.03884516837481698, 0.04895680819912152, 0.04387811127379209, 0.0510614934114202, 0.04259699853587116, 0.0467606149341142, 0.044838945827232794, 0.04598279648609078, 0.05206808199121523, 0.04529648609077599, 0.04154465592972181, 0.050603953147877016, 0.04209370424597365, 0.0479502196193265, 0.042642752562225474, 0.048407759882869696, 0.046120058565153735, 0.0491398243045388, 0.04767569546120059, 0.04506771595900439, 0.048224743777452415, 0.04236822840409956, 0.05014641288433382, 0.04456442166910688, 0.042642752562225474, 0.0015899524158125916, 0.0011524295387994143, 0.011415629575402635, 0.04406112737920937, 0.04387811127379209, 0.04209370424597365, 0.04053806734992679, 0.04506771595900439, 0.04250549048316252, 0.042734260614934114, 0.04076683748169839, 0.04419838945827233, 0.04639458272327965, 0.043237554904831624, 0.04410688140556369, 0.043146046852122984, 0.04259699853587116, 0.04191068814055637, 0.04310029282576867, 0.042230966325036604, 0.0006062408491947292, 0.00039462847730600294, 0.00033171669106881406, 0.046120058565153735, 0.04209370424597365, 0.04259699853587116, 0.04305453879941435, 0.04479319180087848, 0.042825768667642754, 0.04378660322108346, 0.04520497803806735, 0.042917276720351394, 0.04278001464128843, 0.04255124450951684, 0.042322474377745244, 0.04310029282576867, 0.04255124450951684, 0.043832357247437774, 0.04227672035139092, 0.043923865300146414, 0.04465592972181552, 0.0446101756954612, 0.04319180087847731, 0.04360358711566618, 0.04428989751098097, 0.044930453879941434, 0.042917276720351394, 0.04200219619326501, 0.04319180087847731, 0.044427159590043924, 0.043832357247437774, 0.04328330893118595, 0.04204795021961932, 0.04360358711566618, 0.04378660322108346, 0.04319180087847731, 0.04213945827232796, 0.04351207906295754, 0.04328330893118595, 0.04337481698389458, 0.04177342606149341, 0.04415263543191801, 0.044015373352855054, 0.04570827232796486, 0.0412701317715959, 0.04428989751098097, 0.04378660322108346, 0.04355783308931186, 0.04305453879941435, 0.044015373352855054, 0.04351207906295754, 0.04360358711566618, 0.04406112737920937, 0.04474743777452416, 0.04360358711566618, 0.04305453879941435, 0.046028550512445095, 0.04575402635431918, 0.04310029282576867, 0.00042322474377745243, 0.0003031204245973646, 0.04108711566617863, 0.04191068814055637, 0.043420571010248904, 0.037015007320644215, 0.0455710102489019, 0.000723485541727672, 0.0003231378111273792]}