{"time": [1718.0, 1719.0, 1719.0, 1719.0, 1719.0, 1720.0, 1721.0, 1721.0, 1722.0, 1723.0, 1724.0, 1725.0, 1726.0, 1727.0, 1727.0, 1728.0, 1729.0, 1729.0, 1730.0, 1731.0, 1732.0, 1733.0, 1733.0, 1734.0, 1735.0, 1736.0, 1737.0, 1737.0, 1738.0, 1739.0, 1740.0, 1741.0, 1742.0, 1743.0, 1744.0, 1745.0, 1746.0, 1747.0, 1748.0, 1749.0, 1750.0, 1751.0, 1752.0, 1753.0, 1754.0, 1755.0, 1756.0, 1757.0, 1758.0, 1759.0, 1760.0, 1761.0, 1762.0, 1763.0, 1764.0, 1765.0, 1766.0, 1767.0, 1768.0, 1769.0, 1770.0, 1771.0, 1772.0, 1773.0, 1774.0, 1775.0, 1776.0, 1777.0, 1778.0, 1779.0, 1780.0, 1781.0, 1782.0, 1783.0, 1784.0, 1785.0, 1786.0, 1787.0, 1788.0, 1789.0, 1790.0, 1791.0, 1792.0, 1793.0, 1794.0, 1795.0, 1796.0, 1797.0, 1798.0, 1799.0, 1800.0, 1800.0, 1800.0, 1800.0], "avg_cpu": [0.005427495874587459, 0.14377062706270627, 0.21658415841584158, 0.3085808580858086, 0.37995049504950495, 0.3184818481848185, 0.35684818481848185, 0.44884488448844884, 0.3927392739273927, 0.3188943894389439, 0.36221122112211224, 0.39645214521452143, 0.3523102310231023, 0.36056105610561057, 0.4612211221122112, 0.4471947194719472, 0.45957095709570955, 0.5057755775577558, 0.48514851485148514, 0.5041254125412541, 0.49422442244224424, 0.4777227722772277, 0.5338283828382838, 0.5404290429042904, 0.5346534653465347, 0.5396039603960396, 0.5915841584158416, 0.5775577557755776, 0.594059405940594, 0.5742574257425742, 0.5742574257425742, 0.5610561056105611, 0.594059405940594, 0.5717821782178217, 0.5734323432343235, 0.58003300330033, 0.58003300330033, 0.5684818481848185, 0.5858085808580858, 0.58003300330033, 0.5198019801980198, 0.5833333333333334, 0.5866336633663366, 0.5594059405940595, 0.5610561056105611, 0.58003300330033, 0.5874587458745875, 0.4933993399339934, 0.5585808580858086, 0.5981848184818482, 0.6113861386138614, 0.599009900990099, 0.5882838283828383, 0.6221122112211221, 0.5643564356435643, 0.5288778877887789, 0.5676567656765676, 0.6155115511551155, 0.5750825082508251, 0.5462046204620462, 0.5321782178217822, 0.6072607260726073, 0.594059405940594, 0.5486798679867987, 0.5948844884488449, 0.6171617161716172, 0.6435643564356436, 0.6047854785478548, 0.5998349834983498, 0.5957095709570958, 0.6014851485148515, 0.6179867986798679, 0.6006600660066007, 0.6196369636963697, 0.6377887788778878, 0.6262376237623762, 0.6427392739273927, 0.6394389438943895, 0.6179867986798679, 0.6056105610561056, 0.5915841584158416, 0.5981848184818482, 0.6039603960396039, 0.6056105610561056, 0.6039603960396039, 0.5899339933993399, 0.5924092409240924, 0.5866336633663366, 0.5792079207920792, 0.5899339933993399, 0.2871287128712871, 0.0008669812293729373, 0.000578524649339934, 0.0009910659034653465], "avg_mem": [0.0025936813689604685, 0.007961200585651538, 0.009825677159590044, 0.008739019033674963, 0.008292917276720352, 0.008670387994143484, 0.008624633967789166, 0.00844161786237189, 0.008807650073206443, 0.008956350658857979, 0.008704703513909224, 0.008830527086383601, 0.008784773060029283, 0.008784773060029283, 0.008693265007320644, 0.0088877196193265, 0.008899158125915081, 0.008670387994143484, 0.008647510980966324, 0.008681826500732064, 0.008613195461200585, 0.008624633967789166, 0.008556002928257686, 0.008624633967789166, 0.00893347364568082, 0.008841965592972182, 0.008510248901903368, 0.009207997803806735, 0.008841965592972182, 0.00892203513909224, 0.00886484260614934, 0.00892203513909224, 0.008830527086383601, 0.008727580527086384, 0.008979227672035139, 0.009002104685212299, 0.008807650073206443, 0.008693265007320644, 0.008739019033674963, 0.008830527086383601, 0.00891059663250366, 0.008681826500732064, 0.008773334553440702, 0.009871431185944362, 0.009013543191800878, 0.008613195461200585, 0.008841965592972182, 0.008899158125915081, 0.008739019033674963, 0.008784773060029283, 0.00896778916544656, 0.008727580527086384, 0.008853404099560761, 0.008807650073206443, 0.008796211566617862, 0.008716142020497804, 0.0088877196193265, 0.008807650073206443, 0.008899158125915081, 0.008693265007320644, 0.008624633967789166, 0.008853404099560761, 0.008716142020497804, 0.008636072474377745, 0.008796211566617862, 0.0088877196193265, 0.008841965592972182, 0.008819088579795022, 0.008830527086383601, 0.00886484260614934, 0.009333821376281113, 0.008841965592972182, 0.008716142020497804, 0.008704703513909224, 0.00892203513909224, 0.008841965592972182, 0.008750457540263544, 0.008956350658857979, 0.009173682284040996, 0.009288067349926793, 0.008761896046852123, 0.008876281112737921, 0.009047858711566617, 0.008658949487554905, 0.008830527086383601, 0.008796211566617862, 0.00886484260614934, 0.008796211566617862, 0.009013543191800878, 0.00896778916544656, 0.008224286237188872, 0.007354959736456808, 0.004935715592972181, 6.863103953147877e-05]}