{"time": [1718.0, 1718.0, 1719.0, 1719.0, 1719.0, 1719.0, 1719.0, 1720.0, 1720.0, 1721.0, 1722.0, 1723.0, 1723.0, 1724.0, 1725.0, 1726.0, 1726.0, 1727.0, 1728.0, 1729.0, 1729.0, 1730.0, 1731.0, 1732.0, 1732.0, 1733.0, 1734.0, 1735.0, 1736.0, 1737.0, 1738.0, 1738.0, 1739.0, 1740.0, 1741.0, 1742.0, 1743.0, 1744.0, 1745.0, 1746.0, 1747.0, 1748.0, 1749.0, 1750.0, 1751.0, 1752.0, 1753.0, 1754.0, 1755.0, 1756.0, 1757.0, 1758.0, 1759.0, 1760.0, 1761.0, 1762.0, 1763.0, 1764.0, 1765.0, 1766.0, 1767.0, 1768.0, 1769.0, 1770.0, 1771.0, 1772.0, 1773.0, 1774.0, 1775.0, 1776.0, 1777.0, 1778.0, 1779.0, 1780.0, 1781.0, 1782.0, 1783.0, 1784.0, 1785.0, 1786.0, 1787.0, 1788.0, 1789.0, 1790.0, 1791.0, 1792.0, 1793.0, 1794.0, 1795.0, 1796.0, 1797.0, 1798.0, 1799.0, 1800.0, 1800.0, 1800.0], "avg_cpu": [0.0, 0.00307794451320132, 0.19492574257425743, 0.29372937293729373, 0.3341584158415842, 0.3741749174917492, 0.3415841584158416, 0.32301980198019803, 0.36056105610561057, 0.35066006600660066, 0.3155940594059406, 0.3580858085808581, 0.43564356435643564, 0.42326732673267325, 0.3659240924092409, 0.41955445544554454, 0.47029702970297027, 0.4612211221122112, 0.44966996699669964, 0.45792079207920794, 0.5255775577557755, 0.5181518151815182, 0.5198019801980198, 0.5379537953795379, 0.5627062706270627, 0.5412541254125413, 0.5412541254125413, 0.5808580858085809, 0.5866336633663366, 0.6113861386138614, 0.5981848184818482, 0.5948844884488449, 0.5957095709570958, 0.584983498349835, 0.5734323432343235, 0.6122112211221122, 0.6047854785478548, 0.5965346534653465, 0.58003300330033, 0.6295379537953796, 0.5998349834983498, 0.6641914191419142, 0.6163366336633663, 0.6188118811881188, 0.5643564356435643, 0.5816831683168316, 0.5594059405940595, 0.6320132013201321, 0.6064356435643564, 0.6188118811881188, 0.584983498349835, 0.5750825082508251, 0.5957095709570958, 0.6155115511551155, 0.5924092409240924, 0.5874587458745875, 0.599009900990099, 0.566006600660066, 0.5841584158415841, 0.5528052805280528, 0.5693069306930693, 0.5833333333333334, 0.5841584158415841, 0.5783828382838284, 0.5552805280528053, 0.5627062706270627, 0.566006600660066, 0.5759075907590759, 0.5792079207920792, 0.5965346534653465, 0.5750825082508251, 0.5684818481848185, 0.5552805280528053, 0.5693069306930693, 0.566006600660066, 0.6014851485148515, 0.613036303630363, 0.594059405940594, 0.5701320132013201, 0.5924092409240924, 0.5808580858085809, 0.5874587458745875, 0.5825082508250825, 0.5759075907590759, 0.5891089108910891, 0.5676567656765676, 0.5816831683168316, 0.5759075907590759, 0.5618811881188119, 0.5618811881188119, 0.5907590759075908, 0.5759075907590759, 0.5915841584158416, 0.25783828382838286, 0.005208333333333333, 0.001518022896039604], "avg_mem": [5.719253294289898e-06, 0.004403825036603221, 0.009562591508052708, 0.009562591508052708, 0.009105051244509516, 0.008498810395314787, 0.008876281112737921, 0.00839586383601757, 0.008510248901903368, 0.008533125915080528, 0.008716142020497804, 0.008464494875549048, 0.008670387994143484, 0.008487371888726208, 0.008521687408491947, 0.008716142020497804, 0.008681826500732064, 0.008658949487554905, 0.008544564421669107, 0.008807650073206443, 0.00893347364568082, 0.008636072474377745, 0.008819088579795022, 0.008807650073206443, 0.008693265007320644, 0.009036420204978038, 0.008636072474377745, 0.008624633967789166, 0.008739019033674963, 0.008773334553440702, 0.0089449121522694, 0.008453056368960469, 0.008841965592972182, 0.008750457540263544, 0.008853404099560761, 0.008716142020497804, 0.008510248901903368, 0.00891059663250366, 0.008647510980966324, 0.008681826500732064, 0.008647510980966324, 0.008658949487554905, 0.008681826500732064, 0.008819088579795022, 0.008739019033674963, 0.009276628843338214, 0.008658949487554905, 0.008681826500732064, 0.0088877196193265, 0.008830527086383601, 0.008578879941434846, 0.008704703513909224, 0.008979227672035139, 0.009082174231332358, 0.00893347364568082, 0.009002104685212299, 0.008647510980966324, 0.008727580527086384, 0.008693265007320644, 0.008727580527086384, 0.008830527086383601, 0.008807650073206443, 0.008658949487554905, 0.008853404099560761, 0.008556002928257686, 0.008876281112737921, 0.008761896046852123, 0.009036420204978038, 0.008750457540263544, 0.008796211566617862, 0.008716142020497804, 0.008739019033674963, 0.008819088579795022, 0.008807650073206443, 0.009024981698389459, 0.008693265007320644, 0.008590318448023425, 0.008727580527086384, 0.008819088579795022, 0.008830527086383601, 0.008750457540263544, 0.008704703513909224, 0.008819088579795022, 0.00896778916544656, 0.008979227672035139, 0.008784773060029283, 0.008739019033674963, 0.008956350658857979, 0.0088877196193265, 0.00891059663250366, 0.008773334553440702, 0.008841965592972182, 0.008899158125915081, 0.00782393850658858, 0.006417002196193265, 9.150805270863836e-05]}