{"time": [1718.0, 1719.0, 1719.0, 1719.0, 1719.0, 1719.0, 1720.0, 1720.0, 1721.0, 1722.0, 1722.0, 1723.0, 1724.0, 1725.0, 1726.0, 1726.0, 1727.0, 1728.0, 1729.0, 1729.0, 1730.0, 1731.0, 1732.0, 1733.0, 1734.0, 1735.0, 1736.0, 1737.0, 1738.0, 1739.0, 1740.0, 1741.0, 1742.0, 1743.0, 1744.0, 1745.0, 1746.0, 1747.0, 1748.0, 1749.0, 1750.0, 1751.0, 1752.0, 1753.0, 1754.0, 1755.0, 1756.0, 1757.0, 1758.0, 1759.0, 1760.0, 1761.0, 1762.0, 1763.0, 1764.0, 1765.0, 1766.0, 1767.0, 1768.0, 1769.0, 1770.0, 1771.0, 1772.0, 1773.0, 1774.0, 1775.0, 1776.0, 1777.0, 1778.0, 1779.0, 1780.0, 1781.0, 1782.0, 1783.0, 1784.0, 1785.0, 1786.0, 1787.0, 1788.0, 1789.0, 1790.0, 1791.0, 1792.0, 1793.0, 1794.0, 1795.0, 1796.0, 1797.0, 1798.0, 1799.0, 1800.0, 1800.0, 1800.0, 1800.0], "avg_cpu": [0.12279040404040405, 0.24526515151515152, 0.2582070707070707, 0.30808080808080807, 0.32386363636363635, 0.3484848484848485, 0.3465909090909091, 0.4008838383838384, 0.4059343434343434, 0.398989898989899, 0.6035353535353535, 0.5542929292929293, 0.57260101010101, 0.5517676767676768, 0.5599747474747475, 0.6616161616161617, 0.6856060606060606, 0.6742424242424242, 0.6717171717171717, 0.7272727272727273, 0.7487373737373737, 0.7348484848484849, 0.7297979797979798, 0.7449494949494949, 0.7323232323232324, 0.7272727272727273, 0.7247474747474747, 0.7335858585858586, 0.7411616161616161, 0.7373737373737373, 0.7411616161616161, 0.7348484848484849, 0.73989898989899, 0.7348484848484849, 0.7487373737373737, 0.7272727272727273, 0.7234848484848485, 0.7297979797979798, 0.7323232323232324, 0.7297979797979798, 0.7348484848484849, 0.7373737373737373, 0.73989898989899, 0.7310606060606061, 0.7323232323232324, 0.7361111111111112, 0.7297979797979798, 0.7323232323232324, 0.7373737373737373, 0.7424242424242424, 0.7424242424242424, 0.7310606060606061, 0.7436868686868687, 0.7462121212121212, 0.7436868686868687, 0.7436868686868687, 0.7285353535353535, 0.7297979797979798, 0.7449494949494949, 0.7222222222222222, 0.7310606060606061, 0.7297979797979798, 0.7436868686868687, 0.7335858585858586, 0.7297979797979798, 0.7133838383838383, 0.7575757575757576, 0.7209595959595959, 0.7133838383838383, 0.7133838383838383, 0.7171717171717171, 0.7133838383838383, 0.7285353535353535, 0.7209595959595959, 0.7436868686868687, 0.7449494949494949, 0.7323232323232324, 0.7424242424242424, 0.7272727272727273, 0.7196969696969697, 0.7171717171717171, 0.7171717171717171, 0.7108585858585859, 0.7184343434343434, 0.7234848484848485, 0.7196969696969697, 0.7222222222222222, 0.7247474747474747, 0.7095959595959596, 0.726010101010101, 0.36742424242424243, 0.0013020833333333333, 0.0013020833333333333, 0.0009297072285353535], "avg_mem": [0.013108528550512446, 0.017638177159590044, 0.01628843338213763, 0.01612829428989751, 0.016151171303074672, 0.016608711566617862, 0.01628843338213763, 0.016471449487554905, 0.017020497803806735, 0.016928989751098095, 0.016517203513909225, 0.016654465592972182, 0.01688323572474378, 0.01667734260614934, 0.016448572474377744, 0.016814604685212297, 0.016814604685212297, 0.016928989751098095, 0.017661054172767202, 0.01734077598828697, 0.01743228404099561, 0.017409407027818447, 0.01738653001464129, 0.017409407027818447, 0.017592423133235724, 0.017455161054172767, 0.01731789897510981, 0.017134882869692534, 0.017500915080527087, 0.016860358711566617, 0.017569546120058566, 0.017043374816983894, 0.017134882869692534, 0.01731789897510981, 0.017500915080527087, 0.016974743777452415, 0.017020497803806735, 0.016997620790629574, 0.017043374816983894, 0.016860358711566617, 0.017066251830161056, 0.016906112737920937, 0.017569546120058566, 0.01729502196193265, 0.017409407027818447, 0.018599011713030748, 0.017020497803806735, 0.01676885065885798, 0.017455161054172767, 0.01729502196193265, 0.017500915080527087, 0.017363653001464127, 0.016974743777452415, 0.01743228404099561, 0.01738653001464129, 0.017455161054172767, 0.017020497803806735, 0.017455161054172767, 0.017203513909224012, 0.017363653001464127, 0.01738653001464129, 0.0212298682284041, 0.017020497803806735, 0.01722639092240117, 0.017249267935578332, 0.01734077598828697, 0.017478038067349926, 0.017478038067349926, 0.01731789897510981, 0.017363653001464127, 0.01727214494875549, 0.016997620790629574, 0.01743228404099561, 0.01743228404099561, 0.017157759882869692, 0.017043374816983894, 0.01738653001464129, 0.017546669106881404, 0.01731789897510981, 0.017112005856515372, 0.01772968521229868, 0.017569546120058566, 0.017661054172767202, 0.017112005856515372, 0.01734077598828697, 0.017409407027818447, 0.01731789897510981, 0.017157759882869692, 0.017523792093704246, 0.01734077598828697, 0.015464860907759883, 0.012673865300146412, 0.009024981698389459, 0.00010294655929721816]}