{"time": [530.0, 531.0, 531.0, 532.0, 533.0, 534.0, 535.0, 535.0, 535.0, 535.0, 535.0, 556.0, 556.0, 557.0, 558.0, 559.0, 560.0, 561.0, 562.0, 563.0, 564.0, 565.0, 566.0, 567.0, 568.0, 569.0, 570.0, 571.0, 571.0, 572.0, 572.0, 572.0, 579.0, 580.0, 581.0, 582.0, 583.0, 584.0, 585.0, 586.0, 587.0, 588.0, 589.0, 590.0, 591.0, 592.0, 593.0, 594.0, 595.0, 596.0, 597.0, 598.0, 599.0, 600.0, 601.0, 602.0, 603.0, 604.0, 605.0, 606.0, 607.0, 608.0, 609.0, 610.0, 611.0, 612.0, 613.0, 614.0, 615.0, 616.0, 617.0, 618.0, 619.0, 620.0, 621.0, 622.0, 623.0, 624.0, 624.0, 625.0, 626.0, 627.0, 628.0, 629.0, 630.0, 631.0, 632.0, 633.0, 634.0, 635.0, 636.0, 637.0, 638.0, 639.0, 640.0, 641.0, 642.0, 643.0, 644.0, 645.0, 646.0, 647.0, 648.0, 649.0, 650.0, 651.0, 652.0, 653.0, 653.0, 653.0, 653.0], "avg_cpu": [0.3919141914191419, 0.49587458745874585, 0.5429042904290429, 0.5552805280528053, 0.5495049504950495, 0.5585808580858086, 0.5701320132013201, 0.5503300330033003, 0.4471947194719472, 0.0, 0.0, 0.5866336633663366, 0.6328382838283828, 0.6691419141914191, 0.6452145214521452, 0.5981848184818482, 0.5288778877887789, 0.5750825082508251, 0.599009900990099, 0.5651815181518152, 0.5775577557755776, 0.5825082508250825, 0.6064356435643564, 0.5998349834983498, 0.5932343234323433, 0.5874587458745875, 0.570957095709571, 0.5585808580858086, 0.5775577557755776, 0.6270627062706271, 0.32425742574257427, 0.019492574257425743, 0.5759075907590759, 0.844059405940594, 0.8143564356435643, 0.8135313531353136, 0.8143564356435643, 0.783003300330033, 0.764026402640264, 0.7384488448844885, 0.735973597359736, 0.6831683168316832, 0.7178217821782178, 0.783003300330033, 0.7755775577557755, 0.5602310231023102, 0.6575907590759076, 0.6798679867986799, 0.7615511551155115, 0.6138613861386139, 0.6641914191419142, 0.6105610561056105, 0.6039603960396039, 0.5924092409240924, 0.5610561056105611, 0.5066006600660066, 0.5016501650165016, 0.5165016501650165, 0.509075907590759, 0.528052805280528, 0.5074257425742574, 0.5165016501650165, 0.5173267326732673, 0.5033003300330033, 0.5536303630363036, 0.6122112211221122, 0.5107260726072608, 0.5247524752475248, 0.5726072607260726, 0.5082508250825083, 0.5107260726072608, 0.518976897689769, 0.5214521452145214, 0.523102310231023, 0.5239273927392739, 0.5536303630363036, 0.5610561056105611, 0.5544554455445545, 0.7343234323432343, 0.551980198019802, 0.6344884488448845, 0.6196369636963697, 0.6245874587458746, 0.5858085808580858, 0.6031353135313532, 0.6056105610561056, 0.6947194719471947, 0.5899339933993399, 0.6155115511551155, 0.5907590759075908, 0.5635313531353136, 0.6707920792079208, 0.5858085808580858, 0.6262376237623762, 0.6410891089108911, 0.6171617161716172, 0.6179867986798679, 0.6089108910891089, 0.6056105610561056, 0.6122112211221122, 0.6320132013201321, 0.6485148514851485, 0.6600660066006601, 0.6600660066006601, 0.6402640264026402, 0.6328382838283828, 0.594059405940594, 0.5965346534653465, 0.599009900990099, 0.04481229372937294, 0.0], "avg_mem": [0.03019765739385066, 0.04470168374816984, 0.04195644216691069, 0.0410413616398243, 0.04287152269399707, 0.042825768667642754, 0.041819180087847733, 0.036694729136163985, 0.0008235724743777453, 0.0004089266105417277, 0.0, 0.03587115666178624, 0.042917276720351394, 0.04337481698389458, 0.042642752562225474, 0.04209370424597365, 0.04186493411420205, 0.04465592972181552, 0.04108711566617863, 0.04250549048316252, 0.04419838945827233, 0.0446101756954612, 0.04337481698389458, 0.04310029282576867, 0.043832357247437774, 0.04236822840409956, 0.04310029282576867, 0.044427159590043924, 0.04168191800878477, 0.04062957540263543, 0.03957723279648609, 0.0003860495973645681, 0.05737554904831625, 0.09342972181551977, 0.09095900439238654, 0.09224011713030747, 0.08986090775988287, 0.08903733528550513, 0.09059297218155198, 0.08857979502196194, 0.0911420204978038, 0.09196559297218156, 0.09105051244509517, 0.09443631039531479, 0.09681551976573939, 0.09150805270863836, 0.08867130307467057, 0.08839677891654465, 0.0951683748169839, 0.09288067349926793, 0.09187408491947291, 0.08620058565153733, 0.08986090775988287, 0.08528550512445095, 0.08748169838945827, 0.08519399707174231, 0.08592606149341142, 0.08848828696925329, 0.08693265007320644, 0.0853770131771596, 0.08693265007320644, 0.08446193265007321, 0.08318081991215227, 0.08839677891654465, 0.09077598828696926, 0.08931185944363104, 0.08748169838945827, 0.08775622254758418, 0.08766471449487555, 0.08876281112737922, 0.08784773060029283, 0.08684114202049781, 0.08620058565153733, 0.08510248901903368, 0.08839677891654465, 0.08784773060029283, 0.08830527086383602, 0.09480234260614934, 0.07833089311859444, 0.08748169838945827, 0.08757320644216691, 0.09251464128843338, 0.08885431918008785, 0.08784773060029283, 0.08592606149341142, 0.08748169838945827, 0.09031844802342606, 0.09086749633967789, 0.08885431918008785, 0.0853770131771596, 0.08839677891654465, 0.0892203513909224, 0.0853770131771596, 0.08647510980966325, 0.08958638360175696, 0.08812225475841874, 0.08803074670571011, 0.08839677891654465, 0.09004392386530015, 0.08793923865300146, 0.08894582723279648, 0.09068448023426061, 0.08976939970717424, 0.09105051244509517, 0.08958638360175696, 0.09461932650073207, 0.08976939970717424, 0.09864568081991215, 0.08803074670571011, 0.0009265190336749634, 0.0006405563689604685]}