{"time": [530.0, 530.0, 531.0, 531.0, 532.0, 533.0, 534.0, 535.0, 536.0, 537.0, 538.0, 539.0, 540.0, 540.0, 541.0, 542.0, 543.0, 544.0, 545.0, 546.0, 547.0, 548.0, 549.0, 550.0, 551.0, 552.0, 553.0, 554.0, 555.0, 556.0, 556.0, 557.0, 558.0, 559.0, 560.0, 561.0, 562.0, 563.0, 564.0, 565.0, 566.0, 567.0, 568.0, 569.0, 570.0, 571.0, 571.0, 571.0, 571.0, 577.0, 578.0, 579.0, 580.0, 581.0, 582.0, 583.0, 584.0, 585.0, 586.0, 587.0, 588.0, 589.0, 590.0, 591.0, 592.0, 593.0, 594.0, 595.0, 596.0, 597.0, 598.0, 599.0, 600.0, 601.0, 602.0, 603.0, 604.0, 605.0, 606.0, 607.0, 608.0, 609.0, 610.0, 611.0, 612.0, 613.0, 614.0, 615.0, 616.0, 617.0, 618.0, 619.0, 620.0, 621.0, 622.0, 623.0, 624.0, 625.0, 625.0, 626.0, 627.0, 628.0, 629.0, 630.0, 631.0, 632.0, 633.0, 634.0, 635.0, 636.0, 637.0, 638.0, 639.0, 640.0, 641.0, 642.0, 643.0, 644.0, 645.0, 646.0, 647.0, 648.0, 649.0, 650.0, 651.0, 652.0, 653.0, 653.0, 653.0, 653.0], "avg_cpu": [0.18110561056105612, 0.5470297029702971, 0.5239273927392739, 0.5511551155115512, 0.5288778877887789, 0.5528052805280528, 0.5618811881188119, 0.5775577557755776, 0.6592409240924092, 0.6212871287128713, 0.6245874587458746, 0.6344884488448845, 0.6493399339933993, 0.6402640264026402, 0.6113861386138614, 0.6014851485148515, 0.584983498349835, 0.5924092409240924, 0.6138613861386139, 0.6138613861386139, 0.5816831683168316, 0.6245874587458746, 0.665016501650165, 0.6311881188118812, 0.6138613861386139, 0.5651815181518152, 0.6221122112211221, 0.6023102310231023, 0.5808580858085809, 0.6394389438943895, 0.6336633663366337, 0.6394389438943895, 0.6501650165016502, 0.6278877887788779, 0.6386138613861386, 0.6377887788778878, 0.6031353135313532, 0.6163366336633663, 0.6188118811881188, 0.6237623762376238, 0.613036303630363, 0.6023102310231023, 0.6031353135313532, 0.6056105610561056, 0.5907590759075908, 0.6014851485148515, 0.6353135313531353, 0.0, 0.0, 0.8168316831683168, 0.7301980198019802, 0.641914191419142, 0.6452145214521452, 0.5684818481848185, 0.485973597359736, 0.5437293729372937, 0.5206270627062707, 0.5585808580858086, 0.5437293729372937, 0.5462046204620462, 0.5181518151815182, 0.5775577557755776, 0.5594059405940595, 0.5792079207920792, 0.5610561056105611, 0.5437293729372937, 0.518976897689769, 0.5618811881188119, 0.5429042904290429, 0.5618811881188119, 0.5594059405940595, 0.5676567656765676, 0.5585808580858086, 0.5759075907590759, 0.5742574257425742, 0.5618811881188119, 0.5404290429042904, 0.5156765676567657, 0.5313531353135313, 0.5684818481848185, 0.5239273927392739, 0.5528052805280528, 0.509075907590759, 0.5627062706270627, 0.6163366336633663, 0.5594059405940595, 0.5008250825082509, 0.5998349834983498, 0.5074257425742574, 0.4975247524752475, 0.5016501650165016, 0.47029702970297027, 0.5024752475247525, 0.5008250825082509, 0.5148514851485149, 0.5066006600660066, 0.5165016501650165, 0.4884488448844885, 0.6254125412541254, 0.5932343234323433, 0.5808580858085809, 0.5239273927392739, 0.6047854785478548, 0.5453795379537953, 0.6014851485148515, 0.5651815181518152, 0.5148514851485149, 0.6287128712871287, 0.518976897689769, 0.608085808580858, 0.6155115511551155, 0.6023102310231023, 0.6493399339933993, 0.6435643564356436, 0.6443894389438944, 0.6501650165016502, 0.6534653465346535, 0.6608910891089109, 0.6254125412541254, 0.599009900990099, 0.5957095709570958, 0.5816831683168316, 0.6386138613861386, 0.6278877887788779, 0.5792079207920792, 0.5503300330033003, 0.594059405940594, 0.5033003300330033, 0.001157049298679868, 0.0], "avg_mem": [0.009219436310395315, 0.05206808199121523, 0.04410688140556369, 0.04094985358711566, 0.046440336749633965, 0.04570827232796486, 0.04310029282576867, 0.04506771595900439, 0.04616581259150805, 0.044335651537335284, 0.04346632503660322, 0.04419838945827233, 0.04428989751098097, 0.04406112737920937, 0.043740849194729134, 0.043923865300146414, 0.043237554904831624, 0.04355783308931186, 0.04287152269399707, 0.04259699853587116, 0.04310029282576867, 0.04355783308931186, 0.04355783308931186, 0.04470168374816984, 0.045342240117130304, 0.04328330893118595, 0.0436493411420205, 0.04474743777452416, 0.04520497803806735, 0.04419838945827233, 0.03953147877013177, 0.04447291361639824, 0.044244143484626644, 0.04351207906295754, 0.04328330893118595, 0.0426885065885798, 0.04191068814055637, 0.044335651537335284, 0.04296303074670571, 0.04337481698389458, 0.04360358711566618, 0.042734260614934114, 0.04204795021961932, 0.04337481698389458, 0.04360358711566618, 0.04113286969253294, 0.040904099560761346, 0.000500434663250366, 0.00036603221083455345, 0.08674963396778916, 0.08931185944363104, 0.08583455344070279, 0.08803074670571011, 0.09059297218155198, 0.08565153733528551, 0.0820827232796486, 0.0853770131771596, 0.08409590043923865, 0.08308931185944363, 0.08775622254758418, 0.0861090775988287, 0.08665812591508053, 0.08766471449487555, 0.08867130307467057, 0.08876281112737922, 0.08775622254758418, 0.08793923865300146, 0.09150805270863836, 0.08556002928257686, 0.08620058565153733, 0.08949487554904832, 0.08702415812591507, 0.08912884333821376, 0.08848828696925329, 0.08455344070278184, 0.08912884333821376, 0.08620058565153733, 0.08894582723279648, 0.08830527086383602, 0.0899524158125915, 0.08976939970717424, 0.08638360175695461, 0.0911420204978038, 0.09077598828696926, 0.08812225475841874, 0.09031844802342606, 0.08784773060029283, 0.08839677891654465, 0.08876281112737922, 0.08363836017569547, 0.08775622254758418, 0.09251464128843338, 0.09132503660322108, 0.09022693997071743, 0.09178257686676428, 0.08793923865300146, 0.0892203513909224, 0.0865666178623719, 0.09773060029282576, 0.08674963396778916, 0.08967789165446559, 0.08839677891654465, 0.09059297218155198, 0.09169106881405564, 0.08839677891654465, 0.08986090775988287, 0.09773060029282576, 0.09224011713030747, 0.09150805270863836, 0.09370424597364568, 0.08775622254758418, 0.09571742313323572, 0.09288067349926793, 0.09361273792093704, 0.08775622254758418, 0.09077598828696926, 0.09059297218155198, 0.09498535871156662, 0.09013543191800878, 0.08464494875549049, 0.09269765739385066, 0.08940336749633968, 0.09059297218155198, 0.08757320644216691, 0.08803074670571011, 0.09141654465592972, 0.07887994143484627, 0.07741581259150805, 0.0008693265007320644, 0.0006577141288433382]}