{"time": [1718.0, 1719.0, 1719.0, 1719.0, 1719.0, 1719.0, 1720.0, 1720.0, 1721.0, 1722.0, 1723.0, 1724.0, 1725.0, 1726.0, 1727.0, 1727.0, 1728.0, 1729.0, 1729.0, 1730.0, 1731.0, 1731.0, 1732.0, 1733.0, 1734.0, 1735.0, 1736.0, 1737.0, 1738.0, 1738.0, 1739.0, 1740.0, 1741.0, 1742.0, 1743.0, 1744.0, 1745.0, 1746.0, 1747.0, 1748.0, 1749.0, 1750.0, 1751.0, 1752.0, 1753.0, 1754.0, 1755.0, 1756.0, 1757.0, 1758.0, 1759.0, 1760.0, 1761.0, 1762.0, 1763.0, 1764.0, 1765.0, 1766.0, 1767.0, 1768.0, 1769.0, 1770.0, 1771.0, 1772.0, 1773.0, 1774.0, 1775.0, 1776.0, 1777.0, 1778.0, 1779.0, 1780.0, 1781.0, 1782.0, 1783.0, 1784.0, 1785.0, 1786.0, 1787.0, 1788.0, 1789.0, 1790.0, 1791.0, 1792.0, 1793.0, 1794.0, 1795.0, 1796.0, 1797.0, 1798.0, 1799.0, 1800.0, 1800.0, 1800.0, 1800.0], "avg_cpu": [0.09973184818481848, 0.20503300330033003, 0.32136963696369636, 0.26196369636963696, 0.30734323432343236, 0.28589108910891087, 0.3056930693069307, 0.34075907590759075, 0.4084158415841584, 0.36386138613861385, 0.341996699669967, 0.34364686468646866, 0.349009900990099, 0.39645214521452143, 0.3564356435643564, 0.5412541254125413, 0.44801980198019803, 0.46864686468646866, 0.5239273927392739, 0.4975247524752475, 0.5387788778877888, 0.6163366336633663, 0.5561056105610561, 0.570957095709571, 0.5726072607260726, 0.570957095709571, 0.566006600660066, 0.5478547854785478, 0.5511551155115512, 0.7367986798679867, 0.6295379537953796, 0.5932343234323433, 0.6196369636963697, 0.6113861386138614, 0.6047854785478548, 0.5445544554455446, 0.6229372937293729, 0.6542904290429042, 0.6427392739273927, 0.6138613861386139, 0.5948844884488449, 0.5808580858085809, 0.5907590759075908, 0.6006600660066007, 0.5932343234323433, 0.5891089108910891, 0.566006600660066, 0.5825082508250825, 0.5891089108910891, 0.5833333333333334, 0.58003300330033, 0.5717821782178217, 0.5874587458745875, 0.5825082508250825, 0.5775577557755776, 0.599009900990099, 0.5915841584158416, 0.5767326732673267, 0.5915841584158416, 0.5957095709570958, 0.5965346534653465, 0.5775577557755776, 0.58003300330033, 0.5874587458745875, 0.6155115511551155, 0.6056105610561056, 0.5948844884488449, 0.5866336633663366, 0.6155115511551155, 0.6023102310231023, 0.5742574257425742, 0.5726072607260726, 0.594059405940594, 0.5808580858085809, 0.5965346534653465, 0.5717821782178217, 0.584983498349835, 0.608085808580858, 0.584983498349835, 0.5841584158415841, 0.5874587458745875, 0.6014851485148515, 0.6146864686468647, 0.5891089108910891, 0.6171617161716172, 0.5915841584158416, 0.5866336633663366, 0.5899339933993399, 0.6097359735973598, 0.6056105610561056, 0.6171617161716172, 0.26443894389438943, 0.0017339624587458745, 0.0008669812293729373, 0.0008669812293729373], "avg_mem": [0.011632961200585651, 0.01953696925329429, 0.018095717423133234, 0.01667734260614934, 0.016311310395314787, 0.01621980234260615, 0.016928989751098095, 0.01679172767203514, 0.017409407027818447, 0.017546669106881404, 0.017134882869692534, 0.01848462664714495, 0.017409407027818447, 0.01743228404099561, 0.01718063689604685, 0.018141471449487554, 0.017523792093704246, 0.01853038067349927, 0.017203513909224012, 0.017203513909224012, 0.017157759882869692, 0.016562957540263542, 0.017409407027818447, 0.017615300146412886, 0.017134882869692534, 0.017615300146412886, 0.017592423133235724, 0.017112005856515372, 0.017455161054172767, 0.017958455344070277, 0.017592423133235724, 0.017500915080527087, 0.017592423133235724, 0.017363653001464127, 0.017569546120058566, 0.017638177159590044, 0.017569546120058566, 0.01772968521229868, 0.017523792093704246, 0.017500915080527087, 0.017638177159590044, 0.017592423133235724, 0.017661054172767202, 0.017478038067349926, 0.017409407027818447, 0.017752562225475842, 0.017569546120058566, 0.01784407027818448, 0.01734077598828697, 0.01798133235724744, 0.017638177159590044, 0.017683931185944364, 0.01798133235724744, 0.01718063689604685, 0.017523792093704246, 0.01738653001464129, 0.017912701317715957, 0.017363653001464127, 0.017661054172767202, 0.017500915080527087, 0.01782119326500732, 0.0178898243045388, 0.017683931185944364, 0.01729502196193265, 0.01729502196193265, 0.017638177159590044, 0.01718063689604685, 0.01734077598828697, 0.017112005856515372, 0.01784407027818448, 0.01793557833089312, 0.017615300146412886, 0.01738653001464129, 0.017203513909224012, 0.017958455344070277, 0.017478038067349926, 0.017569546120058566, 0.017638177159590044, 0.01798133235724744, 0.017363653001464127, 0.01786694729136164, 0.01786694729136164, 0.017683931185944364, 0.01772968521229868, 0.017569546120058566, 0.01743228404099561, 0.01738653001464129, 0.017455161054172767, 0.017409407027818447, 0.017615300146412886, 0.01734077598828697, 0.016151171303074672, 0.014092240117130308, 0.014092240117130308, 0.00013154282576866765]}