{"time": [525.0, 526.0, 527.0, 527.0, 527.0, 527.0, 530.0, 530.0, 531.0, 531.0, 532.0, 533.0, 534.0, 535.0, 536.0, 537.0, 538.0, 539.0, 540.0, 540.0, 541.0, 542.0, 543.0, 544.0, 545.0, 546.0, 547.0, 548.0, 549.0, 550.0, 551.0, 552.0, 553.0, 554.0, 555.0, 556.0, 556.0, 557.0, 558.0, 559.0, 559.0, 559.0, 559.0, 559.0, 560.0, 561.0, 562.0, 563.0, 564.0, 565.0, 566.0, 567.0, 568.0, 569.0, 570.0, 571.0, 571.0, 572.0, 572.0, 572.0, 575.0, 576.0, 577.0, 578.0, 579.0, 580.0, 581.0, 582.0, 583.0, 584.0, 585.0, 586.0, 587.0, 588.0, 589.0, 590.0, 591.0, 592.0, 593.0, 594.0, 595.0, 596.0, 597.0, 598.0, 599.0, 600.0, 601.0, 602.0, 603.0, 604.0, 605.0, 606.0, 607.0, 608.0, 609.0, 610.0, 611.0, 612.0, 613.0, 614.0, 615.0, 616.0, 616.0, 617.0, 618.0, 619.0, 620.0, 621.0, 622.0, 623.0, 624.0, 625.0, 626.0, 627.0, 628.0, 629.0, 630.0, 631.0, 632.0, 633.0, 634.0, 635.0, 636.0, 637.0, 638.0, 639.0, 640.0, 641.0, 642.0, 643.0, 644.0, 645.0, 646.0, 647.0, 648.0, 649.0, 650.0, 651.0, 652.0, 653.0, 653.0, 653.0, 653.0], "avg_cpu": [0.0003981577134986226, 0.00010895532024793389, 0.00010357481060606061, 0.00011299070247933885, 0.0008057313188705234, 0.0031422176308539946, 0.1265495867768595, 0.4889807162534435, 0.48140495867768596, 0.44214876033057854, 0.45867768595041325, 0.44352617079889806, 0.4641873278236915, 0.45867768595041325, 0.4476584022038568, 0.43732782369146006, 0.46831955922865015, 0.4455922865013774, 0.45523415977961434, 0.4724517906336088, 0.4455922865013774, 0.47520661157024796, 0.4703856749311295, 0.47176308539944906, 0.44834710743801653, 0.4903581267217631, 0.4696969696969697, 0.4476584022038568, 0.4690082644628099, 0.46005509641873277, 0.48760330578512395, 0.4607438016528926, 0.4903581267217631, 0.45867768595041325, 0.49793388429752067, 0.5144628099173554, 0.4896694214876033, 0.4765840220385675, 0.5034435261707989, 0.5055096418732782, 0.4972451790633609, 0.001864346590909091, 0.0, 0.007737172865013774, 0.453168044077135, 0.465564738292011, 0.49586776859504134, 0.49586776859504134, 0.4931129476584022, 0.49173553719008267, 0.48760330578512395, 0.47796143250688705, 0.4972451790633609, 0.4724517906336088, 0.4731404958677686, 0.47520661157024796, 0.4628099173553719, 0.53099173553719, 0.0017056215564738293, 0.0, 0.509075907590759, 0.7318481848184818, 0.6056105610561056, 0.6204620462046204, 0.6056105610561056, 0.5816831683168316, 0.5717821782178217, 0.6072607260726073, 0.5915841584158416, 0.5792079207920792, 0.58003300330033, 0.5742574257425742, 0.5882838283828383, 0.5701320132013201, 0.5981848184818482, 0.5833333333333334, 0.5775577557755776, 0.5915841584158416, 0.6072607260726073, 0.5816831683168316, 0.5932343234323433, 0.5775577557755776, 0.6773927392739274, 0.6122112211221122, 0.5561056105610561, 0.5808580858085809, 0.5882838283828383, 0.5783828382838284, 0.584983498349835, 0.5816831683168316, 0.5676567656765676, 0.5693069306930693, 0.5627062706270627, 0.5783828382838284, 0.5915841584158416, 0.5998349834983498, 0.5684818481848185, 0.570957095709571, 0.5808580858085809, 0.5825082508250825, 0.5816831683168316, 0.5734323432343235, 0.636963696369637, 0.6567656765676567, 0.6410891089108911, 0.6113861386138614, 0.6122112211221122, 0.6221122112211221, 0.6493399339933993, 0.665016501650165, 0.665016501650165, 0.6625412541254125, 0.6567656765676567, 0.6328382838283828, 0.6600660066006601, 0.6435643564356436, 0.6493399339933993, 0.6386138613861386, 0.6311881188118812, 0.6278877887788779, 0.6270627062706271, 0.6047854785478548, 0.599009900990099, 0.6303630363036303, 0.6443894389438944, 0.6278877887788779, 0.6245874587458746, 0.6039603960396039, 0.6105610561056105, 0.5957095709570958, 0.5932343234323433, 0.6295379537953796, 0.5915841584158416, 0.5742574257425742, 0.5973597359735974, 0.5965346534653465, 0.5973597359735974, 0.58003300330033, 0.5891089108910891, 0.5924092409240924, 0.6138613861386139, 0.025783828382838284, 0.0], "avg_mem": [0.0015842331625183015, 0.002176175878477306, 0.0015928120424597366, 0.0016128294289897511, 0.0016900393484626647, 0.00024878751830161055, 0.004621156661786237, 0.021504392386530014, 0.02129849926793558, 0.021527269399707175, 0.020383418740849195, 0.020955344070278183, 0.022693997071742314, 0.020932467057101025, 0.020337664714494875, 0.020703696925329428, 0.01949121522693997, 0.022259333821376282, 0.01949121522693997, 0.02175603953147877, 0.02120699121522694, 0.020452049780380673, 0.020452049780380673, 0.022099194729136164, 0.02184754758418741, 0.020772327964860907, 0.022053440702781844, 0.021527269399707175, 0.020703696925329428, 0.021115483162518302, 0.020543557833089313, 0.023243045387994144, 0.020932467057101025, 0.021001098096632503, 0.02392935578330893, 0.021618777452415812, 0.0279099560761347, 0.02184754758418741, 0.02228221083455344, 0.021573023426061492, 0.019605600292825768, 0.0007892569546120059, 0.00036031295754026355, 0.0029911694729136164, 0.022808382137628112, 0.022533857979502196, 0.022556734992679357, 0.02443265007320644, 0.023654831625183018, 0.02283125915080527, 0.02120699121522694, 0.02283125915080527, 0.0223050878477306, 0.02235084187408492, 0.021390007320644215, 0.02232796486090776, 0.021001098096632503, 0.026491581259150805, 0.00020875274524158126, 0.00015870927891654466, 0.022144948755490484, 0.04360358711566618, 0.04369509516837482, 0.04300878477306003, 0.0412701317715959, 0.04113286969253294, 0.04337481698389458, 0.04191068814055637, 0.04227672035139092, 0.04200219619326501, 0.04396961932650073, 0.04168191800878477, 0.04419838945827233, 0.040492313323572476, 0.04213945827232796, 0.0410413616398243, 0.042917276720351394, 0.04195644216691069, 0.04278001464128843, 0.043420571010248904, 0.04168191800878477, 0.04241398243045388, 0.043740849194729134, 0.04310029282576867, 0.04113286969253294, 0.041315885797950216, 0.044427159590043924, 0.0400805270863836, 0.04213945827232796, 0.04168191800878477, 0.0424597364568082, 0.04369509516837482, 0.04259699853587116, 0.04067532942898975, 0.03742679355783309, 0.041819180087847733, 0.041315885797950216, 0.04026354319180088, 0.04218521229868229, 0.04145314787701318, 0.04136163982430454, 0.045525256222547585, 0.04538799414348463, 0.045342240117130304, 0.042825768667642754, 0.04236822840409956, 0.04419838945827233, 0.0426885065885798, 0.04300878477306003, 0.047035139092240115, 0.04300878477306003, 0.04227672035139092, 0.04259699853587116, 0.04547950219619327, 0.04506771595900439, 0.04337481698389458, 0.042917276720351394, 0.04346632503660322, 0.04296303074670571, 0.04488469985358712, 0.04296303074670571, 0.04470168374816984, 0.04255124450951684, 0.04159040995607614, 0.04369509516837482, 0.043329062957540264, 0.042322474377745244, 0.04337481698389458, 0.04310029282576867, 0.042734260614934114, 0.04236822840409956, 0.04438140556368961, 0.045937042459736455, 0.04310029282576867, 0.041819180087847733, 0.0410413616398243, 0.04740117130307467, 0.04378660322108346, 0.04213945827232796, 0.056643484626647145, 0.045525256222547585, 0.0011867450585651537, 0.0005290309297218155]}