{"time": [530.0, 530.0, 531.0, 531.0, 532.0, 533.0, 534.0, 535.0, 536.0, 537.0, 538.0, 539.0, 540.0, 540.0, 541.0, 542.0, 543.0, 544.0, 545.0, 546.0, 547.0, 548.0, 549.0, 550.0, 551.0, 552.0, 553.0, 554.0, 555.0, 556.0, 556.0, 557.0, 558.0, 559.0, 560.0, 561.0, 562.0, 563.0, 564.0, 565.0, 566.0, 567.0, 568.0, 569.0, 570.0, 571.0, 571.0, 572.0, 572.0, 572.0, 578.0, 579.0, 580.0, 581.0, 582.0, 583.0, 584.0, 585.0, 586.0, 587.0, 588.0, 589.0, 590.0, 591.0, 592.0, 593.0, 594.0, 595.0, 596.0, 597.0, 598.0, 599.0, 600.0, 601.0, 602.0, 603.0, 604.0, 605.0, 606.0, 607.0, 608.0, 609.0, 610.0, 611.0, 612.0, 613.0, 614.0, 615.0, 616.0, 617.0, 618.0, 619.0, 620.0, 621.0, 622.0, 623.0, 624.0, 625.0, 626.0, 627.0, 628.0, 629.0, 630.0, 631.0, 632.0, 633.0, 634.0, 635.0, 636.0, 637.0, 638.0, 639.0, 640.0, 641.0, 642.0, 643.0, 644.0, 645.0, 646.0, 647.0, 648.0, 649.0, 650.0, 651.0, 652.0, 653.0, 653.0, 653.0, 653.0], "avg_cpu": [0.43481848184818483, 0.5775577557755776, 0.5429042904290429, 0.5371287128712872, 0.5577557755775577, 0.5387788778877888, 0.5915841584158416, 0.5495049504950495, 0.5561056105610561, 0.5635313531353136, 0.5453795379537953, 0.5618811881188119, 0.5503300330033003, 0.6097359735973598, 0.5462046204620462, 0.5627062706270627, 0.584983498349835, 0.6072607260726073, 0.5742574257425742, 0.5742574257425742, 0.5717821782178217, 0.5635313531353136, 0.5717821782178217, 0.5462046204620462, 0.5957095709570958, 0.5792079207920792, 0.5866336633663366, 0.5742574257425742, 0.6006600660066007, 0.5495049504950495, 0.6047854785478548, 0.5891089108910891, 0.5767326732673267, 0.570957095709571, 0.58003300330033, 0.566006600660066, 0.5618811881188119, 0.5445544554455446, 0.5495049504950495, 0.5371287128712872, 0.551980198019802, 0.5684818481848185, 0.5676567656765676, 0.584983498349835, 0.5932343234323433, 0.5907590759075908, 0.570957095709571, 0.44224422442244227, 0.053733498349834985, 0.0, 0.5066006600660066, 0.5082508250825083, 0.5297029702970297, 0.5495049504950495, 0.5057755775577558, 0.5132013201320133, 0.5156765676567657, 0.4991749174917492, 0.5363036303630363, 0.5099009900990099, 0.4876237623762376, 0.48184818481848185, 0.5247524752475248, 0.5107260726072608, 0.5082508250825083, 0.4991749174917492, 0.5165016501650165, 0.4892739273927393, 0.48514851485148514, 0.504950495049505, 0.5115511551155115, 0.5, 0.49422442244224424, 0.5363036303630363, 0.514026402640264, 0.5132013201320133, 0.4884488448844885, 0.5148514851485149, 0.4909240924092409, 0.5057755775577558, 0.5536303630363036, 0.49504950495049505, 0.5057755775577558, 0.5255775577557755, 0.5453795379537953, 0.5156765676567657, 0.5255775577557755, 0.49587458745874585, 0.4801980198019802, 0.4975247524752475, 0.5602310231023102, 0.5544554455445545, 0.4975247524752475, 0.5066006600660066, 0.5181518151815182, 0.5099009900990099, 0.5297029702970297, 0.5, 0.5412541254125413, 0.5379537953795379, 0.5057755775577558, 0.4991749174917492, 0.5354785478547854, 0.5272277227722773, 0.5288778877887789, 0.514026402640264, 0.5495049504950495, 0.5528052805280528, 0.5148514851485149, 0.5239273927392739, 0.509075907590759, 0.4900990099009901, 0.4867986798679868, 0.5082508250825083, 0.5222772277227723, 0.5107260726072608, 0.5198019801980198, 0.5594059405940595, 0.5602310231023102, 0.514026402640264, 0.5404290429042904, 0.518976897689769, 0.5379537953795379, 0.5305280528052805, 0.5206270627062707, 0.5255775577557755, 0.4991749174917492, 0.0, 0.0], "avg_mem": [0.03385797950219619, 0.04868228404099561, 0.04305453879941435, 0.04108711566617863, 0.04776720351390922, 0.044335651537335284, 0.041315885797950216, 0.04589128843338214, 0.043740849194729134, 0.041315885797950216, 0.04319180087847731, 0.04410688140556369, 0.04191068814055637, 0.04259699853587116, 0.04163616398243045, 0.04278001464128843, 0.04319180087847731, 0.04241398243045388, 0.04172767203513909, 0.04319180087847731, 0.04241398243045388, 0.043740849194729134, 0.04287152269399707, 0.041315885797950216, 0.04337481698389458, 0.04328330893118595, 0.04136163982430454, 0.045937042459736455, 0.04589128843338214, 0.04204795021961932, 0.04085834553440703, 0.044015373352855054, 0.04428989751098097, 0.045021961932650074, 0.04387811127379209, 0.04213945827232796, 0.04255124450951684, 0.04346632503660322, 0.04328330893118595, 0.04241398243045388, 0.04598279648609078, 0.04177342606149341, 0.043740849194729134, 0.044838945827232794, 0.04259699853587116, 0.042734260614934114, 0.044930453879941434, 0.029282576866764276, 0.0006491352489019033, 0.00029454154465592973, 0.039989019033674966, 0.039989019033674966, 0.041407393850658857, 0.03866215226939971, 0.042825768667642754, 0.04163616398243045, 0.04163616398243045, 0.04296303074670571, 0.04319180087847731, 0.0424597364568082, 0.043832357247437774, 0.04300878477306003, 0.04058382137628111, 0.04117862371888726, 0.040904099560761346, 0.04506771595900439, 0.04035505124450952, 0.03934846266471449, 0.0414989019033675, 0.040492313323572476, 0.042322474377745244, 0.038799414348462666, 0.04204795021961932, 0.036923499267935575, 0.042825768667642754, 0.03957723279648609, 0.04094985358711566, 0.040812591508052706, 0.04003477306002928, 0.04204795021961932, 0.036603221083455345, 0.03527635431918009, 0.039119692532942896, 0.04337481698389458, 0.03605417276720351, 0.03518484626647145, 0.043832357247437774, 0.03852489019033675, 0.03825036603221083, 0.04195644216691069, 0.03783857979502196, 0.0412701317715959, 0.04154465592972181, 0.039119692532942896, 0.04328330893118595, 0.03948572474377745, 0.04145314787701318, 0.04062957540263543, 0.03957723279648609, 0.044427159590043924, 0.039211200585651536, 0.04227672035139092, 0.037106515373352855, 0.04122437774524158, 0.04044655929721815, 0.0357796486090776, 0.04250549048316252, 0.03875366032210834, 0.04396961932650073, 0.03788433382137628, 0.042322474377745244, 0.039211200585651536, 0.040995607613469986, 0.040400805270863836, 0.036099926793557835, 0.037198023426061495, 0.042230966325036604, 0.037609809663250365, 0.039211200585651536, 0.04378660322108346, 0.03728953147877013, 0.03797584187408492, 0.03294289897510981, 0.040904099560761346, 0.039211200585651536, 0.03495607613469985, 0.03733528550512445, 0.0008264321010248902, 0.00041178623718887263]}