{"time": [529.0, 530.0, 530.0, 530.0, 531.0, 531.0, 532.0, 533.0, 534.0, 535.0, 536.0, 537.0, 538.0, 539.0, 540.0, 540.0, 541.0, 542.0, 543.0, 544.0, 545.0, 546.0, 547.0, 548.0, 549.0, 550.0, 551.0, 552.0, 553.0, 554.0, 555.0, 556.0, 556.0, 557.0, 558.0, 559.0, 560.0, 561.0, 562.0, 563.0, 564.0, 565.0, 566.0, 567.0, 568.0, 569.0, 570.0, 571.0, 571.0, 571.0, 571.0, 578.0, 579.0, 580.0, 581.0, 582.0, 583.0, 584.0, 585.0, 586.0, 587.0, 588.0, 589.0, 590.0, 591.0, 592.0, 593.0, 594.0, 595.0, 596.0, 597.0, 598.0, 599.0, 600.0, 601.0, 602.0, 603.0, 604.0, 605.0, 606.0, 607.0, 608.0, 609.0, 610.0, 611.0, 612.0, 613.0, 614.0, 615.0, 616.0, 616.0, 617.0, 618.0, 619.0, 620.0, 621.0, 622.0, 623.0, 624.0, 625.0, 626.0, 627.0, 628.0, 629.0, 630.0, 631.0, 632.0, 633.0, 634.0, 635.0, 636.0, 637.0, 638.0, 639.0, 640.0, 641.0, 642.0, 643.0, 644.0, 645.0, 646.0, 647.0, 648.0, 649.0, 650.0, 651.0, 652.0, 653.0, 653.0, 653.0, 653.0], "avg_cpu": [0.04666872937293729, 0.5833333333333334, 0.6163366336633663, 0.6782178217821783, 0.6716171617161716, 0.6608910891089109, 0.5858085808580858, 0.6138613861386139, 0.5998349834983498, 0.5585808580858086, 0.5981848184818482, 0.613036303630363, 0.5915841584158416, 0.5651815181518152, 0.5759075907590759, 0.6064356435643564, 0.5882838283828383, 0.5915841584158416, 0.5932343234323433, 0.5701320132013201, 0.5783828382838284, 0.5635313531353136, 0.5544554455445545, 0.5750825082508251, 0.5808580858085809, 0.5816831683168316, 0.5816831683168316, 0.5783828382838284, 0.5808580858085809, 0.5783828382838284, 0.5808580858085809, 0.5734323432343235, 0.6006600660066007, 0.5998349834983498, 0.5651815181518152, 0.5313531353135313, 0.5412541254125413, 0.5528052805280528, 0.566006600660066, 0.5552805280528053, 0.5651815181518152, 0.570957095709571, 0.5734323432343235, 0.5478547854785478, 0.5099009900990099, 0.5726072607260726, 0.570957095709571, 0.5767326732673267, 0.5717821782178217, 0.0, 0.0, 0.5462046204620462, 0.5717821782178217, 0.5198019801980198, 0.5404290429042904, 0.5115511551155115, 0.5206270627062707, 0.5288778877887789, 0.5486798679867987, 0.5486798679867987, 0.528052805280528, 0.6064356435643564, 0.5651815181518152, 0.514026402640264, 0.5387788778877888, 0.509075907590759, 0.5346534653465347, 0.5297029702970297, 0.5321782178217822, 0.5429042904290429, 0.5404290429042904, 0.5297029702970297, 0.5387788778877888, 0.5495049504950495, 0.5453795379537953, 0.5445544554455446, 0.5536303630363036, 0.5602310231023102, 0.5412541254125413, 0.5371287128712872, 0.5453795379537953, 0.6163366336633663, 0.6188118811881188, 0.5750825082508251, 0.5288778877887789, 0.5181518151815182, 0.5247524752475248, 0.58003300330033, 0.5833333333333334, 0.5247524752475248, 0.5478547854785478, 0.5734323432343235, 0.5684818481848185, 0.5891089108910891, 0.5651815181518152, 0.5726072607260726, 0.5635313531353136, 0.5981848184818482, 0.5767326732673267, 0.5693069306930693, 0.5750825082508251, 0.5874587458745875, 0.5750825082508251, 0.6014851485148515, 0.5874587458745875, 0.570957095709571, 0.6856435643564357, 0.6064356435643564, 0.6262376237623762, 0.6658415841584159, 0.6485148514851485, 0.6567656765676567, 0.6245874587458746, 0.6303630363036303, 0.6188118811881188, 0.6336633663366337, 0.584983498349835, 0.5726072607260726, 0.5561056105610561, 0.58003300330033, 0.6344884488448845, 0.636963696369637, 0.5924092409240924, 0.6361386138613861, 0.6014851485148515, 0.5825082508250825, 0.566006600660066, 0.7103960396039604, 0.5585808580858086, 0.01128042491749175, 0.0], "avg_mem": [0.007354959736456808, 0.036694729136163985, 0.046440336749633965, 0.04255124450951684, 0.03994326500732064, 0.043740849194729134, 0.04337481698389458, 0.04337481698389458, 0.0426885065885798, 0.0426885065885798, 0.04195644216691069, 0.04305453879941435, 0.04241398243045388, 0.04209370424597365, 0.04168191800878477, 0.04218521229868229, 0.041315885797950216, 0.04159040995607614, 0.04213945827232796, 0.042825768667642754, 0.0426885065885798, 0.040812591508052706, 0.04337481698389458, 0.04218521229868229, 0.042322474377745244, 0.04145314787701318, 0.043420571010248904, 0.042322474377745244, 0.04236822840409956, 0.042734260614934114, 0.043146046852122984, 0.043420571010248904, 0.040400805270863836, 0.0414989019033675, 0.04300878477306003, 0.04172767203513909, 0.042734260614934114, 0.04213945827232796, 0.042917276720351394, 0.04296303074670571, 0.0436493411420205, 0.042734260614934114, 0.043146046852122984, 0.04168191800878477, 0.044015373352855054, 0.04145314787701318, 0.04241398243045388, 0.04076683748169839, 0.035550878477306, 0.0007292047950219619, 0.00033171669106881406, 0.04154465592972181, 0.04186493411420205, 0.043237554904831624, 0.04213945827232796, 0.04305453879941435, 0.04145314787701318, 0.041819180087847733, 0.043329062957540264, 0.040995607613469986, 0.042825768667642754, 0.04227672035139092, 0.04209370424597365, 0.04497620790629575, 0.04250549048316252, 0.04328330893118595, 0.044244143484626644, 0.043740849194729134, 0.04355783308931186, 0.04136163982430454, 0.044427159590043924, 0.04319180087847731, 0.04145314787701318, 0.042322474377745244, 0.04163616398243045, 0.04406112737920937, 0.04154465592972181, 0.04355783308931186, 0.043146046852122984, 0.04094985358711566, 0.04204795021961932, 0.04067532942898975, 0.04396961932650073, 0.043832357247437774, 0.04310029282576867, 0.04177342606149341, 0.040309297218155196, 0.04355783308931186, 0.042322474377745244, 0.04255124450951684, 0.03943997071742313, 0.04204795021961932, 0.04328330893118595, 0.04094985358711566, 0.042322474377745244, 0.04236822840409956, 0.04213945827232796, 0.041407393850658857, 0.04657759882869693, 0.04172767203513909, 0.04300878477306003, 0.04172767203513909, 0.040904099560761346, 0.04396961932650073, 0.04319180087847731, 0.04136163982430454, 0.045616764275256225, 0.0412701317715959, 0.042734260614934114, 0.04396961932650073, 0.042825768667642754, 0.043237554904831624, 0.04278001464128843, 0.04250549048316252, 0.04360358711566618, 0.04351207906295754, 0.04003477306002928, 0.04387811127379209, 0.04410688140556369, 0.042230966325036604, 0.04648609077598829, 0.04072108345534407, 0.04255124450951684, 0.042322474377745244, 0.04159040995607614, 0.0436493411420205, 0.0426885065885798, 0.04058382137628111, 0.035825402635431915, 0.0008950631405563689, 0.0004146458638360176]}