{"time": [1718.0, 1719.0, 1719.0, 1719.0, 1719.0, 1719.0, 1720.0, 1720.0, 1721.0, 1722.0, 1723.0, 1723.0, 1724.0, 1725.0, 1726.0, 1727.0, 1727.0, 1728.0, 1728.0, 1729.0, 1730.0, 1731.0, 1731.0, 1732.0, 1733.0, 1734.0, 1735.0, 1736.0, 1737.0, 1738.0, 1738.0, 1739.0, 1740.0, 1741.0, 1742.0, 1743.0, 1744.0, 1745.0, 1746.0, 1747.0, 1748.0, 1749.0, 1750.0, 1751.0, 1752.0, 1753.0, 1754.0, 1755.0, 1756.0, 1757.0, 1758.0, 1759.0, 1760.0, 1761.0, 1762.0, 1763.0, 1764.0, 1765.0, 1766.0, 1767.0, 1768.0, 1769.0, 1770.0, 1771.0, 1772.0, 1773.0, 1774.0, 1775.0, 1776.0, 1777.0, 1778.0, 1779.0, 1780.0, 1781.0, 1782.0, 1783.0, 1784.0, 1785.0, 1786.0, 1787.0, 1788.0, 1789.0, 1790.0, 1791.0, 1792.0, 1793.0, 1794.0, 1795.0, 1796.0, 1797.0, 1798.0, 1799.0, 1800.0, 1800.0, 1800.0], "avg_cpu": [0.030270214521452146, 0.28671617161716173, 0.30775577557755773, 0.30198019801980197, 0.28094059405940597, 0.27103960396039606, 0.25165016501650167, 0.26031353135313534, 0.28836633663366334, 0.27351485148514854, 0.25412541254125415, 0.3613861386138614, 0.35973597359735976, 0.3956270627062706, 0.35602310231023104, 0.41006600660066006, 0.4430693069306931, 0.49587458745874585, 0.4876237623762376, 0.4777227722772277, 0.5165016501650165, 0.5115511551155115, 0.5528052805280528, 0.5379537953795379, 0.570957095709571, 0.5429042904290429, 0.5684818481848185, 0.566006600660066, 0.5874587458745875, 0.5932343234323433, 0.5544554455445545, 0.5610561056105611, 0.5775577557755776, 0.5643564356435643, 0.5676567656765676, 0.5891089108910891, 0.5610561056105611, 0.5643564356435643, 0.5561056105610561, 0.5734323432343235, 0.5717821782178217, 0.5841584158415841, 0.6113861386138614, 0.5734323432343235, 0.5668316831683168, 0.5544554455445545, 0.5726072607260726, 0.6039603960396039, 0.5825082508250825, 0.5693069306930693, 0.6031353135313532, 0.5684818481848185, 0.5668316831683168, 0.5808580858085809, 0.5767326732673267, 0.5792079207920792, 0.5808580858085809, 0.5651815181518152, 0.5618811881188119, 0.5618811881188119, 0.566006600660066, 0.5668316831683168, 0.566006600660066, 0.551980198019802, 0.5453795379537953, 0.5651815181518152, 0.665016501650165, 0.6262376237623762, 0.6179867986798679, 0.5808580858085809, 0.5783828382838284, 0.5693069306930693, 0.5668316831683168, 0.556930693069307, 0.5676567656765676, 0.5858085808580858, 0.6064356435643564, 0.5750825082508251, 0.5957095709570958, 0.6006600660066007, 0.5767326732673267, 0.5726072607260726, 0.5693069306930693, 0.5759075907590759, 0.5948844884488449, 0.5891089108910891, 0.5973597359735974, 0.5816831683168316, 0.5676567656765676, 0.5701320132013201, 0.6122112211221122, 0.5932343234323433, 0.2669141914191419, 0.0008669812293729373, 0.0017339624587458745], "avg_mem": [0.005644903001464129, 0.009505398975109809, 0.009230874816983894, 0.009173682284040996, 0.009288067349926793, 0.008819088579795022, 0.008647510980966324, 0.008636072474377745, 0.008807650073206443, 0.00893347364568082, 0.008761896046852123, 0.008739019033674963, 0.008613195461200585, 0.008739019033674963, 0.00886484260614934, 0.009242313323572475, 0.008727580527086384, 0.01067212664714495, 0.008750457540263544, 0.008750457540263544, 0.008876281112737921, 0.009070735724743777, 0.009310944363103953, 0.008796211566617862, 0.009036420204978038, 0.009059297218155198, 0.00891059663250366, 0.008704703513909224, 0.008716142020497804, 0.008750457540263544, 0.008601756954612006, 0.009185120790629575, 0.008693265007320644, 0.009082174231332358, 0.00886484260614934, 0.0088877196193265, 0.00886484260614934, 0.008979227672035139, 0.008876281112737921, 0.008979227672035139, 0.00899066617862372, 0.009002104685212299, 0.008750457540263544, 0.00886484260614934, 0.008727580527086384, 0.008784773060029283, 0.008841965592972182, 0.009002104685212299, 0.008853404099560761, 0.008796211566617862, 0.008853404099560761, 0.008899158125915081, 0.008819088579795022, 0.009002104685212299, 0.008841965592972182, 0.008899158125915081, 0.009082174231332358, 0.008727580527086384, 0.009105051244509516, 0.009093612737920937, 0.008899158125915081, 0.009002104685212299, 0.009173682284040996, 0.008773334553440702, 0.009070735724743777, 0.008807650073206443, 0.00891059663250366, 0.009002104685212299, 0.0089449121522694, 0.00896778916544656, 0.009059297218155198, 0.008899158125915081, 0.008807650073206443, 0.008979227672035139, 0.00893347364568082, 0.008750457540263544, 0.008773334553440702, 0.00892203513909224, 0.008899158125915081, 0.008670387994143484, 0.0089449121522694, 0.008807650073206443, 0.009002104685212299, 0.008693265007320644, 0.008899158125915081, 0.009082174231332358, 0.009070735724743777, 0.00886484260614934, 0.008956350658857979, 0.00899066617862372, 0.00893347364568082, 0.009036420204978038, 0.008224286237188872, 0.0071719436310395315, 8.292917276720352e-05]}