{"time": [1718.0, 1719.0, 1719.0, 1719.0, 1719.0, 1719.0, 1720.0, 1720.0, 1721.0, 1722.0, 1722.0, 1723.0, 1724.0, 1725.0, 1726.0, 1726.0, 1727.0, 1728.0, 1728.0, 1729.0, 1730.0, 1731.0, 1732.0, 1733.0, 1734.0, 1734.0, 1735.0, 1736.0, 1737.0, 1738.0, 1738.0, 1739.0, 1740.0, 1741.0, 1742.0, 1743.0, 1744.0, 1745.0, 1746.0, 1747.0, 1748.0, 1749.0, 1750.0, 1751.0, 1752.0, 1753.0, 1754.0, 1755.0, 1756.0, 1757.0, 1758.0, 1759.0, 1760.0, 1761.0, 1762.0, 1763.0, 1764.0, 1765.0, 1766.0, 1767.0, 1768.0, 1769.0, 1770.0, 1771.0, 1772.0, 1773.0, 1774.0, 1775.0, 1776.0, 1777.0, 1778.0, 1779.0, 1780.0, 1781.0, 1782.0, 1783.0, 1784.0, 1785.0, 1786.0, 1787.0, 1788.0, 1789.0, 1790.0, 1791.0, 1792.0, 1793.0, 1794.0, 1795.0, 1796.0, 1797.0, 1798.0, 1799.0, 1800.0, 1800.0, 1800.0, 1800.0], "avg_cpu": [0.023850041254125414, 0.25206270627062705, 0.33910891089108913, 0.3564356435643564, 0.36221122112211224, 0.33457095709570955, 0.2871287128712871, 0.33374587458745875, 0.3481848184818482, 0.3424092409240924, 0.4570957095709571, 0.41089108910891087, 0.3572607260726073, 0.3411716171617162, 0.3725247524752475, 0.4892739273927393, 0.45544554455445546, 0.5396039603960396, 0.5858085808580858, 0.48184818481848185, 0.5198019801980198, 0.5627062706270627, 0.5717821782178217, 0.5222772277227723, 0.4801980198019802, 0.5726072607260726, 0.5387788778877888, 0.5478547854785478, 0.5676567656765676, 0.594059405940594, 0.6229372937293729, 0.5750825082508251, 0.5503300330033003, 0.551980198019802, 0.5379537953795379, 0.570957095709571, 0.5272277227722773, 0.5759075907590759, 0.5321782178217822, 0.5379537953795379, 0.570957095709571, 0.5792079207920792, 0.5866336633663366, 0.5627062706270627, 0.5767326732673267, 0.5742574257425742, 0.5734323432343235, 0.5528052805280528, 0.5717821782178217, 0.5981848184818482, 0.5882838283828383, 0.5750825082508251, 0.5627062706270627, 0.5676567656765676, 0.5602310231023102, 0.5363036303630363, 0.5775577557755776, 0.6006600660066007, 0.5734323432343235, 0.5371287128712872, 0.556930693069307, 0.5948844884488449, 0.5734323432343235, 0.5643564356435643, 0.58003300330033, 0.5585808580858086, 0.5808580858085809, 0.5726072607260726, 0.5717821782178217, 0.6039603960396039, 0.6336633663366337, 0.5932343234323433, 0.5734323432343235, 0.58003300330033, 0.566006600660066, 0.5651815181518152, 0.5750825082508251, 0.5767326732673267, 0.5717821782178217, 0.5973597359735974, 0.6336633663366337, 0.556930693069307, 0.5544554455445545, 0.5486798679867987, 0.5585808580858086, 0.5552805280528053, 0.5627062706270627, 0.5610561056105611, 0.5511551155115512, 0.5948844884488449, 0.5767326732673267, 0.5808580858085809, 0.2854785478547855, 0.0008669812293729373, 0.003467924917491749, 0.0002884565800330033], "avg_mem": [0.005816480600292826, 0.009356698389458273, 0.008956350658857979, 0.00831579428989751, 0.008556002928257686, 0.008498810395314787, 0.008807650073206443, 0.0088877196193265, 0.009288067349926793, 0.00893347364568082, 0.009242313323572475, 0.0089449121522694, 0.009036420204978038, 0.008750457540263544, 0.00893347364568082, 0.008739019033674963, 0.008979227672035139, 0.009047858711566617, 0.008876281112737921, 0.00886484260614934, 0.008899158125915081, 0.008819088579795022, 0.00892203513909224, 0.008956350658857979, 0.008853404099560761, 0.009105051244509516, 0.009024981698389459, 0.0088877196193265, 0.008773334553440702, 0.009207997803806735, 0.008819088579795022, 0.008761896046852123, 0.009047858711566617, 0.008773334553440702, 0.009059297218155198, 0.00899066617862372, 0.00896778916544656, 0.008819088579795022, 0.008670387994143484, 0.008899158125915081, 0.008773334553440702, 0.009002104685212299, 0.009105051244509516, 0.009024981698389459, 0.009059297218155198, 0.00899066617862372, 0.008807650073206443, 0.008807650073206443, 0.009127928257686676, 0.008956350658857979, 0.008899158125915081, 0.008830527086383601, 0.008841965592972182, 0.008979227672035139, 0.00886484260614934, 0.008658949487554905, 0.009345259882869692, 0.0089449121522694, 0.008830527086383601, 0.008876281112737921, 0.009047858711566617, 0.008739019033674963, 0.00893347364568082, 0.009127928257686676, 0.008773334553440702, 0.00891059663250366, 0.008647510980966324, 0.00892203513909224, 0.00892203513909224, 0.008956350658857979, 0.008773334553440702, 0.008796211566617862, 0.008773334553440702, 0.009047858711566617, 0.00892203513909224, 0.009116489751098097, 0.008956350658857979, 0.00892203513909224, 0.008956350658857979, 0.008761896046852123, 0.008899158125915081, 0.00893347364568082, 0.0089449121522694, 0.009036420204978038, 0.009002104685212299, 0.008956350658857979, 0.0088877196193265, 0.008876281112737921, 0.0089449121522694, 0.00891059663250366, 0.008956350658857979, 0.008796211566617862, 0.007732430453879942, 0.006577141288433382, 0.006565702781844802, 9.722730600292826e-05]}