{"time": [559.0, 560.0, 561.0, 562.0, 563.0, 564.0, 565.0, 566.0, 567.0, 568.0, 569.0, 570.0, 571.0, 572.0, 573.0, 574.0, 575.0, 576.0, 577.0, 578.0, 579.0, 580.0, 581.0, 582.0, 583.0, 584.0, 585.0, 586.0, 587.0, 588.0, 589.0, 590.0, 591.0, 592.0, 593.0, 594.0, 595.0, 596.0, 597.0, 598.0, 599.0, 600.0, 601.0, 602.0, 603.0, 604.0, 605.0, 606.0, 607.0, 608.0, 609.0, 610.0, 611.0, 612.0, 613.0, 614.0, 615.0, 616.0, 616.0, 617.0, 618.0, 619.0, 620.0, 621.0, 622.0, 623.0, 624.0, 625.0, 626.0, 627.0, 628.0, 629.0, 630.0, 631.0, 632.0, 633.0, 634.0, 635.0, 636.0, 637.0, 638.0, 639.0, 640.0, 641.0, 642.0, 643.0, 644.0, 645.0, 646.0, 647.0, 648.0, 649.0, 650.0, 651.0, 652.0, 653.0, 653.0, 653.0, 653.0], "avg_cpu": [0.6171617161716172, 0.764026402640264, 0.556930693069307, 0.5866336633663366, 0.5742574257425742, 0.5998349834983498, 0.5833333333333334, 0.5981848184818482, 0.5891089108910891, 0.5742574257425742, 0.6707920792079208, 0.5676567656765676, 0.6922442244224423, 0.6567656765676567, 0.5973597359735974, 0.6938943894389439, 0.6485148514851485, 0.5610561056105611, 0.6155115511551155, 0.5651815181518152, 0.6336633663366337, 0.6056105610561056, 0.6361386138613861, 0.5891089108910891, 0.5808580858085809, 0.5602310231023102, 0.5783828382838284, 0.570957095709571, 0.5759075907590759, 0.584983498349835, 0.5783828382838284, 0.5973597359735974, 0.5833333333333334, 0.6146864686468647, 0.6146864686468647, 0.5948844884488449, 0.584983498349835, 0.5651815181518152, 0.5932343234323433, 0.6031353135313532, 0.5932343234323433, 0.6221122112211221, 0.5899339933993399, 0.5717821782178217, 0.5305280528052805, 0.5371287128712872, 0.6146864686468647, 0.570957095709571, 0.5981848184818482, 0.5684818481848185, 0.5536303630363036, 0.5668316831683168, 0.5701320132013201, 0.5684818481848185, 0.5693069306930693, 0.5915841584158416, 0.6146864686468647, 0.5585808580858086, 0.5858085808580858, 0.5899339933993399, 0.5915841584158416, 0.5874587458745875, 0.5998349834983498, 0.6006600660066007, 0.6353135313531353, 0.6014851485148515, 0.5783828382838284, 0.6732673267326733, 0.6221122112211221, 0.5775577557755776, 0.6320132013201321, 0.6014851485148515, 0.5585808580858086, 0.5792079207920792, 0.641914191419142, 0.5684818481848185, 0.5734323432343235, 0.6023102310231023, 0.5866336633663366, 0.6254125412541254, 0.5858085808580858, 0.6072607260726073, 0.6237623762376238, 0.6534653465346535, 0.6270627062706271, 0.6295379537953796, 0.6551155115511551, 0.650990099009901, 0.5957095709570958, 0.6410891089108911, 0.6410891089108911, 0.6138613861386139, 0.5973597359735974, 0.6262376237623762, 0.6254125412541254, 0.6427392739273927, 0.6806930693069307, 0.001157049298679868, 0.0], "avg_mem": [0.030334919472913616, 0.04694363103953148, 0.04278001464128843, 0.04159040995607614, 0.04177342606149341, 0.042230966325036604, 0.04159040995607614, 0.0412701317715959, 0.04186493411420205, 0.042642752562225474, 0.043237554904831624, 0.04250549048316252, 0.041819180087847733, 0.042825768667642754, 0.0414989019033675, 0.042230966325036604, 0.04154465592972181, 0.042642752562225474, 0.042230966325036604, 0.04062957540263543, 0.043420571010248904, 0.043832357247437774, 0.042642752562225474, 0.04415263543191801, 0.04465592972181552, 0.04255124450951684, 0.04378660322108346, 0.0424597364568082, 0.04310029282576867, 0.04287152269399707, 0.04218521229868229, 0.04227672035139092, 0.04355783308931186, 0.0436493411420205, 0.045433748169838944, 0.042734260614934114, 0.041819180087847733, 0.04227672035139092, 0.04355783308931186, 0.0424597364568082, 0.0436493411420205, 0.04351207906295754, 0.042917276720351394, 0.04337481698389458, 0.043740849194729134, 0.04360358711566618, 0.04378660322108346, 0.04310029282576867, 0.042825768667642754, 0.04415263543191801, 0.04296303074670571, 0.044427159590043924, 0.046028550512445095, 0.0457997803806735, 0.0467606149341142, 0.04639458272327965, 0.04227672035139092, 0.043420571010248904, 0.04465592972181552, 0.043923865300146414, 0.04428989751098097, 0.048316251830161056, 0.046028550512445095, 0.044838945827232794, 0.044838945827232794, 0.043740849194729134, 0.046120058565153735, 0.044427159590043924, 0.04410688140556369, 0.043923865300146414, 0.04360358711566618, 0.04250549048316252, 0.043923865300146414, 0.04428989751098097, 0.04218521229868229, 0.043420571010248904, 0.04438140556368961, 0.044015373352855054, 0.04172767203513909, 0.04378660322108346, 0.04351207906295754, 0.04328330893118595, 0.04300878477306003, 0.044015373352855054, 0.04438140556368961, 0.04310029282576867, 0.04328330893118595, 0.04319180087847731, 0.04419838945827233, 0.04497620790629575, 0.0446101756954612, 0.043740849194729134, 0.043740849194729134, 0.04520497803806735, 0.044427159590043924, 0.04447291361639824, 0.039119692532942896, 0.0006319774890190336, 0.0005519079428989751]}