{"time": [568.0, 569.0, 570.0, 571.0, 572.0, 573.0, 574.0, 575.0, 576.0, 577.0, 578.0, 579.0, 580.0, 581.0, 582.0, 583.0, 584.0, 585.0, 586.0, 587.0, 588.0, 589.0, 590.0, 591.0, 592.0, 593.0, 594.0, 595.0, 596.0, 597.0, 598.0, 599.0, 600.0, 601.0, 602.0, 603.0, 604.0, 605.0, 606.0, 607.0, 608.0, 609.0, 610.0, 611.0, 612.0, 613.0, 614.0, 615.0, 616.0, 617.0, 618.0, 619.0, 620.0, 621.0, 622.0, 622.0, 623.0, 624.0, 625.0, 626.0, 627.0, 628.0, 629.0, 630.0, 631.0, 632.0, 633.0, 634.0, 635.0, 636.0, 637.0, 638.0, 639.0, 640.0, 641.0, 642.0, 643.0, 644.0, 645.0, 646.0, 647.0, 648.0, 649.0, 650.0, 651.0, 652.0, 653.0, 653.0, 653.0, 653.0], "avg_cpu": [0.30033003300330036, 0.6427392739273927, 0.5387788778877888, 0.5536303630363036, 0.5412541254125413, 0.5891089108910891, 0.6023102310231023, 0.6072607260726073, 0.584983498349835, 0.5561056105610561, 0.5742574257425742, 0.5932343234323433, 0.5841584158415841, 0.5891089108910891, 0.5651815181518152, 0.5264026402640264, 0.5899339933993399, 0.5536303630363036, 0.6237623762376238, 0.5561056105610561, 0.49834983498349833, 0.6336633663366337, 0.5486798679867987, 0.6056105610561056, 0.6328382838283828, 0.6625412541254125, 0.6617161716171617, 0.6617161716171617, 0.6320132013201321, 0.5957095709570958, 0.6278877887788779, 0.570957095709571, 0.5882838283828383, 0.5957095709570958, 0.5429042904290429, 0.5577557755775577, 0.5536303630363036, 0.5841584158415841, 0.5107260726072608, 0.58003300330033, 0.5453795379537953, 0.5313531353135313, 0.5511551155115512, 0.5511551155115512, 0.5074257425742574, 0.5379537953795379, 0.5478547854785478, 0.5899339933993399, 0.5915841584158416, 0.5775577557755776, 0.5816831683168316, 0.551980198019802, 0.5643564356435643, 0.5470297029702971, 0.5074257425742574, 0.5973597359735974, 0.5924092409240924, 0.5833333333333334, 0.6237623762376238, 0.6344884488448845, 0.6270627062706271, 0.5825082508250825, 0.6237623762376238, 0.6047854785478548, 0.5948844884488449, 0.6105610561056105, 0.6526402640264026, 0.6460396039603961, 0.6014851485148515, 0.6353135313531353, 0.5998349834983498, 0.6072607260726073, 0.5957095709570958, 0.5899339933993399, 0.5973597359735974, 0.584983498349835, 0.5858085808580858, 0.613036303630363, 0.5717821782178217, 0.6262376237623762, 0.6031353135313532, 0.5981848184818482, 0.655940594059406, 0.5973597359735974, 0.6221122112211221, 0.6402640264026402, 0.6740924092409241, 0.6534653465346535, 0.00038514593646864686, 0.0], "avg_mem": [0.01226207906295754, 0.044838945827232794, 0.042322474377745244, 0.0412701317715959, 0.044427159590043924, 0.04058382137628111, 0.04488469985358712, 0.042230966325036604, 0.04159040995607614, 0.043146046852122984, 0.04195644216691069, 0.0426885065885798, 0.04625732064421669, 0.04378660322108346, 0.04740117130307467, 0.042917276720351394, 0.04515922401171303, 0.045113469985358715, 0.044518667642752564, 0.044244143484626644, 0.04319180087847731, 0.0424597364568082, 0.04547950219619327, 0.04346632503660322, 0.04419838945827233, 0.04529648609077599, 0.04767569546120059, 0.045021961932650074, 0.04396961932650073, 0.04351207906295754, 0.04506771595900439, 0.047309663250366035, 0.04589128843338214, 0.04396961932650073, 0.04506771595900439, 0.04296303074670571, 0.04218521229868229, 0.04479319180087848, 0.042825768667642754, 0.04584553440702782, 0.04236822840409956, 0.04200219619326501, 0.04525073206442167, 0.0426885065885798, 0.044427159590043924, 0.043832357247437774, 0.04241398243045388, 0.04547950219619327, 0.044335651537335284, 0.044244143484626644, 0.042734260614934114, 0.04369509516837482, 0.04520497803806735, 0.043923865300146414, 0.0436493411420205, 0.04447291361639824, 0.04479319180087848, 0.042322474377745244, 0.04904831625183016, 0.04305453879941435, 0.043740849194729134, 0.04465592972181552, 0.043146046852122984, 0.04465592972181552, 0.04497620790629575, 0.04278001464128843, 0.04607430453879941, 0.043420571010248904, 0.0424597364568082, 0.04465592972181552, 0.042917276720351394, 0.04410688140556369, 0.045342240117130304, 0.043329062957540264, 0.045342240117130304, 0.043237554904831624, 0.04163616398243045, 0.04328330893118595, 0.043329062957540264, 0.04470168374816984, 0.046714860907759885, 0.04438140556368961, 0.04346632503660322, 0.042825768667642754, 0.04154465592972181, 0.04630307467057101, 0.041315885797950216, 0.037609809663250365, 0.0007034681551976574, 0.00038318997071742314]}