{"time": [530.0, 530.0, 531.0, 531.0, 532.0, 533.0, 533.0, 533.0, 533.0, 553.0, 554.0, 555.0, 556.0, 556.0, 557.0, 558.0, 559.0, 560.0, 561.0, 562.0, 563.0, 564.0, 565.0, 566.0, 567.0, 568.0, 569.0, 570.0, 571.0, 571.0, 572.0, 572.0, 572.0, 577.0, 578.0, 579.0, 580.0, 581.0, 582.0, 583.0, 584.0, 585.0, 586.0, 587.0, 588.0, 589.0, 590.0, 591.0, 592.0, 593.0, 594.0, 595.0, 596.0, 597.0, 598.0, 599.0, 600.0, 601.0, 602.0, 603.0, 604.0, 605.0, 606.0, 607.0, 608.0, 609.0, 610.0, 611.0, 612.0, 613.0, 614.0, 615.0, 616.0, 617.0, 618.0, 619.0, 620.0, 621.0, 622.0, 623.0, 624.0, 625.0, 626.0, 627.0, 628.0, 629.0, 630.0, 631.0, 632.0, 633.0, 634.0, 635.0, 636.0, 637.0, 638.0, 639.0, 640.0, 641.0, 642.0, 643.0, 644.0, 645.0, 646.0, 647.0, 648.0, 649.0, 650.0, 650.0, 650.0, 650.0, 650.0, 650.0], "avg_cpu": [0.17165977961432508, 0.5337465564738292, 0.5578512396694215, 0.5048209366391184, 0.49449035812672176, 0.5392561983471075, 0.5241046831955923, 0.010190685261707988, 0.0, 0.6608910891089109, 0.6782178217821783, 0.5998349834983498, 0.5973597359735974, 0.6212871287128713, 0.5651815181518152, 0.5775577557755776, 0.5668316831683168, 0.5808580858085809, 0.5833333333333334, 0.5792079207920792, 0.5899339933993399, 0.5816831683168316, 0.5816831683168316, 0.5742574257425742, 0.6518151815181518, 0.7202970297029703, 0.7186468646864687, 0.6798679867986799, 0.5684818481848185, 0.6237623762376238, 0.5651815181518152, 0.06394389438943894, 0.0, 0.1485148514851485, 0.5486798679867987, 0.5825082508250825, 0.5957095709570958, 0.5759075907590759, 0.5948844884488449, 0.5726072607260726, 0.584983498349835, 0.6047854785478548, 0.5841584158415841, 0.5932343234323433, 0.5957095709570958, 0.6072607260726073, 0.6031353135313532, 0.594059405940594, 0.6023102310231023, 0.5767326732673267, 0.6089108910891089, 0.6056105610561056, 0.5503300330033003, 0.5585808580858086, 0.5767326732673267, 0.570957095709571, 0.566006600660066, 0.5437293729372937, 0.5651815181518152, 0.5486798679867987, 0.5387788778877888, 0.5462046204620462, 0.5759075907590759, 0.5915841584158416, 0.5767326732673267, 0.5833333333333334, 0.5750825082508251, 0.5775577557755776, 0.5858085808580858, 0.5899339933993399, 0.5915841584158416, 0.5874587458745875, 0.584983498349835, 0.5899339933993399, 0.5924092409240924, 0.5899339933993399, 0.5866336633663366, 0.5701320132013201, 0.5924092409240924, 0.5965346534653465, 0.5915841584158416, 0.6064356435643564, 0.5833333333333334, 0.5965346534653465, 0.6006600660066007, 0.6056105610561056, 0.5891089108910891, 0.6146864686468647, 0.6014851485148515, 0.6064356435643564, 0.599009900990099, 0.5882838283828383, 0.5866336633663366, 0.5882838283828383, 0.5899339933993399, 0.556930693069307, 0.5561056105610561, 0.5643564356435643, 0.5726072607260726, 0.599009900990099, 0.5717821782178217, 0.5998349834983498, 0.5858085808580858, 0.6014851485148515, 0.5907590759075908, 0.5833333333333334, 0.584983498349835, 0.5618811881188119, 0.6047854785478548, 0.0, 0.32425742574257427, 0.0], "avg_mem": [0.00886484260614934, 0.04474743777452416, 0.040995607613469986, 0.04072108345534407, 0.04506771595900439, 0.04300878477306003, 0.04616581259150805, 0.0008721861273792093, 0.0003460148243045388, 0.04305453879941435, 0.044427159590043924, 0.04287152269399707, 0.044335651537335284, 0.04209370424597365, 0.04163616398243045, 0.04387811127379209, 0.043740849194729134, 0.042917276720351394, 0.044244143484626644, 0.04218521229868229, 0.05133601756954612, 0.044518667642752564, 0.044427159590043924, 0.043740849194729134, 0.04351207906295754, 0.045113469985358715, 0.0455710102489019, 0.04497620790629575, 0.04278001464128843, 0.04598279648609078, 0.0436493411420205, 0.00112097364568082, 0.0006634333821376281, 0.008109901171303075, 0.047218155197657395, 0.04538799414348463, 0.04168191800878477, 0.04566251830161054, 0.04355783308931186, 0.04241398243045388, 0.04204795021961932, 0.04204795021961932, 0.04250549048316252, 0.04415263543191801, 0.04200219619326501, 0.042825768667642754, 0.0436493411420205, 0.04456442166910688, 0.043237554904831624, 0.04218521229868229, 0.0446101756954612, 0.04575402635431918, 0.04474743777452416, 0.043420571010248904, 0.04355783308931186, 0.04474743777452416, 0.03976024890190337, 0.043740849194729134, 0.043420571010248904, 0.043832357247437774, 0.04369509516837482, 0.04278001464128843, 0.04525073206442167, 0.04213945827232796, 0.04259699853587116, 0.042917276720351394, 0.04305453879941435, 0.04410688140556369, 0.04300878477306003, 0.04236822840409956, 0.04639458272327965, 0.04259699853587116, 0.04186493411420205, 0.045021961932650074, 0.044335651537335284, 0.04195644216691069, 0.04346632503660322, 0.04094985358711566, 0.043237554904831624, 0.04278001464128843, 0.04145314787701318, 0.04328330893118595, 0.04360358711566618, 0.04278001464128843, 0.04438140556368961, 0.04369509516837482, 0.04415263543191801, 0.043923865300146414, 0.04305453879941435, 0.04474743777452416, 0.04278001464128843, 0.041407393850658857, 0.045616764275256225, 0.04241398243045388, 0.0410413616398243, 0.04387811127379209, 0.03966874084919473, 0.043146046852122984, 0.04213945827232796, 0.044244143484626644, 0.04447291361639824, 0.043237554904831624, 0.043237554904831624, 0.04360358711566618, 0.04085834553440703, 0.04465592972181552, 0.04355783308931186, 0.026674597364568082, 0.03303440702781845, 8.58306884765625e-05, 0.001338305270863836, 0.0006062408491947292]}