{"time": [1718.0, 1718.0, 1719.0, 1719.0, 1719.0, 1719.0, 1719.0, 1720.0, 1720.0, 1721.0, 1722.0, 1723.0, 1724.0, 1725.0, 1726.0, 1727.0, 1727.0, 1728.0, 1729.0, 1729.0, 1730.0, 1731.0, 1732.0, 1732.0, 1733.0, 1734.0, 1735.0, 1736.0, 1737.0, 1738.0, 1738.0, 1739.0, 1740.0, 1741.0, 1742.0, 1743.0, 1744.0, 1745.0, 1746.0, 1747.0, 1748.0, 1749.0, 1750.0, 1751.0, 1752.0, 1753.0, 1754.0, 1755.0, 1756.0, 1757.0, 1758.0, 1759.0, 1760.0, 1761.0, 1762.0, 1763.0, 1764.0, 1765.0, 1766.0, 1767.0, 1768.0, 1769.0, 1770.0, 1771.0, 1772.0, 1773.0, 1774.0, 1775.0, 1776.0, 1777.0, 1778.0, 1779.0, 1780.0, 1781.0, 1782.0, 1783.0, 1784.0, 1785.0, 1786.0, 1787.0, 1788.0, 1789.0, 1790.0, 1791.0, 1792.0, 1793.0, 1794.0, 1795.0, 1796.0, 1797.0, 1798.0, 1799.0, 1800.0, 1800.0, 1800.0, 1800.0], "avg_cpu": [0.0, 0.0429042904290429, 0.31765676567656764, 0.38696369636963696, 0.43481848184818483, 0.4645214521452145, 0.4306930693069307, 0.3164191419141914, 0.33292079207920794, 0.4546204620462046, 0.35602310231023104, 0.30033003300330036, 0.327970297029703, 0.28671617161716173, 0.37912541254125415, 0.3523102310231023, 0.45792079207920794, 0.45627062706270627, 0.4909240924092409, 0.48514851485148514, 0.504950495049505, 0.44966996699669964, 0.4661716171617162, 0.4876237623762376, 0.5528052805280528, 0.5552805280528053, 0.5610561056105611, 0.6014851485148515, 0.5866336633663366, 0.6245874587458746, 0.5379537953795379, 0.5750825082508251, 0.641914191419142, 0.6303630363036303, 0.6138613861386139, 0.5726072607260726, 0.5973597359735974, 0.6386138613861386, 0.6377887788778878, 0.5511551155115512, 0.5635313531353136, 0.6155115511551155, 0.5726072607260726, 0.5759075907590759, 0.6254125412541254, 0.6039603960396039, 0.5792079207920792, 0.6014851485148515, 0.5932343234323433, 0.5486798679867987, 0.5594059405940595, 0.5899339933993399, 0.5726072607260726, 0.608085808580858, 0.584983498349835, 0.5783828382838284, 0.5701320132013201, 0.6039603960396039, 0.6493399339933993, 0.5858085808580858, 0.5643564356435643, 0.5726072607260726, 0.599009900990099, 0.5957095709570958, 0.6089108910891089, 0.5585808580858086, 0.650990099009901, 0.6534653465346535, 0.6485148514851485, 0.6155115511551155, 0.6171617161716172, 0.6163366336633663, 0.6221122112211221, 0.6410891089108911, 0.6518151815181518, 0.6476897689768977, 0.6460396039603961, 0.6443894389438944, 0.6353135313531353, 0.6237623762376238, 0.6245874587458746, 0.6237623762376238, 0.5437293729372937, 0.4966996699669967, 0.5173267326732673, 0.5214521452145214, 0.5156765676567657, 0.5132013201320133, 0.514026402640264, 0.4966996699669967, 0.4991749174917492, 0.49587458745874585, 0.2198844884488449, 0.012144183168316832, 0.00390625, 0.0], "avg_mem": [2.859626647144949e-06, 0.005644903001464129, 0.009505398975109809, 0.009276628843338214, 0.009070735724743777, 0.00841874084919473, 0.008235724743777453, 0.008453056368960469, 0.008704703513909224, 0.008498810395314787, 0.008647510980966324, 0.008624633967789166, 0.008704703513909224, 0.008556002928257686, 0.009379575402635431, 0.008658949487554905, 0.008796211566617862, 0.008716142020497804, 0.008704703513909224, 0.008613195461200585, 0.0088877196193265, 0.008578879941434846, 0.008567441434846267, 0.008704703513909224, 0.008601756954612006, 0.008819088579795022, 0.008613195461200585, 0.00893347364568082, 0.008670387994143484, 0.008727580527086384, 0.008510248901903368, 0.008475933382137629, 0.008819088579795022, 0.008681826500732064, 0.008750457540263544, 0.008590318448023425, 0.00886484260614934, 0.008761896046852123, 0.008681826500732064, 0.008521687408491947, 0.008521687408491947, 0.0088877196193265, 0.00886484260614934, 0.008578879941434846, 0.008761896046852123, 0.008693265007320644, 0.008624633967789166, 0.008658949487554905, 0.008750457540263544, 0.008876281112737921, 0.008876281112737921, 0.008624633967789166, 0.008510248901903368, 0.008670387994143484, 0.008739019033674963, 0.008590318448023425, 0.00892203513909224, 0.008739019033674963, 0.008704703513909224, 0.008681826500732064, 0.008658949487554905, 0.00886484260614934, 0.008841965592972182, 0.008693265007320644, 0.008739019033674963, 0.008784773060029283, 0.008773334553440702, 0.008796211566617862, 0.008613195461200585, 0.008716142020497804, 0.008796211566617862, 0.008739019033674963, 0.008773334553440702, 0.00886484260614934, 0.008750457540263544, 0.010111639824304538, 0.008716142020497804, 0.0088877196193265, 0.008716142020497804, 0.008876281112737921, 0.0088877196193265, 0.008658949487554905, 0.008796211566617862, 0.008670387994143484, 0.008716142020497804, 0.008796211566617862, 0.008750457540263544, 0.008658949487554905, 0.009379575402635431, 0.008761896046852123, 0.008899158125915081, 0.008750457540263544, 0.007881131039531478, 0.0071605051244509514, 0.0036145680819912153, 6.0052159590043926e-05]}