{"time": [1718.0, 1719.0, 1719.0, 1719.0, 1719.0, 1719.0, 1720.0, 1720.0, 1721.0, 1722.0, 1722.0, 1723.0, 1724.0, 1725.0, 1726.0, 1727.0, 1727.0, 1728.0, 1729.0, 1729.0, 1730.0, 1731.0, 1731.0, 1732.0, 1733.0, 1734.0, 1735.0, 1736.0, 1737.0, 1738.0, 1739.0, 1740.0, 1740.0, 1741.0, 1742.0, 1743.0, 1744.0, 1745.0, 1746.0, 1747.0, 1748.0, 1749.0, 1750.0, 1751.0, 1752.0, 1753.0, 1754.0, 1755.0, 1756.0, 1757.0, 1758.0, 1759.0, 1760.0, 1761.0, 1762.0, 1763.0, 1764.0, 1765.0, 1766.0, 1767.0, 1768.0, 1769.0, 1770.0, 1771.0, 1772.0, 1773.0, 1774.0, 1775.0, 1776.0, 1777.0, 1778.0, 1779.0, 1780.0, 1781.0, 1782.0, 1783.0, 1784.0, 1785.0, 1786.0, 1787.0, 1788.0, 1789.0, 1790.0, 1791.0, 1792.0, 1793.0, 1794.0, 1795.0, 1796.0, 1797.0, 1798.0, 1799.0, 1800.0, 1800.0, 1800.0, 1800.0], "avg_cpu": [0.16563531353135313, 0.2739273927392739, 0.24834983498349836, 0.2566006600660066, 0.2999174917491749, 0.3465346534653465, 0.36056105610561057, 0.32054455445544555, 0.2933168316831683, 0.3811881188118812, 0.41955445544554454, 0.38325082508250824, 0.33457095709570955, 0.40965346534653463, 0.40635313531353134, 0.41625412541254125, 0.5321782178217822, 0.528052805280528, 0.5156765676567657, 0.5701320132013201, 0.5577557755775577, 0.5874587458745875, 0.6023102310231023, 0.5882838283828383, 0.584983498349835, 0.5866336633663366, 0.6089108910891089, 0.6122112211221122, 0.6056105610561056, 0.6064356435643564, 0.5866336633663366, 0.6311881188118812, 0.6229372937293729, 0.6245874587458746, 0.6089108910891089, 0.608085808580858, 0.6188118811881188, 0.6031353135313532, 0.6229372937293729, 0.6072607260726073, 0.6155115511551155, 0.6196369636963697, 0.6270627062706271, 0.5981848184818482, 0.6179867986798679, 0.6072607260726073, 0.6014851485148515, 0.6097359735973598, 0.599009900990099, 0.6039603960396039, 0.6122112211221122, 0.6089108910891089, 0.6039603960396039, 0.6163366336633663, 0.641914191419142, 0.6072607260726073, 0.6113861386138614, 0.6163366336633663, 0.6155115511551155, 0.6014851485148515, 0.6245874587458746, 0.6089108910891089, 0.6245874587458746, 0.6072607260726073, 0.6328382838283828, 0.6122112211221122, 0.636963696369637, 0.6278877887788779, 0.6303630363036303, 0.6229372937293729, 0.6179867986798679, 0.6237623762376238, 0.6171617161716172, 0.6196369636963697, 0.6237623762376238, 0.6204620462046204, 0.6105610561056105, 0.6064356435643564, 0.6171617161716172, 0.6245874587458746, 0.6196369636963697, 0.6113861386138614, 0.5222772277227723, 0.4966996699669967, 0.504950495049505, 0.45627062706270627, 0.4661716171617162, 0.5041254125412541, 0.5033003300330033, 0.5024752475247525, 0.4900990099009901, 0.4867986798679868, 0.22813531353135313, 0.0008669812293729373, 0.003036045792079208, 0.0], "avg_mem": [0.007755307467057101, 0.009105051244509516, 0.00892203513909224, 0.009322382869692532, 0.008510248901903368, 0.008807650073206443, 0.008510248901903368, 0.008533125915080528, 0.008590318448023425, 0.008636072474377745, 0.01004300878477306, 0.008716142020497804, 0.008658949487554905, 0.008704703513909224, 0.008613195461200585, 0.008521687408491947, 0.008761896046852123, 0.008853404099560761, 0.008784773060029283, 0.008784773060029283, 0.008979227672035139, 0.008716142020497804, 0.00893347364568082, 0.008853404099560761, 0.008807650073206443, 0.008841965592972182, 0.009002104685212299, 0.0089449121522694, 0.008773334553440702, 0.008716142020497804, 0.008544564421669107, 0.008704703513909224, 0.008853404099560761, 0.008796211566617862, 0.008601756954612006, 0.008636072474377745, 0.008956350658857979, 0.008647510980966324, 0.008704703513909224, 0.0088877196193265, 0.008784773060029283, 0.008750457540263544, 0.008841965592972182, 0.008761896046852123, 0.008819088579795022, 0.008773334553440702, 0.008727580527086384, 0.00893347364568082, 0.008727580527086384, 0.008727580527086384, 0.008750457540263544, 0.008601756954612006, 0.008693265007320644, 0.008681826500732064, 0.008739019033674963, 0.00886484260614934, 0.008796211566617862, 0.008807650073206443, 0.008704703513909224, 0.008453056368960469, 0.008693265007320644, 0.008853404099560761, 0.008899158125915081, 0.00899066617862372, 0.00896778916544656, 0.008876281112737921, 0.00891059663250366, 0.008704703513909224, 0.008807650073206443, 0.008956350658857979, 0.008899158125915081, 0.008784773060029283, 0.009002104685212299, 0.008899158125915081, 0.008819088579795022, 0.008761896046852123, 0.008716142020497804, 0.008601756954612006, 0.008773334553440702, 0.008841965592972182, 0.008636072474377745, 0.0088877196193265, 0.008658949487554905, 0.0089449121522694, 0.008636072474377745, 0.008647510980966324, 0.008658949487554905, 0.008761896046852123, 0.00891059663250366, 0.008670387994143484, 0.00893347364568082, 0.00886484260614934, 0.007652360907759883, 0.0069431734992679356, 0.0069317349926793555, 6.0052159590043926e-05]}