{"time": [135.0, 136.0, 136.0, 136.0, 137.0, 138.0, 139.0, 140.0, 141.0, 142.0, 143.0, 144.0, 145.0, 146.0, 147.0, 147.0, 148.0, 149.0, 150.0, 151.0, 152.0, 153.0, 154.0, 155.0, 156.0, 157.0, 158.0, 159.0, 160.0, 161.0, 162.0, 163.0, 164.0, 165.0, 166.0, 167.0, 168.0, 169.0, 170.0, 170.0, 171.0, 172.0, 173.0, 174.0, 175.0, 176.0, 177.0, 178.0, 179.0, 180.0, 181.0, 182.0, 183.0, 184.0, 185.0, 186.0, 187.0, 188.0, 189.0, 189.0, 189.0, 189.0], "avg_cpu": [0.38242574257425743, 0.45792079207920794, 0.4884488448844885, 0.4389438943894389, 0.4372937293729373, 0.4570957095709571, 0.4735973597359736, 0.49422442244224424, 0.4735973597359736, 0.4744224422442244, 0.48267326732673266, 0.5132013201320133, 0.5206270627062707, 0.5074257425742574, 0.5313531353135313, 0.5396039603960396, 0.5239273927392739, 0.49257425742574257, 0.4752475247524752, 0.5016501650165016, 0.48514851485148514, 0.47029702970297027, 0.39067656765676567, 0.41089108910891087, 0.4282178217821782, 0.4636963696369637, 0.4521452145214521, 0.4513201320132013, 0.42574257425742573, 0.46204620462046203, 0.4628712871287129, 0.4884488448844885, 0.44471947194719474, 0.44554455445544555, 0.5074257425742574, 0.5222772277227723, 0.5206270627062707, 0.5544554455445545, 0.5305280528052805, 0.5478547854785478, 0.5841584158415841, 0.608085808580858, 0.6097359735973598, 0.5948844884488449, 0.6287128712871287, 0.6155115511551155, 0.641914191419142, 0.6270627062706271, 0.6097359735973598, 0.5899339933993399, 0.594059405940594, 0.6056105610561056, 0.6386138613861386, 0.6485148514851485, 0.6179867986798679, 0.6006600660066007, 0.6023102310231023, 0.594059405940594, 0.5957095709570958, 0.3164191419141914, 0.0014455058787128713, 0.0], "avg_mem": [0.03248535871156662, 0.032805636896046854, 0.027726939970717422, 0.03417825768667643, 0.03257686676427526, 0.03120424597364568, 0.03161603221083455, 0.033812225475841874, 0.03646595900439239, 0.037518301610541725, 0.036923499267935575, 0.036603221083455345, 0.03445278184480234, 0.0357796486090776, 0.03536786237188873, 0.03747254758418741, 0.03477306002928258, 0.03504758418740849, 0.03518484626647145, 0.033812225475841874, 0.03303440702781845, 0.033400439238653004, 0.03134150805270864, 0.028825036603221083, 0.02914531478770132, 0.03074670571010249, 0.029191068814055636, 0.029831625183016106, 0.02964860907759883, 0.03134150805270864, 0.03019765739385066, 0.032210834553440704, 0.029374084919472913, 0.03019765739385066, 0.034818814055636894, 0.03518484626647145, 0.0357796486090776, 0.03417825768667643, 0.03353770131771596, 0.034818814055636894, 0.03509333821376281, 0.03605417276720351, 0.03513909224011713, 0.03523060029282577, 0.03632869692532943, 0.03614568081991215, 0.03843338213762811, 0.03733528550512445, 0.03857064421669107, 0.04076683748169839, 0.04113286969253294, 0.04200219619326501, 0.04250549048316252, 0.04415263543191801, 0.04346632503660322, 0.043832357247437774, 0.04474743777452416, 0.04346632503660322, 0.04259699853587116, 0.03152452415812591, 0.00613103953147877, 0.0017043374816983895]}