{"time": [1718.0, 1719.0, 1719.0, 1719.0, 1719.0, 1719.0, 1720.0, 1720.0, 1720.0, 1721.0, 1722.0, 1723.0, 1724.0, 1725.0, 1726.0, 1727.0, 1728.0, 1728.0, 1729.0, 1729.0, 1730.0, 1731.0, 1732.0, 1733.0, 1734.0, 1735.0, 1736.0, 1737.0, 1737.0, 1737.0, 1738.0, 1739.0, 1740.0, 1741.0, 1742.0, 1743.0, 1744.0, 1745.0, 1746.0, 1747.0, 1748.0, 1749.0, 1750.0, 1751.0, 1752.0, 1753.0, 1754.0, 1755.0, 1756.0, 1757.0, 1758.0, 1759.0, 1760.0, 1761.0, 1762.0, 1763.0, 1764.0, 1765.0, 1766.0, 1767.0, 1768.0, 1769.0, 1770.0, 1771.0, 1772.0, 1773.0, 1774.0, 1775.0, 1776.0, 1777.0, 1778.0, 1779.0, 1780.0, 1781.0, 1782.0, 1783.0, 1784.0, 1785.0, 1786.0, 1787.0, 1788.0, 1789.0, 1790.0, 1791.0, 1792.0, 1793.0, 1794.0, 1795.0, 1796.0, 1797.0, 1798.0, 1799.0, 1800.0, 1800.0, 1800.0, 1800.0], "avg_cpu": [0.0048795895214521455, 0.08921204620462046, 0.27970297029702973, 0.30115511551155116, 0.3139438943894389, 0.3131188118811881, 0.31765676567656764, 0.320957095709571, 0.40387788778877887, 0.3510726072607261, 0.3613861386138614, 0.36386138613861385, 0.32425742574257427, 0.32838283828382836, 0.3556105610561056, 0.36674917491749176, 0.3659240924092409, 0.48267326732673266, 0.5363036303630363, 0.5775577557755776, 0.5684818481848185, 0.47854785478547857, 0.5123762376237624, 0.5841584158415841, 0.5643564356435643, 0.5264026402640264, 0.5610561056105611, 0.6567656765676567, 0.6518151815181518, 0.6311881188118812, 0.6138613861386139, 0.641914191419142, 0.594059405940594, 0.5841584158415841, 0.5899339933993399, 0.599009900990099, 0.6188118811881188, 0.6468646864686468, 0.6270627062706271, 0.613036303630363, 0.6311881188118812, 0.570957095709571, 0.5915841584158416, 0.5833333333333334, 0.5618811881188119, 0.5618811881188119, 0.566006600660066, 0.6113861386138614, 0.5717821782178217, 0.5874587458745875, 0.5775577557755776, 0.5627062706270627, 0.5932343234323433, 0.6138613861386139, 0.6410891089108911, 0.6295379537953796, 0.6278877887788779, 0.5858085808580858, 0.5965346534653465, 0.584983498349835, 0.5882838283828383, 0.5924092409240924, 0.5998349834983498, 0.5882838283828383, 0.6221122112211221, 0.5899339933993399, 0.58003300330033, 0.6179867986798679, 0.6031353135313532, 0.6262376237623762, 0.599009900990099, 0.5998349834983498, 0.5899339933993399, 0.6328382838283828, 0.6410891089108911, 0.6336633663366337, 0.6377887788778878, 0.6287128712871287, 0.6377887788778878, 0.6361386138613861, 0.6262376237623762, 0.584983498349835, 0.5759075907590759, 0.5618811881188119, 0.5998349834983498, 0.6146864686468647, 0.6221122112211221, 0.6031353135313532, 0.6056105610561056, 0.6320132013201321, 0.5981848184818482, 0.6047854785478548, 0.2929042904290429, 0.0008669812293729373, 0.0026041666666666665, 0.000496338696369637], "avg_mem": [0.002447840409956076, 0.007400713762811127, 0.009356698389458273, 0.008876281112737921, 0.008796211566617862, 0.008841965592972182, 0.00844161786237189, 0.008636072474377745, 0.008510248901903368, 0.008750457540263544, 0.008807650073206443, 0.008784773060029283, 0.008670387994143484, 0.008956350658857979, 0.008567441434846267, 0.008727580527086384, 0.008841965592972182, 0.008739019033674963, 0.008773334553440702, 0.009105051244509516, 0.008681826500732064, 0.008716142020497804, 0.008796211566617862, 0.008796211566617862, 0.008704703513909224, 0.008704703513909224, 0.008899158125915081, 0.009825677159590044, 0.008830527086383601, 0.008693265007320644, 0.008670387994143484, 0.008796211566617862, 0.008761896046852123, 0.008899158125915081, 0.008876281112737921, 0.008876281112737921, 0.008716142020497804, 0.008807650073206443, 0.008853404099560761, 0.008624633967789166, 0.008716142020497804, 0.008830527086383601, 0.008796211566617862, 0.008739019033674963, 0.008761896046852123, 0.008739019033674963, 0.008956350658857979, 0.008979227672035139, 0.008956350658857979, 0.009070735724743777, 0.008704703513909224, 0.008681826500732064, 0.008647510980966324, 0.00886484260614934, 0.008841965592972182, 0.008807650073206443, 0.008567441434846267, 0.008716142020497804, 0.008750457540263544, 0.00886484260614934, 0.008750457540263544, 0.008681826500732064, 0.0088877196193265, 0.008601756954612006, 0.008796211566617862, 0.008658949487554905, 0.008899158125915081, 0.008830527086383601, 0.008979227672035139, 0.00886484260614934, 0.008784773060029283, 0.00892203513909224, 0.0089449121522694, 0.00892203513909224, 0.008899158125915081, 0.008807650073206443, 0.008670387994143484, 0.008956350658857979, 0.008796211566617862, 0.008807650073206443, 0.008796211566617862, 0.008830527086383601, 0.0088877196193265, 0.008727580527086384, 0.008876281112737921, 0.008670387994143484, 0.009047858711566617, 0.008796211566617862, 0.008739019033674963, 0.008624633967789166, 0.008784773060029283, 0.008899158125915081, 0.008064147144948755, 0.006542825768667643, 0.006531387262079063, 8.292917276720352e-05]}