{"time": [527.0, 527.0, 527.0, 527.0, 530.0, 530.0, 531.0, 531.0, 532.0, 533.0, 534.0, 535.0, 536.0, 537.0, 537.0, 537.0, 537.0, 553.0, 554.0, 555.0, 556.0, 556.0, 557.0, 558.0, 559.0, 560.0, 561.0, 562.0, 563.0, 564.0, 565.0, 566.0, 567.0, 568.0, 569.0, 570.0, 571.0, 571.0, 572.0, 572.0, 572.0, 577.0, 578.0, 578.0, 578.0, 578.0, 579.0, 580.0, 581.0, 582.0, 583.0, 584.0, 585.0, 586.0, 587.0, 588.0, 589.0, 590.0, 591.0, 592.0, 593.0, 594.0, 595.0, 596.0, 597.0, 598.0, 599.0, 600.0, 601.0, 602.0, 603.0, 604.0, 605.0, 606.0, 607.0, 608.0, 609.0, 610.0, 611.0, 612.0, 613.0, 614.0, 615.0, 616.0, 617.0, 618.0, 619.0, 620.0, 621.0, 622.0, 623.0, 624.0, 625.0, 626.0, 627.0, 628.0, 629.0, 630.0, 631.0, 632.0, 633.0, 634.0, 635.0, 636.0, 637.0, 638.0, 639.0, 640.0, 641.0, 642.0, 643.0, 644.0, 645.0, 646.0, 647.0, 648.0, 649.0, 650.0, 651.0, 652.0, 653.0, 653.0, 653.0, 653.0], "avg_cpu": [0.0005591867780528053, 0.00041415274339933996, 0.004151196369636964, 0.0006945518770627063, 0.21453168044077134, 0.5826446280991735, 0.5564738292011019, 0.553030303030303, 0.5668044077134986, 0.6088154269972452, 0.6253443526170799, 0.6122589531680441, 0.6232782369146006, 0.6315426997245179, 0.6163911845730028, 0.03598484848484849, 0.0, 0.7260726072607261, 0.7021452145214522, 0.745049504950495, 0.6155115511551155, 0.683993399339934, 0.5973597359735974, 0.528052805280528, 0.5932343234323433, 0.5767326732673267, 0.5767326732673267, 0.5841584158415841, 0.5816831683168316, 0.5767326732673267, 0.5759075907590759, 0.584983498349835, 0.5874587458745875, 0.594059405940594, 0.6171617161716172, 0.5973597359735974, 0.6056105610561056, 0.5899339933993399, 0.48432343234323433, 0.0691006600660066, 0.0, 0.3180693069306931, 0.5594059405940595, 0.5742574257425742, 0.5528052805280528, 0.00585292904290429, 0.008495771452145215, 0.58003300330033, 0.5272277227722773, 0.5965346534653465, 0.5932343234323433, 0.5684818481848185, 0.6427392739273927, 0.5932343234323433, 0.5924092409240924, 0.514026402640264, 0.5544554455445545, 0.6493399339933993, 0.6237623762376238, 0.5957095709570958, 0.5808580858085809, 0.5264026402640264, 0.6113861386138614, 0.6113861386138614, 0.6740924092409241, 0.5717821782178217, 0.6353135313531353, 0.5965346534653465, 0.6641914191419142, 0.5610561056105611, 0.5948844884488449, 0.6493399339933993, 0.6402640264026402, 0.5957095709570958, 0.6658415841584159, 0.5387788778877888, 0.556930693069307, 0.5775577557755776, 0.6047854785478548, 0.6155115511551155, 0.570957095709571, 0.6625412541254125, 0.6518151815181518, 0.665016501650165, 0.6031353135313532, 0.5957095709570958, 0.6782178217821783, 0.6196369636963697, 0.6501650165016502, 0.6229372937293729, 0.6765676567656765, 0.6245874587458746, 0.6328382838283828, 0.6658415841584159, 0.636963696369637, 0.650990099009901, 0.5759075907590759, 0.6666666666666666, 0.6617161716171617, 0.6064356435643564, 0.6394389438943895, 0.6031353135313532, 0.6039603960396039, 0.650990099009901, 0.6402640264026402, 0.6287128712871287, 0.655940594059406, 0.6600660066006601, 0.6328382838283828, 0.6551155115511551, 0.665016501650165, 0.6641914191419142, 0.6757425742574258, 0.6320132013201321, 0.6732673267326733, 0.6542904290429042, 0.6295379537953796, 0.636963696369637, 0.6295379537953796, 0.6237623762376238, 0.5486798679867987, 0.5775577557755776, 0.23143564356435645, 0.0], "avg_mem": [0.003797584187408492, 0.005255993777452415, 0.005439009882869692, 0.002673750915080527, 0.01223920204978038, 0.05115300146412884, 0.04694363103953148, 0.045937042459736455, 0.043832357247437774, 0.04470168374816984, 0.044930453879941434, 0.043329062957540264, 0.04415263543191801, 0.04589128843338214, 0.0410413616398243, 0.0010237463396778916, 0.0005833638360175696, 0.04415263543191801, 0.04351207906295754, 0.042917276720351394, 0.04250549048316252, 0.039302708638360176, 0.04369509516837482, 0.04218521229868229, 0.042322474377745244, 0.04474743777452416, 0.04296303074670571, 0.04058382137628111, 0.04319180087847731, 0.04369509516837482, 0.042734260614934114, 0.044518667642752564, 0.04428989751098097, 0.04419838945827233, 0.04415263543191801, 0.04204795021961932, 0.04218521229868229, 0.05691800878477306, 0.02850475841874085, 0.0010180270863836018, 0.000503294289897511, 0.014321010248901903, 0.047218155197657395, 0.04456442166910688, 0.039211200585651536, 0.0011123947657393852, 0.007046120058565154, 0.04328330893118595, 0.04255124450951684, 0.04186493411420205, 0.04200219619326501, 0.04300878477306003, 0.04213945827232796, 0.04278001464128843, 0.04195644216691069, 0.04122437774524158, 0.041819180087847733, 0.040400805270863836, 0.04378660322108346, 0.04351207906295754, 0.041315885797950216, 0.042642752562225474, 0.04337481698389458, 0.0436493411420205, 0.04351207906295754, 0.046211566617862375, 0.04428989751098097, 0.041819180087847733, 0.042917276720351394, 0.04360358711566618, 0.042230966325036604, 0.0426885065885798, 0.04410688140556369, 0.04351207906295754, 0.04410688140556369, 0.04200219619326501, 0.040492313323572476, 0.04154465592972181, 0.04200219619326501, 0.04355783308931186, 0.04213945827232796, 0.04259699853587116, 0.04305453879941435, 0.04456442166910688, 0.04163616398243045, 0.04570827232796486, 0.042917276720351394, 0.042230966325036604, 0.04278001464128843, 0.046440336749633965, 0.04410688140556369, 0.045525256222547585, 0.04305453879941435, 0.042642752562225474, 0.04360358711566618, 0.046440336749633965, 0.04369509516837482, 0.04428989751098097, 0.043740849194729134, 0.043923865300146414, 0.04328330893118595, 0.042322474377745244, 0.04470168374816984, 0.0457997803806735, 0.044838945827232794, 0.042230966325036604, 0.04255124450951684, 0.04566251830161054, 0.04227672035139092, 0.04172767203513909, 0.04529648609077599, 0.04378660322108346, 0.0446101756954612, 0.04410688140556369, 0.044015373352855054, 0.042322474377745244, 0.043237554904831624, 0.04406112737920937, 0.04310029282576867, 0.04227672035139092, 0.039302708638360176, 0.037609809663250365, 0.0014669884699853588, 0.0005890830893118595]}