{"time": [564.0, 564.0, 564.0, 564.0, 565.0, 566.0, 567.0, 567.0, 567.0, 567.0, 567.0, 568.0, 569.0, 570.0, 571.0, 572.0, 573.0, 574.0, 575.0, 576.0, 577.0, 578.0, 579.0, 580.0, 581.0, 582.0, 583.0, 584.0, 585.0, 586.0, 587.0, 588.0, 589.0, 590.0, 591.0, 592.0, 593.0, 594.0, 595.0, 596.0, 597.0, 598.0, 599.0, 600.0, 601.0, 602.0, 603.0, 604.0, 605.0, 606.0, 607.0, 608.0, 609.0, 610.0, 611.0, 612.0, 613.0, 614.0, 615.0, 616.0, 616.0, 617.0, 618.0, 619.0, 620.0, 621.0, 622.0, 623.0, 624.0, 625.0, 626.0, 627.0, 628.0, 629.0, 630.0, 631.0, 632.0, 633.0, 634.0, 635.0, 636.0, 637.0, 638.0, 639.0, 640.0, 641.0, 642.0, 643.0, 644.0, 645.0, 646.0, 647.0, 648.0, 649.0, 650.0, 651.0, 652.0, 653.0, 654.0, 655.0, 656.0, 657.0, 658.0, 659.0, 660.0, 661.0, 662.0, 663.0, 664.0, 665.0, 666.0, 667.0, 668.0, 669.0, 670.0, 671.0, 672.0, 673.0, 674.0, 675.0, 676.0, 677.0, 678.0, 679.0, 680.0, 681.0, 682.0, 683.0, 684.0, 685.0, 686.0, 687.0, 688.0, 689.0, 690.0, 691.0, 692.0, 693.0, 694.0, 695.0, 696.0, 697.0, 698.0, 699.0, 700.0, 701.0, 702.0, 703.0, 704.0, 705.0, 706.0, 707.0, 707.0, 707.0, 707.0], "avg_cpu": [0.26025390625, 0.33544921875, 0.00029850006103515625, 0.0, 0.5654269972451791, 0.48484848484848486, 0.5151515151515151, 0.5461432506887053, 0.0, 0.0, 0.0010732518564356437, 0.6518151815181518, 0.6056105610561056, 0.5833333333333334, 0.6006600660066007, 0.7656765676567657, 0.584983498349835, 0.5594059405940595, 0.58003300330033, 0.5858085808580858, 0.5717821782178217, 0.5618811881188119, 0.5701320132013201, 0.5948844884488449, 0.6056105610561056, 0.6006600660066007, 0.5965346534653465, 0.5783828382838284, 0.5618811881188119, 0.5561056105610561, 0.5833333333333334, 0.5833333333333334, 0.5759075907590759, 0.599009900990099, 0.5965346534653465, 0.5965346534653465, 0.6006600660066007, 0.5750825082508251, 0.58003300330033, 0.5717821782178217, 0.5726072607260726, 0.5841584158415841, 0.5759075907590759, 0.5808580858085809, 0.5561056105610561, 0.5759075907590759, 0.5841584158415841, 0.5899339933993399, 0.5841584158415841, 0.5363036303630363, 0.5693069306930693, 0.5750825082508251, 0.5701320132013201, 0.5882838283828383, 0.5495049504950495, 0.5932343234323433, 0.5528052805280528, 0.5552805280528053, 0.6006600660066007, 0.5676567656765676, 0.6955445544554455, 0.6237623762376238, 0.6047854785478548, 0.6105610561056105, 0.6361386138613861, 0.6014851485148515, 0.6386138613861386, 0.6501650165016502, 0.6402640264026402, 0.650990099009901, 0.6171617161716172, 0.6344884488448845, 0.6344884488448845, 0.6485148514851485, 0.5965346534653465, 0.6278877887788779, 0.6493399339933993, 0.6146864686468647, 0.6287128712871287, 0.613036303630363, 0.6138613861386139, 0.6056105610561056, 0.6204620462046204, 0.613036303630363, 0.6229372937293729, 0.599009900990099, 0.5874587458745875, 0.5825082508250825, 0.5726072607260726, 0.5882838283828383, 0.5981848184818482, 0.5833333333333334, 0.6031353135313532, 0.594059405940594, 0.6146864686468647, 0.6287128712871287, 0.594059405940594, 0.6848184818481848, 0.8762376237623762, 0.7277227722772277, 0.5981848184818482, 0.5577557755775577, 0.6179867986798679, 0.6468646864686468, 0.599009900990099, 0.6146864686468647, 0.6039603960396039, 0.6328382838283828, 0.608085808580858, 0.6204620462046204, 0.6122112211221122, 0.6023102310231023, 0.6163366336633663, 0.6179867986798679, 0.5808580858085809, 0.6303630363036303, 0.6171617161716172, 0.608085808580858, 0.5816831683168316, 0.5948844884488449, 0.5924092409240924, 0.5825082508250825, 0.5932343234323433, 0.6179867986798679, 0.6179867986798679, 0.6320132013201321, 0.6072607260726073, 0.6072607260726073, 0.6237623762376238, 0.6377887788778878, 0.6270627062706271, 0.6518151815181518, 0.650990099009901, 0.5891089108910891, 0.6014851485148515, 0.566006600660066, 0.6056105610561056, 0.6204620462046204, 0.5503300330033003, 0.5437293729372937, 0.5907590759075908, 0.5602310231023102, 0.6270627062706271, 0.6237623762376238, 0.5132013201320133, 0.6328382838283828, 0.6204620462046204, 0.6328382838283828, 0.5915841584158416, 0.6039603960396039, 0.608085808580858, 0.5808580858085809, 0.6056105610561056, 0.005782023514851485, 0.0], "avg_mem": [0.01641845703125, 0.031036376953125, 0.0014514923095703125, 0.00049591064453125, 0.04154465592972181, 0.04136163982430454, 0.040400805270863836, 0.038799414348462666, 0.001063781112737921, 0.0005490483162518302, 0.0007720991947291362, 0.046440336749633965, 0.040995607613469986, 0.04328330893118595, 0.044518667642752564, 0.043832357247437774, 0.043329062957540264, 0.04337481698389458, 0.042917276720351394, 0.04053806734992679, 0.05261713030746706, 0.045113469985358715, 0.04470168374816984, 0.044335651537335284, 0.043329062957540264, 0.042825768667642754, 0.0446101756954612, 0.04136163982430454, 0.044335651537335284, 0.04213945827232796, 0.04177342606149341, 0.04378660322108346, 0.04209370424597365, 0.04218521229868229, 0.04387811127379209, 0.046028550512445095, 0.04360358711566618, 0.0424597364568082, 0.04547950219619327, 0.042917276720351394, 0.04515922401171303, 0.045433748169838944, 0.04310029282576867, 0.04300878477306003, 0.04456442166910688, 0.039989019033674966, 0.04319180087847731, 0.04300878477306003, 0.04213945827232796, 0.04300878477306003, 0.043420571010248904, 0.044930453879941434, 0.04191068814055637, 0.04369509516837482, 0.040904099560761346, 0.0424597364568082, 0.04337481698389458, 0.04259699853587116, 0.043923865300146414, 0.04255124450951684, 0.043146046852122984, 0.04218521229868229, 0.042642752562225474, 0.04094985358711566, 0.04575402635431918, 0.04177342606149341, 0.041819180087847733, 0.047218155197657395, 0.04337481698389458, 0.04250549048316252, 0.04396961932650073, 0.04337481698389458, 0.04296303074670571, 0.04575402635431918, 0.04300878477306003, 0.043740849194729134, 0.04296303074670571, 0.04337481698389458, 0.04177342606149341, 0.042642752562225474, 0.0436493411420205, 0.041819180087847733, 0.04589128843338214, 0.04287152269399707, 0.042230966325036604, 0.04346632503660322, 0.03866215226939971, 0.043420571010248904, 0.04255124450951684, 0.04236822840409956, 0.04479319180087848, 0.039897510980966326, 0.04360358711566618, 0.041407393850658857, 0.04360358711566618, 0.0426885065885798, 0.040492313323572476, 0.045525256222547585, 0.04474743777452416, 0.04296303074670571, 0.04351207906295754, 0.04204795021961932, 0.04145314787701318, 0.04776720351390922, 0.04213945827232796, 0.043329062957540264, 0.04346632503660322, 0.040904099560761346, 0.044015373352855054, 0.04191068814055637, 0.04529648609077599, 0.04113286969253294, 0.042734260614934114, 0.04241398243045388, 0.04227672035139092, 0.042825768667642754, 0.0400805270863836, 0.04378660322108346, 0.042917276720351394, 0.03852489019033675, 0.04122437774524158, 0.04159040995607614, 0.040995607613469986, 0.04017203513909224, 0.043329062957540264, 0.04094985358711566, 0.04227672035139092, 0.04296303074670571, 0.042322474377745244, 0.044518667642752564, 0.04305453879941435, 0.0424597364568082, 0.044427159590043924, 0.042734260614934114, 0.04406112737920937, 0.04438140556368961, 0.04355783308931186, 0.043923865300146414, 0.043420571010248904, 0.041315885797950216, 0.04506771595900439, 0.04515922401171303, 0.043832357247437774, 0.046120058565153735, 0.04387811127379209, 0.043237554904831624, 0.04351207906295754, 0.04255124450951684, 0.043740849194729134, 0.04396961932650073, 0.0412701317715959, 0.046531844802342605, 0.04278001464128843, 0.0004889961566617862, 0.00036603221083455345]}