{"time": [1718.0, 1719.0, 1719.0, 1719.0, 1719.0, 1719.0, 1720.0, 1720.0, 1721.0, 1722.0, 1723.0, 1724.0, 1725.0, 1726.0, 1727.0, 1728.0, 1728.0, 1729.0, 1729.0, 1730.0, 1731.0, 1732.0, 1732.0, 1733.0, 1734.0, 1735.0, 1736.0, 1737.0, 1738.0, 1739.0, 1739.0, 1740.0, 1741.0, 1742.0, 1743.0, 1744.0, 1745.0, 1746.0, 1747.0, 1748.0, 1749.0, 1750.0, 1751.0, 1752.0, 1753.0, 1754.0, 1755.0, 1756.0, 1757.0, 1758.0, 1759.0, 1760.0, 1761.0, 1762.0, 1763.0, 1764.0, 1765.0, 1766.0, 1767.0, 1768.0, 1769.0, 1770.0, 1771.0, 1772.0, 1773.0, 1774.0, 1775.0, 1776.0, 1777.0, 1778.0, 1779.0, 1780.0, 1781.0, 1782.0, 1783.0, 1784.0, 1785.0, 1786.0, 1787.0, 1788.0, 1789.0, 1790.0, 1791.0, 1792.0, 1793.0, 1794.0, 1795.0, 1796.0, 1797.0, 1798.0, 1799.0, 1800.0, 1800.0, 1800.0], "avg_cpu": [0.017326732673267328, 0.22524752475247525, 0.2553630363036304, 0.28135313531353134, 0.3015676567656766, 0.3069306930693069, 0.3147689768976898, 0.2962046204620462, 0.2887788778877888, 0.25041254125412543, 0.29042904290429045, 0.2871287128712871, 0.2953795379537954, 0.33457095709570955, 0.3556105610561056, 0.367986798679868, 0.44554455445544555, 0.4430693069306931, 0.509075907590759, 0.5, 0.523102310231023, 0.5643564356435643, 0.6229372937293729, 0.5495049504950495, 0.5651815181518152, 0.5379537953795379, 0.5594059405940595, 0.6089108910891089, 0.5585808580858086, 0.5627062706270627, 0.6237623762376238, 0.5808580858085809, 0.5957095709570958, 0.6171617161716172, 0.5701320132013201, 0.5825082508250825, 0.58003300330033, 0.5792079207920792, 0.5750825082508251, 0.5676567656765676, 0.5610561056105611, 0.5594059405940595, 0.5899339933993399, 0.5610561056105611, 0.5561056105610561, 0.6278877887788779, 0.6105610561056105, 0.6047854785478548, 0.5891089108910891, 0.5874587458745875, 0.6237623762376238, 0.6270627062706271, 0.6468646864686468, 0.6658415841584159, 0.6097359735973598, 0.5602310231023102, 0.5998349834983498, 0.6056105610561056, 0.5891089108910891, 0.6138613861386139, 0.6097359735973598, 0.5907590759075908, 0.5750825082508251, 0.5684818481848185, 0.5783828382838284, 0.6460396039603961, 0.6229372937293729, 0.5734323432343235, 0.551980198019802, 0.58003300330033, 0.594059405940594, 0.6254125412541254, 0.6410891089108911, 0.5866336633663366, 0.6047854785478548, 0.5561056105610561, 0.5701320132013201, 0.6031353135313532, 0.6254125412541254, 0.6493399339933993, 0.5874587458745875, 0.5618811881188119, 0.5998349834983498, 0.5792079207920792, 0.6377887788778878, 0.6023102310231023, 0.566006600660066, 0.5643564356435643, 0.5618811881188119, 0.6039603960396039, 0.6146864686468647, 0.29744224422442245, 0.0008669812293729373, 0.0014455058787128713], "avg_mem": [0.005141608711566618, 0.009310944363103953, 0.009185120790629575, 0.00891059663250366, 0.00833867130307467, 0.008841965592972182, 0.008739019033674963, 0.008510248901903368, 0.00839586383601757, 0.008521687408491947, 0.008727580527086384, 0.008830527086383601, 0.00892203513909224, 0.008475933382137629, 0.008533125915080528, 0.008613195461200585, 0.00841874084919473, 0.008750457540263544, 0.009082174231332358, 0.008784773060029283, 0.008704703513909224, 0.008681826500732064, 0.00841874084919473, 0.008739019033674963, 0.008658949487554905, 0.008841965592972182, 0.008647510980966324, 0.008739019033674963, 0.0089449121522694, 0.009036420204978038, 0.008739019033674963, 0.008739019033674963, 0.008681826500732064, 0.008773334553440702, 0.010168832357247437, 0.008739019033674963, 0.008819088579795022, 0.008750457540263544, 0.008567441434846267, 0.008727580527086384, 0.009139366764275255, 0.009791361639824305, 0.008739019033674963, 0.008899158125915081, 0.00892203513909224, 0.008841965592972182, 0.008784773060029283, 0.008773334553440702, 0.00891059663250366, 0.008727580527086384, 0.008853404099560761, 0.009185120790629575, 0.008739019033674963, 0.008841965592972182, 0.00891059663250366, 0.008841965592972182, 0.008830527086383601, 0.008773334553440702, 0.008773334553440702, 0.008784773060029283, 0.008750457540263544, 0.008853404099560761, 0.008830527086383601, 0.0088877196193265, 0.008750457540263544, 0.008876281112737921, 0.00899066617862372, 0.008658949487554905, 0.008819088579795022, 0.00886484260614934, 0.00891059663250366, 0.008841965592972182, 0.008830527086383601, 0.008693265007320644, 0.008819088579795022, 0.00896778916544656, 0.008807650073206443, 0.009093612737920937, 0.009322382869692532, 0.00896778916544656, 0.008899158125915081, 0.008979227672035139, 0.008784773060029283, 0.008750457540263544, 0.008761896046852123, 0.008830527086383601, 0.008658949487554905, 0.008693265007320644, 0.008693265007320644, 0.009047858711566617, 0.009162243777452415, 0.008132778184480233, 0.00784681551976574, 8.006954612005857e-05]}