{"time": [559.0, 560.0, 561.0, 562.0, 563.0, 564.0, 565.0, 565.0, 565.0, 565.0, 565.0, 566.0, 567.0, 568.0, 569.0, 570.0, 571.0, 572.0, 572.0, 572.0, 572.0, 585.0, 586.0, 587.0, 588.0, 589.0, 590.0, 591.0, 592.0, 593.0, 594.0, 595.0, 596.0, 597.0, 598.0, 599.0, 600.0, 601.0, 602.0, 603.0, 604.0, 605.0, 606.0, 607.0, 608.0, 609.0, 610.0, 611.0, 612.0, 613.0, 614.0, 615.0, 616.0, 617.0, 618.0, 618.0, 619.0, 620.0, 621.0, 622.0, 623.0, 624.0, 625.0, 626.0, 627.0, 628.0, 629.0, 630.0, 631.0, 632.0, 633.0, 634.0, 635.0, 636.0, 637.0, 638.0, 639.0, 640.0, 641.0, 642.0, 643.0, 644.0, 645.0, 646.0, 647.0, 648.0, 649.0, 650.0, 651.0, 652.0, 653.0, 653.0, 653.0, 653.0], "avg_cpu": [0.39501953125, 0.36669921875, 0.29248046875, 0.32568359375, 0.2822265625, 0.310546875, 0.34033203125, 0.330078125, 0.0, 6.67572021484375e-06, 0.0113677978515625, 0.31884765625, 0.3232421875, 0.32568359375, 0.31201171875, 0.31103515625, 0.306640625, 0.30908203125, 0.3232421875, 0.0, 0.0, 0.5404290429042904, 0.5181518151815182, 0.5305280528052805, 0.584983498349835, 0.5486798679867987, 0.5635313531353136, 0.5825082508250825, 0.528052805280528, 0.5882838283828383, 0.5750825082508251, 0.5651815181518152, 0.5866336633663366, 0.5924092409240924, 0.556930693069307, 0.5297029702970297, 0.570957095709571, 0.5701320132013201, 0.5816831683168316, 0.5891089108910891, 0.5858085808580858, 0.58003300330033, 0.5503300330033003, 0.5321782178217822, 0.5437293729372937, 0.5338283828382838, 0.5651815181518152, 0.551980198019802, 0.5181518151815182, 0.5412541254125413, 0.5651815181518152, 0.5693069306930693, 0.5643564356435643, 0.566006600660066, 0.5206270627062707, 0.6402640264026402, 0.6336633663366337, 0.6443894389438944, 0.6311881188118812, 0.6344884488448845, 0.6501650165016502, 0.655940594059406, 0.636963696369637, 0.6427392739273927, 0.6468646864686468, 0.6526402640264026, 0.6501650165016502, 0.6452145214521452, 0.6435643564356436, 0.6377887788778878, 0.6386138613861386, 0.641914191419142, 0.6394389438943895, 0.6443894389438944, 0.6402640264026402, 0.6262376237623762, 0.6526402640264026, 0.6567656765676567, 0.6542904290429042, 0.6493399339933993, 0.6410891089108911, 0.6410891089108911, 0.6336633663366337, 0.6386138613861386, 0.6402640264026402, 0.6171617161716172, 0.6600660066006601, 0.6287128712871287, 0.6361386138613861, 0.6262376237623762, 0.650990099009901, 0.6443894389438944, 0.0, 0.0], "avg_mem": [0.019805908203125, 0.029022216796875, 0.027679443359375, 0.0281982421875, 0.02880859375, 0.02783203125, 0.0302734375, 0.026763916015625, 0.000408172607421875, 0.0002307891845703125, 0.00469207763671875, 0.03173828125, 0.025115966796875, 0.0318603515625, 0.028289794921875, 0.030059814453125, 0.02862548828125, 0.03411865234375, 0.028594970703125, 0.00064849853515625, 0.0003185272216796875, 0.0412701317715959, 0.04108711566617863, 0.04278001464128843, 0.04113286969253294, 0.042642752562225474, 0.0414989019033675, 0.041315885797950216, 0.041407393850658857, 0.04108711566617863, 0.04328330893118595, 0.042825768667642754, 0.043740849194729134, 0.043420571010248904, 0.042322474377745244, 0.04227672035139092, 0.04410688140556369, 0.04003477306002928, 0.04177342606149341, 0.038799414348462666, 0.045937042459736455, 0.0414989019033675, 0.04191068814055637, 0.0455710102489019, 0.04067532942898975, 0.04154465592972181, 0.043832357247437774, 0.042917276720351394, 0.03898243045387994, 0.04259699853587116, 0.04287152269399707, 0.0426885065885798, 0.04227672035139092, 0.03797584187408492, 0.04351207906295754, 0.0412701317715959, 0.04438140556368961, 0.04438140556368961, 0.04369509516837482, 0.04163616398243045, 0.04479319180087848, 0.04076683748169839, 0.042825768667642754, 0.04465592972181552, 0.04465592972181552, 0.04094985358711566, 0.04470168374816984, 0.043832357247437774, 0.04145314787701318, 0.04607430453879941, 0.042825768667642754, 0.04479319180087848, 0.04218521229868229, 0.042825768667642754, 0.044335651537335284, 0.046623352855051245, 0.04310029282576867, 0.04136163982430454, 0.04488469985358712, 0.04236822840409956, 0.04319180087847731, 0.0436493411420205, 0.04186493411420205, 0.04465592972181552, 0.04360358711566618, 0.04044655929721815, 0.04145314787701318, 0.04415263543191801, 0.044335651537335284, 0.04177342606149341, 0.03573389458272328, 0.039714494875549046, 0.0015013039897510982, 0.0006376967423133235]}