{"time": [1718.0, 1718.0, 1719.0, 1719.0, 1719.0, 1719.0, 1719.0, 1720.0, 1720.0, 1721.0, 1722.0, 1723.0, 1723.0, 1724.0, 1725.0, 1726.0, 1727.0, 1727.0, 1728.0, 1728.0, 1729.0, 1730.0, 1731.0, 1732.0, 1732.0, 1733.0, 1734.0, 1735.0, 1736.0, 1737.0, 1738.0, 1739.0, 1739.0, 1740.0, 1741.0, 1742.0, 1743.0, 1744.0, 1745.0, 1746.0, 1747.0, 1748.0, 1749.0, 1750.0, 1751.0, 1752.0, 1753.0, 1754.0, 1755.0, 1756.0, 1757.0, 1758.0, 1759.0, 1760.0, 1761.0, 1762.0, 1763.0, 1764.0, 1765.0, 1766.0, 1767.0, 1768.0, 1769.0, 1770.0, 1771.0, 1772.0, 1773.0, 1774.0, 1775.0, 1776.0, 1777.0, 1778.0, 1779.0, 1780.0, 1781.0, 1782.0, 1783.0, 1784.0, 1785.0, 1786.0, 1787.0, 1788.0, 1789.0, 1790.0, 1791.0, 1792.0, 1793.0, 1794.0, 1795.0, 1796.0, 1797.0, 1798.0, 1799.0, 1800.0, 1800.0, 1800.0, 1800.0], "avg_cpu": [0.0, 0.011048370462046205, 0.25783828382838286, 0.3147689768976898, 0.3048679867986799, 0.30033003300330036, 0.2768151815181518, 0.29125412541254125, 0.2924917491749175, 0.27516501650165015, 0.3316831683168317, 0.3886138613861386, 0.485973597359736, 0.41254125412541254, 0.31146864686468645, 0.3803630363036304, 0.46782178217821785, 0.5033003300330033, 0.5041254125412541, 0.49174917491749176, 0.5453795379537953, 0.594059405940594, 0.5404290429042904, 0.599009900990099, 0.509075907590759, 0.5272277227722773, 0.566006600660066, 0.5412541254125413, 0.5536303630363036, 0.5511551155115512, 0.6072607260726073, 0.6212871287128713, 0.6221122112211221, 0.6155115511551155, 0.5957095709570958, 0.599009900990099, 0.5453795379537953, 0.5833333333333334, 0.5767326732673267, 0.5932343234323433, 0.5808580858085809, 0.5618811881188119, 0.5767326732673267, 0.5594059405940595, 0.5742574257425742, 0.6023102310231023, 0.551980198019802, 0.556930693069307, 0.566006600660066, 0.5841584158415841, 0.5717821782178217, 0.5610561056105611, 0.5891089108910891, 0.5552805280528053, 0.5536303630363036, 0.5726072607260726, 0.5816831683168316, 0.5899339933993399, 0.5973597359735974, 0.5759075907590759, 0.5858085808580858, 0.6006600660066007, 0.5948844884488449, 0.594059405940594, 0.5808580858085809, 0.5759075907590759, 0.5775577557755776, 0.5651815181518152, 0.570957095709571, 0.5726072607260726, 0.5734323432343235, 0.5462046204620462, 0.5453795379537953, 0.5478547854785478, 0.5610561056105611, 0.5585808580858086, 0.5610561056105611, 0.5701320132013201, 0.566006600660066, 0.5528052805280528, 0.5783828382838284, 0.5948844884488449, 0.5701320132013201, 0.5429042904290429, 0.5495049504950495, 0.5701320132013201, 0.5478547854785478, 0.5759075907590759, 0.5874587458745875, 0.5618811881188119, 0.5841584158415841, 0.5462046204620462, 0.5684818481848185, 0.2739273927392739, 0.0008669812293729373, 0.0008669812293729373, 0.001157049298679868], "avg_mem": [2.859626647144949e-06, 0.004661191434846266, 0.009379575402635431, 0.009253751830161054, 0.008567441434846267, 0.00838442532942899, 0.008510248901903368, 0.008304355783308931, 0.008956350658857979, 0.008670387994143484, 0.008830527086383601, 0.008796211566617862, 0.009345259882869692, 0.008693265007320644, 0.008475933382137629, 0.008796211566617862, 0.00893347364568082, 0.008693265007320644, 0.008681826500732064, 0.008693265007320644, 0.009002104685212299, 0.008796211566617862, 0.0089449121522694, 0.00893347364568082, 0.008658949487554905, 0.00896778916544656, 0.008761896046852123, 0.008727580527086384, 0.008956350658857979, 0.0088877196193265, 0.009150805270863836, 0.008521687408491947, 0.00886484260614934, 0.0089449121522694, 0.008750457540263544, 0.008819088579795022, 0.008739019033674963, 0.008853404099560761, 0.00896778916544656, 0.008750457540263544, 0.008761896046852123, 0.008853404099560761, 0.009024981698389459, 0.008590318448023425, 0.008670387994143484, 0.008681826500732064, 0.008739019033674963, 0.008773334553440702, 0.008841965592972182, 0.00891059663250366, 0.008670387994143484, 0.009036420204978038, 0.008956350658857979, 0.00893347364568082, 0.009013543191800878, 0.00893347364568082, 0.008647510980966324, 0.00886484260614934, 0.008841965592972182, 0.008761896046852123, 0.008647510980966324, 0.008773334553440702, 0.009139366764275255, 0.008956350658857979, 0.008819088579795022, 0.008750457540263544, 0.009082174231332358, 0.008670387994143484, 0.00891059663250366, 0.008819088579795022, 0.008841965592972182, 0.008979227672035139, 0.0088877196193265, 0.008727580527086384, 0.009196559297218155, 0.008796211566617862, 0.00899066617862372, 0.008819088579795022, 0.008841965592972182, 0.008784773060029283, 0.009116489751098097, 0.008876281112737921, 0.00886484260614934, 0.008716142020497804, 0.009047858711566617, 0.00893347364568082, 0.00893347364568082, 0.008899158125915081, 0.009013543191800878, 0.009013543191800878, 0.0088877196193265, 0.008819088579795022, 0.008761896046852123, 0.00783537701317716, 0.006622895314787701, 0.0013440245241581258, 6.577141288433382e-05]}