{"time": [561.0, 561.0, 562.0, 563.0, 564.0, 565.0, 566.0, 567.0, 568.0, 569.0, 570.0, 571.0, 572.0, 573.0, 574.0, 575.0, 576.0, 577.0, 578.0, 579.0, 580.0, 581.0, 582.0, 583.0, 584.0, 585.0, 586.0, 587.0, 588.0, 589.0, 590.0, 591.0, 592.0, 593.0, 594.0, 595.0, 596.0, 597.0, 598.0, 599.0, 600.0, 601.0, 602.0, 603.0, 604.0, 605.0, 606.0, 607.0, 608.0, 609.0, 610.0, 611.0, 612.0, 613.0, 614.0, 615.0, 616.0, 616.0, 617.0, 618.0, 619.0, 620.0, 621.0, 622.0, 623.0, 624.0, 625.0, 626.0, 627.0, 628.0, 629.0, 630.0, 631.0, 632.0, 633.0, 634.0, 635.0, 636.0, 637.0, 638.0, 639.0, 640.0, 641.0, 642.0, 643.0, 644.0, 645.0, 646.0, 647.0, 648.0, 649.0, 650.0, 651.0, 652.0, 653.0, 653.0, 653.0, 653.0], "avg_cpu": [0.0, 0.6633663366336634, 0.6914191419141914, 0.7235973597359736, 0.6666666666666666, 0.6864686468646864, 0.5486798679867987, 0.5701320132013201, 0.5643564356435643, 0.6014851485148515, 0.5618811881188119, 0.6691419141914191, 0.7805280528052805, 0.7112211221122112, 0.6542904290429042, 0.5899339933993399, 0.599009900990099, 0.6542904290429042, 0.6295379537953796, 0.6617161716171617, 0.6023102310231023, 0.5684818481848185, 0.6328382838283828, 0.5676567656765676, 0.5948844884488449, 0.6353135313531353, 0.5816831683168316, 0.6658415841584159, 0.58003300330033, 0.5833333333333334, 0.594059405940594, 0.5594059405940595, 0.6295379537953796, 0.5462046204620462, 0.5973597359735974, 0.5429042904290429, 0.5701320132013201, 0.594059405940594, 0.5561056105610561, 0.5503300330033003, 0.5552805280528053, 0.5668316831683168, 0.5726072607260726, 0.58003300330033, 0.5453795379537953, 0.5346534653465347, 0.5338283828382838, 0.5528052805280528, 0.556930693069307, 0.5412541254125413, 0.5462046204620462, 0.5701320132013201, 0.58003300330033, 0.5445544554455446, 0.5404290429042904, 0.5841584158415841, 0.584983498349835, 0.5693069306930693, 0.5742574257425742, 0.5759075907590759, 0.566006600660066, 0.5676567656765676, 0.556930693069307, 0.58003300330033, 0.584983498349835, 0.5792079207920792, 0.5841584158415841, 0.58003300330033, 0.5742574257425742, 0.6047854785478548, 0.5841584158415841, 0.5528052805280528, 0.5981848184818482, 0.6023102310231023, 0.5924092409240924, 0.58003300330033, 0.5767326732673267, 0.5866336633663366, 0.5775577557755776, 0.6254125412541254, 0.6179867986798679, 0.5775577557755776, 0.5783828382838284, 0.599009900990099, 0.5742574257425742, 0.5924092409240924, 0.5734323432343235, 0.599009900990099, 0.6254125412541254, 0.613036303630363, 0.6196369636963697, 0.5717821782178217, 0.5833333333333334, 0.5750825082508251, 0.6221122112211221, 0.5981848184818482, 0.00047377784653465345, 0.0], "avg_mem": [0.00024306826500732065, 0.04204795021961932, 0.04415263543191801, 0.04479319180087848, 0.042230966325036604, 0.04419838945827233, 0.0436493411420205, 0.04255124450951684, 0.04428989751098097, 0.042734260614934114, 0.04204795021961932, 0.044427159590043924, 0.04566251830161054, 0.04387811127379209, 0.04378660322108346, 0.043923865300146414, 0.04616581259150805, 0.04410688140556369, 0.04438140556368961, 0.047309663250366035, 0.04625732064421669, 0.04396961932650073, 0.04447291361639824, 0.04598279648609078, 0.0426885065885798, 0.04218521229868229, 0.04438140556368961, 0.04410688140556369, 0.04410688140556369, 0.04538799414348463, 0.044518667642752564, 0.043832357247437774, 0.04255124450951684, 0.045113469985358715, 0.04497620790629575, 0.0412701317715959, 0.04360358711566618, 0.04378660322108346, 0.04145314787701318, 0.04547950219619327, 0.04474743777452416, 0.044838945827232794, 0.044015373352855054, 0.04278001464128843, 0.04488469985358712, 0.04255124450951684, 0.04227672035139092, 0.043146046852122984, 0.043420571010248904, 0.042825768667642754, 0.04346632503660322, 0.042917276720351394, 0.044838945827232794, 0.04319180087847731, 0.04369509516837482, 0.045616764275256225, 0.04547950219619327, 0.0414989019033675, 0.04570827232796486, 0.04465592972181552, 0.043420571010248904, 0.044518667642752564, 0.043237554904831624, 0.04319180087847731, 0.04447291361639824, 0.04305453879941435, 0.04378660322108346, 0.04387811127379209, 0.0436493411420205, 0.043832357247437774, 0.04547950219619327, 0.043237554904831624, 0.043832357247437774, 0.046211566617862375, 0.04465592972181552, 0.04387811127379209, 0.04209370424597365, 0.04360358711566618, 0.04570827232796486, 0.044244143484626644, 0.04191068814055637, 0.045616764275256225, 0.04428989751098097, 0.04351207906295754, 0.04470168374816984, 0.04566251830161054, 0.04378660322108346, 0.04479319180087848, 0.04479319180087848, 0.04415263543191801, 0.04346632503660322, 0.04378660322108346, 0.0426885065885798, 0.04360358711566618, 0.045525256222547585, 0.03953147877013177, 0.0004203651171303075, 0.0002974011713030747]}