{"time": [5757.0, 5757.0, 5757.0, 5758.0, 5758.0, 5758.0, 5759.0, 5759.0, 5760.0, 5761.0, 5762.0, 5762.0, 5763.0, 5764.0, 5765.0, 5766.0, 5766.0, 5767.0, 5768.0, 5768.0, 5769.0, 5770.0, 5771.0, 5772.0, 5773.0, 5774.0, 5775.0, 5776.0, 5777.0, 5778.0, 5779.0, 5780.0, 5781.0, 5782.0, 5783.0, 5784.0, 5785.0, 5786.0, 5787.0, 5788.0, 5789.0, 5790.0, 5791.0, 5792.0, 5793.0, 5794.0, 5795.0, 5796.0, 5797.0, 5798.0, 5799.0, 5800.0, 5801.0, 5802.0, 5802.0, 5803.0, 5804.0, 5805.0, 5806.0, 5807.0, 5808.0, 5809.0, 5810.0, 5811.0, 5812.0, 5813.0, 5814.0, 5815.0, 5816.0, 5817.0, 5818.0, 5819.0, 5820.0, 5821.0, 5822.0, 5823.0, 5824.0, 5825.0, 5826.0, 5827.0, 5828.0, 5829.0, 5830.0, 5831.0, 5832.0, 5833.0, 5834.0, 5835.0, 5836.0, 5837.0, 5838.0, 5839.0, 5840.0, 5841.0, 5842.0, 5843.0, 5844.0, 5845.0, 5846.0, 5846.0, 5846.0, 5846.0], "avg_cpu": [0.002194848391089109, 0.0757013201320132, 0.14975247524752475, 0.15594059405940594, 0.21947194719471946, 0.2301980198019802, 0.24587458745874588, 0.29496699669966997, 0.3411716171617162, 0.2731023102310231, 0.27764026402640263, 0.41996699669966997, 0.3943894389438944, 0.41295379537953797, 0.42326732673267325, 0.4504950495049505, 0.5387788778877888, 0.4900990099009901, 0.528052805280528, 0.5420792079207921, 0.5412541254125413, 0.5321782178217822, 0.5528052805280528, 0.5313531353135313, 0.5313531353135313, 0.5288778877887789, 0.528052805280528, 0.551980198019802, 0.5313531353135313, 0.551980198019802, 0.5602310231023102, 0.5552805280528053, 0.5379537953795379, 0.5396039603960396, 0.5305280528052805, 0.5528052805280528, 0.5684818481848185, 0.5470297029702971, 0.5668316831683168, 0.566006600660066, 0.5618811881188119, 0.5561056105610561, 0.551980198019802, 0.5462046204620462, 0.5503300330033003, 0.5429042904290429, 0.5503300330033003, 0.5453795379537953, 0.551980198019802, 0.5610561056105611, 0.5156765676567657, 0.5899339933993399, 0.5726072607260726, 0.5198019801980198, 0.6097359735973598, 0.5825082508250825, 0.5750825082508251, 0.6402640264026402, 0.5750825082508251, 0.6056105610561056, 0.5891089108910891, 0.5742574257425742, 0.5858085808580858, 0.6460396039603961, 0.6435643564356436, 0.6328382838283828, 0.6196369636963697, 0.5948844884488449, 0.6105610561056105, 0.6303630363036303, 0.5998349834983498, 0.5932343234323433, 0.5998349834983498, 0.5750825082508251, 0.5792079207920792, 0.5874587458745875, 0.5981848184818482, 0.6056105610561056, 0.5915841584158416, 0.5915841584158416, 0.5734323432343235, 0.5866336633663366, 0.5693069306930693, 0.5808580858085809, 0.6056105610561056, 0.5874587458745875, 0.5759075907590759, 0.6047854785478548, 0.5882838283828383, 0.5948844884488449, 0.6023102310231023, 0.6006600660066007, 0.6237623762376238, 0.6278877887788779, 0.6575907590759076, 0.6592409240924092, 0.6625412541254125, 0.5057755775577558, 0.003397019389438944, 0.0013020833333333333, 0.008676258250825082, 0.0], "avg_mem": [0.0036202873352855053, 0.008109901171303075, 0.00839586383601757, 0.008716142020497804, 0.008258601756954613, 0.008270040263543192, 0.008647510980966324, 0.008704703513909224, 0.008578879941434846, 0.00841874084919473, 0.00844161786237189, 0.008647510980966324, 0.008647510980966324, 0.008453056368960469, 0.008510248901903368, 0.008830527086383601, 0.008841965592972182, 0.008521687408491947, 0.00839586383601757, 0.00886484260614934, 0.008704703513909224, 0.008841965592972182, 0.008590318448023425, 0.008807650073206443, 0.008761896046852123, 0.008899158125915081, 0.008704703513909224, 0.008739019033674963, 0.008693265007320644, 0.008727580527086384, 0.008636072474377745, 0.008727580527086384, 0.008613195461200585, 0.0089449121522694, 0.008830527086383601, 0.009024981698389459, 0.008876281112737921, 0.008819088579795022, 0.008681826500732064, 0.008796211566617862, 0.00893347364568082, 0.008739019033674963, 0.008761896046852123, 0.008704703513909224, 0.008578879941434846, 0.008704703513909224, 0.008693265007320644, 0.008670387994143484, 0.008658949487554905, 0.008739019033674963, 0.008716142020497804, 0.00892203513909224, 0.008716142020497804, 0.008681826500732064, 0.00941389092240117, 0.008636072474377745, 0.008658949487554905, 0.008556002928257686, 0.008567441434846267, 0.009917185212298682, 0.00896778916544656, 0.009013543191800878, 0.008773334553440702, 0.00892203513909224, 0.008819088579795022, 0.00891059663250366, 0.008819088579795022, 0.008807650073206443, 0.00896778916544656, 0.008899158125915081, 0.008830527086383601, 0.008761896046852123, 0.008716142020497804, 0.008841965592972182, 0.0089449121522694, 0.008693265007320644, 0.008796211566617862, 0.0088877196193265, 0.008475933382137629, 0.008693265007320644, 0.008739019033674963, 0.008784773060029283, 0.008739019033674963, 0.008658949487554905, 0.008796211566617862, 0.008796211566617862, 0.008876281112737921, 0.008681826500732064, 0.008739019033674963, 0.00891059663250366, 0.008841965592972182, 0.008750457540263544, 0.008830527086383601, 0.008624633967789166, 0.00896778916544656, 0.008601756954612006, 0.00893347364568082, 0.008327232796486091, 0.006645772327964861, 0.006222547584187409, 8.864842606149341e-05, 7.720991947291362e-05]}