{"time": [3989.0, 3990.0, 3991.0, 3992.0, 3992.0, 3993.0, 3993.0, 3994.0, 3995.0, 3996.0, 3997.0, 3998.0, 3999.0, 4000.0, 4001.0, 4002.0, 4003.0, 4004.0, 4005.0, 4006.0, 4007.0, 4008.0, 4009.0, 4010.0, 4011.0, 4012.0, 4013.0, 4014.0, 4015.0, 4016.0, 4017.0, 4018.0, 4019.0, 4020.0, 4021.0, 4022.0, 4023.0, 4024.0, 4025.0, 4026.0, 4027.0, 4028.0, 4029.0, 4030.0, 4031.0, 4032.0, 4033.0, 4034.0, 4035.0, 4036.0, 4036.0, 4036.0, 4036.0], "avg_cpu": [0.03181724422442244, 0.00033841274752475245, 0.3465346534653465, 0.6460396039603961, 0.6526402640264026, 0.6584158415841584, 0.6427392739273927, 0.679042904290429, 0.665016501650165, 0.6905940594059405, 0.683993399339934, 0.7037953795379538, 0.6831683168316832, 0.6320132013201321, 0.6270627062706271, 0.683993399339934, 0.6947194719471947, 0.6955445544554455, 0.6889438943894389, 0.7153465346534653, 0.6996699669966997, 0.6328382838283828, 0.6716171617161716, 0.6658415841584159, 0.6542904290429042, 0.679042904290429, 0.6922442244224423, 0.6724422442244224, 0.6361386138613861, 0.6064356435643564, 0.6113861386138614, 0.6270627062706271, 0.584983498349835, 0.6262376237623762, 0.6031353135313532, 0.5891089108910891, 0.5973597359735974, 0.594059405940594, 0.6328382838283828, 0.6188118811881188, 0.6212871287128713, 0.6138613861386139, 0.5998349834983498, 0.608085808580858, 0.599009900990099, 0.6179867986798679, 0.6047854785478548, 0.6262376237623762, 0.5066006600660066, 0.15965346534653466, 0.0, 0.00043349061468646863, 0.0009540016501650166], "avg_mem": [0.00672584187408492, 0.004037792825768668, 0.024844436310395315, 0.042642752562225474, 0.043923865300146414, 0.050329428989751096, 0.042917276720351394, 0.046531844802342605, 0.0455710102489019, 0.045525256222547585, 0.04488469985358712, 0.045021961932650074, 0.04680636896046852, 0.04968887262079063, 0.0479502196193265, 0.045525256222547585, 0.045937042459736455, 0.04625732064421669, 0.045021961932650074, 0.04570827232796486, 0.046028550512445095, 0.04598279648609078, 0.04607430453879941, 0.046211566617862375, 0.045113469985358715, 0.044335651537335284, 0.046211566617862375, 0.04488469985358712, 0.049231332357247436, 0.04630307467057101, 0.04520497803806735, 0.04868228404099561, 0.045525256222547585, 0.046714860907759885, 0.044427159590043924, 0.046028550512445095, 0.047309663250366035, 0.049231332357247436, 0.047126647144948755, 0.04525073206442167, 0.04740117130307467, 0.04419838945827233, 0.047126647144948755, 0.044335651537335284, 0.046120058565153735, 0.04387811127379209, 0.044335651537335284, 0.037198023426061495, 0.026217057101024892, 0.021046852122986823, 0.018736273792093704, 0.018736273792093704, 0.00033743594436310396]}