{"time": [1718.0, 1718.0, 1719.0, 1719.0, 1719.0, 1719.0, 1719.0, 1720.0, 1720.0, 1721.0, 1722.0, 1723.0, 1724.0, 1725.0, 1726.0, 1727.0, 1727.0, 1728.0, 1728.0, 1729.0, 1730.0, 1731.0, 1732.0, 1732.0, 1733.0, 1734.0, 1735.0, 1736.0, 1737.0, 1738.0, 1738.0, 1739.0, 1740.0, 1741.0, 1742.0, 1743.0, 1744.0, 1745.0, 1746.0, 1747.0, 1748.0, 1749.0, 1750.0, 1751.0, 1752.0, 1753.0, 1754.0, 1755.0, 1756.0, 1757.0, 1758.0, 1759.0, 1760.0, 1761.0, 1762.0, 1763.0, 1764.0, 1765.0, 1766.0, 1767.0, 1768.0, 1769.0, 1770.0, 1771.0, 1772.0, 1773.0, 1774.0, 1775.0, 1776.0, 1777.0, 1778.0, 1779.0, 1780.0, 1781.0, 1782.0, 1783.0, 1784.0, 1785.0, 1786.0, 1787.0, 1788.0, 1789.0, 1790.0, 1791.0, 1792.0, 1793.0, 1794.0, 1795.0, 1796.0, 1797.0, 1798.0, 1799.0, 1800.0, 1800.0, 1800.0, 1800.0], "avg_cpu": [0.0, 0.019286303630363037, 0.19843234323432343, 0.2367986798679868, 0.242986798679868, 0.25123762376237624, 0.24504950495049505, 0.23432343234323433, 0.27722772277227725, 0.28589108910891087, 0.30734323432343236, 0.2891914191419142, 0.28506600660066006, 0.304042904290429, 0.33828382838283827, 0.35148514851485146, 0.5726072607260726, 0.533003300330033, 0.5858085808580858, 0.5470297029702971, 0.5115511551155115, 0.5717821782178217, 0.66996699669967, 0.6683168316831684, 0.5552805280528053, 0.5561056105610561, 0.6006600660066007, 0.5866336633663366, 0.5594059405940595, 0.533003300330033, 0.6039603960396039, 0.5726072607260726, 0.5965346534653465, 0.6006600660066007, 0.5957095709570958, 0.5684818481848185, 0.5635313531353136, 0.6311881188118812, 0.613036303630363, 0.5915841584158416, 0.5808580858085809, 0.570957095709571, 0.5420792079207921, 0.5841584158415841, 0.5693069306930693, 0.5478547854785478, 0.5792079207920792, 0.6113861386138614, 0.6039603960396039, 0.5684818481848185, 0.6122112211221122, 0.5684818481848185, 0.5874587458745875, 0.5965346534653465, 0.5899339933993399, 0.5684818481848185, 0.5420792079207921, 0.5635313531353136, 0.5915841584158416, 0.570957095709571, 0.5775577557755776, 0.551980198019802, 0.5767326732673267, 0.584983498349835, 0.5965346534653465, 0.6179867986798679, 0.5973597359735974, 0.6534653465346535, 0.6567656765676567, 0.5808580858085809, 0.5866336633663366, 0.6163366336633663, 0.5973597359735974, 0.6171617161716172, 0.6344884488448845, 0.6155115511551155, 0.6039603960396039, 0.5767326732673267, 0.5816831683168316, 0.5767326732673267, 0.5684818481848185, 0.5874587458745875, 0.5511551155115512, 0.509075907590759, 0.5173267326732673, 0.5462046204620462, 0.5429042904290429, 0.5585808580858086, 0.5445544554455446, 0.5552805280528053, 0.5610561056105611, 0.5759075907590759, 0.2685643564356436, 0.0017339624587458745, 0.000578524649339934, 0.0009636705858085808], "avg_mem": [2.859626647144949e-06, 0.004912838579795022, 0.009551153001464129, 0.009402452415812591, 0.008510248901903368, 0.008533125915080528, 0.008247163250366032, 0.00833867130307467, 0.008567441434846267, 0.00839586383601757, 0.008567441434846267, 0.008464494875549048, 0.009139366764275255, 0.008716142020497804, 0.008807650073206443, 0.008407302342606148, 0.0088877196193265, 0.0089449121522694, 0.008670387994143484, 0.00886484260614934, 0.008693265007320644, 0.008830527086383601, 0.008716142020497804, 0.008716142020497804, 0.0088877196193265, 0.008704703513909224, 0.008807650073206443, 0.008693265007320644, 0.008727580527086384, 0.008704703513909224, 0.008819088579795022, 0.008979227672035139, 0.00891059663250366, 0.008796211566617862, 0.008636072474377745, 0.009024981698389459, 0.008750457540263544, 0.008704703513909224, 0.008784773060029283, 0.008841965592972182, 0.008750457540263544, 0.008876281112737921, 0.008773334553440702, 0.008830527086383601, 0.008819088579795022, 0.008544564421669107, 0.008681826500732064, 0.008727580527086384, 0.008601756954612006, 0.008819088579795022, 0.008681826500732064, 0.009036420204978038, 0.008796211566617862, 0.00891059663250366, 0.008979227672035139, 0.008853404099560761, 0.008819088579795022, 0.008727580527086384, 0.008899158125915081, 0.008979227672035139, 0.009333821376281113, 0.008830527086383601, 0.008761896046852123, 0.008830527086383601, 0.008727580527086384, 0.008681826500732064, 0.0088877196193265, 0.008819088579795022, 0.008841965592972182, 0.008750457540263544, 0.008704703513909224, 0.008796211566617862, 0.008693265007320644, 0.008841965592972182, 0.009002104685212299, 0.00892203513909224, 0.008956350658857979, 0.008876281112737921, 0.008693265007320644, 0.008979227672035139, 0.008636072474377745, 0.008750457540263544, 0.00893347364568082, 0.008853404099560761, 0.008807650073206443, 0.008853404099560761, 0.008899158125915081, 0.008807650073206443, 0.008807650073206443, 0.008727580527086384, 0.008613195461200585, 0.00896778916544656, 0.008064147144948755, 0.007480783308931186, 0.002565085102489019, 6.0052159590043926e-05]}