{"time": [569.0, 570.0, 571.0, 571.0, 572.0, 572.0, 572.0, 591.0, 592.0, 593.0, 593.0, 593.0, 593.0, 593.0, 594.0, 594.0, 594.0, 594.0, 595.0, 596.0, 597.0, 598.0, 599.0, 600.0, 601.0, 602.0, 603.0, 604.0, 605.0, 606.0, 607.0, 608.0, 609.0, 610.0, 611.0, 612.0, 613.0, 614.0, 615.0, 616.0, 617.0, 618.0, 619.0, 620.0, 621.0, 621.0, 622.0, 623.0, 624.0, 625.0, 626.0, 627.0, 628.0, 629.0, 630.0, 631.0, 632.0, 633.0, 634.0, 635.0, 636.0, 637.0, 638.0, 639.0, 640.0, 641.0, 642.0, 643.0, 644.0, 645.0, 646.0, 647.0, 648.0, 649.0, 650.0, 651.0, 652.0, 653.0, 653.0, 653.0, 653.0], "avg_cpu": [0.4179042904290429, 0.6361386138613861, 0.6320132013201321, 0.7458745874587459, 0.5453795379537953, 0.22153465346534654, 0.0, 0.3375763747454175, 0.3609979633401222, 0.3396130346232179, 0.3594704684317719, 0.0, 0.0, 0.29378818737270873, 0.34470468431771895, 0.35539714867617106, 0.001871579047861507, 0.0, 0.7466996699669967, 0.8415841584158416, 0.773102310231023, 0.6914191419141914, 0.5503300330033003, 0.6402640264026402, 0.5486798679867987, 0.5453795379537953, 0.5486798679867987, 0.5387788778877888, 0.5816831683168316, 0.5742574257425742, 0.5313531353135313, 0.523102310231023, 0.5181518151815182, 0.4991749174917492, 0.5478547854785478, 0.5206270627062707, 0.5255775577557755, 0.5214521452145214, 0.5808580858085809, 0.5651815181518152, 0.5701320132013201, 0.5643564356435643, 0.5635313531353136, 0.5610561056105611, 0.5775577557755776, 0.5924092409240924, 0.6047854785478548, 0.6196369636963697, 0.6229372937293729, 0.5965346534653465, 0.5981848184818482, 0.6476897689768977, 0.6039603960396039, 0.6105610561056105, 0.6295379537953796, 0.5924092409240924, 0.6427392739273927, 0.6072607260726073, 0.6617161716171617, 0.6072607260726073, 0.6287128712871287, 0.6097359735973598, 0.6287128712871287, 0.5957095709570958, 0.5874587458745875, 0.5767326732673267, 0.594059405940594, 0.5932343234323433, 0.6212871287128713, 0.5643564356435643, 0.5973597359735974, 0.6212871287128713, 0.6237623762376238, 0.6204620462046204, 0.6344884488448845, 0.6254125412541254, 0.6179867986798679, 0.5915841584158416, 0.5874587458745875, 0.0, 0.0], "avg_mem": [0.027177891654465592, 0.04328330893118595, 0.043420571010248904, 0.04172767203513909, 0.04685212298682284, 0.0006291178623718887, 0.00031455893118594437, 0.02679443359375, 0.03033447265625, 0.030487060546875, 0.0322265625, 0.00092315673828125, 0.0005054473876953125, 0.017425537109375, 0.030548095703125, 0.02593994140625, 0.0003223419189453125, 0.00020599365234375, 0.07201683748169839, 0.08986090775988287, 0.0904099560761347, 0.08867130307467057, 0.082997803806735, 0.08812225475841874, 0.087298682284041, 0.0820827232796486, 0.08272327964860908, 0.08876281112737922, 0.087298682284041, 0.08940336749633968, 0.08793923865300146, 0.08574304538799414, 0.08290629575402636, 0.08189970717423133, 0.08629209370424597, 0.08290629575402636, 0.08674963396778916, 0.08766471449487555, 0.08565153733528551, 0.08546852122986823, 0.0899524158125915, 0.08876281112737922, 0.09315519765739386, 0.08912884333821376, 0.08702415812591507, 0.08940336749633968, 0.0904099560761347, 0.08674963396778916, 0.09004392386530015, 0.0849194729136164, 0.08501098096632503, 0.08519399707174231, 0.08427891654465593, 0.08427891654465593, 0.08665812591508053, 0.08546852122986823, 0.08757320644216691, 0.08748169838945827, 0.08702415812591507, 0.08693265007320644, 0.087298682284041, 0.08592606149341142, 0.08446193265007321, 0.08546852122986823, 0.08528550512445095, 0.0849194729136164, 0.08556002928257686, 0.0853770131771596, 0.08830527086383602, 0.0849194729136164, 0.08638360175695461, 0.0853770131771596, 0.08711566617862372, 0.08867130307467057, 0.08894582723279648, 0.08803074670571011, 0.08784773060029283, 0.08583455344070279, 0.08354685212298682, 0.0007949762079062958, 0.0006005215959004393]}