{"time": [1718.0, 1719.0, 1719.0, 1719.0, 1719.0, 1719.0, 1720.0, 1720.0, 1721.0, 1722.0, 1723.0, 1724.0, 1725.0, 1726.0, 1727.0, 1727.0, 1728.0, 1729.0, 1729.0, 1730.0, 1731.0, 1731.0, 1732.0, 1733.0, 1734.0, 1735.0, 1736.0, 1737.0, 1737.0, 1738.0, 1739.0, 1740.0, 1741.0, 1742.0, 1743.0, 1744.0, 1745.0, 1746.0, 1747.0, 1748.0, 1749.0, 1750.0, 1751.0, 1752.0, 1753.0, 1754.0, 1755.0, 1756.0, 1757.0, 1758.0, 1759.0, 1760.0, 1761.0, 1762.0, 1763.0, 1764.0, 1765.0, 1766.0, 1767.0, 1768.0, 1769.0, 1770.0, 1771.0, 1772.0, 1773.0, 1774.0, 1775.0, 1776.0, 1777.0, 1778.0, 1779.0, 1780.0, 1781.0, 1782.0, 1783.0, 1784.0, 1785.0, 1786.0, 1787.0, 1788.0, 1789.0, 1790.0, 1791.0, 1792.0, 1793.0, 1794.0, 1795.0, 1796.0, 1797.0, 1798.0, 1799.0, 1800.0, 1800.0, 1800.0, 1800.0], "avg_cpu": [0.026067450495049504, 0.29125412541254125, 0.24546204620462045, 0.2599009900990099, 0.30899339933993397, 0.3556105610561056, 0.3527227722772277, 0.37665016501650167, 0.30074257425742573, 0.27805280528052806, 0.3085808580858086, 0.30445544554455445, 0.33085808580858084, 0.3655115511551155, 0.4372937293729373, 0.5123762376237624, 0.4752475247524752, 0.5247524752475248, 0.5891089108910891, 0.5346534653465347, 0.5420792079207921, 0.5313531353135313, 0.5561056105610561, 0.5462046204620462, 0.5750825082508251, 0.5651815181518152, 0.5676567656765676, 0.6196369636963697, 0.7491749174917491, 0.6518151815181518, 0.5981848184818482, 0.594059405940594, 0.6303630363036303, 0.584983498349835, 0.5866336633663366, 0.6097359735973598, 0.5841584158415841, 0.6039603960396039, 0.5643564356435643, 0.6196369636963697, 0.5841584158415841, 0.5899339933993399, 0.6501650165016502, 0.608085808580858, 0.6089108910891089, 0.5635313531353136, 0.5816831683168316, 0.5701320132013201, 0.5792079207920792, 0.5668316831683168, 0.5750825082508251, 0.5866336633663366, 0.5915841584158416, 0.608085808580858, 0.6287128712871287, 0.5998349834983498, 0.5899339933993399, 0.5792079207920792, 0.6039603960396039, 0.6262376237623762, 0.5833333333333334, 0.58003300330033, 0.5998349834983498, 0.613036303630363, 0.5998349834983498, 0.5866336633663366, 0.6311881188118812, 0.5957095709570958, 0.5858085808580858, 0.6122112211221122, 0.608085808580858, 0.6047854785478548, 0.6155115511551155, 0.6889438943894389, 0.683993399339934, 0.6237623762376238, 0.6204620462046204, 0.6014851485148515, 0.6295379537953796, 0.5825082508250825, 0.5973597359735974, 0.5816831683168316, 0.5701320132013201, 0.5775577557755776, 0.6163366336633663, 0.6047854785478548, 0.5932343234323433, 0.5684818481848185, 0.5866336633663366, 0.6254125412541254, 0.5882838283828383, 0.29414191419141916, 0.0013020833333333333, 0.0008669812293729373, 0.00043349061468646863], "avg_mem": [0.005244555270863836, 0.010477672035139092, 0.009997254758418742, 0.008796211566617862, 0.008647510980966324, 0.008556002928257686, 0.008498810395314787, 0.008841965592972182, 0.008624633967789166, 0.008727580527086384, 0.008704703513909224, 0.008681826500732064, 0.008544564421669107, 0.008613195461200585, 0.008750457540263544, 0.009265190336749635, 0.00891059663250366, 0.008819088579795022, 0.008521687408491947, 0.008807650073206443, 0.009002104685212299, 0.008521687408491947, 0.008807650073206443, 0.00892203513909224, 0.008750457540263544, 0.009036420204978038, 0.008819088579795022, 0.00891059663250366, 0.009047858711566617, 0.008773334553440702, 0.00886484260614934, 0.008876281112737921, 0.008853404099560761, 0.009024981698389459, 0.009059297218155198, 0.009185120790629575, 0.008853404099560761, 0.008899158125915081, 0.00893347364568082, 0.008853404099560761, 0.008693265007320644, 0.008853404099560761, 0.009024981698389459, 0.008841965592972182, 0.009047858711566617, 0.008807650073206443, 0.008956350658857979, 0.008841965592972182, 0.008693265007320644, 0.008830527086383601, 0.008796211566617862, 0.009047858711566617, 0.008784773060029283, 0.0089449121522694, 0.008899158125915081, 0.00899066617862372, 0.008739019033674963, 0.008979227672035139, 0.00899066617862372, 0.00886484260614934, 0.008784773060029283, 0.008853404099560761, 0.0088877196193265, 0.00893347364568082, 0.009002104685212299, 0.008841965592972182, 0.008658949487554905, 0.0089449121522694, 0.009059297218155198, 0.010214586383601757, 0.008819088579795022, 0.0089449121522694, 0.009139366764275255, 0.008819088579795022, 0.008979227672035139, 0.008796211566617862, 0.008796211566617862, 0.008841965592972182, 0.008841965592972182, 0.008739019033674963, 0.008819088579795022, 0.008830527086383601, 0.008899158125915081, 0.009162243777452415, 0.009105051244509516, 0.009036420204978038, 0.009059297218155198, 0.008956350658857979, 0.008899158125915081, 0.008819088579795022, 0.008784773060029283, 0.008041270131771595, 0.007046120058565154, 0.007046120058565154, 7.149066617862372e-05]}