{"time": [1718.0, 1718.0, 1719.0, 1719.0, 1719.0, 1719.0, 1719.0, 1720.0, 1720.0, 1721.0, 1721.0, 1722.0, 1723.0, 1724.0, 1725.0, 1726.0, 1727.0, 1727.0, 1728.0, 1729.0, 1729.0, 1730.0, 1731.0, 1732.0, 1733.0, 1733.0, 1734.0, 1735.0, 1736.0, 1737.0, 1737.0, 1738.0, 1739.0, 1740.0, 1741.0, 1742.0, 1743.0, 1744.0, 1745.0, 1746.0, 1747.0, 1748.0, 1749.0, 1750.0, 1751.0, 1752.0, 1753.0, 1754.0, 1755.0, 1756.0, 1757.0, 1758.0, 1759.0, 1760.0, 1761.0, 1762.0, 1763.0, 1764.0, 1765.0, 1766.0, 1767.0, 1768.0, 1769.0, 1770.0, 1771.0, 1772.0, 1773.0, 1774.0, 1775.0, 1776.0, 1777.0, 1778.0, 1779.0, 1780.0, 1781.0, 1782.0, 1783.0, 1784.0, 1785.0, 1786.0, 1787.0, 1788.0, 1789.0, 1790.0, 1791.0, 1792.0, 1793.0, 1794.0, 1795.0, 1796.0, 1797.0, 1798.0, 1799.0, 1800.0, 1800.0, 1800.0, 1800.0], "avg_cpu": [0.0, 0.004911819306930693, 0.10767326732673267, 0.23226072607260725, 0.2607260726072607, 0.2834158415841584, 0.2896039603960396, 0.2871287128712871, 0.24752475247524752, 0.39026402640264024, 0.3015676567656766, 0.3226072607260726, 0.29207920792079206, 0.32838283828382836, 0.33292079207920794, 0.3362211221122112, 0.4628712871287129, 0.4876237623762376, 0.4645214521452145, 0.5156765676567657, 0.584983498349835, 0.5255775577557755, 0.514026402640264, 0.5239273927392739, 0.4909240924092409, 0.5668316831683168, 0.566006600660066, 0.5429042904290429, 0.58003300330033, 0.5981848184818482, 0.6105610561056105, 0.5420792079207921, 0.5676567656765676, 0.6006600660066007, 0.613036303630363, 0.6221122112211221, 0.6056105610561056, 0.6006600660066007, 0.6377887788778878, 0.6353135313531353, 0.5882838283828383, 0.6320132013201321, 0.6245874587458746, 0.6179867986798679, 0.6039603960396039, 0.5907590759075908, 0.5973597359735974, 0.5891089108910891, 0.636963696369637, 0.5932343234323433, 0.5891089108910891, 0.6278877887788779, 0.5808580858085809, 0.58003300330033, 0.6047854785478548, 0.6245874587458746, 0.5825082508250825, 0.6155115511551155, 0.5866336633663366, 0.6270627062706271, 0.5767326732673267, 0.599009900990099, 0.5767326732673267, 0.5775577557755776, 0.5924092409240924, 0.6353135313531353, 0.6006600660066007, 0.6039603960396039, 0.6542904290429042, 0.641914191419142, 0.599009900990099, 0.6179867986798679, 0.599009900990099, 0.6138613861386139, 0.6493399339933993, 0.6518151815181518, 0.6608910891089109, 0.6485148514851485, 0.6155115511551155, 0.6113861386138614, 0.608085808580858, 0.6047854785478548, 0.6245874587458746, 0.6113861386138614, 0.58003300330033, 0.613036303630363, 0.5998349834983498, 0.6344884488448845, 0.6278877887788779, 0.6212871287128713, 0.6402640264026402, 0.5882838283828383, 0.5833333333333334, 0.28424092409240925, 0.0008669812293729373, 0.00043349061468646863, 0.000496338696369637], "avg_mem": [2.859626647144949e-06, 0.002839609260614934, 0.007984077598828698, 0.00948252196193265, 0.008796211566617862, 0.008292917276720352, 0.008304355783308931, 0.008670387994143484, 0.008739019033674963, 0.00892203513909224, 0.008533125915080528, 0.008556002928257686, 0.008830527086383601, 0.008613195461200585, 0.008773334553440702, 0.008498810395314787, 0.00896778916544656, 0.009047858711566617, 0.008796211566617862, 0.008796211566617862, 0.008578879941434846, 0.008693265007320644, 0.008613195461200585, 0.008739019033674963, 0.008830527086383601, 0.008761896046852123, 0.008704703513909224, 0.008681826500732064, 0.008876281112737921, 0.00891059663250366, 0.00886484260614934, 0.009425329428989751, 0.008841965592972182, 0.008841965592972182, 0.008761896046852123, 0.00891059663250366, 0.00893347364568082, 0.008750457540263544, 0.008807650073206443, 0.00886484260614934, 0.008841965592972182, 0.008876281112737921, 0.008819088579795022, 0.008750457540263544, 0.008830527086383601, 0.008750457540263544, 0.008784773060029283, 0.008979227672035139, 0.009105051244509516, 0.008819088579795022, 0.008876281112737921, 0.008807650073206443, 0.008899158125915081, 0.009139366764275255, 0.008819088579795022, 0.008807650073206443, 0.008761896046852123, 0.008853404099560761, 0.008796211566617862, 0.009002104685212299, 0.008899158125915081, 0.008773334553440702, 0.008796211566617862, 0.00892203513909224, 0.00892203513909224, 0.008739019033674963, 0.008841965592972182, 0.008853404099560761, 0.008773334553440702, 0.008773334553440702, 0.008784773060029283, 0.00899066617862372, 0.008784773060029283, 0.0089449121522694, 0.008796211566617862, 0.008739019033674963, 0.00886484260614934, 0.008761896046852123, 0.008899158125915081, 0.008841965592972182, 0.00891059663250366, 0.009024981698389459, 0.008533125915080528, 0.008739019033674963, 0.008876281112737921, 0.008830527086383601, 0.008773334553440702, 0.008853404099560761, 0.008819088579795022, 0.009002104685212299, 0.008636072474377745, 0.009368136896046852, 0.008979227672035139, 0.008052708638360176, 0.007046120058565154, 0.003568814055636896, 6.863103953147877e-05]}