{"time": [1718.0, 1719.0, 1719.0, 1719.0, 1719.0, 1719.0, 1720.0, 1720.0, 1721.0, 1722.0, 1723.0, 1724.0, 1725.0, 1726.0, 1727.0, 1727.0, 1728.0, 1729.0, 1729.0, 1730.0, 1731.0, 1731.0, 1732.0, 1733.0, 1734.0, 1735.0, 1736.0, 1737.0, 1738.0, 1738.0, 1739.0, 1740.0, 1741.0, 1742.0, 1743.0, 1744.0, 1745.0, 1746.0, 1747.0, 1748.0, 1749.0, 1750.0, 1751.0, 1752.0, 1753.0, 1754.0, 1755.0, 1756.0, 1757.0, 1758.0, 1759.0, 1760.0, 1761.0, 1762.0, 1763.0, 1764.0, 1765.0, 1766.0, 1767.0, 1768.0, 1769.0, 1770.0, 1771.0, 1772.0, 1773.0, 1774.0, 1775.0, 1776.0, 1777.0, 1778.0, 1779.0, 1780.0, 1781.0, 1782.0, 1783.0, 1784.0, 1785.0, 1786.0, 1787.0, 1788.0, 1789.0, 1790.0, 1791.0, 1792.0, 1793.0, 1794.0, 1795.0, 1796.0, 1797.0, 1798.0, 1799.0, 1800.0, 1800.0, 1800.0, 1800.0], "avg_cpu": [0.034808168316831686, 0.25, 0.25, 0.26196369636963696, 0.2615511551155115, 0.3518976897689769, 0.3118811881188119, 0.3650990099009901, 0.3193069306930693, 0.41006600660066006, 0.37376237623762376, 0.34612211221122113, 0.3180693069306931, 0.4179042904290429, 0.5313531353135313, 0.5643564356435643, 0.5255775577557755, 0.5338283828382838, 0.6245874587458746, 0.6881188118811881, 0.6443894389438944, 0.6188118811881188, 0.7013201320132013, 0.594059405940594, 0.6485148514851485, 0.6542904290429042, 0.6361386138613861, 0.6815181518151815, 0.6823432343234324, 0.6691419141914191, 0.7136963696369637, 0.7202970297029703, 0.7070957095709571, 0.6905940594059405, 0.7079207920792079, 0.6905940594059405, 0.6864686468646864, 0.7235973597359736, 0.6905940594059405, 0.7491749174917491, 0.6914191419141914, 0.6724422442244224, 0.6270627062706271, 0.6872937293729373, 0.6707920792079208, 0.636963696369637, 0.6460396039603961, 0.6815181518151815, 0.7013201320132013, 0.5932343234323433, 0.6427392739273927, 0.6905940594059405, 0.6394389438943895, 0.7178217821782178, 0.6963696369636964, 0.6757425742574258, 0.6039603960396039, 0.6740924092409241, 0.7202970297029703, 0.7483498349834984, 0.6212871287128713, 0.6056105610561056, 0.6072607260726073, 0.650990099009901, 0.7062706270627063, 0.698019801980198, 0.7103960396039604, 0.6831683168316832, 0.7079207920792079, 0.6765676567656765, 0.6287128712871287, 0.608085808580858, 0.641914191419142, 0.641914191419142, 0.679042904290429, 0.7202970297029703, 0.6452145214521452, 0.6724422442244224, 0.6567656765676567, 0.66996699669967, 0.6386138613861386, 0.6254125412541254, 0.6353135313531353, 0.636963696369637, 0.7376237623762376, 0.6625412541254125, 0.6064356435643564, 0.6138613861386139, 0.7186468646864687, 0.6674917491749175, 0.6625412541254125, 0.29042904290429045, 0.0017339624587458745, 0.0008669812293729373, 0.0008669812293729373], "avg_mem": [0.005679218521229868, 0.01003157027818448, 0.01000869326500732, 0.008704703513909224, 0.008590318448023425, 0.008498810395314787, 0.008876281112737921, 0.008681826500732064, 0.008899158125915081, 0.00886484260614934, 0.0089449121522694, 0.008899158125915081, 0.008613195461200585, 0.008796211566617862, 0.008899158125915081, 0.009047858711566617, 0.008819088579795022, 0.008841965592972182, 0.009150805270863836, 0.00896778916544656, 0.009139366764275255, 0.009047858711566617, 0.009036420204978038, 0.009070735724743777, 0.009059297218155198, 0.009013543191800878, 0.009185120790629575, 0.0088877196193265, 0.008853404099560761, 0.008624633967789166, 0.009059297218155198, 0.008784773060029283, 0.009127928257686676, 0.008899158125915081, 0.009162243777452415, 0.009265190336749635, 0.00891059663250366, 0.009162243777452415, 0.009105051244509516, 0.008739019033674963, 0.008979227672035139, 0.00893347364568082, 0.008773334553440702, 0.00891059663250366, 0.009173682284040996, 0.008819088579795022, 0.008830527086383601, 0.008750457540263544, 0.008876281112737921, 0.00896778916544656, 0.00892203513909224, 0.00899066617862372, 0.00891059663250366, 0.009002104685212299, 0.008956350658857979, 0.009059297218155198, 0.00896778916544656, 0.009036420204978038, 0.00892203513909224, 0.009036420204978038, 0.009196559297218155, 0.008899158125915081, 0.00892203513909224, 0.008876281112737921, 0.0089449121522694, 0.008830527086383601, 0.009070735724743777, 0.009105051244509516, 0.008956350658857979, 0.00899066617862372, 0.008956350658857979, 0.0089449121522694, 0.009105051244509516, 0.008899158125915081, 0.009059297218155198, 0.009070735724743777, 0.009242313323572475, 0.0088877196193265, 0.009139366764275255, 0.00892203513909224, 0.009253751830161054, 0.009105051244509516, 0.009310944363103953, 0.0088877196193265, 0.009185120790629575, 0.0088877196193265, 0.008796211566617862, 0.0089449121522694, 0.00899066617862372, 0.009013543191800878, 0.009047858711566617, 0.008064147144948755, 0.0071719436310395315, 0.0036488836017569545, 7.149066617862372e-05]}