{"time": [568.0, 569.0, 569.0, 569.0, 569.0, 570.0, 571.0, 571.0, 571.0, 571.0, 590.0, 591.0, 592.0, 593.0, 594.0, 595.0, 596.0, 597.0, 598.0, 599.0, 600.0, 601.0, 602.0, 603.0, 604.0, 605.0, 606.0, 607.0, 608.0, 609.0, 610.0, 611.0, 612.0, 613.0, 614.0, 615.0, 616.0, 617.0, 618.0, 619.0, 620.0, 621.0, 622.0, 623.0, 624.0, 625.0, 626.0, 627.0, 628.0, 629.0, 630.0, 631.0, 632.0, 633.0, 634.0, 635.0, 636.0, 637.0, 638.0, 639.0, 640.0, 641.0, 642.0, 643.0, 644.0, 645.0, 646.0, 647.0, 648.0, 649.0, 650.0, 651.0, 652.0, 653.0, 653.0, 653.0, 653.0], "avg_cpu": [0.24793388429752067, 0.25792011019283745, 0.24896694214876033, 0.19662534435261708, 0.0, 0.20570264765784113, 0.25280040733197556, 0.2319246435845214, 0.00361188900203666, 1.98892566191446e-06, 0.37334983498349833, 0.5255775577557755, 0.5528052805280528, 0.5470297029702971, 0.5775577557755776, 0.5858085808580858, 0.5948844884488449, 0.5635313531353136, 0.5214521452145214, 0.5643564356435643, 0.5693069306930693, 0.5734323432343235, 0.5684818481848185, 0.5783828382838284, 0.5701320132013201, 0.5594059405940595, 0.58003300330033, 0.6105610561056105, 0.5907590759075908, 0.5899339933993399, 0.5825082508250825, 0.5816831683168316, 0.5866336633663366, 0.5924092409240924, 0.5948844884488449, 0.5932343234323433, 0.5998349834983498, 0.5948844884488449, 0.5965346534653465, 0.594059405940594, 0.6064356435643564, 0.6014851485148515, 0.5858085808580858, 0.5825082508250825, 0.5891089108910891, 0.5858085808580858, 0.5924092409240924, 0.5882838283828383, 0.5899339933993399, 0.5874587458745875, 0.5833333333333334, 0.5891089108910891, 0.5891089108910891, 0.5825082508250825, 0.5701320132013201, 0.5841584158415841, 0.5783828382838284, 0.5651815181518152, 0.5932343234323433, 0.5882838283828383, 0.5981848184818482, 0.5915841584158416, 0.5915841584158416, 0.584983498349835, 0.5717821782178217, 0.594059405940594, 0.58003300330033, 0.5759075907590759, 0.58003300330033, 0.5594059405940595, 0.5957095709570958, 0.584983498349835, 0.5866336633663366, 0.5841584158415841, 0.5915841584158416, 0.0009346637788778878, 0.0], "avg_mem": [0.015167459736456808, 0.023174414348462666, 0.021046852122986823, 0.00018730554538799415, 0.00012582357247437775, 0.0277099609375, 0.029144287109375, 0.030792236328125, 0.000244140625, 0.0001811981201171875, 0.04868228404099561, 0.08830527086383602, 0.09242313323572475, 0.08830527086383602, 0.08674963396778916, 0.08821376281112737, 0.08839677891654465, 0.08967789165446559, 0.08940336749633968, 0.08674963396778916, 0.08693265007320644, 0.08473645680819912, 0.08830527086383602, 0.08949487554904832, 0.08592606149341142, 0.08665812591508053, 0.08848828696925329, 0.08830527086383602, 0.08620058565153733, 0.08793923865300146, 0.08931185944363104, 0.08702415812591507, 0.08839677891654465, 0.08848828696925329, 0.08674963396778916, 0.08601756954612005, 0.08912884333821376, 0.087298682284041, 0.08739019033674963, 0.08867130307467057, 0.08519399707174231, 0.08720717423133235, 0.08702415812591507, 0.08638360175695461, 0.08382137628111273, 0.08812225475841874, 0.08912884333821376, 0.08757320644216691, 0.08748169838945827, 0.0892203513909224, 0.08793923865300146, 0.08720717423133235, 0.08876281112737922, 0.09095900439238654, 0.09059297218155198, 0.08949487554904832, 0.09059297218155198, 0.09178257686676428, 0.09077598828696926, 0.08931185944363104, 0.09132503660322108, 0.0904099560761347, 0.08967789165446559, 0.08931185944363104, 0.09022693997071743, 0.08958638360175696, 0.08803074670571011, 0.08647510980966325, 0.09224011713030747, 0.0892203513909224, 0.08857979502196194, 0.08620058565153733, 0.09013543191800878, 0.08235724743777452, 0.08318081991215227, 0.0009436767935578331, 0.0005433290629575403]}