{"time": [1718.0, 1718.0, 1719.0, 1719.0, 1719.0, 1719.0, 1719.0, 1720.0, 1720.0, 1721.0, 1722.0, 1723.0, 1724.0, 1725.0, 1726.0, 1727.0, 1727.0, 1728.0, 1728.0, 1729.0, 1730.0, 1731.0, 1731.0, 1732.0, 1733.0, 1734.0, 1735.0, 1736.0, 1737.0, 1738.0, 1739.0, 1739.0, 1740.0, 1741.0, 1742.0, 1743.0, 1744.0, 1745.0, 1746.0, 1747.0, 1748.0, 1749.0, 1750.0, 1751.0, 1752.0, 1753.0, 1754.0, 1755.0, 1756.0, 1757.0, 1758.0, 1759.0, 1760.0, 1761.0, 1762.0, 1763.0, 1764.0, 1765.0, 1766.0, 1767.0, 1768.0, 1769.0, 1770.0, 1771.0, 1772.0, 1773.0, 1774.0, 1775.0, 1776.0, 1777.0, 1778.0, 1779.0, 1780.0, 1781.0, 1782.0, 1783.0, 1784.0, 1785.0, 1786.0, 1787.0, 1788.0, 1789.0, 1790.0, 1791.0, 1792.0, 1793.0, 1794.0, 1795.0, 1796.0, 1797.0, 1798.0, 1799.0, 1800.0, 1800.0, 1800.0], "avg_cpu": [0.0, 0.038675742574257425, 0.20152640264026403, 0.2433993399339934, 0.29414191419141916, 0.2834158415841584, 0.25495049504950495, 0.24463696369636964, 0.32136963696369636, 0.2887788778877888, 0.2891914191419142, 0.32673267326732675, 0.2978547854785479, 0.32301980198019803, 0.33457095709570955, 0.36221122112211224, 0.5107260726072608, 0.5033003300330033, 0.5726072607260726, 0.5239273927392739, 0.4884488448844885, 0.5099009900990099, 0.6031353135313532, 0.566006600660066, 0.5371287128712872, 0.5396039603960396, 0.5676567656765676, 0.6031353135313532, 0.5610561056105611, 0.6006600660066007, 0.5948844884488449, 0.6666666666666666, 0.5932343234323433, 0.5602310231023102, 0.6097359735973598, 0.594059405940594, 0.5585808580858086, 0.5759075907590759, 0.5750825082508251, 0.5891089108910891, 0.5882838283828383, 0.6155115511551155, 0.5907590759075908, 0.5693069306930693, 0.6229372937293729, 0.5907590759075908, 0.5792079207920792, 0.5668316831683168, 0.5891089108910891, 0.5693069306930693, 0.5833333333333334, 0.5750825082508251, 0.5610561056105611, 0.5602310231023102, 0.5825082508250825, 0.5775577557755776, 0.5841584158415841, 0.608085808580858, 0.5775577557755776, 0.5602310231023102, 0.5759075907590759, 0.5858085808580858, 0.5717821782178217, 0.5759075907590759, 0.5759075907590759, 0.5874587458745875, 0.5717821782178217, 0.5874587458745875, 0.6237623762376238, 0.5742574257425742, 0.5726072607260726, 0.5775577557755776, 0.5734323432343235, 0.5783828382838284, 0.5726072607260726, 0.6138613861386139, 0.5825082508250825, 0.5981848184818482, 0.6188118811881188, 0.6270627062706271, 0.5907590759075908, 0.5924092409240924, 0.5882838283828383, 0.5858085808580858, 0.5899339933993399, 0.5693069306930693, 0.5907590759075908, 0.5783828382838284, 0.5676567656765676, 0.5973597359735974, 0.584983498349835, 0.6155115511551155, 0.2764026402640264, 0.005208333333333333, 0.0010410220709570956], "avg_mem": [2.859626647144949e-06, 0.006016654465592972, 0.009345259882869692, 0.008739019033674963, 0.00886484260614934, 0.008544564421669107, 0.009551153001464129, 0.008350109809663251, 0.008510248901903368, 0.008750457540263544, 0.008521687408491947, 0.008658949487554905, 0.00886484260614934, 0.0088877196193265, 0.008533125915080528, 0.008556002928257686, 0.008716142020497804, 0.008739019033674963, 0.00839586383601757, 0.008784773060029283, 0.008830527086383601, 0.008830527086383601, 0.00896778916544656, 0.008567441434846267, 0.008876281112737921, 0.008750457540263544, 0.00893347364568082, 0.008624633967789166, 0.008693265007320644, 0.008693265007320644, 0.008750457540263544, 0.008647510980966324, 0.00892203513909224, 0.008773334553440702, 0.008819088579795022, 0.008773334553440702, 0.008681826500732064, 0.008773334553440702, 0.008750457540263544, 0.008773334553440702, 0.008796211566617862, 0.008750457540263544, 0.008693265007320644, 0.008876281112737921, 0.0089449121522694, 0.008841965592972182, 0.008853404099560761, 0.008658949487554905, 0.008750457540263544, 0.009024981698389459, 0.008796211566617862, 0.00893347364568082, 0.008853404099560761, 0.008853404099560761, 0.008899158125915081, 0.009059297218155198, 0.00892203513909224, 0.00893347364568082, 0.00891059663250366, 0.008876281112737921, 0.008956350658857979, 0.008761896046852123, 0.008716142020497804, 0.008773334553440702, 0.008876281112737921, 0.008899158125915081, 0.009013543191800878, 0.008956350658857979, 0.00893347364568082, 0.008807650073206443, 0.009002104685212299, 0.0088877196193265, 0.008899158125915081, 0.009002104685212299, 0.009036420204978038, 0.008750457540263544, 0.009207997803806735, 0.008796211566617862, 0.00893347364568082, 0.008853404099560761, 0.008899158125915081, 0.008773334553440702, 0.008773334553440702, 0.008716142020497804, 0.008853404099560761, 0.008773334553440702, 0.008819088579795022, 0.00893347364568082, 0.008739019033674963, 0.008830527086383601, 0.008841965592972182, 0.008681826500732064, 0.0078125, 0.006908857979502196, 7.720991947291362e-05]}