{"time": [530.0, 530.0, 531.0, 531.0, 532.0, 533.0, 534.0, 535.0, 536.0, 537.0, 538.0, 539.0, 540.0, 540.0, 541.0, 542.0, 543.0, 544.0, 545.0, 546.0, 547.0, 548.0, 549.0, 550.0, 551.0, 552.0, 553.0, 554.0, 555.0, 556.0, 556.0, 557.0, 558.0, 559.0, 560.0, 561.0, 562.0, 563.0, 564.0, 565.0, 566.0, 567.0, 568.0, 569.0, 570.0, 571.0, 572.0, 573.0, 574.0, 575.0, 576.0, 577.0, 578.0, 579.0, 580.0, 581.0, 582.0, 583.0, 584.0, 585.0, 586.0, 587.0, 588.0, 589.0, 590.0, 591.0, 592.0, 593.0, 594.0, 595.0, 596.0, 597.0, 598.0, 599.0, 600.0, 601.0, 602.0, 603.0, 604.0, 605.0, 606.0, 607.0, 608.0, 609.0, 610.0, 611.0, 612.0, 613.0, 614.0, 615.0, 616.0, 617.0, 618.0, 618.0, 619.0, 620.0, 621.0, 622.0, 623.0, 624.0, 625.0, 626.0, 627.0, 628.0, 629.0, 630.0, 631.0, 632.0, 633.0, 634.0, 635.0, 636.0, 637.0, 638.0, 639.0, 640.0, 641.0, 642.0, 643.0, 644.0, 645.0, 646.0, 647.0, 648.0, 649.0, 650.0, 651.0, 652.0, 653.0, 653.0, 653.0, 653.0], "avg_cpu": [0.20771452145214522, 0.5363036303630363, 0.4966996699669967, 0.5420792079207921, 0.5387788778877888, 0.5115511551155115, 0.5354785478547854, 0.5346534653465347, 0.5338283828382838, 0.5272277227722773, 0.5264026402640264, 0.5255775577557755, 0.533003300330033, 0.5478547854785478, 0.5511551155115512, 0.5387788778877888, 0.5420792079207921, 0.5338283828382838, 0.5511551155115512, 0.5420792079207921, 0.5404290429042904, 0.5371287128712872, 0.5074257425742574, 0.5544554455445545, 0.5354785478547854, 0.5668316831683168, 0.570957095709571, 0.5486798679867987, 0.5338283828382838, 0.5627062706270627, 0.584983498349835, 0.5874587458745875, 0.5792079207920792, 0.5651815181518152, 0.6006600660066007, 0.5841584158415841, 0.6105610561056105, 0.599009900990099, 0.6105610561056105, 0.5998349834983498, 0.5808580858085809, 0.5932343234323433, 0.594059405940594, 0.5734323432343235, 0.5651815181518152, 0.5585808580858086, 0.6996699669966997, 0.6773927392739274, 0.6229372937293729, 0.6386138613861386, 0.6608910891089109, 0.66996699669967, 0.6575907590759076, 0.6749174917491749, 0.5907590759075908, 0.6221122112211221, 0.6188118811881188, 0.6501650165016502, 0.6749174917491749, 0.6476897689768977, 0.6410891089108911, 0.6377887788778878, 0.5783828382838284, 0.6023102310231023, 0.584983498349835, 0.6460396039603961, 0.5693069306930693, 0.6006600660066007, 0.5866336633663366, 0.5899339933993399, 0.6212871287128713, 0.5693069306930693, 0.5602310231023102, 0.5536303630363036, 0.5759075907590759, 0.5734323432343235, 0.5717821782178217, 0.5445544554455446, 0.5495049504950495, 0.556930693069307, 0.5462046204620462, 0.5759075907590759, 0.5759075907590759, 0.584983498349835, 0.5734323432343235, 0.5783828382838284, 0.5635313531353136, 0.5915841584158416, 0.5792079207920792, 0.5643564356435643, 0.5618811881188119, 0.5379537953795379, 0.5627062706270627, 0.6336633663366337, 0.6171617161716172, 0.6254125412541254, 0.6179867986798679, 0.6237623762376238, 0.6435643564356436, 0.6196369636963697, 0.6163366336633663, 0.6179867986798679, 0.6146864686468647, 0.5858085808580858, 0.5924092409240924, 0.5915841584158416, 0.608085808580858, 0.5891089108910891, 0.594059405940594, 0.5775577557755776, 0.6229372937293729, 0.6427392739273927, 0.5948844884488449, 0.5981848184818482, 0.5948844884488449, 0.5957095709570958, 0.5825082508250825, 0.5981848184818482, 0.5833333333333334, 0.599009900990099, 0.5973597359735974, 0.6311881188118812, 0.6155115511551155, 0.6485148514851485, 0.6196369636963697, 0.6386138613861386, 0.6328382838283828, 0.6204620462046204, 0.6534653465346535, 0.6179867986798679, 0.0007880182549504951, 0.0], "avg_mem": [0.018118594436310396, 0.08281478770131771, 0.09342972181551977, 0.08912884333821376, 0.08199121522693997, 0.08583455344070279, 0.08025256222547585, 0.0861090775988287, 0.07942898975109809, 0.08565153733528551, 0.08217423133235725, 0.08620058565153733, 0.0813506588579795, 0.079703513909224, 0.08235724743777452, 0.0825402635431918, 0.08784773060029283, 0.08583455344070279, 0.08473645680819912, 0.08674963396778916, 0.0841874084919473, 0.08647510980966325, 0.08931185944363104, 0.08702415812591507, 0.087298682284041, 0.08437042459736457, 0.08409590043923865, 0.08354685212298682, 0.08519399707174231, 0.08958638360175696, 0.09370424597364568, 0.08711566617862372, 0.09013543191800878, 0.08803074670571011, 0.08986090775988287, 0.08583455344070279, 0.08638360175695461, 0.09315519765739386, 0.08565153733528551, 0.0853770131771596, 0.09150805270863836, 0.08739019033674963, 0.08784773060029283, 0.09718155197657394, 0.09196559297218156, 0.08510248901903368, 0.0904099560761347, 0.09644948755490483, 0.09370424597364568, 0.08684114202049781, 0.09187408491947291, 0.08793923865300146, 0.08793923865300146, 0.08912884333821376, 0.09022693997071743, 0.0904099560761347, 0.0904099560761347, 0.09260614934114202, 0.08702415812591507, 0.09095900439238654, 0.09068448023426061, 0.09095900439238654, 0.09571742313323572, 0.08775622254758418, 0.08739019033674963, 0.08784773060029283, 0.08363836017569547, 0.08940336749633968, 0.09480234260614934, 0.09224011713030747, 0.09251464128843338, 0.08949487554904832, 0.08501098096632503, 0.09004392386530015, 0.0849194729136164, 0.08684114202049781, 0.08446193265007321, 0.08693265007320644, 0.08739019033674963, 0.08857979502196194, 0.09553440702781844, 0.08574304538799414, 0.08949487554904832, 0.07595168374816984, 0.09425329428989751, 0.08464494875549049, 0.08839677891654465, 0.08272327964860908, 0.08629209370424597, 0.08812225475841874, 0.08674963396778916, 0.08903733528550513, 0.08308931185944363, 0.09956076134699854, 0.08739019033674963, 0.08702415812591507, 0.08857979502196194, 0.09050146412884334, 0.08931185944363104, 0.08180819912152269, 0.08821376281112737, 0.082997803806735, 0.08583455344070279, 0.08739019033674963, 0.08766471449487555, 0.09004392386530015, 0.08803074670571011, 0.0853770131771596, 0.08629209370424597, 0.08592606149341142, 0.08784773060029283, 0.08894582723279648, 0.08647510980966325, 0.0923316251830161, 0.09059297218155198, 0.08748169838945827, 0.08748169838945827, 0.08620058565153733, 0.08958638360175696, 0.08976939970717424, 0.08775622254758418, 0.09187408491947291, 0.0861090775988287, 0.08976939970717424, 0.08546852122986823, 0.08912884333821376, 0.08949487554904832, 0.08885431918008785, 0.06963762811127379, 0.09224011713030747, 0.0011838854319180087, 0.0006233986090775988]}