{"time": [5757.0, 5757.0, 5757.0, 5758.0, 5758.0, 5758.0, 5758.0, 5759.0, 5759.0, 5759.0, 5759.0, 5760.0, 5761.0, 5761.0, 5762.0, 5763.0, 5764.0, 5764.0, 5765.0, 5766.0, 5767.0, 5768.0, 5769.0, 5770.0, 5771.0, 5772.0, 5773.0, 5774.0, 5775.0, 5776.0, 5777.0, 5778.0, 5779.0, 5780.0, 5781.0, 5782.0, 5783.0, 5784.0, 5785.0, 5786.0, 5787.0, 5788.0, 5789.0, 5790.0, 5791.0, 5792.0, 5793.0, 5794.0, 5795.0, 5796.0, 5797.0, 5798.0, 5799.0, 5800.0, 5801.0, 5802.0, 5803.0, 5804.0, 5805.0, 5806.0, 5807.0, 5808.0, 5809.0, 5810.0, 5811.0, 5812.0, 5813.0, 5814.0, 5815.0, 5816.0, 5817.0, 5818.0, 5819.0, 5820.0, 5821.0, 5822.0, 5823.0, 5824.0, 5825.0, 5826.0, 5827.0, 5828.0, 5829.0, 5830.0, 5831.0, 5832.0, 5833.0, 5834.0, 5835.0, 5836.0, 5837.0, 5838.0, 5839.0, 5840.0, 5841.0, 5842.0, 5843.0, 5844.0, 5845.0, 5846.0, 5846.0, 5846.0, 5846.0], "avg_cpu": [0.0, 0.0625, 0.15782828282828282, 0.13746843434343434, 0.10053661616161616, 0.0037730823863636365, 0.005790325126262626, 0.003980232007575758, 0.37941919191919193, 0.43813131313131315, 0.5050505050505051, 0.49053030303030304, 0.5012626262626263, 0.6079545454545454, 0.6029040404040404, 0.6016414141414141, 0.6167929292929293, 0.7323232323232324, 0.7285353535353535, 0.7285353535353535, 0.7247474747474747, 0.7335858585858586, 0.7348484848484849, 0.7285353535353535, 0.7133838383838383, 0.7234848484848485, 0.7222222222222222, 0.7247474747474747, 0.726010101010101, 0.7272727272727273, 0.7348484848484849, 0.7247474747474747, 0.7285353535353535, 0.7348484848484849, 0.7222222222222222, 0.7222222222222222, 0.7348484848484849, 0.726010101010101, 0.7323232323232324, 0.7285353535353535, 0.7297979797979798, 0.7323232323232324, 0.7247474747474747, 0.7323232323232324, 0.7272727272727273, 0.7297979797979798, 0.7310606060606061, 0.7310606060606061, 0.7335858585858586, 0.7297979797979798, 0.7310606060606061, 0.7285353535353535, 0.7297979797979798, 0.7323232323232324, 0.7297979797979798, 0.7323232323232324, 0.726010101010101, 0.7247474747474747, 0.7285353535353535, 0.7196969696969697, 0.7335858585858586, 0.7285353535353535, 0.7310606060606061, 0.7323232323232324, 0.7310606060606061, 0.7310606060606061, 0.7335858585858586, 0.7297979797979798, 0.7310606060606061, 0.7335858585858586, 0.7247474747474747, 0.7247474747474747, 0.7285353535353535, 0.7272727272727273, 0.726010101010101, 0.7323232323232324, 0.7222222222222222, 0.7146464646464646, 0.7171717171717171, 0.7222222222222222, 0.7348484848484849, 0.726010101010101, 0.7159090909090909, 0.7209595959595959, 0.7310606060606061, 0.7209595959595959, 0.726010101010101, 0.7348484848484849, 0.7234848484848485, 0.7159090909090909, 0.7209595959595959, 0.7272727272727273, 0.7335858585858586, 0.7335858585858586, 0.7196969696969697, 0.7272727272727273, 0.7234848484848485, 0.7184343434343434, 0.5871212121212122, 0.00874960542929293, 0.0013020833333333333, 0.00043402777777777775, 0.001953125], "avg_mem": [2.859626647144949e-06, 0.007046120058565154, 0.007881131039531478, 0.008098462664714494, 0.007137628111273792, 6.577141288433382e-05, 0.007046120058565154, 0.012879758418740849, 0.018301610541727673, 0.016928989751098095, 0.017912701317715957, 0.01624267935578331, 0.016379941434846265, 0.016379941434846265, 0.016814604685212297, 0.016357064421669107, 0.01672309663250366, 0.017089128843338214, 0.016700219619326502, 0.016906112737920937, 0.016928989751098095, 0.016608711566617862, 0.017066251830161056, 0.01633418740849195, 0.020772327964860907, 0.01663158857979502, 0.016540080527086384, 0.01674597364568082, 0.017455161054172767, 0.016585834553440704, 0.016357064421669107, 0.016562957540263542, 0.01667734260614934, 0.01688323572474378, 0.01676885065885798, 0.01663158857979502, 0.019193814055636894, 0.017363653001464127, 0.01683748169838946, 0.016540080527086384, 0.016928989751098095, 0.01683748169838946, 0.016814604685212297, 0.01722639092240117, 0.016906112737920937, 0.016860358711566617, 0.016265556368960467, 0.01674597364568082, 0.01672309663250366, 0.016814604685212297, 0.016425695461200585, 0.016494326500732064, 0.01676885065885798, 0.016974743777452415, 0.016425695461200585, 0.01683748169838946, 0.016540080527086384, 0.016585834553440704, 0.016974743777452415, 0.017066251830161056, 0.01722639092240117, 0.01679172767203514, 0.01676885065885798, 0.017020497803806735, 0.01672309663250366, 0.01676885065885798, 0.016562957540263542, 0.01674597364568082, 0.017043374816983894, 0.016700219619326502, 0.016700219619326502, 0.016906112737920937, 0.01676885065885798, 0.017523792093704246, 0.01676885065885798, 0.016951866764275257, 0.01667734260614934, 0.01624267935578331, 0.016974743777452415, 0.01827873352855051, 0.016654465592972182, 0.017066251830161056, 0.017112005856515372, 0.017203513909224012, 0.016494326500732064, 0.016814604685212297, 0.016585834553440704, 0.017157759882869692, 0.017066251830161056, 0.01672309663250366, 0.017020497803806735, 0.01667734260614934, 0.016928989751098095, 0.016974743777452415, 0.016608711566617862, 0.017112005856515372, 0.016997620790629574, 0.016860358711566617, 0.015808016105417277, 0.013245790629575403, 0.012490849194729136, 0.012490849194729136, 0.00013154282576866765]}