{"time": [1718.0, 1719.0, 1719.0, 1719.0, 1719.0, 1719.0, 1720.0, 1720.0, 1721.0, 1722.0, 1723.0, 1723.0, 1724.0, 1725.0, 1726.0, 1726.0, 1727.0, 1728.0, 1728.0, 1729.0, 1730.0, 1731.0, 1732.0, 1733.0, 1734.0, 1735.0, 1735.0, 1736.0, 1737.0, 1738.0, 1738.0, 1739.0, 1740.0, 1741.0, 1742.0, 1743.0, 1744.0, 1745.0, 1746.0, 1747.0, 1748.0, 1749.0, 1750.0, 1751.0, 1752.0, 1753.0, 1754.0, 1755.0, 1756.0, 1757.0, 1758.0, 1759.0, 1760.0, 1761.0, 1762.0, 1763.0, 1764.0, 1765.0, 1766.0, 1767.0, 1768.0, 1769.0, 1770.0, 1771.0, 1772.0, 1773.0, 1774.0, 1775.0, 1776.0, 1777.0, 1778.0, 1779.0, 1780.0, 1781.0, 1782.0, 1783.0, 1784.0, 1785.0, 1786.0, 1787.0, 1788.0, 1789.0, 1790.0, 1791.0, 1792.0, 1793.0, 1794.0, 1795.0, 1796.0, 1797.0, 1798.0, 1799.0, 1800.0, 1800.0, 1800.0, 1800.0], "avg_cpu": [0.14377062706270627, 0.2372112211221122, 0.24587458745874588, 0.2999174917491749, 0.26526402640264024, 0.2623762376237624, 0.24917491749174916, 0.2306105610561056, 0.23597359735973597, 0.2566006600660066, 0.3023927392739274, 0.3584983498349835, 0.32054455445544555, 0.3358085808580858, 0.3927392739273927, 0.5057755775577558, 0.46534653465346537, 0.4752475247524752, 0.46534653465346537, 0.4760726072607261, 0.5239273927392739, 0.5041254125412541, 0.5668316831683168, 0.46947194719471946, 0.47112211221122113, 0.4966996699669967, 0.5577557755775577, 0.5899339933993399, 0.5602310231023102, 0.5544554455445545, 0.556930693069307, 0.5495049504950495, 0.556930693069307, 0.5511551155115512, 0.5668316831683168, 0.5882838283828383, 0.6105610561056105, 0.566006600660066, 0.6287128712871287, 0.5643564356435643, 0.5577557755775577, 0.6155115511551155, 0.5651815181518152, 0.5552805280528053, 0.5841584158415841, 0.5915841584158416, 0.594059405940594, 0.5759075907590759, 0.5833333333333334, 0.6089108910891089, 0.5858085808580858, 0.5825082508250825, 0.5891089108910891, 0.5676567656765676, 0.5816831683168316, 0.5998349834983498, 0.5693069306930693, 0.6204620462046204, 0.6245874587458746, 0.566006600660066, 0.5577557755775577, 0.5610561056105611, 0.5561056105610561, 0.5932343234323433, 0.5973597359735974, 0.6254125412541254, 0.6039603960396039, 0.6031353135313532, 0.6105610561056105, 0.5833333333333334, 0.5932343234323433, 0.6138613861386139, 0.5841584158415841, 0.6064356435643564, 0.5676567656765676, 0.5882838283828383, 0.5957095709570958, 0.6031353135313532, 0.5816831683168316, 0.6848184818481848, 0.6749174917491749, 0.5907590759075908, 0.5544554455445545, 0.5734323432343235, 0.5816831683168316, 0.6122112211221122, 0.6023102310231023, 0.5594059405940595, 0.5478547854785478, 0.5544554455445545, 0.5651815181518152, 0.570957095709571, 0.27145214521452143, 0.0013020833333333333, 0.0008669812293729373, 0.0008669812293729373], "avg_mem": [0.007126189604685212, 0.009150805270863836, 0.008796211566617862, 0.008693265007320644, 0.008578879941434846, 0.008407302342606148, 0.008430179355783309, 0.008487371888726208, 0.008464494875549048, 0.008761896046852123, 0.008899158125915081, 0.008784773060029283, 0.008578879941434846, 0.008613195461200585, 0.008784773060029283, 0.009196559297218155, 0.008624633967789166, 0.008636072474377745, 0.008784773060029283, 0.008647510980966324, 0.008716142020497804, 0.008590318448023425, 0.008590318448023425, 0.008670387994143484, 0.008521687408491947, 0.008578879941434846, 0.008498810395314787, 0.008796211566617862, 0.00891059663250366, 0.008658949487554905, 0.008773334553440702, 0.008658949487554905, 0.00886484260614934, 0.008647510980966324, 0.008670387994143484, 0.008567441434846267, 0.008658949487554905, 0.008841965592972182, 0.0088877196193265, 0.008796211566617862, 0.008681826500732064, 0.008876281112737921, 0.008636072474377745, 0.008590318448023425, 0.008533125915080528, 0.008681826500732064, 0.008807650073206443, 0.008727580527086384, 0.009173682284040996, 0.008658949487554905, 0.00891059663250366, 0.008590318448023425, 0.009082174231332358, 0.008590318448023425, 0.0088877196193265, 0.008819088579795022, 0.00899066617862372, 0.008601756954612006, 0.008407302342606148, 0.008681826500732064, 0.008899158125915081, 0.008624633967789166, 0.008544564421669107, 0.008819088579795022, 0.008841965592972182, 0.00893347364568082, 0.008807650073206443, 0.00892203513909224, 0.008807650073206443, 0.008727580527086384, 0.008544564421669107, 0.008613195461200585, 0.008899158125915081, 0.008784773060029283, 0.00886484260614934, 0.008658949487554905, 0.008739019033674963, 0.008567441434846267, 0.008658949487554905, 0.00886484260614934, 0.008761896046852123, 0.008624633967789166, 0.008533125915080528, 0.008613195461200585, 0.008819088579795022, 0.008773334553440702, 0.008739019033674963, 0.00891059663250366, 0.008556002928257686, 0.008841965592972182, 0.00886484260614934, 0.008784773060029283, 0.007938323572474378, 0.007755307467057101, 0.007755307467057101, 6.577141288433382e-05]}