{"time": [1718.0, 1719.0, 1719.0, 1719.0, 1719.0, 1719.0, 1720.0, 1720.0, 1721.0, 1722.0, 1722.0, 1723.0, 1724.0, 1724.0, 1725.0, 1726.0, 1727.0, 1728.0, 1729.0, 1729.0, 1730.0, 1731.0, 1732.0, 1732.0, 1733.0, 1734.0, 1735.0, 1736.0, 1737.0, 1738.0, 1738.0, 1739.0, 1740.0, 1741.0, 1742.0, 1743.0, 1744.0, 1745.0, 1746.0, 1747.0, 1748.0, 1749.0, 1750.0, 1751.0, 1752.0, 1753.0, 1754.0, 1755.0, 1756.0, 1757.0, 1758.0, 1759.0, 1760.0, 1761.0, 1762.0, 1763.0, 1764.0, 1765.0, 1766.0, 1767.0, 1768.0, 1769.0, 1770.0, 1771.0, 1772.0, 1773.0, 1774.0, 1775.0, 1776.0, 1777.0, 1778.0, 1779.0, 1780.0, 1781.0, 1782.0, 1783.0, 1784.0, 1785.0, 1786.0, 1787.0, 1788.0, 1789.0, 1790.0, 1791.0, 1792.0, 1793.0, 1794.0, 1795.0, 1796.0, 1797.0, 1798.0, 1799.0, 1800.0, 1800.0, 1800.0, 1800.0], "avg_cpu": [0.15305280528052806, 0.2372112211221122, 0.2330858085808581, 0.28795379537953797, 0.2986798679867987, 0.32466996699669964, 0.31435643564356436, 0.3589108910891089, 0.29042904290429045, 0.3015676567656766, 0.5024752475247525, 0.429042904290429, 0.38613861386138615, 0.3997524752475248, 0.46534653465346537, 0.43564356435643564, 0.4005775577557756, 0.4240924092409241, 0.43481848184818483, 0.5272277227722773, 0.5825082508250825, 0.5651815181518152, 0.5552805280528053, 0.5717821782178217, 0.5297029702970297, 0.533003300330033, 0.5305280528052805, 0.5651815181518152, 0.5717821782178217, 0.5792079207920792, 0.6089108910891089, 0.5899339933993399, 0.6221122112211221, 0.570957095709571, 0.5899339933993399, 0.5767326732673267, 0.5767326732673267, 0.5882838283828383, 0.5874587458745875, 0.6551155115511551, 0.6856435643564357, 0.6295379537953796, 0.6056105610561056, 0.6031353135313532, 0.6229372937293729, 0.5957095709570958, 0.6089108910891089, 0.6493399339933993, 0.5948844884488449, 0.6435643564356436, 0.6146864686468647, 0.5858085808580858, 0.5750825082508251, 0.6006600660066007, 0.6047854785478548, 0.5915841584158416, 0.5948844884488449, 0.6353135313531353, 0.6287128712871287, 0.5973597359735974, 0.5750825082508251, 0.6146864686468647, 0.6138613861386139, 0.6344884488448845, 0.5981848184818482, 0.665016501650165, 0.6897689768976898, 0.6163366336633663, 0.6262376237623762, 0.6006600660066007, 0.5948844884488449, 0.5775577557755776, 0.6394389438943895, 0.6452145214521452, 0.6287128712871287, 0.6551155115511551, 0.6608910891089109, 0.6567656765676567, 0.5932343234323433, 0.6262376237623762, 0.5957095709570958, 0.5891089108910891, 0.5767326732673267, 0.5874587458745875, 0.5701320132013201, 0.66996699669967, 0.6806930693069307, 0.5965346534653465, 0.6138613861386139, 0.6410891089108911, 0.6600660066006601, 0.6435643564356436, 0.2995049504950495, 0.010416666666666666, 0.003036045792079208, 0.00043349061468646863], "avg_mem": [0.008201409224011713, 0.00833867130307467, 0.008327232796486091, 0.008681826500732064, 0.008498810395314787, 0.008304355783308931, 0.00844161786237189, 0.008624633967789166, 0.008796211566617862, 0.00841874084919473, 0.008876281112737921, 0.008681826500732064, 0.008761896046852123, 0.008636072474377745, 0.008704703513909224, 0.008681826500732064, 0.00891059663250366, 0.008624633967789166, 0.00837298682284041, 0.008647510980966324, 0.008773334553440702, 0.00886484260614934, 0.008830527086383601, 0.009310944363103953, 0.008750457540263544, 0.00899066617862372, 0.009299505856515374, 0.008739019033674963, 0.00953971449487555, 0.008670387994143484, 0.008510248901903368, 0.008647510980966324, 0.009379575402635431, 0.008853404099560761, 0.00891059663250366, 0.008761896046852123, 0.008716142020497804, 0.00892203513909224, 0.008727580527086384, 0.008784773060029283, 0.0088877196193265, 0.008819088579795022, 0.008613195461200585, 0.00886484260614934, 0.008784773060029283, 0.008899158125915081, 0.008761896046852123, 0.008841965592972182, 0.008807650073206443, 0.008739019033674963, 0.008761896046852123, 0.008830527086383601, 0.008796211566617862, 0.008704703513909224, 0.008647510980966324, 0.008841965592972182, 0.008819088579795022, 0.008819088579795022, 0.008796211566617862, 0.008704703513909224, 0.00891059663250366, 0.008739019033674963, 0.008876281112737921, 0.008716142020497804, 0.008773334553440702, 0.00886484260614934, 0.008841965592972182, 0.008956350658857979, 0.008819088579795022, 0.008784773060029283, 0.008761896046852123, 0.008876281112737921, 0.0088877196193265, 0.008716142020497804, 0.008819088579795022, 0.008727580527086384, 0.008841965592972182, 0.009036420204978038, 0.008899158125915081, 0.008750457540263544, 0.008819088579795022, 0.008841965592972182, 0.008704703513909224, 0.008830527086383601, 0.008796211566617862, 0.008819088579795022, 0.008819088579795022, 0.00896778916544656, 0.00886484260614934, 0.00886484260614934, 0.008819088579795022, 0.008693265007320644, 0.008075585651537336, 0.007046120058565154, 0.007034681551976574, 7.435029282576867e-05]}