{"time": [530.0, 530.0, 531.0, 531.0, 532.0, 533.0, 534.0, 535.0, 535.0, 535.0, 535.0, 552.0, 553.0, 554.0, 555.0, 556.0, 556.0, 557.0, 558.0, 559.0, 560.0, 561.0, 562.0, 563.0, 564.0, 565.0, 566.0, 567.0, 568.0, 569.0, 570.0, 571.0, 571.0, 572.0, 572.0, 572.0, 576.0, 577.0, 578.0, 579.0, 580.0, 581.0, 582.0, 583.0, 584.0, 585.0, 586.0, 587.0, 588.0, 589.0, 590.0, 591.0, 592.0, 593.0, 594.0, 595.0, 596.0, 597.0, 598.0, 599.0, 600.0, 601.0, 602.0, 603.0, 604.0, 605.0, 606.0, 607.0, 608.0, 609.0, 610.0, 611.0, 612.0, 613.0, 614.0, 615.0, 616.0, 617.0, 618.0, 619.0, 620.0, 621.0, 622.0, 623.0, 624.0, 625.0, 626.0, 627.0, 628.0, 629.0, 630.0, 631.0, 632.0, 633.0, 634.0, 635.0, 636.0, 637.0, 638.0, 639.0, 640.0, 641.0, 642.0, 643.0, 644.0, 645.0, 646.0, 647.0, 648.0, 649.0, 650.0, 651.0, 652.0, 653.0, 653.0, 653.0, 653.0], "avg_cpu": [0.39600550964187325, 0.4022038567493113, 0.6604683195592287, 0.4690082644628099, 0.5041322314049587, 0.5006887052341598, 0.5241046831955923, 0.5771349862258953, 0.5853994490358126, 0.0, 0.0, 0.5420792079207921, 0.6171617161716172, 0.5965346534653465, 0.5907590759075908, 0.5874587458745875, 0.5750825082508251, 0.599009900990099, 0.5775577557755776, 0.584983498349835, 0.5924092409240924, 0.599009900990099, 0.5948844884488449, 0.5932343234323433, 0.5981848184818482, 0.6039603960396039, 0.5305280528052805, 0.6237623762376238, 0.58003300330033, 0.5627062706270627, 0.5635313531353136, 0.6163366336633663, 0.5445544554455446, 0.5495049504950495, 0.0025590449669966996, 0.0, 0.0014019956683168316, 0.6262376237623762, 0.5528052805280528, 0.5759075907590759, 0.6105610561056105, 0.6113861386138614, 0.5511551155115512, 0.5998349834983498, 0.5462046204620462, 0.5618811881188119, 0.5602310231023102, 0.509075907590759, 0.518976897689769, 0.4884488448844885, 0.5948844884488449, 0.6427392739273927, 0.6600660066006601, 0.6831683168316832, 0.6394389438943895, 0.6947194719471947, 0.6493399339933993, 0.6600660066006601, 0.6600660066006601, 0.6179867986798679, 0.6608910891089109, 0.6996699669966997, 0.6056105610561056, 0.5387788778877888, 0.5759075907590759, 0.5998349834983498, 0.6072607260726073, 0.6089108910891089, 0.5973597359735974, 0.6138613861386139, 0.6155115511551155, 0.608085808580858, 0.6113861386138614, 0.6361386138613861, 0.5478547854785478, 0.5544554455445545, 0.5816831683168316, 0.5932343234323433, 0.5858085808580858, 0.5858085808580858, 0.5726072607260726, 0.5775577557755776, 0.5932343234323433, 0.5965346534653465, 0.6039603960396039, 0.6171617161716172, 0.5816831683168316, 0.5833333333333334, 0.5792079207920792, 0.5907590759075908, 0.5907590759075908, 0.5792079207920792, 0.5701320132013201, 0.6039603960396039, 0.5907590759075908, 0.6014851485148515, 0.6171617161716172, 0.6245874587458746, 0.5874587458745875, 0.6072607260726073, 0.5981848184818482, 0.599009900990099, 0.6039603960396039, 0.5957095709570958, 0.5866336633663366, 0.5635313531353136, 0.613036303630363, 0.5668316831683168, 0.5577557755775577, 0.5668316831683168, 0.5429042904290429, 0.5503300330033003, 0.5503300330033003, 0.5437293729372937, 0.5338283828382838, 0.00034647019389438946, 0.0], "avg_mem": [0.02184754758418741, 0.04877379209370425, 0.045113469985358715, 0.04177342606149341, 0.04456442166910688, 0.04369509516837482, 0.04355783308931186, 0.04085834553440703, 0.04163616398243045, 0.0009579749267935578, 0.00036603221083455345, 0.038204612005856516, 0.04428989751098097, 0.04479319180087848, 0.04415263543191801, 0.044518667642752564, 0.04186493411420205, 0.045616764275256225, 0.04566251830161054, 0.044427159590043924, 0.045937042459736455, 0.046211566617862375, 0.04319180087847731, 0.04996339677891654, 0.045616764275256225, 0.046440336749633965, 0.046211566617862375, 0.04525073206442167, 0.043420571010248904, 0.047035139092240115, 0.0455710102489019, 0.044335651537335284, 0.04776720351390922, 0.04159040995607614, 0.0010237463396778916, 0.0004947154099560761, 0.005244555270863836, 0.08528550512445095, 0.09251464128843338, 0.09333821376281112, 0.09004392386530015, 0.08711566617862372, 0.08821376281112737, 0.08885431918008785, 0.08876281112737922, 0.09004392386530015, 0.08629209370424597, 0.09050146412884334, 0.08912884333821376, 0.08629209370424597, 0.09031844802342606, 0.08711566617862372, 0.09388726207906296, 0.0935212298682284, 0.09169106881405564, 0.09123352855051245, 0.08876281112737922, 0.08867130307467057, 0.08784773060029283, 0.09105051244509517, 0.09141654465592972, 0.09004392386530015, 0.08519399707174231, 0.08784773060029283, 0.09050146412884334, 0.08739019033674963, 0.08693265007320644, 0.08894582723279648, 0.08565153733528551, 0.08739019033674963, 0.0904099560761347, 0.08821376281112737, 0.08903733528550513, 0.095900439238653, 0.08821376281112737, 0.08793923865300146, 0.08748169838945827, 0.08857979502196194, 0.087298682284041, 0.09095900439238654, 0.08885431918008785, 0.091599560761347, 0.09260614934114202, 0.08848828696925329, 0.08848828696925329, 0.09214860907759882, 0.0892203513909224, 0.09077598828696926, 0.0923316251830161, 0.08867130307467057, 0.09214860907759882, 0.09224011713030747, 0.08857979502196194, 0.08674963396778916, 0.08793923865300146, 0.09425329428989751, 0.08958638360175696, 0.08876281112737922, 0.08793923865300146, 0.09123352855051245, 0.08986090775988287, 0.08739019033674963, 0.09086749633967789, 0.08784773060029283, 0.08757320644216691, 0.08821376281112737, 0.08848828696925329, 0.08711566617862372, 0.08720717423133235, 0.08986090775988287, 0.08693265007320644, 0.08647510980966325, 0.08739019033674963, 0.08501098096632503, 0.08217423133235725, 0.0009608345534407028, 0.000617679355783309]}