{"time": [530.0, 530.0, 531.0, 531.0, 532.0, 533.0, 534.0, 535.0, 536.0, 537.0, 538.0, 539.0, 540.0, 540.0, 541.0, 542.0, 543.0, 544.0, 545.0, 546.0, 547.0, 548.0, 549.0, 550.0, 551.0, 552.0, 553.0, 554.0, 555.0, 556.0, 556.0, 557.0, 558.0, 559.0, 560.0, 561.0, 562.0, 563.0, 564.0, 565.0, 566.0, 567.0, 568.0, 569.0, 570.0, 571.0, 571.0, 572.0, 572.0, 572.0, 581.0, 582.0, 582.0, 583.0, 583.0, 583.0, 583.0, 584.0, 585.0, 585.0, 585.0, 585.0, 585.0, 586.0, 587.0, 588.0, 589.0, 590.0, 591.0, 592.0, 593.0, 594.0, 595.0, 595.0, 596.0, 596.0, 596.0, 596.0, 597.0, 598.0, 599.0, 600.0, 601.0, 602.0, 603.0, 604.0, 605.0, 606.0, 607.0, 608.0, 609.0, 610.0, 611.0, 612.0, 613.0, 614.0, 614.0, 614.0, 614.0, 614.0, 615.0, 616.0, 616.0, 617.0, 618.0, 619.0, 620.0, 621.0, 622.0, 623.0, 624.0, 625.0, 626.0, 627.0, 628.0, 629.0, 630.0, 631.0, 632.0, 633.0, 634.0, 635.0, 636.0, 637.0, 638.0, 639.0, 640.0, 641.0, 642.0, 643.0, 644.0, 645.0, 646.0, 647.0, 648.0, 649.0, 650.0, 650.0, 650.0, 650.0, 651.0, 652.0, 653.0, 653.0, 653.0, 653.0], "avg_cpu": [0.1582095709570957, 0.5437293729372937, 0.45544554455445546, 0.5585808580858086, 0.5297029702970297, 0.5511551155115512, 0.5668316831683168, 0.5643564356435643, 0.5767326732673267, 0.570957095709571, 0.570957095709571, 0.5602310231023102, 0.6328382838283828, 0.5206270627062707, 0.5412541254125413, 0.5387788778877888, 0.5511551155115512, 0.5363036303630363, 0.5841584158415841, 0.5478547854785478, 0.5734323432343235, 0.5264026402640264, 0.5437293729372937, 0.5726072607260726, 0.599009900990099, 0.5602310231023102, 0.5255775577557755, 0.5033003300330033, 0.584983498349835, 0.5585808580858086, 0.6608910891089109, 0.5478547854785478, 0.5775577557755776, 0.5981848184818482, 0.5907590759075908, 0.5858085808580858, 0.6113861386138614, 0.6056105610561056, 0.6097359735973598, 0.5511551155115512, 0.5511551155115512, 0.5726072607260726, 0.5462046204620462, 0.5429042904290429, 0.5379537953795379, 0.5346534653465347, 0.4909240924092409, 0.6947194719471947, 0.0, 0.0, 0.29443359375, 0.30908203125, 0.2958984375, 0.2978515625, 0.1082763671875, 0.0, 0.359375, 0.37451171875, 0.3857421875, 0.37158203125, 0.0, 0.0, 0.6179867986798679, 0.5882838283828383, 0.6245874587458746, 0.594059405940594, 0.5528052805280528, 0.5858085808580858, 0.6097359735973598, 0.5412541254125413, 0.5453795379537953, 0.584983498349835, 0.5957095709570958, 0.5841584158415841, 0.5981848184818482, 0.0003255208333333333, 0.0, 0.5371287128712872, 0.5874587458745875, 0.5858085808580858, 0.594059405940594, 0.5948844884488449, 0.5907590759075908, 0.5750825082508251, 0.5577557755775577, 0.5742574257425742, 0.5882838283828383, 0.5932343234323433, 0.5544554455445545, 0.5816831683168316, 0.5858085808580858, 0.5841584158415841, 0.5808580858085809, 0.5932343234323433, 0.5907590759075908, 0.5396039603960396, 0.5668316831683168, 0.04656559405940594, 0.0, 0.5206270627062707, 0.5783828382838284, 0.5627062706270627, 0.5825082508250825, 0.6014851485148515, 0.6179867986798679, 0.6336633663366337, 0.641914191419142, 0.6344884488448845, 0.6443894389438944, 0.650990099009901, 0.6485148514851485, 0.6476897689768977, 0.6493399339933993, 0.6501650165016502, 0.6526402640264026, 0.6485148514851485, 0.650990099009901, 0.6518151815181518, 0.655940594059406, 0.6443894389438944, 0.6534653465346535, 0.6476897689768977, 0.6526402640264026, 0.6493399339933993, 0.6443894389438944, 0.6501650165016502, 0.6460396039603961, 0.6344884488448845, 0.6278877887788779, 0.6105610561056105, 0.6122112211221122, 0.6188118811881188, 0.5858085808580858, 0.6295379537953796, 0.6443894389438944, 0.6402640264026402, 0.6468646864686468, 0.0, 0.0, 0.5750825082508251, 0.6311881188118812, 0.6287128712871287, 0.5792079207920792, 0.5874587458745875, 0.0, 0.0], "avg_mem": [0.008270040263543192, 0.04785871156661786, 0.046714860907759885, 0.042230966325036604, 0.04278001464128843, 0.04410688140556369, 0.04213945827232796, 0.044838945827232794, 0.044244143484626644, 0.04191068814055637, 0.04300878477306003, 0.04456442166910688, 0.04479319180087848, 0.044244143484626644, 0.04310029282576867, 0.0446101756954612, 0.043329062957540264, 0.04159040995607614, 0.04415263543191801, 0.04305453879941435, 0.04172767203513909, 0.0436493411420205, 0.042734260614934114, 0.04305453879941435, 0.04319180087847731, 0.04305453879941435, 0.04387811127379209, 0.04378660322108346, 0.044518667642752564, 0.04346632503660322, 0.04758418740849195, 0.04172767203513909, 0.0424597364568082, 0.04296303074670571, 0.042322474377745244, 0.04488469985358712, 0.044518667642752564, 0.04378660322108346, 0.04241398243045388, 0.04410688140556369, 0.043832357247437774, 0.0424597364568082, 0.04387811127379209, 0.04369509516837482, 0.04300878477306003, 0.04515922401171303, 0.04296303074670571, 0.044335651537335284, 0.0006891700219619326, 0.000334576317715959, 0.026824951171875, 0.0272216796875, 0.0284423828125, 0.024810791015625, 0.0016651153564453125, 0.00083160400390625, 0.028564453125, 0.031494140625, 0.030975341796875, 0.0289306640625, 0.0004863739013671875, 0.000286102294921875, 0.02955710102489019, 0.04213945827232796, 0.04241398243045388, 0.04209370424597365, 0.04255124450951684, 0.04204795021961932, 0.042825768667642754, 0.04369509516837482, 0.0414989019033675, 0.042917276720351394, 0.043329062957540264, 0.04177342606149341, 0.04017203513909224, 0.001509882869692533, 0.0006834507686676427, 0.04250549048316252, 0.043146046852122984, 0.04213945827232796, 0.042322474377745244, 0.04255124450951684, 0.04177342606149341, 0.04076683748169839, 0.04538799414348463, 0.042642752562225474, 0.042917276720351394, 0.04227672035139092, 0.041315885797950216, 0.04410688140556369, 0.04236822840409956, 0.04227672035139092, 0.0467606149341142, 0.04227672035139092, 0.04360358711566618, 0.025256222547584188, 0.04520497803806735, 0.001238218338213763, 0.0005862234626647145, 0.042642752562225474, 0.0426885065885798, 0.04529648609077599, 0.04515922401171303, 0.04515922401171303, 0.04438140556368961, 0.04634882869692533, 0.04319180087847731, 0.041407393850658857, 0.04419838945827233, 0.04209370424597365, 0.04378660322108346, 0.04396961932650073, 0.04488469985358712, 0.042825768667642754, 0.04319180087847731, 0.04570827232796486, 0.04259699853587116, 0.04680636896046852, 0.04456442166910688, 0.04355783308931186, 0.04529648609077599, 0.043146046852122984, 0.04067532942898975, 0.04213945827232796, 0.042642752562225474, 0.041819180087847733, 0.04319180087847731, 0.0446101756954612, 0.04255124450951684, 0.042917276720351394, 0.0426885065885798, 0.04278001464128843, 0.0414989019033675, 0.0424597364568082, 0.04410688140556369, 0.042734260614934114, 0.038707906295754026, 0.0004289439970717423, 0.00030026079795021963, 0.03934846266471449, 0.04191068814055637, 0.04305453879941435, 0.03948572474377745, 0.043420571010248904, 0.0005805042093704246, 0.00028882229136163983]}