{"time": [596.0, 597.0, 598.0, 598.0, 599.0, 599.0, 599.0, 599.0, 600.0, 601.0, 602.0, 603.0, 604.0, 605.0, 606.0, 607.0, 608.0, 609.0, 610.0, 611.0, 612.0, 613.0, 614.0, 614.0, 614.0, 614.0, 614.0, 615.0, 615.0, 616.0, 617.0, 618.0, 619.0, 620.0, 620.0, 620.0, 620.0, 626.0, 627.0, 627.0, 627.0, 627.0, 627.0, 628.0, 628.0, 628.0, 628.0, 632.0, 633.0, 634.0, 635.0, 636.0, 637.0, 638.0, 639.0, 640.0, 641.0, 642.0, 643.0, 644.0, 645.0, 646.0, 647.0, 648.0, 649.0, 650.0, 651.0, 652.0, 653.0, 654.0, 655.0, 656.0, 657.0, 658.0, 659.0, 660.0, 661.0, 662.0, 663.0, 664.0, 665.0, 666.0, 667.0, 668.0, 669.0, 670.0, 671.0, 672.0, 673.0, 674.0, 675.0, 676.0, 677.0, 678.0, 679.0, 680.0, 681.0, 682.0, 683.0, 684.0, 685.0, 686.0, 687.0, 688.0, 689.0, 690.0, 691.0, 692.0, 693.0, 694.0, 695.0, 696.0, 697.0, 698.0, 699.0, 700.0, 701.0, 702.0, 703.0, 704.0, 705.0, 706.0, 707.0, 707.0, 707.0, 707.0], "avg_cpu": [0.30859375, 0.31298828125, 0.31787109375, 0.30859375, 0.31982421875, 0.1943359375, 0.0, 0.5984848484848485, 0.5709366391184573, 0.46763085399449034, 0.4786501377410468, 0.528236914600551, 0.5351239669421488, 0.5137741046831956, 0.4889807162534435, 0.5137741046831956, 0.49104683195592286, 0.5867768595041323, 0.6356749311294766, 0.5743801652892562, 0.6267217630853994, 0.6150137741046832, 0.621900826446281, 0.5991735537190083, 0.0, 0.0, 0.0010169163223140497, 0.5681818181818182, 0.6205234159779615, 0.5626721763085399, 0.5488980716253443, 0.5571625344352618, 0.5709366391184573, 0.5599173553719008, 0.5420110192837465, 0.0, 0.0, 0.33154296875, 0.38037109375, 0.36572265625, 0.0701904296875, 0.0, 0.30224609375, 0.40576171875, 0.3935546875, 0.0, 0.0, 0.28589108910891087, 0.8077557755775577, 0.6683168316831684, 0.6212871287128713, 0.6765676567656765, 0.6328382838283828, 0.6179867986798679, 0.6229372937293729, 0.6881188118811881, 0.641914191419142, 0.6287128712871287, 0.650990099009901, 0.6460396039603961, 0.6196369636963697, 0.6823432343234324, 0.6501650165016502, 0.6402640264026402, 0.6196369636963697, 0.6229372937293729, 0.6254125412541254, 0.6196369636963697, 0.740924092409241, 0.858085808580858, 0.716996699669967, 0.740924092409241, 0.6889438943894389, 0.6493399339933993, 0.6163366336633663, 0.6237623762376238, 0.6485148514851485, 0.5866336633663366, 0.594059405940594, 0.566006600660066, 0.6600660066006601, 0.5767326732673267, 0.5948844884488449, 0.6716171617161716, 0.5767326732673267, 0.6113861386138614, 0.6270627062706271, 0.594059405940594, 0.5998349834983498, 0.6674917491749175, 0.6344884488448845, 0.6006600660066007, 0.6575907590759076, 0.6171617161716172, 0.613036303630363, 0.6254125412541254, 0.613036303630363, 0.6361386138613861, 0.6938943894389439, 0.6575907590759076, 0.5948844884488449, 0.5998349834983498, 0.5932343234323433, 0.6188118811881188, 0.5858085808580858, 0.6047854785478548, 0.6287128712871287, 0.594059405940594, 0.6526402640264026, 0.6328382838283828, 0.6303630363036303, 0.6955445544554455, 0.6782178217821783, 0.5742574257425742, 0.6476897689768977, 0.716996699669967, 0.6526402640264026, 0.6295379537953796, 0.6501650165016502, 0.6336633663366337, 0.6287128712871287, 0.6452145214521452, 0.5981848184818482, 0.6204620462046204, 0.3193069306930693, 0.0], "avg_mem": [0.0146026611328125, 0.0142822265625, 0.014923095703125, 0.01617431640625, 0.01519775390625, 0.000530242919921875, 0.000476837158203125, 0.03632869692532943, 0.04470168374816984, 0.043237554904831624, 0.04163616398243045, 0.04305453879941435, 0.04337481698389458, 0.04680636896046852, 0.04296303074670571, 0.04278001464128843, 0.04172767203513909, 0.04191068814055637, 0.04177342606149341, 0.04296303074670571, 0.04488469985358712, 0.04351207906295754, 0.04410688140556369, 0.037106515373352855, 0.000723485541727672, 0.0005318905563689605, 0.0017529511346998537, 0.045525256222547585, 0.049505856515373356, 0.04396961932650073, 0.04428989751098097, 0.04515922401171303, 0.04520497803806735, 0.04657759882869693, 0.042917276720351394, 0.0007549414348462665, 0.0004689787701317716, 0.02972412109375, 0.029052734375, 0.0286865234375, 0.00070953369140625, 0.00026702880859375, 0.022125244140625, 0.04058837890625, 0.03387451171875, 0.002223968505859375, 0.001071929931640625, 0.009059297218155198, 0.04666910688140556, 0.04419838945827233, 0.04538799414348463, 0.04296303074670571, 0.04278001464128843, 0.045433748169838944, 0.04319180087847731, 0.042642752562225474, 0.04584553440702782, 0.04630307467057101, 0.04250549048316252, 0.042734260614934114, 0.04479319180087848, 0.04406112737920937, 0.042917276720351394, 0.042642752562225474, 0.04355783308931186, 0.04035505124450952, 0.04488469985358712, 0.04328330893118595, 0.043420571010248904, 0.04625732064421669, 0.04410688140556369, 0.045433748169838944, 0.04785871156661786, 0.044518667642752564, 0.04355783308931186, 0.042734260614934114, 0.042917276720351394, 0.04506771595900439, 0.04529648609077599, 0.04319180087847731, 0.046211566617862375, 0.044335651537335284, 0.04351207906295754, 0.04387811127379209, 0.04438140556368961, 0.03966874084919473, 0.04616581259150805, 0.0446101756954612, 0.04241398243045388, 0.04515922401171303, 0.044335651537335284, 0.04305453879941435, 0.04369509516837482, 0.04428989751098097, 0.04378660322108346, 0.0424597364568082, 0.04300878477306003, 0.04062957540263543, 0.04406112737920937, 0.043146046852122984, 0.043923865300146414, 0.04428989751098097, 0.04209370424597365, 0.04255124450951684, 0.04406112737920937, 0.042825768667642754, 0.04355783308931186, 0.045021961932650074, 0.04355783308931186, 0.044838945827232794, 0.04369509516837482, 0.04570827232796486, 0.04479319180087848, 0.0424597364568082, 0.04305453879941435, 0.04474743777452416, 0.04278001464128843, 0.04438140556368961, 0.04213945827232796, 0.043923865300146414, 0.047309663250366035, 0.04406112737920937, 0.0446101756954612, 0.045525256222547585, 0.001238218338213763, 0.00046039989019033676]}