{"time": [2505.0, 2506.0, 2507.0, 2507.0, 2507.0, 2507.0, 2508.0, 2509.0, 2510.0, 2511.0, 2512.0, 2513.0, 2514.0, 2515.0, 2515.0, 2516.0, 2516.0, 2516.0, 2516.0, 2517.0, 2518.0, 2519.0, 2520.0, 2521.0, 2522.0, 2523.0, 2523.0, 2524.0, 2525.0, 2526.0, 2527.0, 2528.0, 2529.0, 2530.0, 2531.0, 2532.0, 2533.0, 2534.0, 2535.0, 2536.0, 2537.0, 2538.0, 2539.0, 2540.0, 2541.0, 2542.0, 2543.0, 2544.0, 2544.0, 2544.0, 2544.0], "avg_cpu": [0.5899339933993399, 0.6633663366336634, 0.6600660066006601, 0.6336633663366337, 2.7395317656765676e-05, 0.0, 0.5783828382838284, 0.6938943894389439, 0.6815181518151815, 0.7046204620462047, 0.693069306930693, 0.6773927392739274, 0.6641914191419142, 0.683993399339934, 0.7739273927392739, 0.7632013201320133, 0.0, 0.11365511551155115, 0.5759075907590759, 0.6955445544554455, 0.7062706270627063, 0.6922442244224423, 0.693069306930693, 0.7062706270627063, 0.7277227722772277, 0.6856435643564357, 0.7285478547854786, 0.6221122112211221, 0.6757425742574258, 0.6410891089108911, 0.6518151815181518, 0.6254125412541254, 0.6641914191419142, 0.6815181518151815, 0.6773927392739274, 0.6542904290429042, 0.6831683168316832, 0.7161716171617162, 0.6567656765676567, 0.6658415841584159, 0.6097359735973598, 0.608085808580858, 0.18584983498349836, 0.0003142404084158416, 0.0003867574257425743, 0.0003867574257425743, 0.000443159550330033, 0.0005108420998349834, 0.0, 0.0015905399133663365, 0.0005301799711221122], "avg_mem": [0.04287152269399707, 0.04241398243045388, 0.042917276720351394, 0.044335651537335284, 0.0008664668740849194, 0.00038890922401171304, 0.04259699853587116, 0.04589128843338214, 0.042230966325036604, 0.043740849194729134, 0.04529648609077599, 0.04259699853587116, 0.04319180087847731, 0.042825768667642754, 0.03742679355783309, 0.04538799414348463, 0.04113286969253294, 0.0042837207174231335, 0.03587115666178624, 0.042917276720351394, 0.04346632503660322, 0.04447291361639824, 0.04406112737920937, 0.04694363103953148, 0.04566251830161054, 0.04849926793557833, 0.04570827232796486, 0.04419838945827233, 0.04584553440702782, 0.04470168374816984, 0.043146046852122984, 0.04570827232796486, 0.04479319180087848, 0.04369509516837482, 0.04428989751098097, 0.04474743777452416, 0.043923865300146414, 0.04566251830161054, 0.04287152269399707, 0.04529648609077599, 0.04538799414348463, 0.04136163982430454, 0.020246156661786238, 0.0157393850658858, 0.01340592972181552, 0.013383052708638361, 0.011941800878477305, 0.011278367496339679, 0.011278367496339679, 0.011278367496339679, 0.00031455893118594437]}