{"time": [524.0, 525.0, 526.0, 527.0, 527.0, 527.0, 527.0, 529.0, 530.0, 530.0, 530.0, 531.0, 531.0, 532.0, 533.0, 534.0, 535.0, 536.0, 537.0, 538.0, 539.0, 540.0, 540.0, 541.0, 542.0, 543.0, 544.0, 545.0, 546.0, 547.0, 548.0, 549.0, 550.0, 551.0, 552.0, 553.0, 554.0, 555.0, 556.0, 556.0, 557.0, 558.0, 559.0, 560.0, 561.0, 562.0, 563.0, 564.0, 565.0, 566.0, 567.0, 568.0, 569.0, 570.0, 571.0, 572.0, 573.0, 574.0, 575.0, 576.0, 577.0, 578.0, 579.0, 580.0, 581.0, 582.0, 583.0, 584.0, 585.0, 586.0, 587.0, 588.0, 589.0, 590.0, 591.0, 592.0, 593.0, 594.0, 595.0, 596.0, 597.0, 598.0, 599.0, 600.0, 601.0, 602.0, 603.0, 604.0, 605.0, 606.0, 607.0, 608.0, 609.0, 610.0, 611.0, 612.0, 613.0, 614.0, 615.0, 616.0, 617.0, 618.0, 618.0, 619.0, 620.0, 621.0, 622.0, 623.0, 624.0, 625.0, 626.0, 627.0, 628.0, 629.0, 630.0, 631.0, 632.0, 633.0, 634.0, 635.0, 636.0, 637.0, 638.0, 639.0, 640.0, 641.0, 642.0, 643.0, 644.0, 645.0, 646.0, 647.0, 648.0, 649.0, 650.0, 651.0, 652.0, 653.0, 653.0, 653.0, 653.0], "avg_cpu": [0.051025390625, 0.022216796875, 0.00031375885009765625, 0.00031948089599609375, 0.0005655288696289062, 0.0, 0.0005397796630859375, 0.4084158415841584, 0.5585808580858086, 0.570957095709571, 0.5833333333333334, 0.5618811881188119, 0.5585808580858086, 0.5998349834983498, 0.584983498349835, 0.5610561056105611, 0.5561056105610561, 0.5429042904290429, 0.566006600660066, 0.5528052805280528, 0.5750825082508251, 0.5965346534653465, 0.6501650165016502, 0.5899339933993399, 0.58003300330033, 0.5759075907590759, 0.5726072607260726, 0.5767326732673267, 0.5767326732673267, 0.5767326732673267, 0.5726072607260726, 0.5792079207920792, 0.566006600660066, 0.5618811881188119, 0.5585808580858086, 0.5726072607260726, 0.5536303630363036, 0.5585808580858086, 0.5759075907590759, 0.6295379537953796, 0.5668316831683168, 0.5651815181518152, 0.5750825082508251, 0.5701320132013201, 0.5387788778877888, 0.5750825082508251, 0.5643564356435643, 0.5957095709570958, 0.6344884488448845, 0.5297029702970297, 0.5693069306930693, 0.5577557755775577, 0.5594059405940595, 0.5470297029702971, 0.5891089108910891, 0.6353135313531353, 0.693069306930693, 0.7227722772277227, 0.7128712871287128, 0.6683168316831684, 0.6798679867986799, 0.665016501650165, 0.6905940594059405, 0.7186468646864687, 0.7070957095709571, 0.7079207920792079, 0.7615511551155115, 0.7557755775577558, 0.7681518151815182, 0.7252475247524752, 0.7326732673267327, 0.6625412541254125, 0.6212871287128713, 0.66996699669967, 0.6204620462046204, 0.6666666666666666, 0.6089108910891089, 0.6188118811881188, 0.5891089108910891, 0.5899339933993399, 0.6006600660066007, 0.613036303630363, 0.6229372937293729, 0.613036303630363, 0.6089108910891089, 0.5899339933993399, 0.5676567656765676, 0.5742574257425742, 0.5742574257425742, 0.5429042904290429, 0.5651815181518152, 0.5618811881188119, 0.5371287128712872, 0.5222772277227723, 0.5214521452145214, 0.5825082508250825, 0.5635313531353136, 0.5668316831683168, 0.5668316831683168, 0.5536303630363036, 0.5577557755775577, 0.5693069306930693, 0.6138613861386139, 0.6270627062706271, 0.5998349834983498, 0.6196369636963697, 0.6023102310231023, 0.5965346534653465, 0.6014851485148515, 0.6344884488448845, 0.6287128712871287, 0.6245874587458746, 0.6757425742574258, 0.6691419141914191, 0.5973597359735974, 0.6336633663366337, 0.6394389438943895, 0.6608910891089109, 0.6262376237623762, 0.6188118811881188, 0.6287128712871287, 0.636963696369637, 0.6856435643564357, 0.6501650165016502, 0.6254125412541254, 0.5965346534653465, 0.5957095709570958, 0.6163366336633663, 0.5833333333333334, 0.6138613861386139, 0.6188118811881188, 0.6163366336633663, 0.636963696369637, 0.6402640264026402, 0.6410891089108911, 0.6278877887788779, 0.6353135313531353, 0.6592409240924092, 0.693069306930693, 0.003036045792079208, 0.0], "avg_mem": [0.00438690185546875, 0.00376129150390625, 0.003421783447265625, 0.00331878662109375, 0.00323486328125, 0.00323486328125, 0.000263214111328125, 0.06570278184480234, 0.09992679355783309, 0.08391288433382138, 0.08006954612005857, 0.07540263543191801, 0.08437042459736457, 0.08510248901903368, 0.0837298682284041, 0.08308931185944363, 0.08976939970717424, 0.08217423133235725, 0.08711566617862372, 0.08876281112737922, 0.0825402635431918, 0.08427891654465593, 0.08199121522693997, 0.08592606149341142, 0.08629209370424597, 0.08528550512445095, 0.0861090775988287, 0.08427891654465593, 0.0865666178623719, 0.08821376281112737, 0.08986090775988287, 0.08510248901903368, 0.08391288433382138, 0.0853770131771596, 0.08739019033674963, 0.08244875549048317, 0.08601756954612005, 0.08894582723279648, 0.08720717423133235, 0.07887994143484627, 0.08574304538799414, 0.08638360175695461, 0.08565153733528551, 0.087298682284041, 0.08757320644216691, 0.08189970717423133, 0.08702415812591507, 0.08638360175695461, 0.08803074670571011, 0.08199121522693997, 0.09342972181551977, 0.09205710102489019, 0.08620058565153733, 0.091599560761347, 0.09214860907759882, 0.08857979502196194, 0.0904099560761347, 0.0899524158125915, 0.0923316251830161, 0.09342972181551977, 0.08793923865300146, 0.08629209370424597, 0.09105051244509517, 0.09150805270863836, 0.09141654465592972, 0.08784773060029283, 0.08839677891654465, 0.09333821376281112, 0.09150805270863836, 0.0904099560761347, 0.09571742313323572, 0.09178257686676428, 0.09013543191800878, 0.09004392386530015, 0.09644948755490483, 0.09077598828696926, 0.08812225475841874, 0.08903733528550513, 0.09306368960468521, 0.09205710102489019, 0.08647510980966325, 0.08848828696925329, 0.087298682284041, 0.09095900439238654, 0.091599560761347, 0.08967789165446559, 0.08684114202049781, 0.09224011713030747, 0.08976939970717424, 0.09150805270863836, 0.08684114202049781, 0.08519399707174231, 0.08665812591508053, 0.08601756954612005, 0.08647510980966325, 0.08958638360175696, 0.08629209370424597, 0.09013543191800878, 0.08848828696925329, 0.08757320644216691, 0.08647510980966325, 0.08711566617862372, 0.08949487554904832, 0.08967789165446559, 0.08647510980966325, 0.09132503660322108, 0.08784773060029283, 0.09242313323572475, 0.08876281112737922, 0.08821376281112737, 0.09269765739385066, 0.08967789165446559, 0.08839677891654465, 0.08601756954612005, 0.08784773060029283, 0.08848828696925329, 0.09059297218155198, 0.08976939970717424, 0.08894582723279648, 0.08876281112737922, 0.08711566617862372, 0.09013543191800878, 0.08857979502196194, 0.0899524158125915, 0.08803074670571011, 0.09050146412884334, 0.08848828696925329, 0.09123352855051245, 0.08620058565153733, 0.08793923865300146, 0.08766471449487555, 0.08867130307467057, 0.08793923865300146, 0.08967789165446559, 0.08848828696925329, 0.09105051244509517, 0.09086749633967789, 0.09361273792093704, 0.0865666178623719, 0.0009951500732064422, 0.0006519948755490483]}