{"time": [524.0, 525.0, 526.0, 527.0, 527.0, 527.0, 527.0, 529.0, 530.0, 530.0, 531.0, 531.0, 532.0, 533.0, 534.0, 535.0, 536.0, 537.0, 538.0, 539.0, 540.0, 540.0, 541.0, 542.0, 543.0, 544.0, 545.0, 546.0, 547.0, 548.0, 549.0, 550.0, 551.0, 552.0, 553.0, 554.0, 555.0, 556.0, 556.0, 557.0, 558.0, 559.0, 560.0, 561.0, 562.0, 563.0, 564.0, 565.0, 566.0, 567.0, 568.0, 569.0, 570.0, 571.0, 572.0, 573.0, 574.0, 575.0, 576.0, 577.0, 578.0, 579.0, 580.0, 581.0, 582.0, 583.0, 584.0, 585.0, 586.0, 587.0, 588.0, 589.0, 590.0, 591.0, 592.0, 593.0, 594.0, 595.0, 596.0, 597.0, 598.0, 599.0, 600.0, 601.0, 602.0, 603.0, 604.0, 605.0, 606.0, 607.0, 608.0, 609.0, 610.0, 611.0, 612.0, 613.0, 614.0, 615.0, 616.0, 616.0, 617.0, 618.0, 619.0, 620.0, 621.0, 622.0, 623.0, 624.0, 625.0, 626.0, 627.0, 628.0, 629.0, 630.0, 631.0, 632.0, 633.0, 634.0, 635.0, 636.0, 637.0, 638.0, 639.0, 640.0, 641.0, 642.0, 643.0, 644.0, 645.0, 646.0, 647.0, 648.0, 649.0, 650.0, 651.0, 652.0, 653.0, 653.0, 653.0, 653.0], "avg_cpu": [0.03513238289205703, 0.011519857433808555, 0.00029137760947046845, 0.0003321505855397149, 0.00029436099796334013, 0.0, 0.00021679289714867617, 0.5016501650165016, 0.5866336633663366, 0.5429042904290429, 0.5371287128712872, 0.5173267326732673, 0.5429042904290429, 0.5866336633663366, 0.5767326732673267, 0.5833333333333334, 0.5858085808580858, 0.5808580858085809, 0.5684818481848185, 0.5841584158415841, 0.5825082508250825, 0.5536303630363036, 0.5907590759075908, 0.58003300330033, 0.5915841584158416, 0.5981848184818482, 0.6089108910891089, 0.5981848184818482, 0.5536303630363036, 0.5775577557755776, 0.5874587458745875, 0.6171617161716172, 0.5841584158415841, 0.551980198019802, 0.5924092409240924, 0.5759075907590759, 0.6039603960396039, 0.5899339933993399, 0.6031353135313532, 0.5585808580858086, 0.5816831683168316, 0.6328382838283828, 0.6270627062706271, 0.5973597359735974, 0.5825082508250825, 0.58003300330033, 0.5676567656765676, 0.5825082508250825, 0.5783828382838284, 0.5792079207920792, 0.584983498349835, 0.5808580858085809, 0.5899339933993399, 0.5858085808580858, 0.5841584158415841, 0.6377887788778878, 0.6501650165016502, 0.6188118811881188, 0.5825082508250825, 0.599009900990099, 0.5932343234323433, 0.5767326732673267, 0.5825082508250825, 0.5833333333333334, 0.6105610561056105, 0.5742574257425742, 0.5742574257425742, 0.6402640264026402, 0.6064356435643564, 0.584983498349835, 0.6113861386138614, 0.5726072607260726, 0.6039603960396039, 0.5462046204620462, 0.5932343234323433, 0.5676567656765676, 0.5973597359735974, 0.5833333333333334, 0.6039603960396039, 0.6039603960396039, 0.6047854785478548, 0.6056105610561056, 0.6295379537953796, 0.6064356435643564, 0.58003300330033, 0.58003300330033, 0.5602310231023102, 0.5544554455445545, 0.5503300330033003, 0.518976897689769, 0.5165016501650165, 0.5099009900990099, 0.504950495049505, 0.5833333333333334, 0.514026402640264, 0.5511551155115512, 0.5858085808580858, 0.5561056105610561, 0.5742574257425742, 0.594059405940594, 0.6064356435643564, 0.5948844884488449, 0.5792079207920792, 0.6031353135313532, 0.6089108910891089, 0.6047854785478548, 0.6171617161716172, 0.6303630363036303, 0.613036303630363, 0.6344884488448845, 0.6221122112211221, 0.6097359735973598, 0.6311881188118812, 0.6394389438943895, 0.6328382838283828, 0.6592409240924092, 0.6229372937293729, 0.6188118811881188, 0.6361386138613861, 0.6138613861386139, 0.599009900990099, 0.599009900990099, 0.6394389438943895, 0.6402640264026402, 0.6353135313531353, 0.5858085808580858, 0.6056105610561056, 0.608085808580858, 0.6047854785478548, 0.6171617161716172, 0.6064356435643564, 0.5915841584158416, 0.5957095709570958, 0.6047854785478548, 0.6031353135313532, 0.5816831683168316, 0.6575907590759076, 0.6278877887788779, 0.0, 0.0805486798679868], "avg_mem": [0.00447845458984375, 0.003330230712890625, 0.003017425537109375, 0.00301361083984375, 0.0030059814453125, 0.003009796142578125, 0.000209808349609375, 0.03468155197657394, 0.04740117130307467, 0.03994326500732064, 0.04076683748169839, 0.04319180087847731, 0.04470168374816984, 0.04213945827232796, 0.04346632503660322, 0.04360358711566618, 0.03994326500732064, 0.04406112737920937, 0.042917276720351394, 0.04758418740849195, 0.0457997803806735, 0.043923865300146414, 0.04218521229868229, 0.04250549048316252, 0.04287152269399707, 0.042734260614934114, 0.04159040995607614, 0.04213945827232796, 0.04168191800878477, 0.04296303074670571, 0.04186493411420205, 0.042322474377745244, 0.043146046852122984, 0.04218521229868229, 0.04337481698389458, 0.04287152269399707, 0.04159040995607614, 0.047218155197657395, 0.05417276720351391, 0.04415263543191801, 0.04108711566617863, 0.04319180087847731, 0.04351207906295754, 0.04255124450951684, 0.04172767203513909, 0.044427159590043924, 0.04209370424597365, 0.04186493411420205, 0.04200219619326501, 0.04213945827232796, 0.04085834553440703, 0.04209370424597365, 0.04200219619326501, 0.04360358711566618, 0.04328330893118595, 0.04387811127379209, 0.04259699853587116, 0.044015373352855054, 0.04154465592972181, 0.0414989019033675, 0.04360358711566618, 0.04259699853587116, 0.04044655929721815, 0.04300878477306003, 0.04456442166910688, 0.04255124450951684, 0.04319180087847731, 0.044427159590043924, 0.043146046852122984, 0.04113286969253294, 0.04607430453879941, 0.0426885065885798, 0.04108711566617863, 0.046120058565153735, 0.044335651537335284, 0.04168191800878477, 0.04497620790629575, 0.04236822840409956, 0.04154465592972181, 0.04351207906295754, 0.043237554904831624, 0.04113286969253294, 0.04529648609077599, 0.043329062957540264, 0.04287152269399707, 0.042642752562225474, 0.04241398243045388, 0.042322474377745244, 0.04168191800878477, 0.04465592972181552, 0.045342240117130304, 0.04310029282576867, 0.0424597364568082, 0.04346632503660322, 0.04154465592972181, 0.04154465592972181, 0.04547950219619327, 0.04305453879941435, 0.04177342606149341, 0.042322474377745244, 0.04506771595900439, 0.04474743777452416, 0.04177342606149341, 0.04387811127379209, 0.04310029282576867, 0.043146046852122984, 0.043329062957540264, 0.04259699853587116, 0.04351207906295754, 0.042230966325036604, 0.0426885065885798, 0.04159040995607614, 0.04191068814055637, 0.04506771595900439, 0.043329062957540264, 0.04241398243045388, 0.044518667642752564, 0.04351207906295754, 0.04566251830161054, 0.0446101756954612, 0.04529648609077599, 0.04497620790629575, 0.0446101756954612, 0.0426885065885798, 0.045525256222547585, 0.04547950219619327, 0.043146046852122984, 0.043923865300146414, 0.04529648609077599, 0.04465592972181552, 0.04355783308931186, 0.04886530014641288, 0.04566251830161054, 0.04387811127379209, 0.04378660322108346, 0.045616764275256225, 0.044930453879941434, 0.0558199121522694, 0.06890556368960468, 0.0006920296486090776]}