{"time": [1718.0, 1719.0, 1719.0, 1719.0, 1719.0, 1719.0, 1720.0, 1720.0, 1721.0, 1722.0, 1723.0, 1723.0, 1724.0, 1725.0, 1726.0, 1727.0, 1727.0, 1728.0, 1728.0, 1729.0, 1730.0, 1731.0, 1732.0, 1732.0, 1733.0, 1734.0, 1735.0, 1736.0, 1737.0, 1738.0, 1738.0, 1739.0, 1740.0, 1741.0, 1742.0, 1743.0, 1744.0, 1745.0, 1746.0, 1747.0, 1748.0, 1749.0, 1750.0, 1751.0, 1752.0, 1753.0, 1754.0, 1755.0, 1756.0, 1757.0, 1758.0, 1759.0, 1760.0, 1761.0, 1762.0, 1763.0, 1764.0, 1765.0, 1766.0, 1767.0, 1768.0, 1769.0, 1770.0, 1771.0, 1772.0, 1773.0, 1774.0, 1775.0, 1776.0, 1777.0, 1778.0, 1779.0, 1780.0, 1781.0, 1782.0, 1783.0, 1784.0, 1785.0, 1786.0, 1787.0, 1788.0, 1789.0, 1790.0, 1791.0, 1792.0, 1793.0, 1794.0, 1795.0, 1796.0, 1797.0, 1798.0, 1799.0, 1800.0, 1800.0, 1800.0, 1800.0], "avg_cpu": [0.0029812551567656768, 0.21905940594059406, 0.264026402640264, 0.24092409240924093, 0.26031353135313534, 0.264026402640264, 0.2367986798679868, 0.2632013201320132, 0.23267326732673269, 0.2891914191419142, 0.29042904290429045, 0.4014026402640264, 0.40965346534653463, 0.41254125412541254, 0.45627062706270627, 0.4546204620462046, 0.5206270627062707, 0.4513201320132013, 0.5082508250825083, 0.5313531353135313, 0.4892739273927393, 0.5668316831683168, 0.556930693069307, 0.5676567656765676, 0.5486798679867987, 0.5354785478547854, 0.5668316831683168, 0.5792079207920792, 0.5594059405940595, 0.6303630363036303, 0.636963696369637, 0.5841584158415841, 0.6039603960396039, 0.584983498349835, 0.566006600660066, 0.5957095709570958, 0.5825082508250825, 0.5858085808580858, 0.6031353135313532, 0.5998349834983498, 0.5693069306930693, 0.5750825082508251, 0.5882838283828383, 0.5833333333333334, 0.5833333333333334, 0.5825082508250825, 0.6105610561056105, 0.6056105610561056, 0.5907590759075908, 0.594059405940594, 0.5717821782178217, 0.5627062706270627, 0.6056105610561056, 0.5759075907590759, 0.6064356435643564, 0.6105610561056105, 0.5742574257425742, 0.6105610561056105, 0.608085808580858, 0.5783828382838284, 0.5742574257425742, 0.6014851485148515, 0.6501650165016502, 0.5874587458745875, 0.5816831683168316, 0.6089108910891089, 0.5932343234323433, 0.6377887788778878, 0.6410891089108911, 0.5957095709570958, 0.5899339933993399, 0.5874587458745875, 0.5899339933993399, 0.5783828382838284, 0.6064356435643564, 0.5775577557755776, 0.5973597359735974, 0.594059405940594, 0.5891089108910891, 0.5742574257425742, 0.5998349834983498, 0.6155115511551155, 0.5371287128712872, 0.5198019801980198, 0.5222772277227723, 0.5123762376237624, 0.5313531353135313, 0.5008250825082509, 0.528052805280528, 0.514026402640264, 0.5082508250825083, 0.5074257425742574, 0.2376237623762376, 0.0017339624587458745, 0.0026041666666666665, 0.00031585189768976895], "avg_mem": [0.004135020131771596, 0.00896778916544656, 0.00941389092240117, 0.008830527086383601, 0.008544564421669107, 0.008224286237188872, 0.008636072474377745, 0.00841874084919473, 0.008658949487554905, 0.008590318448023425, 0.008807650073206443, 0.00886484260614934, 0.008693265007320644, 0.008761896046852123, 0.008693265007320644, 0.009002104685212299, 0.008636072474377745, 0.008784773060029283, 0.008155655197657393, 0.009185120790629575, 0.009185120790629575, 0.008750457540263544, 0.008739019033674963, 0.008739019033674963, 0.008693265007320644, 0.008807650073206443, 0.008636072474377745, 0.00951683748169839, 0.008796211566617862, 0.009013543191800878, 0.008899158125915081, 0.008841965592972182, 0.008636072474377745, 0.008773334553440702, 0.008704703513909224, 0.00893347364568082, 0.00893347364568082, 0.009024981698389459, 0.008670387994143484, 0.0088877196193265, 0.00896778916544656, 0.008750457540263544, 0.008681826500732064, 0.008750457540263544, 0.00892203513909224, 0.00892203513909224, 0.008716142020497804, 0.00893347364568082, 0.008773334553440702, 0.008796211566617862, 0.008956350658857979, 0.008784773060029283, 0.009002104685212299, 0.00892203513909224, 0.008796211566617862, 0.008830527086383601, 0.008761896046852123, 0.008830527086383601, 0.008773334553440702, 0.008876281112737921, 0.00891059663250366, 0.008681826500732064, 0.008819088579795022, 0.008681826500732064, 0.008784773060029283, 0.008739019033674963, 0.008841965592972182, 0.008556002928257686, 0.008807650073206443, 0.00891059663250366, 0.00893347364568082, 0.008841965592972182, 0.008899158125915081, 0.00893347364568082, 0.00886484260614934, 0.008693265007320644, 0.008739019033674963, 0.0088877196193265, 0.008853404099560761, 0.009047858711566617, 0.008773334553440702, 0.00892203513909224, 0.009608345534407028, 0.008807650073206443, 0.00891059663250366, 0.008739019033674963, 0.008670387994143484, 0.008636072474377745, 0.008739019033674963, 0.009093612737920937, 0.008807650073206443, 0.008796211566617862, 0.008212847730600293, 0.00725201317715959, 0.005770726573938506, 6.291178623718887e-05]}