{"time": [5757.0, 5757.0, 5758.0, 5758.0, 5758.0, 5759.0, 5759.0, 5760.0, 5761.0, 5762.0, 5763.0, 5764.0, 5765.0, 5766.0, 5767.0, 5768.0, 5769.0, 5770.0, 5771.0, 5772.0, 5773.0, 5774.0, 5775.0, 5776.0, 5777.0, 5778.0, 5779.0, 5780.0, 5781.0, 5782.0, 5783.0, 5784.0, 5785.0, 5786.0, 5787.0, 5788.0, 5789.0, 5790.0, 5791.0, 5792.0, 5793.0, 5794.0, 5795.0, 5796.0, 5797.0, 5798.0, 5799.0, 5800.0, 5801.0, 5802.0, 5803.0, 5804.0, 5805.0, 5806.0, 5807.0, 5808.0, 5809.0, 5810.0, 5811.0, 5812.0, 5813.0, 5814.0, 5815.0, 5816.0, 5817.0, 5818.0, 5819.0, 5820.0, 5821.0, 5822.0, 5823.0, 5824.0, 5825.0, 5826.0, 5827.0, 5828.0, 5829.0, 5830.0, 5831.0, 5832.0, 5833.0, 5834.0, 5835.0, 5836.0, 5837.0, 5838.0, 5839.0, 5840.0, 5841.0, 5842.0, 5843.0, 5844.0, 5845.0, 5846.0, 5846.0, 5846.0, 5846.0], "avg_cpu": [0.15324858757062146, 0.3455743879472693, 0.4369114877589454, 0.5790960451977402, 0.6374764595103578, 0.6214689265536724, 0.6534839924670434, 0.6544256120527306, 0.664783427495292, 0.6657250470809792, 0.6591337099811676, 0.667608286252354, 0.6581920903954802, 0.6252354048964218, 0.6629001883239172, 0.6610169491525424, 0.6638418079096046, 0.6581920903954802, 0.6534839924670434, 0.652542372881356, 0.6431261770244822, 0.6374764595103578, 0.6459510357815442, 0.6497175141242938, 0.6412429378531074, 0.652542372881356, 0.6572504708097928, 0.6610169491525424, 0.6629001883239172, 0.6638418079096046, 0.6506591337099812, 0.6638418079096046, 0.6544256120527306, 0.6506591337099812, 0.6544256120527306, 0.6374764595103578, 0.6431261770244822, 0.6619585687382298, 0.6572504708097928, 0.6431261770244822, 0.6487758945386064, 0.635593220338983, 0.628060263653484, 0.6252354048964218, 0.6393596986817326, 0.6591337099811676, 0.6610169491525424, 0.6440677966101694, 0.6468926553672316, 0.6431261770244822, 0.6374764595103578, 0.6619585687382298, 0.6704331450094162, 0.6713747645951036, 0.6666666666666666, 0.6261770244821092, 0.635593220338983, 0.6751412429378532, 0.667608286252354, 0.6685499058380414, 0.6629001883239172, 0.6638418079096046, 0.6572504708097928, 0.647834274952919, 0.6431261770244822, 0.64030131826742, 0.6440677966101694, 0.6487758945386064, 0.6506591337099812, 0.647834274952919, 0.6516007532956686, 0.6459510357815442, 0.6497175141242938, 0.6468926553672316, 0.6412429378531074, 0.647834274952919, 0.652542372881356, 0.647834274952919, 0.6393596986817326, 0.6487758945386064, 0.6685499058380414, 0.6544256120527306, 0.6440677966101694, 0.6572504708097928, 0.6572504708097928, 0.6516007532956686, 0.647834274952919, 0.64030131826742, 0.6440677966101694, 0.6610169491525424, 0.660075329566855, 0.6591337099811676, 0.5668549905838042, 0.0007724223163841808, 0.0048846516007532955, 0.001953125, 0.0], "avg_mem": [0.014458272327964861, 0.01624267935578331, 0.015625, 0.01621980234260615, 0.016517203513909225, 0.016059663250366032, 0.015853770131771597, 0.0157393850658858, 0.016151171303074672, 0.015830893118594435, 0.016311310395314787, 0.01672309663250366, 0.015991032210834553, 0.01624267935578331, 0.015968155197657395, 0.016562957540263542, 0.016036786237188873, 0.015716508052708637, 0.02184754758418741, 0.015968155197657395, 0.016311310395314787, 0.016059663250366032, 0.01633418740849195, 0.015945278184480233, 0.01617404831625183, 0.016379941434846265, 0.01619692532942899, 0.016402818448023427, 0.01619692532942899, 0.015968155197657395, 0.016265556368960467, 0.015899524158125913, 0.016379941434846265, 0.016105417276720352, 0.016013909224011712, 0.015922401171303075, 0.016379941434846265, 0.0157393850658858, 0.015876647144948755, 0.016013909224011712, 0.015556368960468522, 0.01624267935578331, 0.016425695461200585, 0.016059663250366032, 0.016013909224011712, 0.015945278184480233, 0.015968155197657395, 0.016585834553440704, 0.01679172767203514, 0.016059663250366032, 0.016036786237188873, 0.01578513909224012, 0.016425695461200585, 0.016379941434846265, 0.01621980234260615, 0.016036786237188873, 0.016951866764275257, 0.01624267935578331, 0.016540080527086384, 0.016059663250366032, 0.015922401171303075, 0.016357064421669107, 0.016540080527086384, 0.016425695461200585, 0.016608711566617862, 0.01624267935578331, 0.016562957540263542, 0.015968155197657395, 0.016562957540263542, 0.015922401171303075, 0.015991032210834553, 0.016059663250366032, 0.015991032210834553, 0.016036786237188873, 0.016471449487554905, 0.015899524158125913, 0.016105417276720352, 0.016105417276720352, 0.016448572474377744, 0.01628843338213763, 0.01628843338213763, 0.016036786237188873, 0.015830893118594435, 0.01672309663250366, 0.015968155197657395, 0.015922401171303075, 0.015876647144948755, 0.01624267935578331, 0.015899524158125913, 0.01578513909224012, 0.01628843338213763, 0.017066251830161056, 0.015533491947291362, 0.012147693997071742, 0.010443356515373352, 0.00011438506588579795, 0.00010294655929721816]}