{"time": [2228.0, 2228.0, 2229.0, 2230.0, 2231.0, 2232.0, 2233.0, 2234.0, 2235.0, 2236.0, 2237.0, 2238.0, 2239.0, 2240.0, 2241.0, 2242.0, 2243.0, 2244.0, 2245.0, 2246.0, 2247.0, 2248.0, 2249.0, 2249.0, 2250.0, 2251.0, 2252.0, 2253.0, 2254.0, 2255.0, 2256.0, 2257.0, 2258.0, 2259.0, 2260.0, 2261.0, 2262.0, 2263.0, 2264.0, 2265.0, 2266.0, 2267.0, 2268.0, 2269.0, 2270.0, 2271.0, 2272.0, 2273.0, 2274.0, 2275.0, 2276.0, 2277.0, 2278.0, 2279.0, 2280.0, 2281.0, 2282.0, 2283.0, 2284.0, 2285.0, 2286.0, 2287.0, 2288.0, 2288.0, 2289.0, 2290.0, 2291.0, 2292.0, 2293.0, 2294.0, 2295.0, 2296.0, 2297.0, 2298.0, 2299.0, 2300.0, 2300.0, 2301.0, 2302.0, 2303.0, 2304.0, 2305.0, 2306.0, 2307.0, 2308.0, 2309.0, 2310.0, 2311.0, 2312.0, 2313.0, 2314.0, 2315.0, 2316.0, 2317.0, 2318.0, 2319.0, 2320.0, 2321.0, 2321.0, 2321.0], "avg_cpu": [0.0010411286157024793, 0.5241046831955923, 0.5840220385674931, 0.5771349862258953, 0.5764462809917356, 0.6005509641873278, 0.5764462809917356, 0.5606060606060606, 0.5509641873278237, 0.5757575757575758, 0.5847107438016529, 0.581267217630854, 0.5426997245179064, 0.5433884297520661, 0.5599173553719008, 0.5847107438016529, 0.5826446280991735, 0.5798898071625345, 0.5860881542699724, 0.581267217630854, 0.5860881542699724, 0.5819559228650137, 0.5778236914600551, 0.5792011019283747, 0.5867768595041323, 0.5840220385674931, 0.5847107438016529, 0.5888429752066116, 0.5915977961432507, 0.5826446280991735, 0.5819559228650137, 0.5867768595041323, 0.5860881542699724, 0.5847107438016529, 0.5709366391184573, 0.5847107438016529, 0.5840220385674931, 0.587465564738292, 0.5805785123966942, 0.5847107438016529, 0.5867768595041323, 0.5915977961432507, 0.5860881542699724, 0.5798898071625345, 0.581267217630854, 0.5778236914600551, 0.581267217630854, 0.5778236914600551, 0.5771349862258953, 0.5847107438016529, 0.5702479338842975, 0.5730027548209367, 0.5798898071625345, 0.5867768595041323, 0.5867768595041323, 0.5757575757575758, 0.5860881542699724, 0.5881542699724518, 0.587465564738292, 0.5915977961432507, 0.5867768595041323, 0.5805785123966942, 0.581267217630854, 0.5778236914600551, 0.5764462809917356, 0.5771349862258953, 0.581267217630854, 0.5785123966942148, 0.581267217630854, 0.5853994490358126, 0.5840220385674931, 0.5833333333333334, 0.5902203856749312, 0.5826446280991735, 0.5674931129476584, 0.5606060606060606, 0.5736914600550964, 0.5819559228650137, 0.5847107438016529, 0.5819559228650137, 0.5743801652892562, 0.5778236914600551, 0.5798898071625345, 0.5764462809917356, 0.5764462809917356, 0.5723140495867769, 0.5778236914600551, 0.5750688705234159, 0.568870523415978, 0.5668044077134986, 0.5730027548209367, 0.5743801652892562, 0.5819559228650137, 0.5764462809917356, 0.5757575757575758, 0.5647382920110193, 0.5495867768595041, 0.5082644628099173, 0.0, 0.0], "avg_mem": [0.0012124816983894583, 0.004180774158125915, 0.0038433382137628112, 0.00390053074670571, 0.003974881039531478, 0.003997758052708638, 0.004060669838945827, 0.003997758052708638, 0.004146458638360176, 0.004060669838945827, 0.004106423865300146, 0.004072108345534407, 0.004215089677891654, 0.004226528184480234, 0.0041750549048316255, 0.004112143118594436, 0.004066389092240117, 0.004060669838945827, 0.0040549505856515376, 0.004089266105417277, 0.004094985358711566, 0.004237966691068814, 0.004146458638360176, 0.0041407393850658855, 0.004106423865300146, 0.004089266105417277, 0.004123581625183016, 0.004112143118594436, 0.004066389092240117, 0.0040206350658857975, 0.004077827598828697, 0.004060669838945827, 0.004060669838945827, 0.004066389092240117, 0.004037792825768668, 0.004037792825768668, 0.004049231332357247, 0.004077827598828697, 0.0040206350658857975, 0.004037792825768668, 0.0040320735724743775, 0.004083546852122987, 0.004077827598828697, 0.004089266105417277, 0.0040549505856515376, 0.004083546852122987, 0.004060669838945827, 0.004083546852122987, 0.004094985358711566, 0.004106423865300146, 0.004117862371888726, 0.004089266105417277, 0.004072108345534407, 0.0040206350658857975, 0.0040435120790629575, 0.0040549505856515376, 0.004083546852122987, 0.004060669838945827, 0.004072108345534407, 0.004094985358711566, 0.004094985358711566, 0.004100704612005857, 0.004123581625183016, 0.004089266105417277, 0.004060669838945827, 0.004066389092240117, 0.004077827598828697, 0.004077827598828697, 0.004089266105417277, 0.004066389092240117, 0.004083546852122987, 0.004077827598828697, 0.004089266105417277, 0.004094985358711566, 0.004106423865300146, 0.004112143118594436, 0.004123581625183016, 0.004123581625183016, 0.004117862371888726, 0.004123581625183016, 0.004123581625183016, 0.004129300878477306, 0.004135020131771596, 0.004180774158125915, 0.0041636163982430455, 0.004186493411420205, 0.004129300878477306, 0.004106423865300146, 0.004129300878477306, 0.004117862371888726, 0.004123581625183016, 0.004123581625183016, 0.004123581625183016, 0.004112143118594436, 0.004077827598828697, 0.004100704612005857, 0.004094985358711566, 0.004072108345534407, 9.722730600292826e-05, 9.150805270863836e-05]}