{"time": [1718.0, 1719.0, 1719.0, 1719.0, 1719.0, 1719.0, 1720.0, 1720.0, 1721.0, 1722.0, 1722.0, 1723.0, 1724.0, 1725.0, 1726.0, 1726.0, 1727.0, 1728.0, 1729.0, 1729.0, 1730.0, 1731.0, 1732.0, 1732.0, 1733.0, 1734.0, 1735.0, 1736.0, 1737.0, 1738.0, 1738.0, 1739.0, 1740.0, 1741.0, 1742.0, 1743.0, 1744.0, 1745.0, 1746.0, 1747.0, 1748.0, 1749.0, 1750.0, 1751.0, 1752.0, 1753.0, 1754.0, 1755.0, 1756.0, 1757.0, 1758.0, 1759.0, 1760.0, 1761.0, 1762.0, 1763.0, 1764.0, 1765.0, 1766.0, 1767.0, 1768.0, 1769.0, 1770.0, 1771.0, 1772.0, 1773.0, 1774.0, 1775.0, 1776.0, 1777.0, 1778.0, 1779.0, 1780.0, 1781.0, 1782.0, 1783.0, 1784.0, 1785.0, 1786.0, 1787.0, 1788.0, 1789.0, 1790.0, 1791.0, 1792.0, 1793.0, 1794.0, 1795.0, 1796.0, 1797.0, 1798.0, 1799.0, 1800.0, 1800.0, 1800.0], "avg_cpu": [0.11117986798679869, 0.25412541254125415, 0.3061056105610561, 0.3028052805280528, 0.3147689768976898, 0.32054455445544555, 0.27516501650165015, 0.28589108910891087, 0.30816831683168316, 0.2908415841584158, 0.34282178217821785, 0.35973597359735976, 0.3023927392739274, 0.35396039603960394, 0.4158415841584158, 0.4430693069306931, 0.48514851485148514, 0.4884488448844885, 0.49422442244224424, 0.5338283828382838, 0.5363036303630363, 0.5173267326732673, 0.5552805280528053, 0.5536303630363036, 0.5156765676567657, 0.5594059405940595, 0.5363036303630363, 0.5891089108910891, 0.5693069306930693, 0.5536303630363036, 0.5486798679867987, 0.5420792079207921, 0.5676567656765676, 0.5453795379537953, 0.5932343234323433, 0.5552805280528053, 0.584983498349835, 0.5874587458745875, 0.570957095709571, 0.556930693069307, 0.5816831683168316, 0.5684818481848185, 0.5412541254125413, 0.556930693069307, 0.5387788778877888, 0.5676567656765676, 0.566006600660066, 0.5577557755775577, 0.5899339933993399, 0.5866336633663366, 0.5544554455445545, 0.5338283828382838, 0.5445544554455446, 0.5486798679867987, 0.5453795379537953, 0.5346534653465347, 0.5354785478547854, 0.5717821782178217, 0.5618811881188119, 0.5041254125412541, 0.5635313531353136, 0.5387788778877888, 0.5181518151815182, 0.5181518151815182, 0.5734323432343235, 0.5651815181518152, 0.608085808580858, 0.6155115511551155, 0.6254125412541254, 0.6014851485148515, 0.6023102310231023, 0.5717821782178217, 0.5783828382838284, 0.594059405940594, 0.5750825082508251, 0.5585808580858086, 0.5305280528052805, 0.5462046204620462, 0.5915841584158416, 0.6031353135313532, 0.5965346534653465, 0.5998349834983498, 0.58003300330033, 0.5833333333333334, 0.5759075907590759, 0.5858085808580858, 0.5825082508250825, 0.5701320132013201, 0.5668316831683168, 0.5668316831683168, 0.5486798679867987, 0.5387788778877888, 0.26113861386138615, 0.0017339624587458745, 0.0017339624587458745], "avg_mem": [0.006748718887262079, 0.00943676793557833, 0.008853404099560761, 0.009379575402635431, 0.009379575402635431, 0.009196559297218155, 0.008235724743777453, 0.008556002928257686, 0.009162243777452415, 0.008979227672035139, 0.008750457540263544, 0.008430179355783309, 0.008693265007320644, 0.008681826500732064, 0.008658949487554905, 0.008613195461200585, 0.008807650073206443, 0.008819088579795022, 0.008750457540263544, 0.008956350658857979, 0.008739019033674963, 0.008727580527086384, 0.008796211566617862, 0.008510248901903368, 0.008739019033674963, 0.008819088579795022, 0.008956350658857979, 0.008693265007320644, 0.008693265007320644, 0.008716142020497804, 0.008578879941434846, 0.00896778916544656, 0.009116489751098097, 0.008807650073206443, 0.008979227672035139, 0.008716142020497804, 0.009047858711566617, 0.008624633967789166, 0.008693265007320644, 0.008658949487554905, 0.009070735724743777, 0.008853404099560761, 0.008636072474377745, 0.008704703513909224, 0.009322382869692532, 0.008624633967789166, 0.008704703513909224, 0.008704703513909224, 0.008807650073206443, 0.008727580527086384, 0.008727580527086384, 0.008521687408491947, 0.008784773060029283, 0.008613195461200585, 0.008544564421669107, 0.008841965592972182, 0.008761896046852123, 0.008761896046852123, 0.008647510980966324, 0.0089449121522694, 0.008876281112737921, 0.008727580527086384, 0.008876281112737921, 0.008773334553440702, 0.008773334553440702, 0.008819088579795022, 0.008681826500732064, 0.008716142020497804, 0.008796211566617862, 0.00886484260614934, 0.008750457540263544, 0.008624633967789166, 0.008716142020497804, 0.008578879941434846, 0.008796211566617862, 0.009059297218155198, 0.009551153001464129, 0.008739019033674963, 0.008739019033674963, 0.008796211566617862, 0.008796211566617862, 0.008796211566617862, 0.008739019033674963, 0.008796211566617862, 0.008704703513909224, 0.008510248901903368, 0.008693265007320644, 0.008796211566617862, 0.008670387994143484, 0.008979227672035139, 0.008807650073206443, 0.008670387994143484, 0.0076981149341142025, 0.006988927525622255, 8.578879941434847e-05]}