{"time": [1718.0, 1718.0, 1719.0, 1719.0, 1719.0, 1719.0, 1719.0, 1720.0, 1720.0, 1721.0, 1722.0, 1722.0, 1723.0, 1724.0, 1725.0, 1726.0, 1727.0, 1727.0, 1728.0, 1728.0, 1729.0, 1730.0, 1731.0, 1732.0, 1732.0, 1733.0, 1734.0, 1735.0, 1736.0, 1737.0, 1738.0, 1739.0, 1739.0, 1740.0, 1741.0, 1742.0, 1743.0, 1744.0, 1745.0, 1746.0, 1747.0, 1748.0, 1749.0, 1750.0, 1751.0, 1752.0, 1753.0, 1754.0, 1755.0, 1756.0, 1757.0, 1758.0, 1759.0, 1760.0, 1761.0, 1762.0, 1763.0, 1764.0, 1765.0, 1766.0, 1767.0, 1768.0, 1769.0, 1770.0, 1771.0, 1772.0, 1773.0, 1774.0, 1775.0, 1776.0, 1777.0, 1778.0, 1779.0, 1780.0, 1781.0, 1782.0, 1783.0, 1784.0, 1785.0, 1786.0, 1787.0, 1788.0, 1789.0, 1790.0, 1791.0, 1792.0, 1793.0, 1794.0, 1795.0, 1796.0, 1797.0, 1798.0, 1799.0, 1800.0, 1800.0, 1800.0, 1800.0], "avg_cpu": [0.0, 0.2207095709570957, 0.3271452145214521, 0.3221947194719472, 0.31971947194719474, 0.30899339933993397, 0.3626237623762376, 0.382013201320132, 0.39645214521452143, 0.3712871287128713, 0.3353960396039604, 0.4867986798679868, 0.42574257425742573, 0.5214521452145214, 0.48267326732673266, 0.47277227722772275, 0.4834983498349835, 0.6006600660066007, 0.5998349834983498, 0.6311881188118812, 0.6287128712871287, 0.6427392739273927, 0.5957095709570958, 0.6014851485148515, 0.6072607260726073, 0.5321782178217822, 0.5552805280528053, 0.5676567656765676, 0.5981848184818482, 0.6188118811881188, 0.6427392739273927, 0.6039603960396039, 0.6575907590759076, 0.6617161716171617, 0.6089108910891089, 0.5915841584158416, 0.6386138613861386, 0.6105610561056105, 0.6023102310231023, 0.6287128712871287, 0.6221122112211221, 0.6047854785478548, 0.6179867986798679, 0.5858085808580858, 0.6006600660066007, 0.6072607260726073, 0.6163366336633663, 0.6122112211221122, 0.6146864686468647, 0.5816831683168316, 0.6039603960396039, 0.6047854785478548, 0.6179867986798679, 0.5841584158415841, 0.5891089108910891, 0.599009900990099, 0.5948844884488449, 0.6179867986798679, 0.6221122112211221, 0.6584158415841584, 0.6600660066006601, 0.6212871287128713, 0.6221122112211221, 0.6377887788778878, 0.6023102310231023, 0.6031353135313532, 0.599009900990099, 0.5915841584158416, 0.6122112211221122, 0.6122112211221122, 0.6328382838283828, 0.6245874587458746, 0.6163366336633663, 0.655940594059406, 0.6493399339933993, 0.6336633663366337, 0.6608910891089109, 0.6848184818481848, 0.6938943894389439, 0.6534653465346535, 0.6377887788778878, 0.5924092409240924, 0.5932343234323433, 0.6097359735973598, 0.6542904290429042, 0.6584158415841584, 0.6171617161716172, 0.6518151815181518, 0.6658415841584159, 0.6666666666666666, 0.6567656765676567, 0.6443894389438944, 0.6476897689768977, 0.2854785478547855, 0.006072091584158416, 0.0008669812293729373, 0.0008669812293729373], "avg_mem": [2.859626647144949e-06, 0.007595168374816984, 0.010248901903367497, 0.009253751830161054, 0.008578879941434846, 0.00833867130307467, 0.009265190336749635, 0.008841965592972182, 0.008636072474377745, 0.008807650073206443, 0.008739019033674963, 0.00886484260614934, 0.008613195461200585, 0.008727580527086384, 0.008830527086383601, 0.008796211566617862, 0.009013543191800878, 0.009024981698389459, 0.00893347364568082, 0.00892203513909224, 0.008830527086383601, 0.008796211566617862, 0.008876281112737921, 0.008819088579795022, 0.00893347364568082, 0.0089449121522694, 0.008704703513909224, 0.008716142020497804, 0.008807650073206443, 0.008601756954612006, 0.008681826500732064, 0.009322382869692532, 0.009047858711566617, 0.008704703513909224, 0.008624633967789166, 0.008704703513909224, 0.008876281112737921, 0.008853404099560761, 0.008716142020497804, 0.008784773060029283, 0.0089449121522694, 0.008716142020497804, 0.008819088579795022, 0.009047858711566617, 0.008739019033674963, 0.008853404099560761, 0.0088877196193265, 0.008704703513909224, 0.008830527086383601, 0.00892203513909224, 0.008979227672035139, 0.008796211566617862, 0.008853404099560761, 0.008750457540263544, 0.008841965592972182, 0.008761896046852123, 0.008784773060029283, 0.008841965592972182, 0.008670387994143484, 0.009013543191800878, 0.008761896046852123, 0.008830527086383601, 0.008784773060029283, 0.008830527086383601, 0.00886484260614934, 0.008979227672035139, 0.009070735724743777, 0.009024981698389459, 0.008876281112737921, 0.009242313323572475, 0.00896778916544656, 0.0088877196193265, 0.008899158125915081, 0.008956350658857979, 0.008819088579795022, 0.009002104685212299, 0.008796211566617862, 0.008830527086383601, 0.00892203513909224, 0.00893347364568082, 0.0088877196193265, 0.008716142020497804, 0.008750457540263544, 0.008784773060029283, 0.009185120790629575, 0.009047858711566617, 0.009036420204978038, 0.009002104685212299, 0.008841965592972182, 0.008761896046852123, 0.0088877196193265, 0.008830527086383601, 0.008853404099560761, 0.007972639092240117, 0.006954612005856516, 0.0069431734992679356, 8.292917276720352e-05]}