{"time": [3.0, 3.0, 4.0, 5.0, 6.0, 7.0, 8.0, 9.0, 10.0, 11.0, 12.0, 13.0, 14.0, 15.0, 16.0, 17.0, 18.0, 19.0, 20.0, 21.0, 22.0, 23.0, 24.0, 25.0, 25.0, 25.0, 25.0, 26.0, 26.0, 26.0, 26.0, 27.0, 28.0, 29.0, 30.0, 31.0, 32.0, 33.0, 34.0, 35.0, 36.0, 37.0, 38.0, 39.0, 40.0, 41.0, 42.0, 43.0, 44.0, 45.0, 46.0, 47.0, 48.0, 49.0, 50.0, 51.0, 52.0, 53.0, 54.0, 55.0, 56.0, 57.0, 58.0, 59.0, 60.0, 61.0, 62.0, 63.0, 64.0, 65.0, 66.0, 67.0, 68.0, 69.0, 70.0, 71.0, 72.0, 73.0, 74.0, 75.0, 76.0, 77.0, 78.0, 79.0, 80.0, 81.0, 82.0, 83.0, 84.0, 85.0, 86.0, 86.0, 87.0, 88.0, 88.0, 89.0, 90.0, 91.0, 92.0, 93.0, 94.0, 94.0, 94.0], "avg_cpu": [0.0, 0.19373727087576376, 0.25636456211812625, 0.1894093686354379, 0.10692464358452139, 0.10857942973523421, 0.11265274949083504, 0.1045061099796334, 0.11876272912423626, 0.08693991853360489, 0.06619144602851323, 0.07853869653767821, 0.08006619144602851, 0.08986761710794297, 0.09521384928716904, 0.09661405295315682, 0.11659877800407333, 0.12359979633401222, 0.13518329938900203, 0.13161914460285132, 0.14587576374745417, 0.13671079429735233, 0.15707739307535643, 0.16242362525458248, 3.678201506591337e-06, 0.17438900203665988, 0.0, 0.1855906313645621, 0.0, 0.043915478615071286, 0.314030131826742, 0.5489642184557438, 0.8182674199623352, 0.8229755178907722, 0.7617702448210922, 0.8088512241054614, 0.7984934086629002, 0.7335216572504708, 0.7824858757062146, 0.7768361581920904, 0.812617702448211, 0.7580037664783428, 0.7580037664783428, 0.7504708097928436, 0.6836158192090396, 0.8418079096045198, 0.8559322033898306, 0.8512241054613936, 0.8427495291902072, 0.8568738229755178, 0.8587570621468926, 0.8512241054613936, 0.8559322033898306, 0.8258003766478342, 0.807909604519774, 0.8455743879472694, 0.8502824858757062, 0.8822975517890772, 0.8662900188323918, 0.8785310734463276, 0.8747645951035782, 0.8587570621468926, 0.9001883239171374, 0.9001883239171374, 0.876647834274953, 0.8804143126177024, 0.8427495291902072, 0.8286252354048964, 0.7674199623352166, 0.7052730696798494, 0.7617702448210922, 0.8022598870056498, 0.5310734463276836, 0.7617702448210922, 0.8832391713747646, 0.9096045197740112, 0.9209039548022598, 0.923728813559322, 0.9190207156308852, 0.923728813559322, 0.896421845574388, 0.9058380414312618, 0.9048964218455744, 0.8888888888888888, 0.903954802259887, 0.9001883239171374, 0.8907721280602636, 0.8983050847457628, 0.9030131826741996, 0.896421845574388, 0.9058380414312618, 0.9058380414312618, 0.9058380414312618, 0.8935969868173258, 0.9048964218455744, 0.9011299435028248, 0.9020715630885122, 0.9001883239171374, 0.8954802259887006, 0.8738229755178908, 0.08662900188323917, 0.0006510416666666666, 0.0], "avg_mem": [1.9073486328125e-06, 0.0875244140625, 0.126220703125, 0.1240234375, 0.12158203125, 0.1192626953125, 0.11962890625, 0.1195068359375, 0.1209716796875, 0.1201171875, 0.11962890625, 0.1192626953125, 0.1187744140625, 0.1204833984375, 0.123046875, 0.1221923828125, 0.1231689453125, 0.1226806640625, 0.125, 0.124755859375, 0.126953125, 0.1197509765625, 0.114990234375, 0.1168212890625, 5.719253294289898e-06, 0.107666015625, 0.0, 0.0654296875, 0.0, 0.00017547607421875, 0.2866032210834553, 0.3510248901903367, 0.3579795021961933, 0.3594436310395315, 0.3616398243045388, 0.3642020497803807, 0.369692532942899, 0.37042459736456806, 0.3715226939970717, 0.369692532942899, 0.37554904831625185, 0.37774524158125916, 0.3513909224011713, 0.34333821376281115, 0.34773060029282576, 0.35175695461200585, 0.35724743777452417, 0.3623718887262079, 0.36603221083455345, 0.36822840409956076, 0.37298682284040996, 0.37774524158125916, 0.3821376281112738, 0.38872620790629575, 0.3923865300146413, 0.3967789165446559, 0.39970717423133234, 0.4033674963396779, 0.4084919472913616, 0.4128843338213763, 0.4158125915080527, 0.40775988286969256, 0.39751098096632503, 0.39751098096632503, 0.3989751098096633, 0.3989751098096633, 0.4019033674963397, 0.40483162518301613, 0.39604685212298685, 0.3726207906295754, 0.3506588579795022, 0.3367496339677892, 0.32650073206442165, 0.38872620790629575, 0.40263543191800877, 0.40775988286969256, 0.4136163982430454, 0.41947291361639827, 0.4260614934114202, 0.43265007320644217, 0.43997071742313326, 0.49194729136163984, 0.5095168374816984, 0.5014641288433382, 0.46486090775988287, 0.47291361639824303, 0.48096632503660325, 0.4868228404099561, 0.493411420204978, 0.49414348462664714, 0.4978038067349927, 0.493411420204978, 0.4882869692532943, 0.5168374816983895, 0.5021961932650073, 0.5029282576866764, 0.5043923865300146, 0.5065885797950219, 0.5073206442166911, 0.5109809663250366, 0.2478038067349927, 0.0005261713030746706, 0.0004975750366032211]}