{"time": [523.0, 524.0, 524.0, 524.0, 525.0, 526.0, 527.0, 527.0, 527.0, 527.0, 549.0, 549.0, 549.0, 550.0, 551.0, 552.0, 553.0, 554.0, 555.0, 556.0, 556.0, 557.0, 558.0, 559.0, 560.0, 561.0, 562.0, 563.0, 564.0, 565.0, 566.0, 567.0, 568.0, 569.0, 570.0, 571.0, 572.0, 573.0, 574.0, 575.0, 576.0, 577.0, 578.0, 579.0, 580.0, 581.0, 582.0, 583.0, 584.0, 585.0, 586.0, 587.0, 588.0, 589.0, 590.0, 591.0, 592.0, 593.0, 594.0, 595.0, 596.0, 597.0, 598.0, 599.0, 600.0, 601.0, 602.0, 603.0, 604.0, 605.0, 606.0, 607.0, 608.0, 609.0, 610.0, 611.0, 612.0, 613.0, 614.0, 615.0, 616.0, 616.0, 617.0, 618.0, 619.0, 620.0, 621.0, 622.0, 623.0, 624.0, 625.0, 626.0, 627.0, 628.0, 629.0, 630.0, 631.0, 632.0, 633.0, 634.0, 635.0, 636.0, 637.0, 638.0, 639.0, 640.0, 641.0, 642.0, 643.0, 644.0, 645.0, 646.0, 647.0, 648.0, 649.0, 650.0, 651.0, 652.0, 653.0, 653.0, 653.0, 653.0], "avg_cpu": [0.07412190082644628, 0.06964531680440772, 0.15513085399449036, 0.01992940771349862, 0.0001372029958677686, 9.953942837465565e-05, 9.281379132231405e-05, 8.87784090909091e-05, 0.006295196280991735, 0.0011514290633608815, 0.0, 0.0, 0.5305280528052805, 0.5429042904290429, 0.5024752475247525, 0.4966996699669967, 0.485973597359736, 0.45627062706270627, 0.47112211221122113, 0.5767326732673267, 0.6089108910891089, 0.5627062706270627, 0.5420792079207921, 0.5239273927392739, 0.4884488448844885, 0.5338283828382838, 0.5792079207920792, 0.5742574257425742, 0.556930693069307, 0.5255775577557755, 0.5635313531353136, 0.5577557755775577, 0.5577557755775577, 0.5453795379537953, 0.5453795379537953, 0.5222772277227723, 0.6749174917491749, 0.6889438943894389, 0.6287128712871287, 0.5948844884488449, 0.5882838283828383, 0.6113861386138614, 0.5750825082508251, 0.5544554455445545, 0.5651815181518152, 0.5899339933993399, 0.5313531353135313, 0.5379537953795379, 0.5742574257425742, 0.5313531353135313, 0.5379537953795379, 0.5511551155115512, 0.556930693069307, 0.5445544554455446, 0.5264026402640264, 0.518976897689769, 0.5445544554455446, 0.570957095709571, 0.608085808580858, 0.608085808580858, 0.5783828382838284, 0.6089108910891089, 0.5783828382838284, 0.5445544554455446, 0.5833333333333334, 0.5858085808580858, 0.5602310231023102, 0.5594059405940595, 0.5420792079207921, 0.556930693069307, 0.5874587458745875, 0.5907590759075908, 0.6031353135313532, 0.6064356435643564, 0.5981848184818482, 0.5915841584158416, 0.6105610561056105, 0.6064356435643564, 0.6155115511551155, 0.5874587458745875, 0.6056105610561056, 0.6254125412541254, 0.6237623762376238, 0.6105610561056105, 0.6287128712871287, 0.6254125412541254, 0.613036303630363, 0.6163366336633663, 0.6328382838283828, 0.6254125412541254, 0.6262376237623762, 0.6221122112211221, 0.5981848184818482, 0.6072607260726073, 0.5932343234323433, 0.5841584158415841, 0.5808580858085809, 0.6146864686468647, 0.6204620462046204, 0.5957095709570958, 0.6072607260726073, 0.608085808580858, 0.6064356435643564, 0.6254125412541254, 0.6047854785478548, 0.6064356435643564, 0.6023102310231023, 0.6237623762376238, 0.6377887788778878, 0.6163366336633663, 0.5981848184818482, 0.6163366336633663, 0.6105610561056105, 0.6336633663366337, 0.6171617161716172, 0.6353135313531353, 0.6303630363036303, 0.6229372937293729, 0.6155115511551155, 0.6336633663366337, 0.0, 0.0], "avg_mem": [0.007961200585651538, 0.00671440336749634, 0.007400713762811127, 0.0019302479868228404, 0.0035059022693997074, 0.003179904831625183, 0.0030998352855051243, 0.0031055545387994143, 0.0031112737920937043, 0.0002344893850658858, 0.0002402086383601757, 0.00023734901171303075, 0.033812225475841874, 0.04017203513909224, 0.04085834553440703, 0.040217789165446556, 0.045937042459736455, 0.041819180087847733, 0.04657759882869693, 0.04044655929721815, 0.047035139092240115, 0.04346632503660322, 0.04168191800878477, 0.0412701317715959, 0.04369509516837482, 0.041819180087847733, 0.04506771595900439, 0.04062957540263543, 0.04250549048316252, 0.042734260614934114, 0.04159040995607614, 0.043237554904831624, 0.042322474377745244, 0.03715226939970717, 0.04204795021961932, 0.04159040995607614, 0.04072108345534407, 0.047035139092240115, 0.045342240117130304, 0.042642752562225474, 0.043329062957540264, 0.043420571010248904, 0.04136163982430454, 0.04278001464128843, 0.03646595900439239, 0.04053806734992679, 0.044015373352855054, 0.04072108345534407, 0.04191068814055637, 0.04154465592972181, 0.04145314787701318, 0.04259699853587116, 0.04172767203513909, 0.042825768667642754, 0.0424597364568082, 0.04328330893118595, 0.040812591508052706, 0.04227672035139092, 0.04396961932650073, 0.04337481698389458, 0.03957723279648609, 0.04351207906295754, 0.04236822840409956, 0.04310029282576867, 0.04213945827232796, 0.04154465592972181, 0.04470168374816984, 0.03957723279648609, 0.04259699853587116, 0.041819180087847733, 0.0412701317715959, 0.04547950219619327, 0.04351207906295754, 0.04241398243045388, 0.04172767203513909, 0.04227672035139092, 0.045113469985358715, 0.04447291361639824, 0.043237554904831624, 0.046120058565153735, 0.043923865300146414, 0.04195644216691069, 0.04428989751098097, 0.043146046852122984, 0.04479319180087848, 0.0424597364568082, 0.04319180087847731, 0.04575402635431918, 0.042642752562225474, 0.04310029282576867, 0.04351207906295754, 0.04236822840409956, 0.04428989751098097, 0.042825768667642754, 0.042734260614934114, 0.04177342606149341, 0.04296303074670571, 0.04200219619326501, 0.04589128843338214, 0.044335651537335284, 0.04278001464128843, 0.04305453879941435, 0.0446101756954612, 0.04305453879941435, 0.04255124450951684, 0.04346632503660322, 0.04360358711566618, 0.0455710102489019, 0.044427159590043924, 0.044930453879941434, 0.04378660322108346, 0.046028550512445095, 0.04470168374816984, 0.04186493411420205, 0.044015373352855054, 0.04456442166910688, 0.04479319180087848, 0.0446101756954612, 0.04776720351390922, 0.04525073206442167, 0.0016042505490483164, 0.0006948892752562225]}