{"time": [603.0, 604.0, 605.0, 606.0, 607.0, 608.0, 609.0, 610.0, 611.0, 612.0, 613.0, 614.0, 615.0, 616.0, 617.0, 617.0, 618.0, 619.0, 620.0, 621.0, 622.0, 623.0, 624.0, 625.0, 626.0, 627.0, 628.0, 629.0, 630.0, 631.0, 632.0, 633.0, 634.0, 635.0, 636.0, 637.0, 638.0, 639.0, 640.0, 641.0, 642.0, 643.0, 644.0, 645.0, 646.0, 647.0, 648.0, 649.0, 650.0, 651.0, 652.0, 653.0, 653.0, 653.0, 653.0], "avg_cpu": [0.523102310231023, 0.5932343234323433, 0.5437293729372937, 0.5536303630363036, 0.5767326732673267, 0.5651815181518152, 0.5792079207920792, 0.556930693069307, 0.58003300330033, 0.5676567656765676, 0.5528052805280528, 0.556930693069307, 0.599009900990099, 0.6064356435643564, 0.5833333333333334, 0.6551155115511551, 0.6468646864686468, 0.6427392739273927, 0.6567656765676567, 0.6551155115511551, 0.6526402640264026, 0.6584158415841584, 0.6575907590759076, 0.6452145214521452, 0.6427392739273927, 0.6617161716171617, 0.6353135313531353, 0.6427392739273927, 0.6212871287128713, 0.599009900990099, 0.6113861386138614, 0.5841584158415841, 0.5965346534653465, 0.6344884488448845, 0.6138613861386139, 0.6212871287128713, 0.6402640264026402, 0.6410891089108911, 0.6122112211221122, 0.6534653465346535, 0.6476897689768977, 0.6353135313531353, 0.6320132013201321, 0.6287128712871287, 0.650990099009901, 0.6460396039603961, 0.6551155115511551, 0.6567656765676567, 0.6666666666666666, 0.6584158415841584, 0.6600660066006601, 0.6452145214521452, 0.6625412541254125, 0.0001998246699669967, 0.0], "avg_mem": [0.04003477306002928, 0.042322474377745244, 0.04310029282576867, 0.04515922401171303, 0.0446101756954612, 0.04085834553440703, 0.04255124450951684, 0.042734260614934114, 0.042642752562225474, 0.04168191800878477, 0.04227672035139092, 0.043237554904831624, 0.042230966325036604, 0.044930453879941434, 0.042230966325036604, 0.04378660322108346, 0.04438140556368961, 0.04506771595900439, 0.04369509516837482, 0.044244143484626644, 0.043237554904831624, 0.04305453879941435, 0.04250549048316252, 0.04415263543191801, 0.04506771595900439, 0.043420571010248904, 0.04337481698389458, 0.042917276720351394, 0.04538799414348463, 0.043832357247437774, 0.04319180087847731, 0.04438140556368961, 0.042917276720351394, 0.04598279648609078, 0.04470168374816984, 0.043923865300146414, 0.04369509516837482, 0.043923865300146414, 0.044335651537335284, 0.04200219619326501, 0.045342240117130304, 0.044335651537335284, 0.042917276720351394, 0.04287152269399707, 0.04351207906295754, 0.04287152269399707, 0.04227672035139092, 0.04387811127379209, 0.04305453879941435, 0.044930453879941434, 0.043237554904831624, 0.052342606149341143, 0.04639458272327965, 0.0006291178623718887, 0.000334576317715959]}