{"time": [568.0, 569.0, 570.0, 571.0, 572.0, 573.0, 574.0, 575.0, 576.0, 577.0, 578.0, 579.0, 580.0, 581.0, 582.0, 583.0, 584.0, 585.0, 586.0, 587.0, 588.0, 589.0, 590.0, 591.0, 592.0, 593.0, 594.0, 595.0, 596.0, 597.0, 598.0, 599.0, 600.0, 601.0, 602.0, 603.0, 604.0, 605.0, 606.0, 607.0, 608.0, 609.0, 610.0, 611.0, 612.0, 613.0, 614.0, 615.0, 616.0, 617.0, 618.0, 619.0, 620.0, 621.0, 622.0, 623.0, 624.0, 625.0, 626.0, 627.0, 628.0, 629.0, 630.0, 631.0, 632.0, 633.0, 634.0, 635.0, 636.0, 637.0, 638.0, 639.0, 640.0, 641.0, 642.0, 643.0, 644.0, 645.0, 646.0, 647.0, 648.0, 649.0, 650.0, 651.0, 652.0, 653.0, 653.0, 653.0, 653.0], "avg_cpu": [8.86319100660066e-05, 0.4735973597359736, 0.5651815181518152, 0.6047854785478548, 0.5775577557755776, 0.5552805280528053, 0.5602310231023102, 0.5462046204620462, 0.5222772277227723, 0.5173267326732673, 0.5511551155115512, 0.5338283828382838, 0.5181518151815182, 0.6575907590759076, 0.6386138613861386, 0.5965346534653465, 0.641914191419142, 0.7037953795379538, 0.5610561056105611, 0.6600660066006601, 0.5866336633663366, 0.5445544554455446, 0.5833333333333334, 0.6006600660066007, 0.5973597359735974, 0.570957095709571, 0.5717821782178217, 0.58003300330033, 0.5734323432343235, 0.5783828382838284, 0.5668316831683168, 0.5602310231023102, 0.5726072607260726, 0.5742574257425742, 0.5379537953795379, 0.5503300330033003, 0.5635313531353136, 0.5792079207920792, 0.5915841584158416, 0.5792079207920792, 0.551980198019802, 0.5627062706270627, 0.5792079207920792, 0.5750825082508251, 0.5643564356435643, 0.5602310231023102, 0.5833333333333334, 0.5734323432343235, 0.5602310231023102, 0.5792079207920792, 0.5816831683168316, 0.5841584158415841, 0.5932343234323433, 0.5701320132013201, 0.5759075907590759, 0.5726072607260726, 0.5825082508250825, 0.5841584158415841, 0.5693069306930693, 0.5948844884488449, 0.5528052805280528, 0.5635313531353136, 0.5610561056105611, 0.5808580858085809, 0.5973597359735974, 0.5717821782178217, 0.5717821782178217, 0.5676567656765676, 0.6072607260726073, 0.5973597359735974, 0.5965346534653465, 0.5998349834983498, 0.5882838283828383, 0.58003300330033, 0.5924092409240924, 0.5816831683168316, 0.5742574257425742, 0.5750825082508251, 0.5907590759075908, 0.58003300330033, 0.5775577557755776, 0.58003300330033, 0.5825082508250825, 0.5808580858085809, 0.5717821782178217, 0.6014851485148515, 0.5899339933993399, 0.00043349061468646863, 0.0], "avg_mem": [0.0004318036237188873, 0.04094985358711566, 0.042230966325036604, 0.04515922401171303, 0.044015373352855054, 0.044244143484626644, 0.043146046852122984, 0.042642752562225474, 0.04328330893118595, 0.0412701317715959, 0.0424597364568082, 0.04085834553440703, 0.043420571010248904, 0.04168191800878477, 0.044838945827232794, 0.043923865300146414, 0.04191068814055637, 0.04488469985358712, 0.04575402635431918, 0.042642752562225474, 0.04351207906295754, 0.040400805270863836, 0.043923865300146414, 0.0410413616398243, 0.0424597364568082, 0.04319180087847731, 0.04067532942898975, 0.04447291361639824, 0.042642752562225474, 0.044518667642752564, 0.04186493411420205, 0.043420571010248904, 0.041819180087847733, 0.04346632503660322, 0.04108711566617863, 0.04191068814055637, 0.045021961932650074, 0.04250549048316252, 0.04310029282576867, 0.04515922401171303, 0.03875366032210834, 0.04506771595900439, 0.042642752562225474, 0.04369509516837482, 0.04369509516837482, 0.04122437774524158, 0.043237554904831624, 0.04337481698389458, 0.04337481698389458, 0.04296303074670571, 0.04419838945827233, 0.04259699853587116, 0.043146046852122984, 0.04310029282576867, 0.04396961932650073, 0.04259699853587116, 0.04428989751098097, 0.04387811127379209, 0.04328330893118595, 0.043420571010248904, 0.042734260614934114, 0.04396961932650073, 0.04369509516837482, 0.042734260614934114, 0.043740849194729134, 0.04259699853587116, 0.04378660322108346, 0.0426885065885798, 0.04195644216691069, 0.043146046852122984, 0.04497620790629575, 0.043329062957540264, 0.044244143484626644, 0.042322474377745244, 0.04419838945827233, 0.044930453879941434, 0.04607430453879941, 0.04694363103953148, 0.04506771595900439, 0.04346632503660322, 0.04447291361639824, 0.047126647144948755, 0.04506771595900439, 0.044838945827232794, 0.04310029282576867, 0.04785871156661786, 0.04250549048316252, 0.0009093612737920937, 0.00044896138360175697]}